重复,胜出方案,两组平均孕周,三组平均孕周,三组减两组_平均孕周,两组最低审计达标概率,三组最低审计达标概率,三组减两组_最低审计概率
1,参数AFT两组,15.242375601926147,15.206527554842143,-0.03584804708400391,0.891619091125885,0.8965812631372058,0.004962172011320765
2,树AFT三组,15.189406099518441,15.11128945960405,-0.07811663991439133,0.8897732360183813,0.8975312470274475,0.007758011009066146
3,树AFT三组,15.138041733547334,15.148742643124647,0.010700909577312956,0.8888686721275065,0.8986791221169562,0.009810449989449688
4,树AFT三组,15.112894596040645,15.05778491171748,-0.0551096843231651,0.8875700157094767,0.8986892419909545,0.011119226281477768
5,参数AFT两组,15.080256821829838,15.033707865168521,-0.046548956661316865,0.8917435247815653,0.8980059191546197,0.006262394373054425
6,参数AFT两组,15.149812734082378,15.205457463884413,0.05564472980203483,0.8937404347456867,0.9001346528752797,0.006394218129593066
7,参数AFT两组,15.308721241305491,15.266987693953968,-0.041733547351523015,0.8959813258898458,0.900073170452606,0.0040918445627602384
8,参数AFT两组,15.47940074906365,15.462814339218816,-0.016586409844833838,0.8952977526183065,0.8994505201857433,0.004152767567436877
9,参数AFT两组,15.17817014446226,15.138576779026199,-0.039593365436061845,0.8913113065194411,0.8952332006932567,0.00392189417381561
10,参数AFT两组,15.043873729266972,15.048689138576762,0.004815409309790297,0.8974115902145837,0.899986541960542,0.0025749517459582316
11,树AFT三组,15.08614232209736,15.086142322097361,1.7763568394002505e-15,0.8879696712071162,0.899551643964146,0.011581972757029768
12,树AFT三组,15.211878009630802,15.151952915997843,-0.05992509363295895,0.8883867673790011,0.8993558547288228,0.010969087349821716
13,参数AFT两组,14.95826645264846,14.950240770465472,-0.008025682182987381,0.8932073535158541,0.8965027134791252,0.0032953599632711272
14,参数AFT两组,15.327447833065792,15.306581059390028,-0.020866773675763284,0.8988483369319868,0.8980713325583577,-0.0007770043736291532
15,参数AFT两组,15.012841091492758,15.059390048154077,0.04654895666131864,0.8943927607508078,0.9001116272275028,0.005718866476695061
16,参数AFT两组,15.111289459604048,15.099518459069003,-0.011771000535045317,0.8928260496034195,0.8973659958717121,0.004539946268292572
17,参数AFT两组,14.990369181380402,14.995184590690192,0.004815409309790297,0.8955576734025511,0.900043746058791,0.004486072656239903
18,参数AFT两组,15.271268057784896,15.318887105403942,0.047619047619045674,0.8918387544788626,0.8987242641558375,0.006885509676974877
19,树AFT三组,15.152487961476707,15.151952915997843,-0.0005350454788644043,0.8857942673015586,0.9001416398609922,0.014347372559433524
20,参数AFT两组,15.146602461209183,15.143927233814857,-0.0026752273943255744,0.8937074510887864,0.8989323572885046,0.005224906199718271
21,树AFT三组,15.183520599250917,15.192616372391637,0.009095773140719743,0.8898532845896878,0.9001065636115434,0.010253279021855577
22,参数AFT两组,15.380417335473494,15.428571428571413,0.04815409309791896,0.8913133184100511,0.9009310281163827,0.009617709706331579
23,树AFT三组,15.162118780096291,15.133761369716408,-0.028357410379882708,0.8859500364429894,0.8991358775913088,0.013185841148319333
24,树AFT三组,15.254146602461192,15.235420010700894,-0.01872659176029856,0.8896461674452347,0.9000052889288317,0.010359121483596967
25,参数AFT两组,15.226324237560172,15.252541466024594,0.026217228464421538,0.8921119102307001,0.9009214704968925,0.008809560266192396
26,树AFT三组,15.16211878009629,15.110754414125184,-0.051364365971105386,0.8887122882523423,0.8962650339778446,0.007552745725502352
27,树AFT三组,15.004815409309776,14.995719636169056,-0.009095773140719743,0.8850180607573358,0.8944658383775955,0.009447777620259723
28,参数AFT两组,15.239165329052948,15.220973782771518,-0.018191546281430604,0.8918099565072599,0.8975232835865835,0.0057133270793235935
29,参数AFT两组,15.290529695024057,15.277153558052415,-0.013376136971642083,0.8906843609103354,0.8984114852604341,0.007727124350098702
30,树AFT三组,15.204387372926682,15.273408239700354,0.06902086677367159,0.8859210599588311,0.9005372806458491,0.014616220687018067
31,参数AFT两组,15.127875869448884,15.065275548421598,-0.0626003210272863,0.8910036960379855,0.8990447338057252,0.00804103776773979
32,树AFT三组,15.242375601926145,15.156233279828768,-0.08614232209737693,0.889262060022472,0.8996396831786434,0.010377623156171412
33,参数AFT两组,15.137506688068468,15.099518459069003,-0.03798822899946508,0.8911966154640025,0.8974424617451658,0.006245846281163314
34,树AFT三组,15.072231139646854,15.08988764044942,0.0176565008025662,0.8864519188755967,0.8985902294428563,0.012138310567259558
35,参数AFT两组,15.121990369181363,15.075976457998914,-0.04601391118244891,0.8960736194844309,0.8947494724884482,-0.0013241469959827112
36,参数AFT两组,15.199036918138024,15.184590690208653,-0.014446227929370892,0.8935994001260686,0.9005543057170591,0.0069549055909904345
37,参数AFT两组,14.983948635634015,15.06260032102727,0.07865168539325573,0.893826863248072,0.8990041168967998,0.0051772536487277865
38,参数AFT两组,15.243445692883874,15.209202782236474,-0.03424291064740004,0.8903640024611953,0.8955395966627724,0.005175594201577094
39,参数AFT两组,15.187800963081843,15.112359550561784,-0.07544141252005865,0.8949969462248593,0.8961505735895626,0.001153627364703369
40,参数AFT两组,15.32637774210806,15.286249331193135,-0.04012841091492447,0.8910128071583405,0.9004356860768084,0.009422878918467825
41,树AFT三组,15.0449438202247,15.036918138041715,-0.008025682182985605,0.8877435752022855,0.8983777891053103,0.01063421390302477
42,参数AFT两组,15.354200107009074,15.30016051364364,-0.05403959336543451,0.8910593251695637,0.8992358979712903,0.008176572801726678
43,参数AFT两组,15.320492241840538,15.357945425361137,0.0374531835205989,0.8913890866259077,0.8989973282300309,0.0076082416041232115
44,参数AFT两组,15.132691278758674,15.156233279828767,0.02354200107009241,0.8950728897434306,0.8969732035335083,0.0019003137900777123
45,参数AFT两组,15.207597645799876,15.142857142857125,-0.06474050294275102,0.8953385429049343,0.8968610118065642,0.001522468901629881
46,树AFT三组,15.24023542001068,15.20545746388441,-0.03477795612626977,0.889321581775661,0.8954067823482179,0.006085200572556904
47,参数AFT两组,15.409309791332241,15.449973247726039,0.04066345639379776,0.8903171273384423,0.897280809628072,0.006963682289629736
48,参数AFT两组,15.155698234349902,15.074371321562316,-0.08132691278758664,0.8921796340398112,0.8986480628706318,0.0064684288308206606
49,树AFT三组,15.110219368646316,15.203317281968951,0.0930979133226355,0.8882053989159455,0.89942459979247,0.011219200876524504
50,树AFT三组,15.174959871589065,15.078651685393242,-0.09630818619582371,0.8888214824408479,0.894884875481352,0.006063393040504073
51,参数AFT两组,15.133226324237542,15.084537185660764,-0.048689138576778035,0.8924617945060113,0.8984818223523316,0.006020027846320386
52,参数AFT两组,15.13483146067414,15.223649010165847,0.08881754949170606,0.8929348868641646,0.9003711543623424,0.007436267498177829
53,参数AFT两组,15.297485286249314,15.251471375066863,-0.046013911182450684,0.8908651535606156,0.8964210942676012,0.005555940706985618
54,树AFT三组,15.238630283574084,15.216693418940594,-0.021936864633490316,0.8885633561263011,0.8948669741715771,0.006303618045276016
55,参数AFT两组,14.959871589085056,14.96896736222577,0.009095773140714414,0.8939497162908983,0.8991415061521906,0.0051917898612923175
56,参数AFT两组,15.177635098983398,15.219903691813787,0.042268592830389196,0.8959328542431523,0.9013540322307749,0.00542117798762265
57,树AFT三组,15.052969502407686,14.993579454253595,-0.05939004815409099,0.8858173258740769,0.9005431995134531,0.014725873639376164
58,参数AFT两组,15.24558587479934,15.262172284644176,0.016586409844835615,0.8928257743070601,0.8998690672968646,0.007043292989804439
59,参数AFT两组,15.044943820224702,15.11610486891384,0.07116104868913808,0.8933910624194115,0.89859500855224,0.005203946132828485
60,参数AFT两组,15.26056714820758,15.200107009095754,-0.06046013911182513,0.891879649851282,0.8973956415590952,0.00551599170781325
61,参数AFT两组,15.235955056179757,15.285714285714267,0.049759229534510396,0.8902101472832349,0.9008571938099826,0.01064704652674775
62,参数AFT两组,14.945425361155682,14.975922953451027,0.030497592295345655,0.8930681173365,0.8970888041953767,0.0040206868588766875
63,参数AFT两组,15.382022471910092,15.285179240235403,-0.09684323167468989,0.893481893225423,0.896915747340572,0.00343385411514896
64,参数AFT两组,14.955056179775264,14.941680042803624,-0.013376136971640307,0.8925886760509602,0.898677055279657,0.006088379228696872
65,树AFT三组,15.05778491171748,15.02996254681646,-0.02782236490102008,0.8888221151861284,0.8975473844794679,0.0087252692933395
66,参数AFT两组,15.13322632423754,15.115569823434976,-0.017656500802564423,0.8902965115874696,0.8997534160803489,0.009456904492879281
67,参数AFT两组,15.051364365971093,15.092027822364885,0.04066345639379243,0.89478215774557,0.8984077734414052,0.0036256156958351937
68,参数AFT两组,15.280363830925607,15.248796147672534,-0.03156768325307269,0.8950995752085955,0.8937010405315959,-0.0013985346769995743
69,参数AFT两组,15.347244515783823,15.327982878544658,-0.01926163723916474,0.8917004123310646,0.899086848711813,0.007386436380748429
70,参数AFT两组,15.224719101123577,15.28892455858746,0.06420545746388306,0.8925403073141864,0.90012320351351,0.007582896199323619
71,参数AFT两组,15.263242375601907,15.197431781701425,-0.0658105939004816,0.8916618810956619,0.8978445742810736,0.006182693185411647
72,参数AFT两组,15.173354735152468,15.128945960406616,-0.04440877474585214,0.8925805991938583,0.896680981818298,0.00410038262443968
73,参数AFT两组,14.97699304440876,14.997859818084521,0.020866773675761507,0.8943138948914084,0.898571498371223,0.00425760347981452
74,参数AFT两组,15.38041733547349,15.463884430176545,0.08346709470305491,0.8913269079992028,0.9000138155788411,0.008686907579638303
75,参数AFT两组,15.20438737292668,15.272873194221491,0.06848582129481073,0.8916714498451799,0.9000003372338792,0.008328887388699302
76,参数AFT两组,15.326377742108061,15.294810058854987,-0.03156768325307446,0.8912421707605099,0.8997799710291152,0.008537800268605289
77,参数AFT两组,15.054574638844283,15.055644729802017,0.0010700909577341378,0.8946506786181083,0.8966533869207293,0.002002708302620948
78,树AFT三组,15.200642054574619,15.152487961476707,-0.048154093097911854,0.8882642272008077,0.9004165870235645,0.012152359822756864
79,参数AFT两组,15.16211878009629,15.118245050829307,-0.04387372926698241,0.891748240290629,0.8986597064821321,0.006911466191503068
80,参数AFT两组,15.068485821294793,15.098983413590139,0.030497592295345655,0.8923728349937178,0.8997653969059187,0.007392561912200946
81,参数AFT两组,15.078651685393242,15.041198501872643,-0.0374531835205989,0.8943030350727612,0.8984564693754719,0.004153434302710646
82,参数AFT两组,15.078651685393242,15.09363295880148,0.014981273408238849,0.8905466425296824,0.8966287315274895,0.006082088997807045
83,参数AFT两组,15.303370786516833,15.337078651685374,0.03370786516854096,0.8936934937003109,0.9007154474845939,0.007021953784282942
84,树AFT三组,15.112894596040645,15.131621187800945,0.018726591760300337,0.8802730131156726,0.8966962494642026,0.016423236348529935
85,树AFT三组,15.181380417335454,15.155163188871038,-0.02621722846441621,0.8852156498337207,0.8946790784658285,0.009463428632107806
86,参数AFT两组,15.003745318352042,15.00642054574637,0.002675227394327351,0.8937944044917739,0.8973301766862284,0.003535772194454445
87,参数AFT两组,15.00642054574637,14.941680042803624,-0.06474050294274569,0.8907921821915061,0.8960547091763721,0.005262526984865956
88,参数AFT两组,14.9887640449438,15.011235955056163,0.022471910112363602,0.8917524190304711,0.8992941860985874,0.007541767068116267
89,参数AFT两组,15.264847512038505,15.235955056179758,-0.028892455858747113,0.8953630187344033,0.8996505454928788,0.004287526758475546
90,参数AFT两组,15.006420545746371,15.064740502942735,0.05831995719636396,0.8931063007524871,0.8999942756309487,0.0068879748784616
91,参数AFT两组,15.20064205457462,15.169609416800412,-0.031032637774208283,0.89271800896087,0.8987707575446069,0.006052748583736944
92,参数AFT两组,15.250936329587997,15.280363830925609,0.029427501337611517,0.8912304711692616,0.8998914060058577,0.008660934836596135
93,参数AFT两组,15.163723916532884,15.175494917067933,0.01177100053504887,0.8903941325527617,0.8962125080398589,0.005818375487097183
94,参数AFT两组,14.910112359550546,14.913857677902605,0.003745318352059712,0.8911184545224459,0.8948025215386378,0.0036840670161919498
95,参数AFT两组,15.173354735152467,15.208132691278742,0.0347779561262751,0.8900992508731175,0.8951298771396367,0.005030626266519178
96,参数AFT两组,15.222578919208114,15.21669341894059,-0.005885500267524435,0.8924865410662054,0.897541060803472,0.005054519737266561
97,树AFT三组,15.252006420545728,15.22471910112358,-0.02728731942214857,0.8896708905917717,0.8999255007555765,0.0102546101638048
98,参数AFT两组,15.303370786516833,15.250401284109131,-0.05296950240770215,0.8921212318296278,0.898088438243579,0.005967206413951209
99,参数AFT两组,15.088282504012824,15.036918138041717,-0.05136436597110716,0.8937244919338622,0.9000678500655678,0.006343358131705612
100,参数AFT两组,15.309791332263224,15.272873194221491,-0.03691813804173272,0.8933213336308079,0.8944539061876604,0.001132572556852507
101,参数AFT两组,15.253076511503457,15.225254146602442,-0.02782236490101475,0.8919653223788556,0.9006800735656443,0.00871475118678866
102,树AFT三组,15.187800963081843,15.0823970037453,-0.10540395933654345,0.8870302879828431,0.8970569545166378,0.010026666533794693
103,参数AFT两组,15.280898876404473,15.199036918138022,-0.08186195826645104,0.8922820560873679,0.8988614079629937,0.006579351875625861
104,参数AFT两组,14.990369181380402,15.029427501337597,0.039058319957195664,0.8939782006321643,0.8998677595993998,0.005889558967235531
105,树AFT三组,15.03156768325306,15.049759229534493,0.01819154628143238,0.8896779855165425,0.8989620031288302,0.009284017612287698
106,参数AFT两组,15.1744248261102,15.117710005350437,-0.05671482075976364,0.8948586733703776,0.8978098451120532,0.0029511717416755845
107,参数AFT两组,15.110754414125184,15.07972177635097,-0.03103263777421361,0.8942585726033744,0.8998384024473061,0.005579829843931683
108,树AFT三组,15.197431781701425,15.128945960406618,-0.06848582129480718,0.8808520766432408,0.8951624860314884,0.01431040938824757
109,参数AFT两组,15.397003745318331,15.329052969502388,-0.06795077581594278,0.8926050224121654,0.8979273217478947,0.0053222993357292525
110,树AFT三组,15.307116104868893,15.261637239165312,-0.04547886570358095,0.8891662825813004,0.8970242975709726,0.007858014989672202
111,参数AFT两组,15.006420545746371,15.048154093097896,0.04173354735152479,0.8918651431633127,0.9003083331888437,0.008443190025531067
112,参数AFT两组,15.008025682182968,14.971642589620101,-0.03638309256286654,0.8942414017669179,0.8973523041444753,0.0031109023775574007
113,树AFT三组,14.985018726591743,15.052969502407686,0.06795077581594278,0.886524509947668,0.8999366131011555,0.013412103153487509
114,参数AFT两组,15.266452648475102,15.242375601926145,-0.024077046548956815,0.8974812993103392,0.8994650979325685,0.0019837986222293047
115,树AFT三组,15.473515248796124,15.409309791332245,-0.06420545746387951,0.8864691444851671,0.8973292939161388,0.010860149430971688
116,树AFT三组,15.179775280898859,15.151952915997843,-0.027822364901016527,0.8898341981361474,0.8946776586667543,0.004843460530606913
117,树AFT三组,15.08346709470303,15.13376136971641,0.05029427501338013,0.8875925681302884,0.8956213601266643,0.00802879199637585
118,参数AFT两组,15.106474050294254,15.092027822364884,-0.014446227929370892,0.897267309038379,0.900339254128489,0.0030719450901099954
119,参数AFT两组,15.354735152487944,15.295345104333853,-0.05939004815409099,0.8913338522855657,0.8965449601514581,0.005211107865892406
120,树AFT三组,15.292669876939522,15.24558587479934,-0.04708400214018127,0.8873982017324006,0.8948025182511911,0.007404316518790477
121,参数AFT两组,15.42482611021935,15.359550561797732,-0.0652755484216172,0.8928780638075582,0.8960752840963515,0.003197220288793323
122,参数AFT两组,15.192616372391635,15.194221508828232,0.0016051364365967657,0.8941306409423605,0.9012178719764132,0.007087231034052732
123,参数AFT两组,15.165864098448349,15.153023006955571,-0.012841091492777679,0.8913622542101278,0.8991690609360524,0.007806806725924598
124,参数AFT两组,15.187800963081845,15.228999464954503,0.04119850187265861,0.8911182133600462,0.8991265730996023,0.008008359739556159
125,树AFT三组,15.213483146067395,15.151952915997843,-0.06153023006955216,0.8898065197123729,0.8993944911899519,0.00958797147757895
126,参数AFT两组,15.380417335473494,15.32156233279827,-0.058855002675223034,0.8963596903094322,0.8985262923195114,0.0021666020100792327
127,参数AFT两组,15.378277153558033,15.378812199036897,0.0005350454788644043,0.8906412678991581,0.8983073969250057,0.007666129025847623
128,树AFT三组,15.123595505617956,15.068485821294791,-0.0551096843231651,0.8881076951736173,0.8985819331646161,0.01047423799099878
129,参数AFT两组,15.536115569823414,15.570358480470821,0.03424291064740714,0.890021565731307,0.9016310658640257,0.011609500132718775
130,参数AFT两组,15.169609416800407,15.18673087212411,0.01712145532370357,0.8914400649116954,0.8967316200685863,0.005291555156890948
131,参数AFT两组,15.052969502407684,15.062600321027269,0.009630818619584147,0.8929673806191898,0.8990496025010436,0.006082221881853811
132,树AFT三组,14.982343499197412,15.072231139646854,0.08988764044944197,0.8852690841622171,0.8969846053681106,0.011715521205893586
133,参数AFT两组,15.337078651685372,15.38255751738896,0.045478865703588056,0.8909809979201656,0.8987462845507365,0.007765286630570856
134,参数AFT两组,15.117174959871567,15.130551096843215,0.013376136971647412,0.8901070464982082,0.8972889575089545,0.007181911010746389
135,树AFT三组,15.191546281433904,15.15248796147671,-0.03905831995719389,0.8873560456599111,0.8946607255221335,0.007304679862222385
136,参数AFT两组,15.199036918138024,15.292134831460658,0.09309791332263373,0.8907171180442762,0.899886065978663,0.009168947934386829
137,参数AFT两组,15.337078651685374,15.295880149812715,-0.04119850187265861,0.895147871901386,0.8995599461473749,0.004412074245988884
138,参数AFT两组,15.16211878009629,15.123060460139095,-0.03905831995719389,0.892264247743308,0.8958091675997528,0.0035449198564447837
139,树AFT三组,15.369716425896183,15.330658105938987,-0.039058319957195664,0.8890430232229769,0.8955869408175209,0.00654391759454398
140,参数AFT两组,15.20224719101122,15.164258962011752,-0.037988228999466855,0.8933993930263503,0.8982253713033251,0.0048259782769748405
141,树AFT三组,15.243445692883874,15.156768325307635,-0.08667736757623956,0.8849736054355671,0.8976132384285644,0.012639632992997307
142,参数AFT两组,15.03156768325306,15.059390048154077,0.027822364901016527,0.8927782462454027,0.900760169727768,0.00798192348236526
143,参数AFT两组,14.807383627608333,14.779026217228449,-0.028357410379884485,0.8941074346744942,0.8984348423222956,0.0043274076478014845
144,参数AFT两组,15.226859283039039,15.162653825575157,-0.06420545746388129,0.8919846899185985,0.8974709844836287,0.0054862945650302475
145,参数AFT两组,15.136436597110736,15.103263777421063,-0.033172819689673005,0.8958886672471991,0.9002415091858351,0.004352841938636054
146,参数AFT两组,15.05778491171748,15.063135366506135,0.005350454788654702,0.8959238865441603,0.8973661306548444,0.0014422441106840544
147,参数AFT两组,15.110754414125184,15.076511503477779,-0.03424291064740537,0.8907226152858252,0.8999481563348735,0.00922554104904827
148,树AFT三组,15.13750668806847,15.176565008025664,0.03905831995719389,0.8867505450858555,0.900027471527408,0.013276926441552539
149,参数AFT两组,15.174424826110203,15.176565008025667,0.002140181915464723,0.8930619574217498,0.8984365835370672,0.005374626115317471
150,参数AFT两组,15.017121455323686,14.983413590155145,-0.03370786516854096,0.8925358435448253,0.8995967577152644,0.007060914170439081
151,树AFT三组,15.308186195826627,15.361155698234333,0.052969502407705704,0.8883678054506089,0.8975598957002557,0.009192090249646845
152,参数AFT两组,15.054574638844285,15.109149277688587,0.05457463884430247,0.8927481664086554,0.898173431940628,0.005425265531972645
153,参数AFT两组,15.064205457463869,15.080791867308704,0.016586409844835615,0.8915204110113828,0.8983099158374429,0.006789504826060111
154,参数AFT两组,15.215088282503993,15.241840556447281,0.02675227394328772,0.8927282082043981,0.8976566174010053,0.0049284091966071975
155,参数AFT两组,15.204387372926682,15.26912787586943,0.06474050294274747,0.8941795552325735,0.9008018027653701,0.00662224753279661
156,树AFT三组,14.97699304440876,14.936864633493832,-0.040128410914928025,0.8886900123158479,0.8988428306318117,0.010152818315963819
157,参数AFT两组,15.266987693953963,15.235955056179757,-0.031032637774206506,0.892486787802315,0.894067093237543,0.0015803054352279133
158,参数AFT两组,15.194221508828234,15.188336008560709,-0.005885500267524435,0.893595865762053,0.900754828992883,0.007158963230829984
159,参数AFT两组,15.160513643659694,15.162118780096293,0.001605136436598542,0.8913549257325152,0.8977443499636825,0.006389424231167284
160,参数AFT两组,15.497057249866216,15.462814339218816,-0.03424291064740004,0.892888456338487,0.9002543951823884,0.007365938843901354
161,树AFT三组,15.279293739967878,15.255751738897787,-0.023542001070090635,0.8865778327644291,0.8971265618429611,0.010548729078531993
162,参数AFT两组,15.356340288924537,15.37239165329051,0.016051364365972987,0.8901576109993141,0.9001400067969589,0.009982395797644816
163,树AFT三组,15.302835741037969,15.31567683253075,0.012841091492781231,0.8899586393467935,0.8985782581575492,0.00861961881075568
164,参数AFT两组,15.253611556982323,15.197966827180293,-0.0556447298020295,0.8910586382502329,0.899358520631408,0.008299882381175072
165,参数AFT两组,15.303370786516833,15.321562332798269,0.018191546281435933,0.8937551113147882,0.8978321913132664,0.0040770799984781725
166,树AFT三组,15.383092562867821,15.364365971107528,-0.018726591760293232,0.8850826607583204,0.89671935914173,0.011636698383409527
167,树AFT三组,15.026752273943266,15.089352594970556,0.06260032102728985,0.8872375126656438,0.8980147653571591,0.010777252691515304
168,参数AFT两组,15.112894596040645,15.050294275013359,-0.0626003210272863,0.8951632632499428,0.8949457479169918,-0.00021751533295100156
169,参数AFT两组,15.410379882289977,15.371856607811646,-0.03852327447833126,0.8961517973860673,0.8991361644341233,0.002984367048055936
170,参数AFT两组,15.035313001605118,15.019261637239147,-0.01605136436597121,0.8909754423347318,0.8990724103194668,0.008096967984735026
171,树AFT三组,15.451043338683771,15.490101658640965,0.03905831995719389,0.889786372283443,0.899055547341856,0.00926917505841296
172,参数AFT两组,15.110754414125184,15.072766185125719,-0.03798822899946508,0.8931178113160761,0.8972523649051977,0.004134553589121515
173,树AFT三组,15.409844836811109,15.409309791332248,-0.0005350454788608516,0.8879605734886303,0.8988970834973556,0.010936510008725309
174,树AFT三组,15.490101658640965,15.482075976457981,-0.008025682182983829,0.88817552930999,0.8978935573304806,0.009718028020490599
175,树AFT三组,15.049759229534494,15.043338683788104,-0.006420545746390616,0.8886228967997859,0.8986431019711908,0.010020205171404895
176,参数AFT两组,15.290529695024059,15.25040128410913,-0.0401284109149298,0.892112294392448,0.897743708273394,0.005631413880946012
177,树AFT三组,15.407704654895646,15.428571428571413,0.020866773675766837,0.8885267970480895,0.9000329500750512,0.011506153026961785
178,参数AFT两组,14.889245585874786,14.953986088817533,0.06474050294274747,0.8948157167920705,0.9000306419469143,0.005214925154843786
179,树AFT三组,15.093097913322612,15.101658640984466,0.008560727661853562,0.8882341258657478,0.8997252059370692,0.01149108007132138
180,树AFT三组,15.207062600321008,15.186195826645246,-0.020866773675761507,0.8888401049326433,0.8978149593458102,0.008974854413166922
181,树AFT三组,15.382022471910092,15.471375066880665,0.08935259497057224,0.8861360679345095,0.8965749080865975,0.010438840152087958
182,参数AFT两组,15.112894596040645,15.09791332263241,-0.014981273408235296,0.8932264187898747,0.9005122301539287,0.007285811364053929
183,参数AFT两组,15.279293739967878,15.265917602996238,-0.013376136971640307,0.8918906508288509,0.896556862489121,0.0046662116602701476
184,参数AFT两组,15.194221508828234,15.169074371321543,-0.025147137506690953,0.8962223803054058,0.8991241147228342,0.002901734417428359
185,树AFT三组,14.922953451043321,14.91064740502941,-0.012306046013911498,0.8886385604756535,0.8999953993099058,0.011356838834252314
186,参数AFT两组,14.98073836276082,15.003210272873176,0.022471910112356497,0.890911484546484,0.9002921265856652,0.009380642039181208
187,参数AFT两组,15.248261102193668,15.176565008025664,-0.07169609416800427,0.893950869862598,0.895415634893128,0.0014647650305300575
188,树AFT三组,15.314606741573016,15.281433921883343,-0.033172819689673005,0.8869610546541836,0.8993458769242373,0.012384822270053664
189,树AFT三组,15.125200642054557,15.14232209737826,0.01712145532370357,0.8884326897962636,0.8993740881340049,0.010941398337741326
190,树AFT三组,15.509363295880126,15.4895666131621,-0.019796682718025593,0.8869584238032174,0.8983065441142991,0.011348120311081678
191,参数AFT两组,15.174959871589067,15.264847512038505,0.08988764044943842,0.8932837472292702,0.8997077236328447,0.006423976403574505
192,参数AFT两组,15.165329052969485,15.243980738362742,0.07865168539325751,0.8922126968254879,0.8987490894900553,0.006536392664567403
193,参数AFT两组,14.804708400214002,14.760834670947018,-0.043873729266984185,0.8973159007108559,0.8995117088275008,0.0021958081166448817
194,参数AFT两组,15.091492776886016,15.098448368111274,0.006955591225258573,0.8953627825909196,0.8986728009357284,0.0033100183448088183
195,参数AFT两组,15.072231139646851,15.075441412520046,0.003210272873195308,0.8949517423215747,0.8960685726523233,0.0011168303307486083
196,树AFT三组,15.31621187800961,15.281433921883343,-0.034777956126267995,0.8858220437357339,0.8952423806729232,0.009420336937189244
197,树AFT三组,15.183520599250919,15.148742643124647,-0.03477795612627155,0.8868937544076698,0.8970783862043921,0.010184631796722243
198,树AFT三组,15.059925093632938,15.064740502942731,0.00481540930979385,0.8884929012794381,0.8969477757312083,0.008454874451770178
199,树AFT三组,15.08774745853396,15.14339218833599,0.05564472980203128,0.8864123554773824,0.9003801569169919,0.013967801439609517
200,参数AFT两组,14.82985553772069,14.878009630818605,0.04815409309791541,0.8913061123972364,0.9002308297310382,0.008924717333801735
201,树AFT三组,15.136436597110738,15.102728731942198,-0.033707865168539186,0.8878701283631862,0.8975072174410036,0.009637089077817351
202,参数AFT两组,15.01284109149276,15.058319957196343,0.04547886570358273,0.8913093828505742,0.9002202433010742,0.008910860450500047
203,参数AFT两组,15.252006420545728,15.28250401284107,0.030497592295342102,0.8922007383784574,0.8979945992965828,0.005793860918125393
204,参数AFT两组,15.119850187265898,15.055109684323149,-0.06474050294274925,0.8918471245076218,0.8984506131320977,0.006603488624475906
205,参数AFT两组,15.146602461209184,15.186730872124114,0.0401284109149298,0.8934072010097781,0.8988024393539765,0.005395238344198416
206,参数AFT两组,15.083467094703034,15.102728731942198,0.01926163723916474,0.8908570248984136,0.9003389154135202,0.009481890515106617
207,参数AFT两组,15.348314606741557,15.375066880684841,0.026752273943284166,0.8952014605840846,0.8962399471093974,0.0010384865253127984
208,参数AFT两组,15.192616372391637,15.176565008025664,-0.016051364365972987,0.8939591803822969,0.8963370088093109,0.0023778284270139505
209,参数AFT两组,15.226859283039039,15.164258962011752,-0.0626003210272863,0.8927051191831298,0.8991181541359443,0.006413034952814534
210,参数AFT两组,15.380417335473494,15.307651150347759,-0.07276618512573485,0.8946998988158491,0.8990087938194417,0.00430889500359255
211,树AFT三组,15.124130551096828,15.142857142857125,0.018726591760296785,0.8875771633776421,0.8979834542620468,0.0104062908844047
212,参数AFT两组,15.125200642054555,15.139111824505065,0.01391118245051004,0.8932304208369067,0.8987217158777583,0.0054912950408515515
213,树AFT三组,15.097913322632406,15.132156233279812,0.03424291064740537,0.8833161490217801,0.8971385479182926,0.013822398896512489
214,树AFT三组,15.235955056179758,15.263242375601909,0.027287319422150347,0.8888013154639736,0.8977429525993614,0.00894163713538787
215,树AFT三组,15.110219368646318,15.086677367576225,-0.02354200107009241,0.8898514204689157,0.8976402572323868,0.007788836763471085
216,参数AFT两组,15.044408774745834,14.99892990904225,-0.0454788657035845,0.8942402210150169,0.8974342246636513,0.0031940036486344248
217,树AFT三组,15.169609416800409,15.202782236490084,0.03317281968967478,0.889375794066431,0.8996557683500785,0.010279974283647575
218,参数AFT两组,15.264847512038505,15.264847512038509,3.552713678800501e-15,0.8950394039878288,0.898841873975073,0.003802469987244206
219,参数AFT两组,15.20064205457462,15.19101123595504,-0.009630818619580594,0.8937484298945217,0.8971197560308966,0.003371326136374808
220,树AFT三组,15.112894596040645,15.203852327447816,0.09095773140717078,0.8853096339956642,0.9014518885526694,0.016142254557005242
221,参数AFT两组,15.148207597645781,15.073301230604583,-0.0749063670411978,0.8902461365413978,0.8972339981532783,0.006987861611880475
222,树AFT三组,15.218833600856053,15.263242375601909,0.044408774745855695,0.8890704104201439,0.899246267739991,0.010175857319847048
223,树AFT三组,15.243445692883876,15.231139646869968,-0.012306046013907945,0.888571671429495,0.8991870100465346,0.01061533861703956
224,参数AFT两组,15.322632423756,15.362760834670928,0.040128410914928025,0.8954784830443517,0.9005782130881811,0.005099730043829354
225,参数AFT两组,14.985018726591743,15.014446227929358,0.02942750133761507,0.8958672904270505,0.8996827578369794,0.0038154674099288854
226,参数AFT两组,15.169609416800409,15.163723916532886,-0.005885500267522659,0.8922072669475322,0.8995313492742101,0.0073240823266779165
227,参数AFT两组,15.366506153022987,15.323167469234868,-0.04333868378811978,0.8922459175184736,0.8976573869910586,0.005411469472584973
228,树AFT三组,15.465489566613144,15.443552701979648,-0.021936864633495645,0.8867786713057112,0.8996811665846631,0.012902495278951931
229,树AFT三组,15.213483146067395,15.191546281433903,-0.021936864633492092,0.8894814386377647,0.8968019647431663,0.00732052610540157
230,参数AFT两组,15.252006420545731,15.25521669341892,0.0032102728731882024,0.8919001174813846,0.8963304896206783,0.004430372139293648
231,树AFT三组,15.149277688603512,15.02514713750667,-0.12413055109684201,0.8867783115516229,0.898287206830317,0.011508895278694142
232,树AFT三组,15.010165864098429,15.042803638309238,0.0326377742108086,0.8898272722691558,0.8985795102120833,0.008752237942927454
233,树AFT三组,15.27929373996788,15.28303905831994,0.003745318352059712,0.8813142396640234,0.8970850208317964,0.015770781167772974
234,参数AFT两组,15.23542001070089,15.230069555912234,-0.005350454788656478,0.8916742528587535,0.8956028673415497,0.003928614482796244
235,树AFT三组,14.848047084002124,14.934189406099502,0.08614232209737871,0.8918049117756832,0.8987618724361416,0.006956960660458367
236,参数AFT两组,15.225254146602442,15.284109149277668,0.058855002675226586,0.8909979439948988,0.8955899521138965,0.004592008118997626
237,参数AFT两组,14.820759764579977,14.789727126805763,-0.03103263777421361,0.8933084018388046,0.8954954061366556,0.002187004297851014
238,参数AFT两组,15.22685928303904,15.194756554307098,-0.03210272873194242,0.8926921555287526,0.8991686527622891,0.006476497233536493
239,参数AFT两组,15.123595505617962,15.132691278758678,0.00909577314071619,0.8935770760485824,0.8998021499807398,0.006225073932157432
240,参数AFT两组,15.150882825040112,15.116639914392705,-0.03424291064740714,0.8968908894275848,0.8960844676008741,-0.000806421826710646
241,树AFT三组,15.124130551096826,15.067950775815927,-0.056179775280899236,0.8832962041916712,0.895598852019441,0.012302647827769797
242,参数AFT两组,15.165329052969485,15.101658640984466,-0.06367041198501866,0.8931081187113671,0.8960898001770371,0.0029816814656700164
243,参数AFT两组,15.227929373996771,15.26431246655964,0.03638309256286831,0.8923856714312758,0.8983200742018952,0.005934402770619407
244,树AFT三组,15.418940609951823,15.375066880684843,-0.04387372926698063,0.8880389074352852,0.8989594947141238,0.0109205872788386
245,参数AFT两组,15.221508828250382,15.144462279293723,-0.07704654895665897,0.8926862507845291,0.8977749392913217,0.00508868850679256
246,参数AFT两组,14.955056179775264,14.985553772070611,0.03049759229534743,0.8936683849871316,0.8976672840005823,0.00399889901345063
247,参数AFT两组,15.137506688068468,15.143392188335989,0.005885500267520882,0.8942199639561957,0.9007346033383423,0.006514639382146581
248,树AFT三组,15.006955591225235,15.037453183520583,0.03049759229534743,0.8877569285728637,0.897958263083653,0.010201334510789306
249,树AFT三组,15.174959871589067,15.131086142322083,-0.043873729266984185,0.883872404228041,0.8989567892320468,0.015084385004005774
250,参数AFT两组,15.139646869983926,15.139111824505063,-0.000535045478862628,0.8920948639591102,0.8994283892046897,0.007333525245579509
251,参数AFT两组,15.252006420545728,15.233814874264295,-0.01819154628143238,0.896726385781696,0.8995913997204988,0.002865013938802896
252,树AFT三组,15.02889245585873,15.047619047619031,0.018726591760302114,0.8853334693516218,0.8988052898007177,0.013471820449095895
253,参数AFT两组,15.325842696629195,15.326377742108061,0.0005350454788661807,0.8966172973539606,0.9010676598436276,0.004450362489667015
254,参数AFT两组,15.09737827715354,15.086142322097361,-0.011235955056179137,0.8947641103603114,0.8993219210662666,0.004557810705955179
255,树AFT三组,15.070626003210258,15.133226324237542,0.06260032102728452,0.8829039092255323,0.8966872080973095,0.013783298871777205
256,参数AFT两组,15.155698234349899,15.184055644729783,0.028357410379884485,0.8924403604291711,0.8973824477855415,0.004942087356370473
257,参数AFT两组,15.149277688603513,15.176565008025664,0.027287319422150347,0.8925118347853845,0.8977833558597148,0.005271521074330265
258,树AFT三组,14.957731407169593,14.926163723916515,-0.031567683253078016,0.8875712450678963,0.8987021347460855,0.011130889678189204
259,参数AFT两组,15.19101123595504,15.259497057249849,0.06848582129480896,0.8923449933777763,0.8990478072091292,0.006702813831352961
260,参数AFT两组,15.032102728731925,15.011771000535028,-0.020331728196897103,0.8913351848815465,0.8986647003559838,0.007329515474437276
261,参数AFT两组,15.145532370251452,15.197966827180293,0.0524344569288413,0.8900485123344667,0.9009746575034498,0.010926145168983159
262,树AFT三组,14.953451043338667,14.940609951845895,-0.01284109149277235,0.889733384574096,0.8997393633128284,0.010005978738732435
263,参数AFT两组,15.263242375601909,15.17228464419474,-0.090957731407169,0.8940052272933952,0.8999821584173467,0.00597693112395159
264,参数AFT两组,15.173354735152467,15.204387372926682,0.031032637774215388,0.8913761992018573,0.8964241780484272,0.005047978846569934
265,参数AFT两组,15.110219368646318,15.163723916532888,0.05350454788657011,0.8910993212332379,0.8995160102607637,0.008416689027525792
266,参数AFT两组,14.998394863563384,14.973247726056698,-0.025147137506685624,0.8963794067213844,0.8999071203976019,0.0035277136762175143
267,参数AFT两组,15.380417335473497,15.358480470840004,-0.02193686463349387,0.892257570348485,0.8997585392650066,0.007500968916521633
268,参数AFT两组,15.112894596040643,15.118780096308168,0.005885500267524435,0.8918529056191112,0.8985406376025115,0.006687731983400225
269,参数AFT两组,15.354200107009078,15.33172819689672,-0.022471910112358273,0.8902764142678234,0.8965953696781986,0.006318955410375193
270,参数AFT两组,15.099518459069003,15.096843231674676,-0.002675227394327351,0.8978498205455023,0.8999112159287754,0.0020613953832731013
271,参数AFT两组,15.137506688068468,15.057784911717478,-0.07972177635098987,0.8910389267427559,0.8959450490759094,0.004906122333153573
272,树AFT三组,15.292134831460656,15.276618512573553,-0.015516318887103253,0.8892356575274563,0.8974319480429943,0.008196290515538052
273,参数AFT两组,15.303370786516833,15.295880149812717,-0.007490636704115872,0.8947023062653806,0.8990452452830616,0.004342939017681013
274,树AFT三组,15.304975922953432,15.279293739967878,-0.02568218298555358,0.8876607443420942,0.8956073209339389,0.007946576591844723
275,参数AFT两组,14.871589085072214,14.804708400214,-0.06688068485821397,0.8954350970586301,0.8993990796592557,0.003963982600625582
276,树AFT三组,15.293739967897249,15.283574103798804,-0.010165864098444999,0.8870161042772423,0.8988555794724145,0.011839475195172144
277,树AFT三组,15.072231139646851,15.09791332263241,0.02568218298555891,0.8898573713243401,0.8977225707149402,0.007865199390600153
278,参数AFT两组,14.994649545211328,14.951310861423202,-0.04333868378812511,0.8903497167011949,0.9001866042993835,0.00983688759818857
279,参数AFT两组,15.136436597110736,15.20866773675761,0.072231139646874,0.8919409385523505,0.9001948210689538,0.008253882516603306
280,参数AFT两组,15.121990369181363,15.049224184055628,-0.07276618512573485,0.8952944278373286,0.897828998847912,0.0025345710105834085
281,树AFT三组,14.92937399678971,14.90690208667735,-0.02247191011236005,0.8887964373912901,0.8991129758679229,0.01031653847663283
282,参数AFT两组,15.207597645799876,15.15944355270196,-0.04815409309791541,0.8934503376644394,0.8992415781325334,0.005791240468093983
283,树AFT三组,15.213483146067398,15.187265917602979,-0.026217228464419762,0.8899086644602551,0.8987513421810167,0.008842677720761638
284,参数AFT两组,15.051364365971093,15.011771000535028,-0.0395933654360654,0.8934654437086375,0.8999943155267164,0.00652887181807893
285,参数AFT两组,15.396468699839467,15.393258426966272,-0.003210272873195308,0.891003966103454,0.9007293040724885,0.00972533796903452
286,参数AFT两组,15.362760834670928,15.35741037988227,-0.005350454788658254,0.8936362395733597,0.9004378895025812,0.006801649929221498
287,树AFT三组,14.95666131621186,14.994114499732461,0.037453183520600675,0.8894279291799689,0.8964980211242524,0.00707009194428343
288,参数AFT两组,15.24023542001068,15.254681647940059,0.014446227929377997,0.8938324080808303,0.9001448770647098,0.006312468983879493
289,参数AFT两组,15.22525414660244,15.179240235419993,-0.04601391118244713,0.8914088262506181,0.8979755050013181,0.006566678750699939
290,参数AFT两组,15.309791332263224,15.254681647940057,-0.055109684323166874,0.8935558471342673,0.900448094260575,0.00689224712630776
291,树AFT三组,15.159978598180825,15.11235955056178,-0.0476190476190439,0.8872451740270333,0.8982789810839117,0.011033807056878397
292,树AFT三组,15.173354735152468,15.21241305510967,0.03905831995720099,0.8860209680659406,0.8986659003126007,0.01264493224666019
293,参数AFT两组,15.15088282504011,15.138576779026197,-0.012306046013913274,0.8945270146176264,0.8979282998805383,0.003401285262911946
294,参数AFT两组,15.042268592830371,15.013911182450492,-0.028357410379879155,0.895019749334312,0.8994559899439292,0.004436240609617115
295,参数AFT两组,15.373461744248242,15.339753879079703,-0.033707865168539186,0.8926252546823892,0.9009465674495011,0.0083213127671119
296,参数AFT两组,15.136436597110738,15.135366506153007,-0.001070090957730585,0.8918943983475996,0.901123569520548,0.009229171172948303
297,参数AFT两组,15.369716425896183,15.422150882825022,0.052434456928839523,0.8904269846519866,0.9007200692088162,0.010293084556829646
298,参数AFT两组,14.971107544141233,15.008560727661834,0.037453183520600675,0.8956451357339009,0.9011810708475891,0.005535935113688217
299,参数AFT两组,15.394863563402872,15.357945425361137,-0.036918138041734494,0.8951021976627426,0.9002488184427251,0.005146620779982514
300,参数AFT两组,15.226859283039039,15.233814874264295,0.006955591225256796,0.8903893487232213,0.8997170433984919,0.009327694675270615
301,参数AFT两组,14.914927768860341,14.979668271803085,0.06474050294274392,0.8945960468260514,0.8973137687869832,0.002717721960931785
302,参数AFT两组,14.970037453183503,14.963616907437116,-0.006420545746387063,0.8939231824618743,0.8975265988329296,0.0036034163710553235
303,树AFT三组,15.04280363830924,15.066880684858194,0.02407704654895504,0.8870682272347807,0.8962583943111704,0.009190167076389644
304,参数AFT两组,15.213483146067396,15.163723916532886,-0.049759229534510396,0.8936267668758023,0.899801365740966,0.006174598865163694
305,参数AFT两组,14.937934724451562,14.961476725521651,0.023542001070088858,0.8920029345414828,0.8981155879210668,0.006112653379583999
306,参数AFT两组,15.2289994649545,15.224184055644711,-0.004815409309788521,0.893103595613385,0.8994541138455089,0.006350518232123847
307,参数AFT两组,15.057249866238614,15.02140181915461,-0.03584804708400391,0.8943090109887111,0.8947197523727275,0.000410741384016422
308,树AFT三组,14.942215088282486,14.925628678437652,-0.016586409844833838,0.8874458743937901,0.8980261744355313,0.010580300041741264
309,参数AFT两组,15.252006420545728,15.339753879079703,0.08774745853397548,0.8906329237908635,0.8971333561912017,0.006500432400338263
310,参数AFT两组,15.164258962011756,15.155163188871038,-0.009095773140717966,0.8959047140024226,0.9006842084575073,0.004779494455084743
311,参数AFT两组,15.07597645799891,15.05778491171748,-0.018191546281430604,0.8960941248205547,0.8990557763887619,0.0029616515682071576
312,树AFT三组,15.240770465489547,15.23434991974316,-0.006420545746387063,0.8832979663730888,0.8953528517415719,0.012054885368483093
313,参数AFT两组,15.065810593900464,15.065810593900466,1.7763568394002505e-15,0.8940132388248228,0.8993028990563096,0.0052896602314868035
314,参数AFT两组,15.36597110754412,15.329588014981256,-0.036383092562862984,0.8921257427342978,0.8971612650505245,0.005035522316226726
315,参数AFT两组,15.030497592295328,15.00642054574637,-0.02407704654895859,0.8931340578271797,0.8969754186228328,0.003841360795653115
316,参数AFT两组,15.183520599250915,15.11342964151951,-0.07009095773140572,0.8969758567603048,0.8984940618076788,0.0015182050473739883
317,参数AFT两组,15.294810058854985,15.270197966827162,-0.024612092027822996,0.8916965230856421,0.8962750244236368,0.004578501337994756
318,参数AFT两组,15.077046548956641,15.067950775815929,-0.009095773140712637,0.8912418114062574,0.8967646060805192,0.005522794674261866
319,参数AFT两组,15.322632423755998,15.343499197431763,0.02086677367576506,0.894230003764053,0.8986033353004883,0.004373331536435265
320,参数AFT两组,15.040663456393776,15.08132691278757,0.040663456393794206,0.8917930523895161,0.9014652030326537,0.009672150643137534
321,参数AFT两组,15.032102728731925,15.002675227394311,-0.029427501337613293,0.8926287333001379,0.9004584006872878,0.007829667387149852
322,参数AFT两组,15.121990369181363,15.140716960941662,0.01872659176029856,0.8914430268598792,0.897585142756576,0.006142115896696776
323,参数AFT两组,15.097913322632403,15.121990369181363,0.024077046548960368,0.890791139853679,0.9010396351672143,0.010248495313535333
324,树AFT三组,15.22043873729265,15.248796147672538,0.028357410379888037,0.88976349017814,0.9009261135685749,0.011162623390434834
325,参数AFT两组,15.093097913322612,15.054574638844285,-0.03852327447832771,0.8940501781159035,0.8972218044766243,0.0031716263607207695
326,参数AFT两组,14.985018726591745,14.966292134831443,-0.018726591760302114,0.8948456322083197,0.8967729361048281,0.0019273038965084144
327,参数AFT两组,14.990369181380402,14.96522204387371,-0.025147137506690953,0.8985105781012481,0.9000139760384963,0.0015033979372481854
328,参数AFT两组,15.121990369181363,15.11717495987157,-0.00481540930979385,0.8968654005321011,0.8983244061010236,0.0014590055689225334
329,树AFT三组,15.14981273408238,15.167469234884948,0.017656500802567976,0.8867754441416793,0.8984309931253166,0.011655548983637298
330,树AFT三组,15.187800963081845,15.20064205457462,0.012841091492775902,0.8891343406778013,0.9001682655985088,0.011033924920707538
331,参数AFT两组,15.057784911717478,15.04761904761903,-0.010165864098448552,0.8936504524551464,0.8991192583221043,0.00546880586695786
332,参数AFT两组,15.123595505617956,15.119850187265902,-0.003745318352054383,0.8926309228667477,0.8993146424027122,0.006683719535964472
333,树AFT三组,15.174959871589065,15.13483146067414,-0.04012841091492447,0.889516568638941,0.8988428828132964,0.009326314174355366
334,参数AFT两组,15.20706260032101,15.241305510968417,0.03424291064740714,0.8911581446073037,0.8997519309008284,0.008593786293524697
335,参数AFT两组,15.186195826645246,15.123060460139094,-0.06313536650615248,0.8917462735757329,0.8992065520561354,0.007460278480402538
336,树AFT三组,15.149812734082376,15.13001605136435,-0.019796682718025593,0.8877740581477194,0.8985088756943681,0.010734817546648734
337,参数AFT两组,15.080791867308704,15.01284109149276,-0.06795077581594455,0.8941777811649215,0.8997127049652636,0.00553492380034204
338,参数AFT两组,14.83467094703048,14.90208667736756,0.06741573033708015,0.8914297908696401,0.9009218736039588,0.009492082734318674
339,参数AFT两组,15.298555377207045,15.275548421615822,-0.023006955591222678,0.8927810337679011,0.9008635535104903,0.008082519742589223
340,参数AFT两组,15.425361155698218,15.434991974317796,0.009630818619578818,0.8969699452338419,0.9001818985722397,0.003211953338397855
341,参数AFT两组,15.266987693953967,15.315676832530748,0.04868913857678159,0.8916956138379135,0.8974052613888962,0.005709647550982688
342,树AFT三组,14.97913322632422,14.983413590155148,0.004280363830927669,0.8896070681272157,0.9000674639439378,0.01046039581672209
343,参数AFT两组,15.137506688068468,15.17335473515247,0.03584804708400213,0.8939985557523304,0.8992928861461698,0.005294330393839308
344,参数AFT两组,15.23916532905295,15.177635098983398,-0.06153023006955216,0.8913719725627045,0.8996312095279398,0.00825923696523534
345,树AFT三组,15.280363830925609,15.301230604601374,0.02086677367576506,0.886072980169838,0.8963361384881714,0.010263158318333354
346,参数AFT两组,15.552701979668248,15.54200107009094,-0.010700909577307627,0.8953735913003287,0.9013631427392157,0.00598955143888702
347,参数AFT两组,15.2493311931514,15.31781701444621,0.06848582129480896,0.890161299102091,0.8985182978970774,0.008356998794986414
348,参数AFT两组,15.151952915997843,15.158908507223098,0.00695559122525502,0.892974765083566,0.8992364859981705,0.006261720914604529
349,树AFT三组,15.18673087212411,15.265917602996238,0.07918673087212724,0.8888949627200046,0.8980166044720622,0.009121641752057652
350,树AFT三组,15.326377742108061,15.340288924558571,0.01391118245051004,0.8886521043357244,0.898727023100942,0.0100749187652176
351,参数AFT两组,15.279293739967876,15.276618512573549,-0.002675227394327351,0.8934539575096171,0.8999003709300404,0.0064464134204232915
352,参数AFT两组,15.02407704654894,14.947565543071146,-0.07651150347779456,0.8964882120199702,0.8961617820641328,-0.0003264299558374262
353,树AFT三组,15.213483146067395,15.24398073836274,0.030497592295345655,0.8894091092707587,0.8992001524016394,0.00979104313088075
354,参数AFT两组,15.253611556982325,15.258962011770983,0.005350454788658254,0.8907631413551025,0.8975516024242384,0.006788461069135887
355,树AFT三组,15.092027822364884,15.191546281433904,0.09951845906902079,0.8874330803305507,0.8998910552636644,0.012457974933113736
356,树AFT三组,15.393258426966272,15.336008560727644,-0.057249866238628044,0.8898866073592189,0.898309736071358,0.008423128712139127
357,参数AFT两组,15.29534510433385,15.324237560192598,0.02889245585874889,0.8952965669739094,0.9003189232847886,0.005022356310879217
358,参数AFT两组,15.136436597110738,15.09844836811127,-0.037988228999466855,0.8937209198335119,0.8995819003567068,0.0058609805231949474
359,参数AFT两组,15.304975922953433,15.261637239165312,-0.04333868378812156,0.8908746064735852,0.8995642653172984,0.0086896588437132
360,树AFT三组,15.227929373996771,15.154093097913305,-0.07383627608346544,0.8896897491604197,0.8992437802392378,0.009554031078818137
361,参数AFT两组,15.169609416800407,15.094168004280345,-0.0754414125200622,0.8904209635693757,0.8986794582455186,0.008258494676142925
362,参数AFT两组,15.065810593900464,15.0090957731407,-0.05671482075976364,0.8909083863843238,0.896096997604088,0.0051886112197642165
363,树AFT三组,14.945425361155682,14.956126270732996,0.010700909577314732,0.8882677205274171,0.8985912073429541,0.010323486815536964
364,树AFT三组,15.019261637239149,15.07597645799891,0.056714820759761864,0.8897758793867816,0.8990513785598637,0.009275499173082125
365,参数AFT两组,15.20920278223647,15.125200642054555,-0.08400214018191576,0.8927857732676235,0.9000849152382487,0.0072991419706252
366,参数AFT两组,15.215623327982861,15.219368646334921,0.003745318352059712,0.8932857035103088,0.8991650136828755,0.00587931017256671
367,参数AFT两组,15.26056714820758,15.177635098983398,-0.08293204922418163,0.8950145457740896,0.8953524077726752,0.00033786199858565347
368,参数AFT两组,15.226859283039037,15.1744248261102,-0.05243445692883597,0.8965339177040581,0.8982767585583696,0.0017428408543115337
369,参数AFT两组,15.194221508828232,15.212413055109666,0.018191546281434157,0.8943906655852578,0.9008370434241648,0.0064463778389070026
370,参数AFT两组,15.18673087212411,15.205457463884414,0.01872659176030389,0.8960411863268676,0.8993160016331094,0.0032748153062418517
371,树AFT三组,15.290529695024059,15.328517924023524,0.03798822899946508,0.8891017151158618,0.9001111662328617,0.011009451116999913
372,参数AFT两组,15.293739967897253,15.28410914927767,-0.00963081861958237,0.8934821111135955,0.8989252567835967,0.005443145670001148
373,参数AFT两组,15.250936329587997,15.264847512038509,0.013911182450511816,0.8906540302907102,0.9002612419460513,0.009607211655341064
374,参数AFT两组,15.120385232744763,15.102728731942197,-0.0176565008025662,0.893243778114615,0.8988390853242642,0.005595307209649181
375,参数AFT两组,15.030497592295328,14.977528089887624,-0.05296950240770393,0.8921738243003562,0.8987912538027577,0.006617429502401517
376,参数AFT两组,15.280898876404473,15.211342964151935,-0.06955591225253777,0.892706688370281,0.8975735472554478,0.004866858885166803
377,树AFT三组,15.057249866238612,15.08988764044942,0.0326377742108086,0.8896109007202173,0.8989085475859241,0.009297646865706777
378,参数AFT两组,15.0840021401819,15.062065275548404,-0.021936864633495645,0.8934614193259192,0.898074249188726,0.0046128298628068665
379,参数AFT两组,15.02300695559121,14.978598180845353,-0.04440877474585747,0.8937553002586918,0.898713764703991,0.004958464445299238
380,参数AFT两组,15.149277688603512,15.149277688603513,1.7763568394002505e-15,0.8928207684311573,0.8949342317480191,0.0021134633168617967
381,树AFT三组,15.300695559122504,15.181380417335456,-0.11931514178704816,0.8878247277049146,0.898876477644211,0.011051749939296363
382,参数AFT两组,15.088282504012824,15.01765650080255,-0.07062600321027368,0.893317900574856,0.8995606730978105,0.006242772522954465
383,参数AFT两组,15.380417335473494,15.307116104868896,-0.07330123060459748,0.8950864350901556,0.8994555709301831,0.004369135840027516
384,树AFT三组,15.054574638844285,15.046013911182431,-0.008560727661853562,0.8888480002585767,0.9001668686779193,0.011318868419342598
385,参数AFT两组,14.998929909042252,15.04012841091491,0.04119850187265861,0.8947012517311871,0.8986808725004083,0.003979620769221204
386,参数AFT两组,15.124130551096826,15.156768325307633,0.032637774210806825,0.8938110023836776,0.8988032333523155,0.0049922309686378785
387,树AFT三组,15.249331193151399,15.30765115034776,0.05831995719636218,0.8882959587985284,0.8987409529534492,0.01044499415492084
388,参数AFT两组,15.490101658640965,15.538255751738879,0.04815409309791363,0.8921368256998219,0.8988725430829012,0.0067357173830793204
389,参数AFT两组,15.138041733547333,15.138576779026199,0.0005350454788661807,0.8938265183350038,0.8988711213571621,0.005044603022158256
390,参数AFT两组,15.124130551096826,15.11128945960405,-0.012841091492775902,0.8954838099615795,0.8990873120170889,0.003603502055509411
391,参数AFT两组,15.207597645799876,15.120385232744766,-0.0872124130551093,0.8974629270917384,0.8942781960621586,-0.0031847310295797238
392,树AFT三组,15.109149277688584,15.07383627608345,-0.035313001605134176,0.8882868453931378,0.8965612848602467,0.008274439467108818
393,参数AFT两组,15.302835741037969,15.296415195291582,-0.006420545746387063,0.8925359030971816,0.8965388951116393,0.004002992014457751
394,参数AFT两组,14.950240770465474,14.916532905296933,-0.03370786516854096,0.8931411342642138,0.8992832675404274,0.006142133276213602
395,参数AFT两组,14.929373996789709,14.941144997324756,0.011771000535047094,0.8928097568618506,0.8973984967430213,0.0045887398811707
396,参数AFT两组,15.171749598715875,15.173889780631335,0.0021401819154593937,0.8945054203322763,0.8990040957795519,0.0044986754472755575
397,参数AFT两组,15.409844836811109,15.351524879614749,-0.058319957196360406,0.8952166127092502,0.8966899456344709,0.0014733329252206717
398,参数AFT两组,14.87586944890314,14.902621722846424,0.026752273943284166,0.8912029196990389,0.8962416532229871,0.005038733523948236
399,参数AFT两组,14.92937399678971,14.947565543071144,0.018191546281434157,0.891837177050683,0.9002175601666427,0.008380383115959678
400,参数AFT两组,15.125200642054557,15.097913322632408,-0.02728731942214857,0.8931158671909464,0.8996864332426443,0.006570566051697924
401,参数AFT两组,15.270733012306025,15.232744783306561,-0.0379882289994633,0.8960423860119462,0.8982598380826496,0.0022174520707034517
402,参数AFT两组,15.040663456393778,15.11235955056178,0.07169609416800249,0.8934651457539287,0.8983499704535287,0.004884824699600054
403,参数AFT两组,15.027822364901,15.037988228999447,0.010165864098446775,0.8953042079865816,0.8998813114085179,0.0045771034219362905
404,参数AFT两组,15.253611556982325,15.269127875869431,0.015516318887106806,0.8901564433219301,0.8964860930918152,0.006329649769885037
405,参数AFT两组,14.919743178170128,14.951310861423208,0.03156768325307979,0.8928609143931228,0.8996006178625802,0.006739703469457403
406,参数AFT两组,15.211342964151934,15.162653825575154,-0.04868913857677981,0.8913376931861829,0.8991164487794973,0.007778755593314313
407,参数AFT两组,15.297485286249312,15.342429106474034,0.044943820224721875,0.895933914206118,0.9002784861611705,0.004344571955052445
408,树AFT三组,15.271268057784894,15.276083467094683,0.004815409309788521,0.8886911145259182,0.8976646361801481,0.008973521654229932
409,树AFT三组,15.337078651685372,15.310326377742088,-0.026752273943284166,0.8897660389773524,0.8989260289210979,0.00915998994374545
410,参数AFT两组,15.155698234349899,15.24023542001068,0.08453718566078194,0.8932797779317247,0.9001730800887483,0.006893302157023551
411,树AFT三组,15.033707865168521,15.062065275548404,0.028357410379882708,0.8872068086873538,0.8969153631747417,0.009708554487387944
412,参数AFT两组,15.149812734082378,15.093097913322616,-0.056714820759761864,0.8966015628960684,0.8993860434656312,0.0027844805695628194
413,参数AFT两组,15.226324237560172,15.189941144997306,-0.03638309256286654,0.8960248422670127,0.8977325836196042,0.0017077413525914409
414,参数AFT两组,15.226324237560174,15.11235955056178,-0.11396468699839346,0.8942874374660499,0.8987662129046796,0.004478775438629734
415,参数AFT两组,14.956661316211859,14.939004815409293,-0.0176565008025662,0.8911614726757524,0.8988004930786947,0.007639020402942287
416,参数AFT两组,15.380417335473494,15.357410379882273,-0.0230069555912209,0.8968054150152811,0.8959749199358724,-0.0008304950794086885
417,树AFT三组,15.187800963081845,15.19957196361689,0.011771000535045317,0.8871790440419508,0.8978843537697994,0.010705309727848555
418,参数AFT两组,15.360620652755465,15.385232744783288,0.024612092027822996,0.8908588579398008,0.8953106981509757,0.004451840211174951
419,参数AFT两组,15.14178705189939,15.096843231674674,-0.044943820224716546,0.8956752542095944,0.8988960059317005,0.003220751722106119
420,参数AFT两组,15.070626003210258,15.108079186730857,0.0374531835205989,0.8949231873588941,0.9000435173569319,0.005120329998037798
421,参数AFT两组,15.197431781701425,15.130016051364349,-0.0674157303370766,0.8942865954669125,0.8979142960217622,0.003627700554849733
422,参数AFT两组,14.927768860353115,14.882289994649527,-0.045478865703588056,0.891592557556325,0.8963344369199815,0.004741879363656443
423,参数AFT两组,15.13750668806847,15.185660781166382,0.048154093097911854,0.8933141546712771,0.8970360921185214,0.003721937447244361
424,参数AFT两组,15.254146602461189,15.170679507758141,-0.0834670947030478,0.8970533077944145,0.8960695256887758,-0.000983782105638653
425,参数AFT两组,15.1011235955056,15.087212413055093,-0.013911182450506487,0.8921097955802774,0.9012688218664098,0.00915902628613241
426,参数AFT两组,15.096308186195808,15.047619047619033,-0.04868913857677448,0.8950177456579615,0.8986215005589172,0.003603754900955658
427,参数AFT两组,15.290529695024059,15.201712145532351,-0.08881754949170784,0.8974653865923138,0.8976284866122114,0.0001631000198976107
428,参数AFT两组,14.892455858747981,14.925628678437652,0.03317281968967123,0.8960675405202024,0.8997046199545229,0.003637079434320456
429,参数AFT两组,15.354200107009078,15.378277153558033,0.02407704654895504,0.8924291461173735,0.8995244538505042,0.007095307733130718
430,树AFT三组,15.19689673622256,15.17335473515247,-0.023542001070090635,0.8861793265973805,0.8958267186135481,0.0096473920161676
431,参数AFT两组,15.095773140716942,15.075441412520046,-0.020331728196895327,0.8912727211897661,0.899660702011671,0.00838798082190495
432,参数AFT两组,15.099518459069003,15.064205457463867,-0.03531300160513595,0.8937368656738747,0.8968866506422487,0.0031497849683740364
433,树AFT三组,15.264847512038505,15.302300695559104,0.0374531835205989,0.8849420614549617,0.8918054933369259,0.006863431881964255
434,树AFT三组,14.878009630818603,14.85339753879078,-0.024612092027822996,0.8895540967301477,0.8964257059368866,0.0068716092067389045
435,参数AFT两组,14.945425361155682,14.860353130016035,-0.08507223113964635,0.8960194045815785,0.8970821561477957,0.0010627515662172682
436,参数AFT两组,15.3055109684323,15.27180310326376,-0.033707865168539186,0.8928562581970707,0.8963754124810059,0.003519154283935233
437,参数AFT两组,15.200107009095753,15.264847512038505,0.0647405029427528,0.8905807094901663,0.8984599917351302,0.007879282244963925
438,参数AFT两组,15.226324237560172,15.246655965757073,0.020331728196900656,0.894467521899246,0.8973282499862881,0.002860728087042075
439,参数AFT两组,15.03531300160512,15.031032637774194,-0.004280363830925893,0.8947224508244578,0.9001153698760828,0.005392919051624978
440,参数AFT两组,15.169609416800409,15.121990369181363,-0.047619047619045674,0.8922914941955205,0.8980828904673894,0.005791396271868976
441,树AFT三组,15.119850187265898,15.178170144462262,0.05831995719636396,0.8871182131290561,0.8994808079010537,0.012362594771997526
442,树AFT三组,15.106474050294254,15.081326912787569,-0.025147137506685624,0.8847146290409976,0.8953740451171017,0.0106594160761041
443,参数AFT两组,15.373996789727107,15.438202247190993,0.06420545746388662,0.8924174352244403,0.8998539168101295,0.007436481585689214
444,树AFT三组,15.012841091492756,14.953986088817532,-0.05885500267522481,0.8866946834146678,0.8990632272831287,0.012368543868460868
445,参数AFT两组,15.031567683253057,14.956126270732993,-0.07544141252006398,0.8911556539911872,0.8989100498644713,0.007754395873284081
446,参数AFT两组,15.380417335473494,15.32156233279827,-0.058855002675223034,0.8947969734093613,0.8993934420713529,0.004596468661991593
447,树AFT三组,15.322097378277135,15.33386837881218,0.011771000535045317,0.8876311012890687,0.8989884145351742,0.01135731324610545
448,参数AFT两组,15.031567683253062,15.088282504012824,0.056714820759761864,0.8928654064362067,0.9012340284080625,0.008368621971855839
449,参数AFT两组,15.165329052969485,15.118245050829302,-0.047084002140183046,0.8932010510198612,0.8999040415775559,0.0067029905576946325
450,参数AFT两组,14.910112359550546,14.866238630283556,-0.043873729266989514,0.891563032504689,0.8975456998353893,0.0059826673307002975
451,参数AFT两组,15.31621187800961,15.267522739432831,-0.04868913857677981,0.8938147416182872,0.897371097163191,0.0035563555449037443
452,树AFT三组,15.14981273408238,15.126270733012289,-0.023542001070090635,0.8894584422249076,0.8993039081178117,0.009845465892904137
453,参数AFT两组,15.308721241305491,15.250401284109131,-0.058319957196360406,0.8919201415534572,0.8925910318259498,0.0006708902724925636
454,树AFT三组,14.980738362760817,14.98073836276082,1.7763568394002505e-15,0.8894821982347296,0.9001983757315818,0.010716177496852164
455,树AFT三组,15.162653825575156,15.18298555377205,0.020331728196895327,0.889191090789423,0.8985962735739342,0.00940518278451119
456,参数AFT两组,15.093097913322616,15.099518459069003,0.006420545746387063,0.8924285901982796,0.8981836066484209,0.005755016450141315
457,参数AFT两组,15.354200107009074,15.316746923488479,-0.037453183520595346,0.8902045321052511,0.8977599263913607,0.007555394286109629
458,参数AFT两组,15.147672552166918,15.085072231139632,-0.0626003210272863,0.8946812976146424,0.8975670132298043,0.0028857156151618213
459,参数AFT两组,15.080256821829838,15.0823970037453,0.00214018191546117,0.891100406008062,0.897450031417395,0.006349625409333037
460,参数AFT两组,15.380417335473494,15.371856607811646,-0.008560727661848233,0.8911872436175161,0.8993978016079031,0.008210557990386946
461,参数AFT两组,15.150882825040112,15.086142322097357,-0.06474050294275457,0.8924352287813916,0.8994974108829276,0.007062182101535974
462,参数AFT两组,15.134831460674137,15.171749598715872,0.036918138041734494,0.8908615102841332,0.8956545201628673,0.0047930098787341
463,参数AFT两组,15.378277153558033,15.430176565008006,0.05189941144997334,0.8942204923225063,0.9004245413047844,0.00620404898227811
464,参数AFT两组,15.249331193151399,15.171749598715872,-0.07758159443552692,0.8953347421735016,0.8988363678434317,0.003501625669930064
465,树AFT三组,15.207062600321008,15.108079186730853,-0.09898341359015461,0.8890846802221478,0.8982456585144092,0.009160978292261368
466,参数AFT两组,15.09630818619581,15.06902086677366,-0.027287319422150347,0.8966230067546868,0.898441789593816,0.0018187828391292848
467,参数AFT两组,15.080256821829837,15.090957731407153,0.010700909577316509,0.8958747679250089,0.8973849294722351,0.0015101615472262742
468,参数AFT两组,15.282504012841073,15.256821829855518,-0.025682182985555357,0.8944494996667844,0.8999600977869875,0.005510598120203047
469,参数AFT两组,15.064205457463867,15.038523274478313,-0.02568218298555358,0.8976198527717442,0.8976198527717442,0.0
470,树AFT三组,15.057249866238614,15.006955591225237,-0.05029427501337658,0.8877093881860648,0.8942392277031074,0.006529839517042557
471,树AFT三组,15.18940609951844,15.171749598715872,-0.017656500802567976,0.8803494075638543,0.8962449441205478,0.015895536556693513
472,参数AFT两组,15.16211878009629,15.096308186195811,-0.06581059390047805,0.8947032040497093,0.8967457178914999,0.0020425138417906608
473,参数AFT两组,15.366506153022987,15.271268057784894,-0.09523809523809312,0.8918400125796091,0.8981667405364966,0.00632672795688749
474,树AFT三组,15.277688603531281,15.295345104333851,0.017656500802569752,0.8890508795792255,0.8974416927204063,0.008390813141180842
475,参数AFT两组,15.072766185125719,15.076511503477779,0.003745318352059712,0.8955561458032846,0.8963223747604724,0.0007662289571878089
476,参数AFT两组,15.121990369181363,15.180310326377722,0.05831995719635863,0.8947760564018672,0.9005045899831245,0.005728533581257356
477,参数AFT两组,15.165329052969485,15.153023006955573,-0.012306046013911498,0.892524604570436,0.901473216680944,0.008948612110508014
478,参数AFT两组,15.063670411985,15.03049759229533,-0.03317281968966945,0.8910269813690396,0.8993271519877751,0.008300170618735558
479,参数AFT两组,15.171749598715872,15.132691278758676,-0.039058319957195664,0.8976603781377178,0.8988503902696261,0.0011900121319082801
480,参数AFT两组,15.0840021401819,15.114499732477242,0.030497592295342102,0.8912120075188175,0.8954375045951557,0.004225497076338236
481,参数AFT两组,15.187800963081843,15.082932049224167,-0.1048689138576755,0.8924887140991516,0.8950808501000085,0.0025921360008568373
482,树AFT三组,15.174959871589065,15.286249331193135,0.11128945960406966,0.8857792364979192,0.8977691900533712,0.01198995355545196
483,参数AFT两组,15.230604601391102,15.121990369181363,-0.10861423220973876,0.8947086799643303,0.8990623481287788,0.004353668164448488
484,参数AFT两组,15.264847512038504,15.219368646334923,-0.04547886570358095,0.89177962309527,0.8984070107979202,0.006627387702650145
485,参数AFT两组,15.1011235955056,15.130016051364349,0.02889245585874889,0.8906033897252549,0.9004625850010838,0.009859195275828903
486,参数AFT两组,15.188871054039577,15.151952915997843,-0.036918138041734494,0.8941916676125854,0.8973834277364755,0.0031917601238901083
487,参数AFT两组,15.226324237560172,15.198501872659158,-0.02782236490101475,0.8900525907484107,0.8985033559481311,0.008450765199720434
488,参数AFT两组,15.138041733547336,15.121455323702497,-0.016586409844839167,0.894355000459244,0.8992988557973021,0.0049438553380580785
489,参数AFT两组,15.13750668806847,15.117710005350437,-0.0197966827180327,0.8924700523833085,0.9000154176465487,0.0075453652632402335
490,树AFT三组,15.199036918138026,15.257356875334386,0.058319957196360406,0.887762884539724,0.8982517140122525,0.010488829472528494
491,参数AFT两组,14.953451043338669,14.978063135366488,0.024612092027819443,0.8934843813648516,0.8962948741524425,0.0028104927875908237
492,参数AFT两组,15.032102728731925,15.01284109149276,-0.01926163723916474,0.8923342569152387,0.8993214496657257,0.006987192750486981
493,树AFT三组,15.221508828250384,15.184055644729783,-0.037453183520600675,0.8882864908846426,0.8986767364168533,0.010390245532210685
494,参数AFT两组,15.191546281433904,15.181915462814322,-0.00963081861958237,0.8928128264970485,0.8970917816121283,0.004278955115079808
495,树AFT三组,15.433921883360062,15.4708400214018,0.03691813804173805,0.887170303348632,0.9003031385982105,0.013132835249578534
496,树AFT三组,15.322632423755998,15.321027287319403,-0.0016051364365949894,0.8893196320693669,0.8954000200217984,0.0060803879524314874
497,参数AFT两组,15.088282504012822,15.077581594435511,-0.01070090957731118,0.8942409211596183,0.8990016984361584,0.004760777276540118
498,参数AFT两组,15.277688603531281,15.240235420010684,-0.03745318352059712,0.8921263487981173,0.8966547236264323,0.004528374828315029
499,参数AFT两组,15.043873729266972,15.044408774745838,0.0005350454788661807,0.8916508065180417,0.8977812398515594,0.006130433333517704
500,参数AFT两组,14.814874264312452,14.835205992509348,0.020331728196895327,0.89422561181339,0.8940839817469447,-0.0001416300664452974
501,树AFT三组,15.329588014981253,15.295345104333853,-0.03424291064740004,0.8872742548355491,0.897676971272804,0.010402716437254877
502,参数AFT两组,15.285179240235403,15.201712145532355,-0.0834670947030478,0.8948526449282334,0.8973838580598958,0.002531213131662491
503,树AFT三组,15.255751738897787,15.236490101658624,-0.019261637239162965,0.8874101467663452,0.895926378754064,0.008516231987718781
504,树AFT三组,14.942215088282486,14.980203317281953,0.037988228999466855,0.8861945657453287,0.896384964670645,0.010190398925316257
505,参数AFT两组,15.106474050294254,15.125735687533423,0.019261637239168294,0.8912764097874373,0.9004812869243474,0.009204877136910095
506,参数AFT两组,15.311396468699822,15.390583199571944,0.07918673087212191,0.8926065883865612,0.900693160231257,0.008086571844695856
507,树AFT三组,15.057784911717478,15.046548956661297,-0.011235955056180913,0.8894708111877184,0.8976058054622228,0.00813499427450437
508,参数AFT两组,15.112894596040645,15.138041733547333,0.0251471375066874,0.8922160581185039,0.8983255778638574,0.006109519745353453
509,参数AFT两组,14.878009630818603,14.866773675762424,-0.011235955056179137,0.8955774887957021,0.8969435405560979,0.0013660517603958366
510,参数AFT两组,15.155698234349902,15.08346709470303,-0.07223113964687222,0.895337609410354,0.8966449273785315,0.0013073179681775127
511,参数AFT两组,15.350454788657018,15.408239700374512,0.057784911717494225,0.8965857304109682,0.9002427293659108,0.0036569989549425364
512,树AFT三组,15.350454788657018,15.385767790262152,0.035313001605134176,0.8853808029551286,0.897026619878678,0.01164581692354949
513,树AFT三组,15.039058319957178,14.999999999999982,-0.039058319957195664,0.8879410399101134,0.8980438659058328,0.010102825995719433
514,参数AFT两组,15.545746388443,15.565008025682163,0.019261637239162965,0.8911078922599427,0.8990891327454086,0.00798124048546589
515,参数AFT两组,15.252006420545728,15.259497057249849,0.007490636704121201,0.8960816993680607,0.8984775956436093,0.0023958962755485924
516,参数AFT两组,15.46548956661314,15.406634563937917,-0.058855002675223034,0.8922076438588079,0.8982949977432979,0.006087353884489999
517,参数AFT两组,15.208667736757606,15.229534510433371,0.02086677367576506,0.8954388226344492,0.9001877657666815,0.004748943132232286
518,参数AFT两组,15.187800963081841,15.210807918673067,0.02300695559122623,0.895023061099216,0.9001796344168997,0.00515657331768371
519,树AFT三组,14.849117174959856,14.828250401284093,-0.020866773675763284,0.8893710530234499,0.8987495852393104,0.009378532215860491
520,树AFT三组,15.248261102193668,15.199036918138022,-0.04922418405564599,0.8899115768168232,0.8981426741252321,0.008231097308408875
521,参数AFT两组,15.264847512038504,15.219368646334921,-0.04547886570358273,0.8915499339070072,0.8982543644087609,0.006704430501753733
522,参数AFT两组,15.014981273408225,15.035313001605118,0.02033172819689355,0.8928810268320564,0.8997055275570957,0.006824500725039262
523,参数AFT两组,15.196896736222559,15.222578919208113,0.02568218298555358,0.8948811827960245,0.901003632945852,0.006122450149827485
524,树AFT三组,15.120385232744763,15.123060460139094,0.0026752273943309035,0.8894560485653196,0.898269229991924,0.008813181426604477
525,参数AFT两组,15.075976457998912,15.040128410914908,-0.03584804708400391,0.8948167417928294,0.8987457790392201,0.00392903724639071
526,参数AFT两组,14.98073836276082,14.959336543606188,-0.02140181915463124,0.8980966906349032,0.8995443948200333,0.001447704185130183
527,参数AFT两组,15.280898876404473,15.356875334403405,0.07597645799893193,0.8907019038598897,0.8985441694569845,0.007842265597094777
528,树AFT三组,15.447833065810569,15.410379882289977,-0.03745318352059179,0.8887419188773384,0.8979655838674137,0.009223664990075209
529,参数AFT两组,15.146602461209184,15.157838416265365,0.011235955056180913,0.8919183659338159,0.900320564109039,0.008402198175223141
530,参数AFT两组,14.990369181380402,14.95826645264846,-0.03210272873194242,0.8911212685207518,0.8988319502873908,0.007710681766639027
531,树AFT三组,15.3055109684323,15.378277153558033,0.07276618512573307,0.8893721090429167,0.8992839348012058,0.009911825758289083
532,参数AFT两组,15.136436597110738,15.129481005885483,-0.00695559122525502,0.8946507524477815,0.8987686975054697,0.004117945057688255
533,树AFT三组,15.07597645799891,15.084537185660764,0.008560727661853562,0.8855571095225657,0.8983739298887453,0.012816820366179593
534,参数AFT两组,15.160513643659693,15.103263777421063,-0.05724986623862982,0.8943259071498042,0.8949551648110179,0.0006292576612136891
535,参数AFT两组,15.200107009095753,15.187265917602977,-0.012841091492775902,0.8920252597573837,0.8955287281944627,0.003503468437079049
536,参数AFT两组,15.117710005350439,15.132691278758676,0.014981273408237072,0.8901320583938804,0.8998173732418454,0.009685314847964976
537,参数AFT两组,15.109149277688585,15.075976457998914,-0.03317281968967123,0.8940400348492766,0.8995697922019593,0.005529757352682685
538,参数AFT两组,15.183520599250917,15.221508828250384,0.037988228999466855,0.8934222116324844,0.9004002954589205,0.0069780838264361655
539,参数AFT两组,15.187800963081841,15.187800963081845,3.552713678800501e-15,0.8944321933565788,0.9008769785042912,0.006444785147712406
540,参数AFT两组,15.308721241305491,15.321027287319403,0.012306046013911498,0.8934242553119885,0.9013541988825233,0.007929943570534781
541,参数AFT两组,15.110219368646316,15.080791867308704,-0.029427501337611517,0.8900219387091637,0.8992586616239082,0.009236722914744533
542,参数AFT两组,15.162653825575157,15.240770465489549,0.07811663991439133,0.8934203060970323,0.8986179754763293,0.005197669379296999
543,参数AFT两组,15.280363830925609,15.247191011235936,-0.033172819689673005,0.8929272990109935,0.8970755790492525,0.004148280038258956
544,参数AFT两组,15.16211878009629,15.235420010700894,0.07330123060460458,0.8932666286119548,0.8993422426804544,0.006075614068499546
545,参数AFT两组,14.897806313536636,14.935259497057238,0.03745318352060245,0.8979276436838911,0.8996396218649481,0.00171197818105695
546,参数AFT两组,15.213483146067395,15.210807918673067,-0.002675227394327351,0.8956031453642657,0.8991048779344798,0.0035017325702141333
547,参数AFT两组,15.083467094703032,15.075441412520046,-0.008025682182985605,0.8909316114514215,0.8966522573286765,0.0057206458772549595
548,树AFT三组,15.199036918138024,15.189406099518441,-0.00963081861958237,0.8873041324471052,0.8997462057676505,0.012442073320545366
549,参数AFT两组,14.856072766185113,14.85500267522738,-0.0010700909577323614,0.8949837397854584,0.8983488377652533,0.0033650979797948954
550,参数AFT两组,15.237560192616353,15.263777421080771,0.026217228464417985,0.8928064069308738,0.897200588859699,0.004394181928825236
551,参数AFT两组,15.271268057784896,15.257356875334384,-0.013911182450511816,0.8927138175893118,0.8973666817662609,0.004652864176949101
552,参数AFT两组,14.982343499197412,14.950240770465472,-0.032102728731940644,0.8922206658025312,0.8987382382959238,0.006517572493392576
553,参数AFT两组,15.291064740502923,15.33761369716424,0.046548956661316865,0.8911346222713584,0.8960394254648638,0.0049048031935053915
554,参数AFT两组,15.064205457463869,15.07972177635097,0.015516318887101477,0.8910571918449345,0.8991465072865635,0.008089315441629052
555,参数AFT两组,15.31621187800961,15.258962011770983,-0.057249866238628044,0.8931397716998853,0.899748305881932,0.006608534182046655
556,参数AFT两组,14.929373996789709,14.947565543071144,0.018191546281435933,0.8948937829897068,0.8974959190019299,0.002602136012223144
557,参数AFT两组,15.369181380417318,15.383092562867821,0.013911182450502935,0.897084410541606,0.8977631769937291,0.0006787664521230585
558,参数AFT两组,14.980738362760817,14.980203317281951,-0.0005350454788661807,0.892232041228096,0.90121614859149,0.008984107363394056
559,参数AFT两组,15.264847512038505,15.289994649545193,0.0251471375066874,0.8953855575013568,0.899155993492089,0.003770435990732124
560,参数AFT两组,15.252006420545726,15.299090422685909,0.047084002140183046,0.895143267535256,0.8993698141811037,0.004226546645847762
561,参数AFT两组,15.099518459069003,15.078116639914374,-0.021401819154629464,0.8961683448127095,0.8971202451057014,0.0009519002929919695
562,树AFT三组,15.335473515248776,15.258426966292117,-0.07704654895665897,0.8884999583576477,0.8999290707915598,0.011429112433912092
563,参数AFT两组,15.078651685393242,15.125200642054555,0.04654895666131331,0.892799138752882,0.8964968692338222,0.0036977304809402423
564,参数AFT两组,15.403424291064722,15.391118245050809,-0.012306046013913274,0.8906050472181697,0.8981542816392926,0.007549234421122875
565,树AFT三组,15.111289459604048,15.18566078116638,0.07437132156233162,0.8839465707158612,0.8966487541137323,0.012702183397871103
566,树AFT三组,15.222578919208113,15.181915462814322,-0.04066345639379065,0.8878256877894118,0.8986308416525552,0.010805153863143402
567,参数AFT两组,15.22043873729265,15.187800963081845,-0.03263777421080505,0.894242836488816,0.8983603854036599,0.004117548914843949
568,树AFT三组,15.504547886570336,15.447833065810576,-0.05671482075976009,0.884956453754693,0.8968387997370721,0.011882345982379139
569,参数AFT两组,15.006955591225237,14.998929909042252,-0.008025682182985605,0.8926219400016788,0.9005722967227161,0.007950356721037277
570,参数AFT两组,15.026752273943266,14.983948635634016,-0.04280363830925005,0.893132975763747,0.8973724145043622,0.004239438740615276
571,参数AFT两组,15.01284109149276,15.064205457463867,0.05136436597110716,0.8904792772743713,0.8984395857493449,0.007960308474973643
572,参数AFT两组,15.106474050294254,15.095238095238079,-0.011235955056175584,0.8908686013575912,0.8973013182141765,0.006432716856585308
573,树AFT三组,15.051364365971091,15.046548956661299,-0.004815409309792074,0.8889374580351425,0.9001473641026397,0.011209906067497277
574,树AFT三组,15.097913322632404,15.173889780631336,0.07597645799893193,0.8862927426221429,0.901372195607569,0.015079452985426123
575,参数AFT两组,15.32637774210806,15.352594970572484,0.02621722846442509,0.8913034953654279,0.9005169327383263,0.00921343737289848
576,参数AFT两组,15.28036383092561,15.217228464419458,-0.06313536650615248,0.8913082785426231,0.8918033402378283,0.0004950616952051901
577,树AFT三组,15.099518459069003,15.097378277153542,-0.00214018191546117,0.8880636941357747,0.8993476570639419,0.011283962928167246
578,树AFT三组,15.019796682718015,15.102728731942197,0.08293204922418163,0.888854313818945,0.8982013635919173,0.009347049772972293
579,树AFT三组,15.31621187800961,15.301230604601374,-0.014981273408237072,0.8892280780947425,0.8982596015817432,0.009031523487000759
580,参数AFT两组,15.213483146067396,15.199036918138024,-0.014446227929372668,0.8928697083455229,0.8970825410509707,0.004212832705447811
581,参数AFT两组,15.124130551096828,15.15355805243444,0.029427501337611517,0.8929924886464996,0.899203495244102,0.006211006597602431
582,参数AFT两组,15.163723916532886,15.126270733012287,-0.0374531835205989,0.8914472644562513,0.8992090618696769,0.007761797413425531
583,树AFT三组,15.166934189406078,15.090422685928285,-0.07651150347779279,0.8855505565715881,0.899837926947167,0.014287370375578923
584,参数AFT两组,15.154628143392173,15.152487961476709,-0.002140181915464723,0.897752379485837,0.8988903124968869,0.0011379330110499186
585,参数AFT两组,14.948635634028875,15.010700909577297,0.062065275548421894,0.8935264731974198,0.9003570524642719,0.006830579266852044
586,参数AFT两组,15.213483146067395,15.14339218833599,-0.07009095773140395,0.8901749049317376,0.8999755768695034,0.009800671937765792
587,参数AFT两组,15.149277688603512,15.16318887105402,0.013911182450508264,0.8906073978016003,0.8986984769793184,0.008091079177718119
588,参数AFT两组,15.336543606206506,15.323167469234866,-0.013376136971640307,0.891168268343188,0.9004094923346677,0.009241223991479752
589,参数AFT两组,15.093097913322614,15.094703049759215,0.0016051364366003185,0.8901399317179608,0.8986457102008525,0.00850577848289169
590,参数AFT两组,15.057249866238612,15.036383092562849,-0.020866773675763284,0.8928130346091647,0.9000599925935291,0.007246957984364366
591,参数AFT两组,15.308186195826625,15.285179240235403,-0.023006955591222678,0.8990183476573795,0.8985164813503513,-0.0005018663070281981
592,参数AFT两组,15.179775280898859,15.144462279293723,-0.03531300160513595,0.8927049114598158,0.8960406820117247,0.003335770551908923
593,参数AFT两组,15.080256821829838,15.069020866773661,-0.01123595505617736,0.8937238889221168,0.8981708281317318,0.00444693920961492
594,树AFT三组,15.313536650615283,15.336008560727645,0.022471910112361826,0.8827682580954739,0.8985974839436899,0.015829225848216
595,参数AFT两组,15.20064205457462,15.181915462814324,-0.018726591760296785,0.895005757135279,0.8988109969122848,0.0038052397770058644
596,参数AFT两组,15.252006420545728,15.30658105939003,0.05457463884430247,0.8917134260625463,0.9003890992135638,0.008675673151017471
597,参数AFT两组,15.040663456393776,15.01284109149276,-0.027822364901016527,0.8946704246541262,0.8993389587934244,0.004668534139298242
598,参数AFT两组,15.17335473515247,15.169074371321546,-0.0042803638309241165,0.8945981231707248,0.8996120543623657,0.005013931191640841
599,参数AFT两组,15.170679507758141,15.201177100053487,0.030497592295345655,0.8933630968176349,0.8995720871833706,0.006208990365735634
600,参数AFT两组,15.23916532905295,15.184590690208651,-0.05457463884429892,0.8932393840328527,0.8986252446482004,0.005385860615347626
601,参数AFT两组,15.032102728731925,15.046013911182433,0.013911182450508264,0.8966438161125011,0.8958774497487232,-0.000766366363777915
602,参数AFT两组,15.317817014446208,15.265382557517373,-0.052434456928834194,0.8910805831095284,0.8991721684294852,0.008091585319956796
603,参数AFT两组,15.0840021401819,15.136436597110738,0.05243445692883775,0.8904944460555942,0.8990874942938767,0.008593048238282441
604,参数AFT两组,15.008025682182968,14.963081861958251,-0.044943820224716546,0.8962335942266216,0.900448286150631,0.004214691924009362
605,参数AFT两组,15.050829320492227,15.049224184055626,-0.0016051364366003185,0.897082421041104,0.9002834653891243,0.0032010443480202655
606,参数AFT两组,15.026752273943266,14.96682718031031,-0.05992509363295717,0.8933871836447287,0.8985305941589159,0.005143410514187208
607,参数AFT两组,15.07597645799891,15.090422685928287,0.01444622792937622,0.8909273882162565,0.8963626626186646,0.005435274402408097
608,参数AFT两组,14.967897271268042,14.930444087747443,-0.0374531835205989,0.8932288045926612,0.9000951970754026,0.006866392482741457
609,参数AFT两组,15.264847512038504,15.2306046013911,-0.03424291064740359,0.8925870935668113,0.8995363053920093,0.006949211825198032
610,参数AFT两组,15.110219368646318,15.16104868913856,0.05082932049224276,0.8903391455511885,0.8972408685223178,0.006901722971129232
611,参数AFT两组,15.347244515783819,15.29534510433385,-0.05189941144996979,0.895871349057948,0.8987786868491519,0.00290733779120389
612,参数AFT两组,14.970037453183503,14.94703049759228,-0.023006955591222678,0.8929734593563954,0.8952041386420688,0.0022306792856734425
613,参数AFT两组,15.173354735152468,15.19208132691277,0.018726591760302114,0.8933215881865391,0.898948843929823,0.005627255743283932
614,参数AFT两组,15.146602461209184,15.186195826645246,0.039593365436061845,0.8909031587104355,0.9000301988935022,0.009127040183066759
615,参数AFT两组,15.14927768860351,15.20438737292668,0.05510968432317043,0.893768639307239,0.8990094860147071,0.00524084670746805
616,参数AFT两组,15.200642054574617,15.217228464419458,0.016586409844840944,0.8929087434656651,0.8935694680426197,0.0006607245769546521
617,参数AFT两组,14.993579454253593,15.046013911182433,0.052434456928839523,0.8922043158288664,0.8986668252675035,0.006462509438637132
618,树AFT三组,15.126805778491153,15.170144462279277,0.04333868378812333,0.8893780867356488,0.8982001960292343,0.008822109293585512
619,参数AFT两组,15.302835741037969,15.322097378277135,0.019261637239166518,0.8916279405700944,0.8989428058438907,0.007314865273796323
620,参数AFT两组,15.030497592295328,15.060995184590674,0.030497592295345655,0.89613529129674,0.8991183935413789,0.0029831022446389355
621,参数AFT两组,15.26056714820758,15.212413055109666,-0.04815409309791363,0.8927238745149949,0.8998643682150271,0.007140493700032224
622,参数AFT两组,15.062600321027269,15.077581594435511,0.014981273408242402,0.890867815946481,0.8983911666157278,0.007523350669246809
623,参数AFT两组,15.322632423756,15.287319422150862,-0.03531300160513773,0.8927881964115173,0.8984308879414191,0.005642691529901822
624,参数AFT两组,15.157838416265367,15.145532370251452,-0.01230604601391505,0.8941275583072024,0.8967181566910932,0.002590598383890863
625,参数AFT两组,15.03370786516852,15.060995184590674,0.0272873194221539,0.8901981559955287,0.8991410605244584,0.008942904528929763
626,参数AFT两组,15.03049759229533,15.013376136971624,-0.017121455323705348,0.8971558632560659,0.8993062580546759,0.0021503947986100114
627,树AFT三组,15.101123595505602,15.111289459604048,0.010165864098446775,0.8818260612217012,0.8989694420268878,0.017143380805186625
628,参数AFT两组,15.342964151952895,15.279828785446748,-0.06313536650614715,0.8947864756169207,0.8992666697810383,0.004480194164117601
629,参数AFT两组,15.264847512038504,15.191011235955036,-0.07383627608346721,0.8900107618310722,0.8958711340349789,0.005860372203906672
630,树AFT三组,15.179775280898857,15.180310326377723,0.0005350454788661807,0.889942150287619,0.8981725911941064,0.00823044090648739
631,树AFT三组,15.065810593900464,15.064740502942737,-0.0010700909577270323,0.8890377226519366,0.9005677320831722,0.01153000943123561
632,树AFT三组,15.222578919208114,15.289994649545193,0.06741573033707837,0.8851183078405829,0.897719229490955,0.012600921650372077
633,树AFT三组,15.224719101123576,15.234884965222026,0.010165864098450328,0.8888490856596563,0.8995864213620239,0.010737335702367679
634,参数AFT两组,15.117710005350439,15.144997324772588,0.02728731942214857,0.8927157755269187,0.8959740404227045,0.003258264895785734
635,参数AFT两组,15.039593365436044,15.053504547886554,0.01391118245051004,0.8900171190756769,0.9005488532952043,0.010531734219527356
636,参数AFT两组,15.46548956661314,15.444087747458513,-0.021401819154627688,0.8943630138769569,0.9008017571695709,0.006438743292613958
637,树AFT三组,15.141787051899392,15.09149277688602,-0.050294275013373024,0.8870860093622432,0.8982205454105758,0.011134536048332588
638,参数AFT两组,14.993579454253593,15.058855002675212,0.06527554842161898,0.892498248573019,0.896959034974949,0.004460786401930039
639,树AFT三组,15.063670411985,15.071696094167987,0.008025682182987381,0.8884536478250205,0.9000263796612973,0.011572731836276828
640,参数AFT两组,14.834670947030483,14.824505082932031,-0.010165864098452104,0.8950414462587513,0.8966999094987893,0.001658463240038044
641,参数AFT两组,15.244515783841608,15.292134831460658,0.047619047619049226,0.8914155050707817,0.8994461234105205,0.008030618339738838
642,参数AFT两组,15.329052969502388,15.303905831995703,-0.025147137506685624,0.8958057749486701,0.8985244054716408,0.002718630522970722
643,参数AFT两组,15.110754414125184,15.09416800428035,-0.016586409844833838,0.8951318797743492,0.8982202469328634,0.003088367158514238
644,参数AFT两组,15.093097913322612,15.048154093097898,-0.04494382022471477,0.8931889774037584,0.8965987723331871,0.003409794929428722
645,参数AFT两组,15.294810058854981,15.19047619047617,-0.10433386837881109,0.8910944265913608,0.8970269853394718,0.005932558748110939
646,树AFT三组,15.123595505617958,15.170679507758141,0.047084002140183046,0.8888456502556312,0.8994705824899688,0.01062493223433758
647,参数AFT两组,14.997859818084521,14.937399678972694,-0.060460139111826905,0.8945963470439972,0.8962647363040895,0.0016683892600923844
648,参数AFT两组,15.169609416800407,15.144462279293725,-0.02514713750668207,0.897105863617285,0.8991416355562497,0.002035771938964759
649,参数AFT两组,15.006955591225237,15.064740502942733,0.057784911717496,0.8905444113124464,0.899348099406807,0.008803688094360607
650,树AFT三组,15.161583734617423,15.169074371321544,0.007490636704121201,0.8897130596457684,0.8984442518786112,0.0087311922328428
651,参数AFT两组,15.440342429106453,15.388443017656483,-0.05189941144996979,0.8902743592302359,0.8986624722439018,0.008388113013665932
652,参数AFT两组,14.942215088282486,14.897271268057768,-0.04494382022471832,0.8927671474865309,0.8965694683973434,0.003802320910812562
653,参数AFT两组,15.433921883360066,15.386302835741017,-0.047619047619049226,0.8911120374945567,0.8986740768925404,0.007562039397983722
654,参数AFT两组,15.302835741037969,15.260032102728715,-0.0428036383092536,0.8905789191332818,0.8997585409347691,0.009179621801487348
655,参数AFT两组,15.297485286249312,15.255216693418925,-0.04226859283038742,0.8920259264281386,0.8975108118610772,0.005484885432938569
656,树AFT三组,15.215088282503993,15.161583734617427,-0.053504547886566556,0.8883888792749454,0.8981858502741649,0.009796970999219501
657,树AFT三组,15.375066880684837,15.299090422685909,-0.07597645799892838,0.8878159701737037,0.8982935825741671,0.01047761240046341
658,参数AFT两组,15.307116104868895,15.30765115034776,0.0005350454788661807,0.8909136208894501,0.9015776924028861,0.010664071513435958
659,参数AFT两组,15.343499197431763,15.346709470304958,0.003210272873195308,0.89281555589451,0.8991265548270702,0.006310998932560152
660,参数AFT两组,14.919208132691265,14.995184590690188,0.07597645799892305,0.8925038450275505,0.8996978734247245,0.007194028397173979
661,参数AFT两组,15.123595505617958,15.168004280363816,0.04440877474585747,0.893605588072748,0.9012620102417357,0.007656422168987653
662,参数AFT两组,15.04387372926697,14.999464954521116,-0.04440877474585392,0.8933451712909093,0.897307320915781,0.003962149624871736
663,树AFT三组,15.01658640984482,14.912787586944873,-0.10379882289994669,0.887054982439561,0.898680515032375,0.011625532592813959
664,参数AFT两组,15.342964151952899,15.310326377742088,-0.03263777421081038,0.8946526800887966,0.8957636251168716,0.001110945028074961
665,参数AFT两组,15.199036918138024,15.194221508828234,-0.004815409309790297,0.8933817218993556,0.896884465342567,0.0035027434432114424
666,参数AFT两组,14.945425361155682,14.960941680042788,0.015516318887106806,0.8923078001882545,0.8999049022312869,0.007597102043032433
667,树AFT三组,15.132691278758674,15.09737827715354,-0.035313001605134176,0.8856204787056161,0.9002990139540354,0.014678535248419333
668,参数AFT两组,15.02300695559121,15.056179775280881,0.03317281968967123,0.8924648409002299,0.8982716567611416,0.005806815860911696
669,参数AFT两组,15.01284109149276,15.025147137506673,0.012306046013913274,0.8914806367889325,0.8973856832272216,0.005905046438289041
670,树AFT三组,15.01284109149276,15.076511503477779,0.06367041198501866,0.8889901221613509,0.9004846590252427,0.011494536863891791
671,参数AFT两组,15.253076511503457,15.221508828250384,-0.03156768325307269,0.8940040826111103,0.900619051022622,0.006614968411511657
672,树AFT三组,15.245585874799339,15.258962011770981,0.013376136971642083,0.8872282070209152,0.8959420106493324,0.008713803628417227
673,参数AFT两组,15.350454788657014,15.42001070090956,0.06955591225254487,0.8921863808959257,0.8987096073480553,0.006523226452129549
674,参数AFT两组,15.070626003210258,15.088282504012824,0.0176565008025662,0.8926862225635113,0.8987785932819025,0.0060923707183911935
675,参数AFT两组,15.065810593900464,15.13215623327981,0.06634563937934601,0.8947949543592288,0.8997425987361723,0.004947644376943505
676,参数AFT两组,15.089352594970556,15.074371321562317,-0.014981273408238849,0.8934596964881721,0.8985427532321688,0.005083056743996672
677,参数AFT两组,15.526484751203832,15.457463884430158,-0.06902086677367336,0.8917875447835124,0.8997521897571483,0.007964644973635915
678,树AFT三组,15.291064740502923,15.25575173889779,-0.035313001605134176,0.888077882957489,0.8988378348611824,0.010759951903693388
679,树AFT三组,15.112894596040645,15.088282504012826,-0.024612092027819443,0.8873969483574069,0.8960936952908048,0.008696746933397947
680,参数AFT两组,15.289459604066327,15.248796147672538,-0.04066345639378888,0.8955741983686191,0.8997527622176014,0.004178563848982297
681,参数AFT两组,15.347244515783823,15.291064740502923,-0.056179775280899236,0.8912369710526479,0.8980720867443434,0.006835115691695481
682,参数AFT两组,15.18940609951844,15.108614232209721,-0.08079186730871868,0.8900716380889148,0.8997592741837289,0.009687636094814156
683,树AFT三组,15.270733012306026,15.156768325307631,-0.11396468699839524,0.8898492917433545,0.8988019808057425,0.008952689062387997
684,树AFT三组,14.98287854467628,15.025147137506671,0.04226859283039097,0.8895340869792855,0.8971415364554634,0.007607449476177863
685,参数AFT两组,15.213483146067395,15.19208132691277,-0.021401819154624135,0.8957595191949478,0.8963606185907154,0.0006010993957675792
686,树AFT三组,15.218833600856053,15.161583734617425,-0.057249866238628044,0.886900531717321,0.8987754924374701,0.011874960720149152
687,参数AFT两组,15.121990369181363,15.078651685393242,-0.04333868378812156,0.8928042374261768,0.8993899172561233,0.006585679829946511
688,参数AFT两组,15.423220973782751,15.356340288924537,-0.06688068485821397,0.8945866684437084,0.9005170916166229,0.0059304231729144785
689,树AFT三组,15.124665596575692,15.15944355270196,0.034777956126267995,0.8877275986265275,0.8975453219347153,0.009817723308187754
690,树AFT三组,15.208667736757606,15.232744783306563,0.024077046548956815,0.889562449100578,0.8960597389800542,0.006497289879476176
691,参数AFT两组,15.162118780096288,15.160513643659694,-0.001605136436593213,0.8911992908216048,0.8998180354419615,0.008618744620356722
692,参数AFT两组,15.166934189406081,15.162118780096293,-0.004815409309788521,0.8900709074612707,0.8979752606171867,0.007904353155915977
693,树AFT三组,15.026752273943268,15.019261637239147,-0.007490636704121201,0.8828135023947732,0.8958998685929287,0.013086366198155508
694,参数AFT两组,15.138041733547336,15.099518459069003,-0.038523274478333036,0.8933774995118816,0.9000218636798125,0.006644364167930905
695,参数AFT两组,15.017121455323686,15.01765650080255,0.0005350454788644043,0.8905818916644143,0.8981276062865543,0.007545714622140043
696,参数AFT两组,15.207062600321008,15.182985553772053,-0.02407704654895504,0.8928872095300868,0.89834149103301,0.005454281502923153
697,树AFT三组,15.242375601926145,15.182985553772053,-0.05939004815409277,0.8878591690377566,0.8988835100261711,0.011024340988414427
698,参数AFT两组,15.237560192616355,15.27180310326376,0.03424291064740537,0.8900231510018289,0.8981472909230883,0.008124139921259377
699,参数AFT两组,15.141787051899392,15.12092027822363,-0.020866773675761507,0.8901324574380588,0.8962767562637892,0.006144298825730421
700,参数AFT两组,15.174959871589069,15.192616372391637,0.017656500802567976,0.8912971589461188,0.8995603135330477,0.008263154586928834
701,树AFT三组,14.934189406099502,14.962546816479383,0.028357410379880932,0.8877965885314376,0.8958334884056092,0.008036899874171555
702,参数AFT两组,15.042268592830373,15.01658640984482,-0.02568218298555358,0.8932855309074408,0.8977713246635856,0.004485793756144774
703,参数AFT两组,15.078651685393242,15.157303370786499,0.07865168539325751,0.894106253670061,0.8996734252563949,0.005567171586333908
704,树AFT三组,15.23916532905295,15.224184055644711,-0.014981273408238849,0.8899272148034327,0.8986329697584087,0.008705754954975942
705,参数AFT两组,14.981273408239684,14.975922953451025,-0.005350454788658254,0.8965693587783973,0.8975382814377989,0.0009689226594016276
706,参数AFT两组,15.165329052969485,15.228999464954502,0.06367041198501688,0.892159491155525,0.8976383100292331,0.005478818873708158
707,参数AFT两组,15.046548956661296,14.937934724451562,-0.10861423220973343,0.8950691269886668,0.8959066877593006,0.000837560770633794
708,参数AFT两组,15.110219368646316,15.118245050829305,0.008025682182989158,0.8934037453682638,0.8967551661838528,0.0033514208155889236
709,参数AFT两组,14.953451043338669,14.958266452648457,0.004815409309788521,0.896099699050151,0.8973196715608563,0.0012199725107053805
710,树AFT三组,14.941144997324757,14.955591225254128,0.014446227929370892,0.8888098391417013,0.897569562165351,0.00875972302364969
711,树AFT三组,15.249331193151399,15.202782236490084,-0.04654895666131509,0.887354060886186,0.8962816510202348,0.008927590134048868
712,参数AFT两组,15.34189406099517,15.362225789192063,0.02033172819689355,0.8911546303377709,0.8994953960275369,0.00834076568976605
713,参数AFT两组,15.183520599250919,15.152487961476709,-0.03103263777421006,0.8911463257975152,0.8939871996828113,0.00284087388529608
714,参数AFT两组,15.165329052969485,15.219903691813787,0.05457463884430247,0.8948417086526093,0.9003162141540868,0.0054745055014775446
715,参数AFT两组,15.112894596040645,15.168004280363812,0.055109684323166874,0.8911276483071151,0.9006653071600615,0.00953765885294644
716,树AFT三组,15.226859283039037,15.240235420010682,0.013376136971645636,0.8884488207735091,0.8975148625707646,0.009066041797255564
717,树AFT三组,15.219903691813785,15.219903691813787,1.7763568394002505e-15,0.8851612897164604,0.8991417112421459,0.013980421525685571
718,树AFT三组,15.087747458533958,15.100588550026734,0.012841091492775902,0.8824171203950945,0.8929073778690777,0.010490257473983244
719,参数AFT两组,14.994649545211326,15.05296950240769,0.05831995719636396,0.8963072975588725,0.8994559315299628,0.003148633971090331
720,参数AFT两组,15.054574638844286,15.075441412520048,0.020866773675761507,0.896007285428892,0.8993881355565312,0.0033808501276392233
721,树AFT三组,15.097378277153542,15.161583734617425,0.06420545746388306,0.8889978172041517,0.8980924732116661,0.009094656007514357
722,树AFT三组,15.451578384162634,15.427501337613675,-0.02407704654895859,0.888634883483057,0.8994398294135082,0.010804945930451226
723,参数AFT两组,15.211342964151934,15.193686463349366,-0.017656500802567976,0.89206170724481,0.8981339286637705,0.006072221418960466
724,参数AFT两组,15.20064205457462,15.218298555377189,0.017656500802567976,0.8922139143836154,0.899668356738821,0.007454442355205537
725,参数AFT两组,15.148207597645783,15.107544141251989,-0.040663456393794206,0.8931374738260462,0.8994839351616959,0.006346461335649645
726,参数AFT两组,15.193686463349367,15.294810058854985,0.10112359550561756,0.8913014325607693,0.8999675140344964,0.00866608147372705
727,树AFT三组,15.222578919208116,15.280898876404477,0.058319957196360406,0.8850372411604038,0.8975383557210174,0.012501114560613535
728,参数AFT两组,15.019261637239147,15.023006955591207,0.003745318352059712,0.8922517429876923,0.89905790520775,0.006806162220057699
729,树AFT三组,14.936329588014962,14.884965222043858,-0.05136436597110361,0.8897541098054524,0.9010072685546906,0.011253158749238157
730,参数AFT两组,15.174959871589067,15.187265917602979,0.012306046013911498,0.8919439964449897,0.8982483362817711,0.00630433983678147
731,参数AFT两组,15.332798287854448,15.329588014981256,-0.003210272873191755,0.8949214342316252,0.8968131991832946,0.001891764951669428
732,参数AFT两组,15.136436597110736,15.115569823434976,-0.02086677367575973,0.8933308893701276,0.8979917667679826,0.004660877397855034
733,参数AFT两组,15.320492241840537,15.263777421080773,-0.05671482075976364,0.8911095435452469,0.9002498757586469,0.009140332213400049
734,参数AFT两组,15.072231139646853,15.008560727661836,-0.06367041198501688,0.8954758977781554,0.8998938764784912,0.0044179787003357784
735,参数AFT两组,15.03049759229533,15.020866773675746,-0.009630818619584147,0.8916789774662142,0.8970211430578889,0.0053421655916747746
736,参数AFT两组,15.390048154093076,15.38255751738896,-0.007490636704115872,0.8931708018224831,0.9000768781985503,0.006906076376067216
737,参数AFT两组,15.307116104868893,15.32905296950239,0.02193686463349742,0.8920174834793041,0.8998596287237162,0.007842145244412069
738,树AFT三组,15.093097913322616,15.024612092027805,-0.06848582129481073,0.8879902057086754,0.898047470844725,0.010057265136049653
739,树AFT三组,15.093097913322614,15.033707865168523,-0.05939004815409099,0.8878126317566383,0.8989970944333155,0.011184462676677276
740,参数AFT两组,15.266987693953965,15.189941144997308,-0.07704654895665719,0.8912366275604379,0.8955717423879865,0.0043351148275486695
741,参数AFT两组,14.959871589085054,15.031032637774192,0.07116104868913808,0.8926280700578982,0.8987830657592455,0.0061549957013472545
742,树AFT三组,14.928303905831976,14.823434991974302,-0.10486891385767372,0.8924691910637098,0.8983607345733312,0.0058915435096214
743,参数AFT两组,15.24826110219367,15.252541466024596,0.004280363830925893,0.8924631391680342,0.8999323704249028,0.0074692312568686026
744,参数AFT两组,15.199036918138024,15.207597645799877,0.008560727661853562,0.8902492280761585,0.8987904227952492,0.008541194719090761
745,树AFT三组,15.006955591225237,15.057249866238614,0.05029427501337658,0.8855129928673819,0.8963170677892789,0.010804074921896945
746,参数AFT两组,15.240235420010679,15.283574103798804,0.04333868378812511,0.8911805823764407,0.8951512066002482,0.003970624223807451
747,参数AFT两组,15.23916532905295,15.205457463884413,-0.03370786516853741,0.8926565893936833,0.8983658661096198,0.005709276715936462
748,参数AFT两组,15.350454788657018,15.357945425361137,0.007490636704119424,0.8922291347522813,0.8992257078769385,0.006996573124657179
749,树AFT三组,14.943285179240219,14.915462814339202,-0.027822364901016527,0.8897251053290264,0.8998254057361859,0.01010030040715948
750,参数AFT两组,15.07972177635097,15.004815409309774,-0.07490636704119602,0.8924060979223333,0.8988045046526552,0.006398406730321882
751,参数AFT两组,14.921348314606728,14.876939539860873,-0.044408774745855695,0.8935096804861676,0.895541021564865,0.0020313410786974018
752,参数AFT两组,15.137506688068468,15.165329052969486,0.027822364901018304,0.892016149829055,0.9006004736119263,0.008584323782871328
753,参数AFT两组,14.866773675762424,14.871589085072213,0.004815409309788521,0.8930985444890744,0.8997382255150185,0.006639681025944033
754,参数AFT两组,15.08774745853396,15.120385232744765,0.03263777421080505,0.891137270609515,0.8984905766773803,0.007353306067865328
755,参数AFT两组,15.07758159443551,15.052969502407686,-0.024612092027822996,0.8935205262906188,0.9005570574609296,0.007036531170310778
756,参数AFT两组,15.107544141251989,15.05617977528088,-0.05136436597110894,0.8934355970480102,0.8973124068485147,0.0038768098005044216
757,树AFT三组,15.291064740502923,15.222578919208116,-0.06848582129480718,0.8883680802008806,0.9003091717933953,0.011941091592514663
758,参数AFT两组,15.006955591225237,14.987693953986074,-0.019261637239162965,0.8969973303917004,0.900404823802709,0.003407493411008655
759,树AFT三组,15.354735152487944,15.30658105939003,-0.04815409309791363,0.8871375016117147,0.8959994871033566,0.008861985491641966
760,参数AFT两组,15.186730872124109,15.133226324237544,-0.05350454788656478,0.8937745364784913,0.8972702451960086,0.003495708717517365
761,参数AFT两组,15.18673087212411,15.215623327982861,0.028892455858750665,0.8905490875278018,0.8982853837299171,0.007736296202115245
762,树AFT三组,15.279293739967878,15.215623327982861,-0.06367041198501688,0.8877694783537695,0.8960759067145188,0.00830642836074924
763,参数AFT两组,15.253611556982325,15.194221508828234,-0.05939004815409099,0.8918101646483004,0.899322553697232,0.007512389048931589
764,参数AFT两组,15.268057784911699,15.239700374531818,-0.028357410379880932,0.8911974568033626,0.9000362131872923,0.008838756383929725
765,树AFT三组,15.342964151952899,15.370786516853912,0.027822364901012975,0.8857497261020357,0.8994117784951429,0.013662052393107138
766,树AFT三组,15.083467094703032,15.072231139646854,-0.01123595505617736,0.8896965082078745,0.8969095207610033,0.007213012553128784
767,参数AFT两组,15.159978598180826,15.131621187800947,-0.028357410379879155,0.8931844632803123,0.8990755631317988,0.005891099851486503
768,参数AFT两组,15.141787051899392,15.141787051899396,3.552713678800501e-15,0.8900379135875034,0.8983161476686806,0.008278234081177227
769,树AFT三组,15.369181380417315,15.408774745853384,0.03959336543606895,0.8877003866712094,0.8984755554889928,0.010775168817783398
770,参数AFT两组,15.04387372926697,15.081861958266437,0.037988228999466855,0.8952464219549956,0.89979603967459,0.00454961771959439
771,参数AFT两组,15.237560192616353,15.275548421615818,0.03798822899946508,0.8924100450796647,0.9008230243438498,0.00841297926418505
772,参数AFT两组,15.194221508828234,15.217228464419458,0.023006955591224454,0.8910582497829872,0.8980494430355422,0.006991193252555039
773,参数AFT两组,15.136436597110738,15.11235955056178,-0.024077046548956815,0.8943122880540423,0.8961657421751814,0.0018534541211391309
774,树AFT三组,15.25040128410913,15.317281968967341,0.06688068485821219,0.8892099579363623,0.8992979248841536,0.01008796694779135
775,参数AFT两组,15.14767255216692,15.147137506688054,-0.0005350454788661807,0.8962680479362405,0.8968276213751811,0.0005595734389406415
776,参数AFT两组,14.980738362760817,14.970572498662372,-0.010165864098444999,0.8905057880941063,0.8992769828292888,0.008771194735182508
777,参数AFT两组,15.2306046013911,15.186730872124112,-0.04387372926698774,0.8904793578805368,0.89835536761906,0.007876009738523204
778,树AFT三组,15.317281968967343,15.25307651150346,-0.06420545746388306,0.8864110606832403,0.8985298379592077,0.01211877727596744
779,参数AFT两组,14.990369181380402,14.935259497057233,-0.05510968432316865,0.893483977102885,0.8977150694877745,0.004231092384889501
780,参数AFT两组,15.322632423755998,15.271803103263759,-0.050829320492239205,0.8914833221453079,0.8992788831676529,0.007795561022345021
781,参数AFT两组,15.227929373996771,15.261102193686446,0.03317281968967478,0.8922636382332167,0.8988573410186543,0.006593702785437583
782,参数AFT两组,15.26056714820758,15.286784376671998,0.026217228464417985,0.8938760941523093,0.8966411347016502,0.0027650405493409025
783,参数AFT两组,15.250936329587997,15.322097378277135,0.07116104868913808,0.8927084761887386,0.8962111096532581,0.003502633464519511
784,树AFT三组,15.079721776350969,15.058855002675209,-0.02086677367575973,0.8879742535733145,0.8981454752073066,0.010171221633992089
785,参数AFT两组,15.155698234349902,15.181915462814322,0.026217228464419762,0.8950713002285619,0.9017120672750865,0.006640767046524609
786,参数AFT两组,15.533440342429087,15.536115569823414,0.002675227394327351,0.8902230877228693,0.8965107353695032,0.00628764764663392
787,参数AFT两组,15.255751738897787,15.258426966292118,0.0026752273943309035,0.8929228948260085,0.8968111456974588,0.003888250871450283
788,参数AFT两组,15.343499197431763,15.279828785446746,-0.06367041198501688,0.8917774301559082,0.8983384096666172,0.006560979510708997
789,树AFT三组,15.430176565008002,15.399678972712662,-0.030497592295340326,0.8878721848970488,0.9011729868153069,0.01330080191825811
790,参数AFT两组,15.29266987693952,15.25682182985552,-0.035848047084000356,0.8931462731534339,0.8997407323846395,0.006594459231205607
791,参数AFT两组,15.207597645799874,15.1760299625468,-0.03156768325307446,0.8912330525338485,0.8988287996735181,0.007595747139669595
792,参数AFT两组,15.320492241840535,15.29534510433385,-0.025147137506685624,0.8916559276542627,0.900616688147617,0.008960760493354258
793,参数AFT两组,15.297485286249314,15.250401284109133,-0.04708400214018127,0.8942226907963229,0.8944939374154065,0.00027124661908362047
794,参数AFT两组,15.193686463349367,15.138576779026199,-0.05510968432316865,0.8912419204537215,0.8996120086383619,0.008370088184640356
795,参数AFT两组,15.1744248261102,15.121455323702499,-0.05296950240770215,0.8922146468402196,0.8950324479061595,0.0028178010659399844
796,参数AFT两组,15.225254146602442,15.22685928303904,0.001605136436598542,0.8958413057798773,0.8993505426779542,0.0035092368980769173
797,参数AFT两组,15.369181380417315,15.289459604066327,-0.0797217763509881,0.890309164216898,0.8983575303900604,0.008048366173162402
798,参数AFT两组,15.148207597645783,15.194221508828234,0.046013911182450684,0.8915014926976612,0.899114818146225,0.007613325448563746
799,树AFT三组,15.252006420545728,15.21936864633492,-0.0326377742108086,0.8895390480881522,0.900321932954083,0.01078288486593082
800,树AFT三组,15.36757624398072,15.421615837346154,0.05403959336543451,0.8819717555908632,0.8952750661883643,0.013303310597501117
801,参数AFT两组,15.347244515783823,15.27661851257355,-0.0706260032102719,0.8923920433348944,0.8990693539905824,0.006677310655687996
802,树AFT三组,15.150882825040112,15.154093097913305,0.0032102728731935315,0.8894196851050732,0.8964577035719918,0.00703801846691865
803,参数AFT两组,15.264847512038504,15.300695559122506,0.03584804708400213,0.89013500657786,0.8988554178075635,0.008720411229703462
804,参数AFT两组,15.107544141251989,15.154093097913305,0.046548956661316865,0.8926333573125954,0.8994294005408323,0.006796043228236903
805,参数AFT两组,15.097913322632404,15.040128410914908,-0.057784911717496,0.8942251931882678,0.8960067079711613,0.0017815147828935674
806,树AFT三组,15.262707330123042,15.216158373461726,-0.046548956661316865,0.8796746949698022,0.8944657708244359,0.014791075854633684
807,参数AFT两组,14.920813269127859,14.971107544141235,0.05029427501337658,0.891969753933164,0.8994774547988437,0.007507700865679645
808,树AFT三组,14.993579454253593,14.97431781701443,-0.019261637239162965,0.8882890901138203,0.89967146864262,0.011382378528799753
809,参数AFT两组,14.86998394863562,14.895131086142305,0.025147137506685624,0.8942021306513982,0.8999531390462768,0.005751008394878632
810,参数AFT两组,15.124130551096826,15.140181915462797,0.01605136436597121,0.8935363951114085,0.9001519494668424,0.006615554355433928
811,参数AFT两组,15.23916532905295,15.203317281968948,-0.03584804708400213,0.8940834367222599,0.8995897308413174,0.005506294119057564
812,参数AFT两组,15.252006420545728,15.340823970037436,0.08881754949170784,0.8948317291987992,0.9006224895622479,0.0057907603634487215
813,树AFT三组,15.199036918138024,15.160513643659693,-0.03852327447833126,0.8884382030933844,0.8991189697209513,0.010680766627566896
814,参数AFT两组,15.354200107009078,15.34991974317815,-0.004280363830927669,0.8908324689651886,0.8998729827040485,0.009040513738859834
815,树AFT三组,15.239165329052948,15.164794007490618,-0.07437132156232984,0.8895770535587672,0.8987258659361772,0.009148812377410054
816,参数AFT两组,15.252541466024596,15.19582664526483,-0.056714820759765416,0.8927250748331929,0.9003301096294266,0.007605034796233756
817,参数AFT两组,14.95666131621186,14.978598180845356,0.021936864633495645,0.890296104488783,0.8990604870892936,0.0087643826005106
818,参数AFT两组,15.293739967897249,15.377207062600302,0.08346709470305314,0.8913171633710537,0.8992540215074097,0.007936858136356029
819,树AFT三组,15.314606741573014,15.27929373996788,-0.035313001605134176,0.8863829487088275,0.8999225367062871,0.013539587997459579
820,参数AFT两组,15.24451578384161,15.233279828785427,-0.01123595505618269,0.8995190730069936,0.8981905454612478,-0.0013285275457458612
821,树AFT三组,15.317281968967343,15.343499197431763,0.026217228464419762,0.8819332991314829,0.8960977321018004,0.014164432970317553
822,参数AFT两组,15.052969502407684,15.088282504012824,0.035313001605139505,0.8901177699543024,0.8990094484198926,0.008891678465590247
823,树AFT三组,15.05778491171748,15.082932049224166,0.025147137506685624,0.8896294090908603,0.8980984859707217,0.008469076879861426
824,参数AFT两组,15.108079186730857,15.120385232744765,0.012306046013907945,0.89646792729506,0.9005207382846869,0.004052810989626954
825,树AFT三组,15.109149277688585,15.139111824505067,0.02996254681648125,0.8887169812851536,0.8985111979200272,0.009794216634873565
826,树AFT三组,15.100588550026735,15.107544141251992,0.006955591225256796,0.8890231064878311,0.8982843262675874,0.009261219779756247
827,参数AFT两组,15.14981273408238,15.147137506688052,-0.002675227394327351,0.8919194212584173,0.9005614615386069,0.008642040280189667
828,树AFT三组,15.149277688603513,15.137506688068468,-0.011771000535045317,0.8876434426193778,0.8916106793031041,0.003967236683726338
829,参数AFT两组,15.2493311931514,15.179240235419993,-0.0700909577314075,0.8911592389187438,0.9001157799168089,0.008956540998065088
830,树AFT三组,15.23916532905295,15.26431246655964,0.025147137506689177,0.8847825240993329,0.8990755094810886,0.014292985381755718
831,参数AFT两组,15.096308186195808,15.081326912787569,-0.014981273408238849,0.8937485875436203,0.8986783672989219,0.004929779755301622
832,参数AFT两组,15.017121455323686,15.033172819689657,0.01605136436597121,0.8974579644498646,0.9000692619806344,0.0026112975307698294
833,参数AFT两组,15.110754414125182,15.125735687533423,0.014981273408240625,0.8915621061314237,0.8987937709503289,0.007231664818905137
834,参数AFT两组,15.149277688603513,15.14606741573032,-0.0032102728731935315,0.8915354492319425,0.897912610998387,0.006377161766444539
835,参数AFT两组,14.90850722311395,14.937399678972698,0.028892455858747113,0.8926969979657203,0.9001210119810712,0.007424014015350866
836,树AFT三组,15.124665596575692,15.209737827715335,0.0850722311396428,0.8884997781280002,0.8975467570186104,0.009046978890610236
837,参数AFT两组,15.213483146067396,15.147672552166917,-0.06581059390047983,0.8926608974216821,0.9001760005512062,0.007515103129524081
838,参数AFT两组,15.213483146067395,15.1744248261102,-0.03905831995719389,0.8907959980024389,0.8998452176917396,0.009049219689300725
839,参数AFT两组,15.16211878009629,15.130016051364349,-0.032102728731940644,0.8906195531790093,0.8988073955028117,0.00818784232380243
840,参数AFT两组,15.068485821294793,15.048689138576762,-0.019796682718030922,0.8916441024991228,0.899726790103896,0.008082687604773153
841,树AFT三组,14.852327447833048,14.88443017656499,0.03210272873194242,0.8887129571250032,0.8983055788464316,0.009592621721428385
842,树AFT三组,15.101123595505602,15.185660781166384,0.08453718566078194,0.8887501409422531,0.9004844701235294,0.01173432918127626
843,参数AFT两组,15.380417335473497,15.312466559657555,-0.06795077581594278,0.8961203733723215,0.894885957126687,-0.0012344162456345842
844,树AFT三组,15.119850187265897,15.019261637239149,-0.10058855002674782,0.8897918065739779,0.8957150669887345,0.005923260414756548
845,树AFT三组,15.211342964151934,15.225254146602445,0.013911182450511816,0.8858634554601168,0.8989161561495866,0.013052700689469843
846,参数AFT两组,15.282504012841072,15.330658105938985,0.04815409309791363,0.8957452703253,0.9003164834856149,0.004571213160314835
847,树AFT三组,15.213483146067396,15.164258962011756,-0.04922418405564066,0.8843178687692774,0.8919673717342497,0.0076495029649722435
848,树AFT三组,15.266987693953965,15.279828785446744,0.012841091492779455,0.8887764898762085,0.8986726096593228,0.009896119783114332
849,树AFT三组,14.948635634028875,15.00053504547885,0.05189941144997512,0.8882965203723586,0.8996160128737906,0.011319492501431938
850,参数AFT两组,15.239165329052948,15.219903691813785,-0.019261637239162965,0.892241484344881,0.8984826844482688,0.006241200103387801
851,树AFT三组,15.230604601391102,15.257891920813254,0.027287319422152123,0.889601071441187,0.8983364874681173,0.008735416026930287
852,树AFT三组,15.447833065810569,15.40609951845905,-0.04173354735151946,0.8873910687826646,0.900623727462721,0.013232658680056408
853,参数AFT两组,14.967897271268042,15.049224184055626,0.08132691278758486,0.8925011279697178,0.90006665519133,0.007565527221612189
854,参数AFT两组,14.780096308186181,14.816479400749047,0.03638309256286654,0.8942146173479512,0.899381550394971,0.005166933047019873
855,参数AFT两组,15.189406099518441,15.099518459069003,-0.08988764044943842,0.8917651155925286,0.8975010447112665,0.005735929118737881
856,参数AFT两组,15.378277153558033,15.348314606741553,-0.029962546816479474,0.8949105131019555,0.8987086503054306,0.003798137203475105
857,树AFT三组,15.097378277153542,15.176565008025666,0.07918673087212369,0.8890678010455648,0.8963069733188559,0.007239172273291072
858,树AFT三组,15.207597645799876,15.164258962011754,-0.04333868378812156,0.8886810103956707,0.8970794759321569,0.008398465536486155
859,参数AFT两组,15.208667736757604,15.255216693418923,0.04654895666131864,0.8947523135980862,0.8993098730700786,0.004557559471992434
860,参数AFT两组,15.096308186195808,15.068485821294793,-0.02782236490101475,0.8920992236154789,0.8986389547066119,0.006539731091133039
861,树AFT三组,15.032102728731925,14.994649545211328,-0.03745318352059712,0.8890718363400668,0.8977702871762814,0.008698450836214566
862,树AFT三组,15.125200642054557,15.144462279293723,0.019261637239166518,0.8876954397850569,0.8942178470317648,0.006522407246707829
863,参数AFT两组,15.20064205457462,15.201177100053487,0.0005350454788661807,0.8916816752368945,0.8968523808496423,0.005170705612747795
864,参数AFT两组,15.250936329587997,15.185125735687517,-0.06581059390047983,0.8946611913104187,0.8988514447775214,0.004190253467102778
865,树AFT三组,15.213483146067396,15.174424826110203,-0.03905831995719389,0.8871341653546417,0.8994502406647822,0.01231607531014045
866,参数AFT两组,15.365436062065259,15.339753879079707,-0.025682182985551805,0.8938441144090659,0.8979339238852162,0.004089809476150341
867,参数AFT两组,15.392188336008543,15.341894060995166,-0.05029427501337658,0.8943514313247085,0.899204159219072,0.004852727894363529
868,参数AFT两组,15.407704654895646,15.313001605136419,-0.09470304975922694,0.8937336438049469,0.8985216624147051,0.004788018609758193
869,参数AFT两组,15.199036918138024,15.180310326377723,-0.018726591760300337,0.8928519437819541,0.8984411580358682,0.005589214253914121
870,参数AFT两组,15.25040128410913,15.251471375066863,0.0010700909577341378,0.8907214018667324,0.8996203379305171,0.008898936063784668
871,参数AFT两组,15.10754414125199,15.063135366506133,-0.04440877474585747,0.8936005042808061,0.8965546672379922,0.0029541629571860906
872,参数AFT两组,15.537720706260007,15.437667201712129,-0.10005350454787809,0.894103858271075,0.9004826577511587,0.006378799480083686
873,参数AFT两组,15.006420545746371,15.086142322097361,0.07972177635098987,0.8928126195436882,0.8987753415202466,0.005962721976558449
874,树AFT三组,15.002140181915445,15.027287319422133,0.0251471375066874,0.8883383446240254,0.8977888256753598,0.009450481051334392
875,树AFT三组,15.226324237560172,15.221508828250384,-0.004815409309788521,0.8894963869414122,0.8972851003357505,0.007788713394338287
876,参数AFT两组,15.303370786516833,15.308186195826629,0.004815409309795626,0.8918887153971037,0.8982952016862553,0.006406486289151636
877,参数AFT两组,15.03049759229533,15.081326912787569,0.050829320492239205,0.8937249162164859,0.9005221589003451,0.006797242683859284
878,参数AFT两组,15.31621187800961,15.315676832530748,-0.000535045478862628,0.8901111565525313,0.8967587213961061,0.006647564843574871
879,参数AFT两组,15.173354735152468,15.191546281433904,0.018191546281435933,0.8954574827972039,0.8973023067306208,0.0018448239334168948
880,参数AFT两组,15.200642054574617,15.180310326377725,-0.020331728196891774,0.8950814558875057,0.89576773441203,0.0006862785245242975
881,参数AFT两组,15.179775280898857,15.15088282504011,-0.028892455858747113,0.8940729483084158,0.8972311153912459,0.003158167082830121
882,参数AFT两组,15.150882825040112,15.120385232744766,-0.030497592295345655,0.8915924358521963,0.8975445795253528,0.005952143673156551
883,参数AFT两组,15.145532370251452,15.090422685928285,-0.055109684323166874,0.8916890390323695,0.8966663728597586,0.004977333827389074
884,树AFT三组,15.227929373996771,15.153023006955573,-0.0749063670411978,0.8870096420939785,0.8983407186901613,0.01133107659618282
885,参数AFT两组,14.921883360085591,14.94703049759228,0.025147137506689177,0.890755464382922,0.8984169140103039,0.007661449627381911
886,参数AFT两组,14.955056179775264,14.947030497592277,-0.008025682182987381,0.8910710443075672,0.8956710814988902,0.004600037191322959
887,树AFT三组,15.253076511503457,15.329588014981255,0.07651150347779812,0.8857115745982612,0.9005117170279253,0.014800142429664098
888,树AFT三组,15.110754414125184,15.197431781701427,0.08667736757624311,0.8787069791767639,0.8948550802755566,0.016148101098792722
889,参数AFT两组,15.173354735152468,15.265917602996238,0.09256286784376933,0.8943797726543828,0.897471702640744,0.003091929986361208
890,参数AFT两组,15.430176565008002,15.40877474585338,-0.02140181915462236,0.8931893882449647,0.8996662638465928,0.006476875601628018
891,参数AFT两组,15.093097913322612,15.078116639914375,-0.014981273408237072,0.8912155331676439,0.8951125338654637,0.0038970006978198413
892,参数AFT两组,15.124130551096826,15.109149277688585,-0.014981273408240625,0.8967646125546841,0.8959737485938162,-0.0007908639608679158
893,参数AFT两组,14.792937399678957,14.769930444087734,-0.023006955591222678,0.8927321777952474,0.8991809197549379,0.006448741959690474
894,参数AFT两组,14.953451043338667,14.948635634028875,-0.004815409309792074,0.8940280096679872,0.8997666489345123,0.00573863926652507
895,参数AFT两组,15.089352594970556,15.082397003745303,-0.006955591225253244,0.8929275682131725,0.8979620714729107,0.005034503259738199
896,参数AFT两组,15.13322632423754,15.174959871589067,0.04173354735152657,0.8907509544578864,0.8996500424693517,0.008899088011465217
897,参数AFT两组,15.070626003210256,15.054574638844285,-0.01605136436597121,0.8916011783794937,0.8974455114479245,0.005844333068430796
898,参数AFT两组,15.280898876404473,15.290529695024057,0.009630818619584147,0.8921598660486114,0.9000638349899386,0.007903968941327166
899,参数AFT两组,15.382022471910092,15.4130551096843,0.031032637774208283,0.8904528487030707,0.9010210895078384,0.010568240804767703
900,参数AFT两组,15.343499197431763,15.238095238095221,-0.10540395933654167,0.8933200591955319,0.8992559309219899,0.005935871726457931
901,参数AFT两组,15.222578919208113,15.173889780631336,-0.04868913857677626,0.8912386969635723,0.8980096893106788,0.006770992347106541
902,参数AFT两组,15.08346709470303,15.113964686998377,0.03049759229534743,0.891516070400377,0.8984967533990983,0.006980682998721344
903,参数AFT两组,15.337078651685374,15.368111289459586,0.031032637774211835,0.8929406284445436,0.8994093003707843,0.006468671926240677
904,树AFT三组,15.24558587479934,15.291599785981791,0.046013911182450684,0.8885533980254048,0.89651861097299,0.007965212947585232
905,参数AFT两组,15.11878009630817,15.199036918138027,0.08025682182985783,0.8931381232233407,0.8984665932365735,0.005328470013232778
906,参数AFT两组,15.290529695024059,15.259497057249847,-0.031032637774211835,0.8941697744243043,0.8987303831597293,0.004560608735424965
907,参数AFT两组,15.383092562867821,15.383092562867825,3.552713678800501e-15,0.8931010094807195,0.8995312248210283,0.0064302153403088536
908,参数AFT两组,15.04387372926697,15.08346709470303,0.03959336543606007,0.8935356754434358,0.8992542712223692,0.005718595778933411
909,参数AFT两组,15.136436597110734,15.097913322632408,-0.03852327447832593,0.895620056301556,0.8954883741291638,-0.00013168217239212243
910,参数AFT两组,15.365436062065259,15.311931514178687,-0.053504547886571885,0.8948007960376839,0.8988416271431457,0.0040408311054618284
911,树AFT三组,15.159978598180828,15.181915462814322,0.02193686463349387,0.8888868257032743,0.8996776703897189,0.010790844686444645
912,参数AFT两组,15.356340288924537,15.342964151952899,-0.01337613697163853,0.8908392420409261,0.8992146487741101,0.008375406733183932
913,参数AFT两组,15.347244515783823,15.360620652755468,0.013376136971645636,0.8914129499483153,0.9009336738160071,0.00952072386769176
914,参数AFT两组,15.179775280898859,15.220438737292652,0.04066345639379243,0.8952261617795367,0.8974434838229711,0.0022173220434343888
915,树AFT三组,15.099518459069003,15.012841091492758,-0.08667736757624489,0.8804788418670653,0.8921380859208645,0.011659244053799256
916,参数AFT两组,15.277153558052417,15.24077046548955,-0.03638309256286654,0.890583649752415,0.8998249492750368,0.00924129952262176
917,参数AFT两组,15.101123595505602,15.105403959336527,0.004280363830925893,0.8919902656203551,0.8969312101934951,0.004940944573139983
918,参数AFT两组,15.414125200642033,15.314071696094148,-0.1000535045478852,0.8939636497582699,0.8971216031248167,0.003157953366546784
919,参数AFT两组,14.991974317816998,15.019261637239149,0.027287319422150347,0.8947915764686585,0.9004466240016837,0.005655047533025259
920,参数AFT两组,14.995184590690194,14.995719636169056,0.000535045478862628,0.8976001291109219,0.8986418426392567,0.00104171352833482
921,参数AFT两组,15.277688603531281,15.269127875869431,-0.00856072766185001,0.8912183961575424,0.900060530293622,0.008842134136079594
922,树AFT三组,15.207062600321006,15.1760299625468,-0.031032637774206506,0.8898875431282598,0.8979997472800598,0.008112204151800029
923,参数AFT两组,15.044408774745834,15.074906367041182,0.03049759229534743,0.8907752152627448,0.8979002232748372,0.007125008012092371
924,参数AFT两组,15.298555377207045,15.252006420545731,-0.04654895666131331,0.8926074770410551,0.8993287943819672,0.006721317340912081
925,参数AFT两组,14.758694489031553,14.81754949170678,0.058855002675226586,0.8958372818817666,0.897147920947596,0.0013106390658293998
926,参数AFT两组,14.987693953986076,14.949705724986606,-0.03798822899947041,0.8917400773609724,0.8992915691016262,0.007551491740653837
927,参数AFT两组,14.96468699839485,14.94703049759228,-0.017656500802569752,0.8930878030352342,0.8974220132044965,0.004334210169262387
928,树AFT三组,14.957731407169595,14.980203317281953,0.022471910112358273,0.8892995716148251,0.8980057694028394,0.008706197788014292
929,参数AFT两组,15.29373996789725,15.27661851257355,-0.01712145532370002,0.8943209481082245,0.897633296289137,0.0033123481809125277
930,树AFT三组,15.276083467094683,15.248796147672534,-0.02728731942214857,0.8889042766862179,0.8989804827247964,0.010076206038578506
931,参数AFT两组,15.169609416800407,15.159443552701962,-0.010165864098444999,0.8904653796637457,0.896845003580538,0.006379623916792254
932,参数AFT两组,15.206527554842141,15.159443552701962,-0.04708400214017949,0.8922578699897761,0.8991188229071974,0.006860952917421281
933,参数AFT两组,15.006420545746371,15.083467094703034,0.07704654895666252,0.8907734776110785,0.9008325661846052,0.010059088573526664
934,树AFT三组,15.110219368646314,15.092562867843748,-0.0176565008025662,0.8849984471739446,0.8958715258515726,0.01087307867762799
935,树AFT三组,15.186730872124112,15.14981273408238,-0.03691813804173272,0.8898372281622199,0.8984704714852532,0.00863324332303328
936,参数AFT两组,15.136436597110738,15.05296950240769,-0.0834670947030478,0.8955404521999759,0.8987610912048055,0.0032206390048296063
937,参数AFT两组,15.266987693953965,15.275548421615818,0.008560727661853562,0.8906528154422886,0.8970026051696809,0.006349789727392308
938,参数AFT两组,14.939539860888159,14.98073836276082,0.04119850187266039,0.892030735987934,0.8983228134225236,0.0062920774345895936
939,参数AFT两组,15.089352594970553,15.01658640984482,-0.07276618512573307,0.8972430006850944,0.8980611499153395,0.0008181492302450355
940,参数AFT两组,15.0823970037453,15.090422685928285,0.008025682182985605,0.8958521117176818,0.8993728957617261,0.0035207840440443228
941,参数AFT两组,15.265917602996236,15.195826645264829,-0.0700909577314075,0.8938184277585658,0.8971970576015621,0.0033786298429963058
942,参数AFT两组,14.981808453718548,15.025682182985536,0.04387372926698774,0.890373584053377,0.9003071020692258,0.009933518015848852
943,参数AFT两组,15.18673087212411,15.193686463349367,0.006955591225256796,0.8913633932987993,0.8988098217951422,0.007446428496342916
944,参数AFT两组,15.163723916532884,15.153023006955573,-0.01070090957731118,0.8914197255759516,0.8962579263077196,0.004838200731767994
945,参数AFT两组,15.078651685393242,15.131621187800945,0.05296950240770393,0.8923347918126877,0.9009097183917908,0.008574926579103082
946,参数AFT两组,15.121990369181363,15.221508828250384,0.09951845906902079,0.8935333148759981,0.8992518249975291,0.0057185101215310175
947,参数AFT两组,15.078651685393242,15.143927233814857,0.06527554842161543,0.8937069789841505,0.9009556670107185,0.007248688026567973
948,参数AFT两组,15.373996789727107,15.451578384162636,0.0775815944355287,0.893505294291249,0.89984231536502,0.0063370210737709876
949,参数AFT两组,15.204387372926682,15.281968967362207,0.07758159443552515,0.8956257314783881,0.9002742622584132,0.00464853078002514
950,参数AFT两组,15.057784911717478,15.14339218833599,0.08560727661851253,0.8903086731673601,0.8999647075572819,0.009656034389921797
951,参数AFT两组,15.322632423755998,15.308721241305491,-0.013911182450506487,0.8977791800429246,0.9008920009106831,0.003112820867758548
952,参数AFT两组,14.837881219903679,14.745318352059908,-0.0925628678437711,0.8973468266100282,0.8991641820335281,0.0018173554234999223
953,参数AFT两组,15.100588550026735,15.08346709470303,-0.017121455323705348,0.892323070343963,0.8973485239582605,0.005025453614297515
954,参数AFT两组,15.257891920813252,15.254681647940055,-0.003210272873197084,0.8917500146095464,0.8977942744110958,0.006044259801549434
955,参数AFT两组,15.438202247190992,15.390583199571948,-0.0476190476190439,0.8953889114196805,0.8983449703345846,0.002956058914904136
956,参数AFT两组,14.98073836276082,14.909042268592815,-0.07169609416800427,0.8913175381679292,0.8949761912718532,0.0036586531039239922
957,树AFT三组,14.950240770465474,14.937934724451562,-0.012306046013911498,0.8878669725417249,0.8960225935409758,0.008155620999250934
958,参数AFT两组,15.420545746388424,15.368646334938454,-0.05189941144996979,0.8902880078399537,0.8964917066511949,0.006203698811241276
959,参数AFT两组,15.186195826645248,15.183520599250915,-0.00267522739433268,0.8944127842405047,0.8972944598551312,0.002881675614626489
960,参数AFT两组,15.237560192616353,15.23434991974316,-0.0032102728731935315,0.8921578125087086,0.9011927124259684,0.009034899917259809
961,参数AFT两组,15.24451578384161,15.217763509898326,-0.026752273943284166,0.8972026525717434,0.8983379005505641,0.001135247978820697
962,树AFT三组,15.181915462814322,15.101658640984466,-0.08025682182985605,0.8897739895486347,0.8995809075201472,0.009806917971512452
963,参数AFT两组,15.211342964151935,15.179240235419995,-0.032102728731940644,0.8940175902614252,0.8996112473515635,0.00559365709013826
964,树AFT三组,15.174424826110199,15.140181915462797,-0.034242910647401814,0.8862433081999939,0.8969748895048479,0.010731581304854076
965,树AFT三组,15.149277688603513,15.099518459069003,-0.049759229534510396,0.8881419299513206,0.8990853238042988,0.010943393852978267
966,参数AFT两组,15.428036383092541,15.361690743713199,-0.06634563937934246,0.8960216372934068,0.8990965622778802,0.0030749249844733706
967,参数AFT两组,15.294810058854981,15.253076511503458,-0.041733547351523015,0.8940770745215543,0.8979670587995074,0.0038899842779531735
968,参数AFT两组,15.136436597110738,15.140716960941662,0.0042803638309241165,0.8930859211546971,0.8977769903590874,0.00469106920439033
969,参数AFT两组,15.124130551096826,15.13483146067414,0.010700909577314732,0.8930251809174916,0.8922333130969979,-0.0007918678204936747
970,树AFT三组,15.192616372391633,15.16960941680041,-0.023006955591222678,0.8878748267232915,0.8987365953775441,0.01086176865425259
971,树AFT三组,15.106474050294254,15.140716960941663,0.03424291064740892,0.8868921049712669,0.8982259654715014,0.011333860500234438
972,参数AFT两组,15.112894596040645,15.014446227929358,-0.09844836811128665,0.8956172055660973,0.8973521403359944,0.0017349347698971673
973,参数AFT两组,15.291064740502923,15.257356875334386,-0.03370786516853741,0.8902327506602643,0.8988939756675145,0.008661225007250195
974,参数AFT两组,15.332798287854448,15.345104333868361,0.012306046013913274,0.8950567542836905,0.8994806432331011,0.004423888949410593
975,参数AFT两组,15.455323702514697,15.430176565008006,-0.025147137506690953,0.8929818265884717,0.8987493385260135,0.005767511937541769
976,参数AFT两组,15.308721241305491,15.313536650615282,0.004815409309790297,0.8921229832250275,0.8974722023464516,0.005349219121424165
977,树AFT三组,15.149277688603513,15.218833600856057,0.0695559122525431,0.8882875045265894,0.8998463958352108,0.01155889130862131
978,树AFT三组,15.275548421615818,15.179775280898859,-0.0957731407169593,0.8888876204122531,0.8962903337869268,0.007402713374673686
979,参数AFT两组,15.252006420545728,15.242910647405012,-0.00909577314071619,0.8929335102896429,0.9000371476969281,0.007103637407285257
980,参数AFT两组,15.235955056179757,15.16479400749062,-0.07116104868913631,0.891501057355812,0.8979534784207145,0.006452421064902514
981,参数AFT两组,15.26056714820758,15.239700374531818,-0.020866773675761507,0.8930678158376253,0.8982433898924971,0.00517557405487179
982,树AFT三组,15.174959871589065,15.17228464419474,-0.0026752273943255744,0.8890017640800318,0.892925872289622,0.003924108209590105
983,参数AFT两组,14.97913322632422,15.0652755484216,0.08614232209737871,0.8920024323213525,0.8986758887995486,0.006673456478196171
984,参数AFT两组,15.124130551096826,15.168004280363814,0.04387372926698774,0.8942989937052517,0.9002022630198099,0.005903269314558202
985,参数AFT两组,15.040663456393778,15.032102728731925,-0.008560727661853562,0.8949348871415599,0.8985644454704205,0.0036295583288605826
986,树AFT三组,15.22525414660244,15.196896736222559,-0.028357410379880932,0.8888880817354642,0.8975976947293511,0.00870961299388695
987,参数AFT两组,15.110219368646316,15.000535045478848,-0.10968432316746757,0.8930748910382429,0.8991538031157622,0.006078912077519316
988,参数AFT两组,15.280363830925609,15.314606741573016,0.03424291064740714,0.8920242585855305,0.8984047117958609,0.006380453210330428
989,参数AFT两组,15.290529695024059,15.313001605136419,0.02247191011236005,0.8924086884849858,0.89673522679276,0.004326538307774186
990,参数AFT两组,15.314606741573016,15.258962011770983,-0.055644729802033055,0.8935086403696111,0.899101578151968,0.0055929377823569215
991,参数AFT两组,15.294810058854985,15.25468164794006,-0.04012841091492447,0.8966947090968584,0.8993482867005543,0.002653577603695889
992,参数AFT两组,15.119850187265897,15.082397003745301,-0.037453183520595346,0.8906854114231628,0.8974334398253205,0.006748028402157713
993,参数AFT两组,15.097378277153542,15.119315141787034,0.021936864633492092,0.8937829075209649,0.8995301226305814,0.00574721510961651
994,树AFT三组,15.211342964151935,15.224719101123577,0.013376136971642083,0.8874654814012829,0.9000391313469137,0.012573649945630816
995,参数AFT两组,15.369181380417318,15.378277153558033,0.009095773140714414,0.8937266261204613,0.899671819288417,0.00594519316795572
996,参数AFT两组,14.914392723381475,14.955056179775266,0.04066345639379065,0.8924874214001107,0.8976894932802293,0.005202071880118564
997,树AFT三组,15.221508828250382,15.230069555912232,0.00856072766185001,0.888949467998951,0.8980876223214226,0.009138154322471559
998,参数AFT两组,15.230604601391098,15.273408239700359,0.042803638309260705,0.8924744416398009,0.8992439918066469,0.0067695501668459945
999,参数AFT两组,15.130016051364349,15.147672552166915,0.0176565008025662,0.891935685994712,0.898605766451413,0.006670080456701033
1000,参数AFT两组,15.169609416800407,15.272873194221491,0.10326377742108406,0.8909564527047029,0.8989027368733014,0.007946284168598439
