孕妇代码,孕妇BMI,lower,upper,censoring,outer_fold,p_10.000,p_10.143,p_10.286,p_10.429,p_10.571,p_10.714,p_10.857,p_11.000,p_11.143,p_11.286,p_11.429,p_11.571,p_11.714,p_11.857,p_12.000,p_12.143,p_12.286,p_12.429,p_12.571,p_12.714,p_12.857,p_13.000,p_13.143,p_13.286,p_13.429,p_13.571,p_13.714,p_13.857,p_14.000,p_14.143,p_14.286,p_14.429,p_14.571,p_14.714,p_14.857,p_15.000,p_15.143,p_15.286,p_15.429,p_15.571,p_15.714,p_15.857,p_16.000,p_16.143,p_16.286,p_16.429,p_16.571,p_16.714,p_16.857,p_17.000,p_17.143,p_17.286,p_17.429,p_17.571,p_17.714,p_17.857,p_18.000,p_18.143,p_18.286,p_18.429,p_18.571,p_18.714,p_18.857,p_19.000,p_19.143,p_19.286,p_19.429,p_19.571,p_19.714,p_19.857,p_20.000,p_20.143,p_20.286,p_20.429,p_20.571,p_20.714,p_20.857,p_21.000,p_21.143,p_21.286,p_21.429,p_21.571,p_21.714,p_21.857,p_22.000,p_22.143,p_22.286,p_22.429,p_22.571,p_22.714,p_22.857,p_23.000,p_23.143,p_23.286,p_23.429,p_23.571,p_23.714,p_23.857,p_24.000,p_24.143,p_24.286,p_24.429,p_24.571,p_24.714,p_24.857,p_25.000
A001,28.515625,15.857142857142858,20.142857142857142,interval,3,0.6936294128769576,0.7025005128181137,0.71120228770687,0.7197343208116527,0.7280963892683459,0.7362879876264895,0.7443092357031084,0.7521605443364816,0.7598420348099757,0.767354214284223,0.7746978836410721,0.7818739104539266,0.7888831333661235,0.7957268831133819,0.8024062630114283,0.8089226031638252,0.815277537258021,0.8214725948580408,0.8275093509112255,0.8333897861573295,0.8391156418825153,0.8446889190533939,0.8501117378442333,0.8553860924787848,0.8605143350633937,0.8654984351960459,0.8703408962028573,0.8750439926413552,0.879610077393155,0.8840415426009371,0.8883408720896869,0.8925105868942252,0.8965530566660287,0.9004710056092611,0.9042667891005454,0.9079430058728171,0.9115022640014571,0.914947013442689,0.918279902058724,0.9215034394469286,0.9246202876322445,0.9276328645190095,0.9305436892380065,0.9333553334595499,0.9360702421392941,0.9386909996343251,0.9412199687712743,0.943659526853669,0.946012246961437,0.948280354182154,0.9504662639009074,0.9525723089389541,0.9546006943899918,0.9565537210707308,0.9584336870292844,0.9602426057151269,0.9619827307079576,0.9636561550353404,0.9652648975785192,0.9668110562503711,0.968296528198141,0.9697233876726736,0.9710934239382282,0.9724085572477073,0.9736705946439472,0.9748813513910691,0.9760425147706425,0.9771558436190773,0.978222960798625,0.9792454935508961,0.9802250198583704,0.9811630877695452,0.9820611706495244,0.9829207065908158,0.9837431780056451,0.9845299275943734,0.9852822503205196,0.9860015242448399,0.9866889419413728,0.9873457421361644,0.9879731445907198,0.9885722616139927,0.9891442173006211,0.9896901113047828,0.9902109685589451,0.9907077786640649,0.9911815717889266,0.991633232979438,0.9920637216306927,0.9924738847188341,0.9928646080183301,0.9932366942307969,0.9935909321167486,0.9939280869835517,0.9942489004342816,0.994554093602828,0.9948443275153285,0.9951202697756267,0.9953825620661236,0.9956318039215396,0.9958685815838855,0.996093461473621,0.9963069877454421,0.9965096782300664,0.9967020306484473,0.9968845210246758
A002,34.23269222,0.0,13.857142857142858,left,3,0.6667203270660924,0.6756931503010706,0.6845132276647108,0.6931796427969374,0.7016916371957764,0.7100482034376245,0.7182489029178312,0.7262936155882578,0.7341818820542175,0.7419136854978157,0.7494892240749034,0.7569088410231838,0.7641727701659885,0.7712817809556025,0.7782364328283131,0.7850374566432439,0.7916859383499877,0.7981828347280564,0.8045291780499754,0.8107263988003012,0.8167756872582486,0.8226785099582377,0.8284364638366002,0.8340510343911568,0.8395240397772576,0.8448569327734354,0.8500517771807872,0.8551103647646787,0.8600345301903556,0.8648262593955116,0.8694875804839852,0.8740205894535658,0.8784272285007866,0.8827098378602631,0.8868703821688282,0.8909110455702051,0.8948341244341249,0.8986416955870193,0.9023360964494547,0.905919485176216,0.9093942325693508,0.9127624780852275,0.9160264492954597,0.9191884739906252,0.9222507170284907,0.9252155421849558,0.9280851133148329,0.9308615568903372,0.9335472748485991,0.9361443208165227,0.9386549179045244,0.9410812352145439,0.9434253803662984,0.945689469013141,0.9478756928989945,0.9499859833839935,0.9520224581014581,0.953987138327505,0.9558819402436284,0.9577089398157254,0.959469958192386,0.9611669981370179,0.9628018482794277,0.9643763490153663,0.9658923251800424,0.96735158277251,0.9687557639382516,0.9701066539392033,0.971405863388598,0.9726550602776193,0.9738558421835858,0.975009752377521,0.9761183360320351,0.9771830315413533,0.9782053909678928,0.9791867965545362,0.9801285751623003,0.9810321997532881,0.9818989044626447,0.9827299776477468,0.9835267237574319,0.9842903147947193,0.9850219500138122,0.9857228027688707,0.9863939846189791,0.9870365575172574,0.9876516282077081,0.9882401668215025,0.9888032241538084,0.9893417275253582,0.9898566480018033,0.9903488701229055,0.9908192799415756,0.9912687305629992,0.9916980435843614,0.9921080377931978,0.9924994506785833,0.9928730546207547,0.9932295693456404,0.9935696792143042,0.9938940657331434,0.9942033827073409,0.9944982541545297,0.9947792860773279,0.9950470599610024,0.9953021339383696
A003,30.94140625,0.0,13.0,left,0,0.802212709502031,0.8083801967234453,0.8143855737055059,0.8202318281287468,0.825921969950205,0.8314587257436419,0.8368450439866829,0.8420840374215349,0.8471784326636504,0.8521311813296046,0.8569452375066772,0.8616235342716012,0.8661688662497464,0.8705842416069691,0.8748724238743261,0.8790362204179311,0.8830785327538927,0.8870020924153552,0.8908095997872136,0.8945038769786016,0.8980875315951669,0.9015632703361847,0.9049337506542464,0.908201514278411,0.9113691978505573,0.914439179271801,0.9174140649689756,0.9202962765480054,0.9230881816745736,0.9257921404905617,0.9284104898776869,0.9309455515262164,0.9333994882194703,0.9357746208819379,0.9380729845473451,0.940296736316985,0.9424479896663452,0.9445287087547045,0.9465409446405669,0.9484866014532434,0.9503676618074735,0.952185946973857,0.9539432325383442,0.9556413811561986,0.9572820699333509,0.9588670900547764,0.9603980685142178,0.9618765579652031,0.9633042587380247,0.9646826432218758,0.9660132681086857,0.9672975723352444,0.9685370046356924,0.9697329547739412,0.9708868305730118,0.9719998839009326,0.9730734711361273,0.9741088431355979,0.9751071770952946,0.9760697212344989,0.9769976050683922,0.9778919823899653,0.9787539361818244,0.9795845130737519,0.9803847800219919,0.9811557373393371,0.9818983417705701,0.9826135765031365,0.9833023296974727,0.9839655312766106,0.9846040208421879,0.9852186615865318,0.9858102615980443,0.9863795927614426,0.9869274675601482,0.9874546184584532,0.9879617322011995,0.9884495708001818,0.9889187666815105,0.9893699778772871,0.9898038760030057,0.9902210441552416,0.9906220924611748,0.9910076008873255,0.9913781311521866,0.9917342082246983,0.9920763832474558,0.9924051253328504,0.992720956349301,0.9930243328926553,0.9933157263941723,0.9935955684896862,0.9938642889518394,0.9941223032432254,0.9943700059302243,0.9946077957387044,0.9948360275721507,0.9950550712219489,0.9952652769617781,0.9954669711892549,0.9956604785123434,0.9958461177698176,0.996024190907012,0.9961949817426851,0.9963587722409483,0.996515834368508
A004,28.64124339,0.0,11.0,left,3,0.7838153324853726,0.7918852108246914,0.7997324534887358,0.8073592649275588,0.8147680366557257,0.8219609518508681,0.8289407549050195,0.8357104896680468,0.842272895550523,0.8486311128859153,0.8547884931001601,0.8607484435608572,0.8665143377175291,0.8720899385350617,0.8774788012546165,0.8826846507930752,0.8877114029253225,0.8925628799627723,0.8972428995162904,0.9017555417708967,0.9061047005350673,0.9102943960407925,0.9143286641608607,0.9182114365593335,0.9219468433694674,0.9255386817387443,0.9289910801528043,0.9323079429447608,0.9354931614996316,0.938550637048791,0.9414842092697807,0.9442977119941824,0.94699483261095,0.9495794106320011,0.9520549670702473,0.9544251120809872,0.9566934376239724,0.958863334760768,0.9609382707975904,0.9629215300485194,0.964816470117617,0.9666261974155728,0.9683538448363477,0.9700025034761487,0.9715750948672074,0.9730745849705885,0.974503783103585,0.975865377756476,0.9771621412383094,0.9783966224358435,0.9795713551069205,0.9806888014873065,0.9817513257781553,0.9827612328472399,0.9837207981392961,0.9846321138258071,0.985497324979996,0.9863184300219638,0.9870973575822853,0.9878360385907426,0.988536245677838,0.9891997714410564,0.9898282721891168,0.9904233751354836,0.9909866524683505,0.9915196164063778,0.9920236882764828,0.9925002862294474,0.992950714462286,0.9933762692272499,0.9937781770841944,0.9941576073512554,0.9945156921785427,0.9948534928128681,0.9951720711782894,0.9954723982872467,0.9957554080751864,0.9960220290989442,0.9962730972160859,0.9965094428160877,0.9967318550721039,0.9969410755138791,0.9971378201889489,0.9973227691221928,0.9974965681004555,0.9976598236047554,0.9978131382109368,0.9979570490389177,0.9980920997971946,0.9982187832240111,0.9983375841102382,0.9984489494248316,0.9985533098594341,0.9986510726429291,0.9987426228211155,0.9988283301174007,0.998908533321574,0.9989835652892326,0.9990537354049848,0.9991193341563684,0.9991806401122558,0.9992379149717115,0.999291407172195,0.9993413476027988,0.999387957849239,0.9994314446880507
A005,31.066666665,0.0,12.285714285714286,left,1,0.7577781197826964,0.7639905978066639,0.7700672720641518,0.7760102750816584,0.7818217633113362,0.7875035651299354,0.7930578109562741,0.7984867109466045,0.8037921541859191,0.8089762091171717,0.8140409786817305,0.81898858399999,0.8238209394369169,0.8285402641674098,0.8331484546638096,0.8376475389632976,0.8420396127584449,0.8463266423355632,0.8505105194375183,0.8545933298686887,0.8585769414809177,0.862463323934455,0.8662544422587968,0.8699521112994263,0.8735583302076073,0.877074759273736,0.8805034070062858,0.8838460353500981,0.8871044241074686,0.8902803233840355,0.8933754956394828,0.896391697839354,0.8993305549221134,0.9021938656420239,0.9049831725614625,0.9077001207878189,0.9103463568666467,0.9129233738077037,0.915432820189097,0.9178761540236806,0.9202549809188263,0.9225706844875654,0.9248247098251524,0.9270185330685015,0.9291535219176146,0.9312311074537666,0.9332526359390013,0.9352193317598526,0.9371326693980475,0.9389938087150671,0.9408040508129577,0.9425646367655031,0.9442767317225105,0.9459415428290072,0.947560312997711,0.9491340440319336,0.9506639252476169,0.952151070247083,0.9535964880852269,0.9550012913556629,0.9563664556010278,0.9576930703862958,0.9589820288188038,0.9602343209009594,0.9614509020164769,0.9626327237452285,0.9637806319169442,0.9648955441136362,0.9659783168440247,0.9670297903398419,0.968050788494306,0.9690421188268085,0.9700045850114367,0.970938899678295,0.9718458964741623,0.9727262690310958,0.9735806990982986,0.9744099794481709,0.975214704682413,0.9759955693693481,0.9767532615520963,0.9774883701068161,0.9782015238027227,0.9788933659379172,0.9795644562626442,0.980215343928948,0.980846657793134,0.981458875227127,0.9820525879498159,0.9826282690338928,0.9831864739146148,0.9837276695286572,0.9842523448197382,0.9847609537117157,0.9852539700033757,0.9857318620729557,0.9861950146827874,0.9866438823817368,0.9870788794226704,0.9875003965218361,0.9879088217774393,0.9883045461650504,0.9886879439648072,0.9890593678617676,0.9894191678542159,0.9897676794494938
A006,36.182664785,0.0,12.142857142857142,left,1,0.6883583297264055,0.6949458394893485,0.7014192347580371,0.707779712957834,0.7140285029469234,0.7201665063843206,0.7261949698355146,0.7321152444898977,0.7379283380243297,0.7436354748363934,0.7492379455769993,0.7547370386806751,0.7601339031241086,0.7654299644285252,0.7706263879049162,0.7757244336391943,0.7807254992962167,0.785630835987659,0.7904416580109224,0.7951593931356479,0.799785258234817,0.8043205792924594,0.8087667275808695,0.8131249094866294,0.8173965510352892,0.8215827720772744,0.825685015793091,0.8297045277695333,0.8336425769764152,0.8375003998657756,0.8412793220808064,0.8449806485227684,0.8486055091627036,0.8521553217225724,0.8556311910857983,0.8590343695880984,0.8623661169788032,0.8656275857543358,0.8688200482528966,0.8719446212570874,0.8750026147186538,0.8779950746966452,0.8809231305232411,0.8837880330904387,0.8865908071406865,0.8893327000293175,0.8920147646795815,0.8946379839743601,0.8972036367745106,0.8997126304091255,0.9021661074689032,0.9045651077139544,0.9069106001461151,0.9092036296380552,0.9114452975581023,0.9136364284659286,0.9157780982567424,0.9178712721354688,0.9199168113724111,0.9219157766697271,0.9238689795974655,0.9257774489090091,0.9276419711100613,0.9294634646100319,0.931242803933834,0.9329808651160357,0.9346784287994245,0.9363364062118473,0.9379555294811103,0.9395366581500851,0.9410805590140262,0.9425880298692542,0.9440597997644443,0.945496590353036,0.9468992456632951,0.948268446717043,0.9496048138415697,0.9509091932817808,0.9521821862393477,0.9534244582147404,0.9546367326758781,0.9558196206635041,0.9569737748172217,0.958099837292139,0.9591984241252526,0.9602700807589267,0.9613155125155985,0.9623351864478618,0.9633297710044855,0.9642997623594911,0.9652457636019492,0.9661682829007113,0.9670678485307102,0.9679449930896044,0.9688002135414979,0.9696340496084342,0.9704469299984335,0.9712393889413747,0.9720118764480381,0.9727648356434969,0.9734987486107669,0.9742140419008712,0.9749111682471127,0.9755905276481698,0.976252556475067,0.97689764018826
A007,34.25044224,23.714285714285715,inf,right,2,0.858591697901403,0.863591613370887,0.8684337552465773,0.8731222554042105,0.8776611666097073,0.882054247616205,0.8863054221725666,0.890418608542879,0.8943973976530375,0.8982455050091624,0.9019665721157676,0.9055641639146222,0.9090417148453815,0.9124027111164232,0.9156504767366965,0.918788230199174,0.9218192772458101,0.9247467251159093,0.9275735977160585,0.9303029915653832,0.9329377885480438,0.9354808724813081,0.937935089751645,0.9403031148104379,0.942587716958914,0.9447913973602403,0.9469167669827451,0.9489662898896026,0.9509423817370375,0.9528473739019714,0.9546835668713359,0.956453243051521,0.9581584714815706,0.9598014983713433,0.9613842669988665,0.9629088004822509,0.9643770854113718,0.9657909457555607,0.9671522456684072,0.9684627605879135,0.9697242586458881,0.9709383725761206,0.972106719608855,0.9732309209354447,0.9743124604379461,0.9753528834563819,0.9763535921184471,0.977315962714839,0.9782414038150606,0.9791311822798175,0.9799865881186997,0.9808088536394296,0.9815991393365011,0.9823586247745023,0.983088443302753,0.983789620354433,0.9844632474705078,0.9851103183167652,0.9857317825610844,0.9863286325840287,0.9869017368017045,0.9874520252376768,0.9879803047566742,0.9884874155506341,0.9889741511186533,0.9894412905756748,0.9898895585388949,0.9903196839551002,0.9907323442902003,0.9911282205512618,0.9915079500241523,0.9918721489012807,0.9922214217721628,0.9925563301242021,0.9928774596540004,0.9931853363401186,0.9934804570675119,0.9937633524725599,0.9940344839025181,0.9942943088003088,0.9945432926713946,0.9947818496901322,0.9950103996352128,0.9952293465413747,0.9954390704046576,0.99563992643093,0.9958322964675015,0.9960164983545897,0.9961928786633568,0.9963617425344472,0.9965234037529005,0.9966781521408875,0.9968262669910543,0.9969680215676837,0.997103674560693,0.9972334847900407,0.997357683503871,0.9974765049465465,0.9975901758482402,0.997698905424362,0.997802900118795,0.9979023582814299,0.9979974704480465,0.9980884167601519,0.9981753746369,0.9982585076513735
A008,30.07284079,0.0,13.0,left,1,0.7767254365944897,0.7827764111915411,0.7886862774651349,0.7944574804426767,0.8000924615357987,0.805593356728826,0.810962615957081,0.8162026920192429,0.8213157860378102,0.826304227484389,0.831170380625634,0.8359166191564589,0.8405451281535707,0.8450583071223653,0.8494583604317014,0.8537474896772336,0.8579280217193079,0.8620021185708465,0.865971912918631,0.8698396644091622,0.8736074345933587,0.8772773736751082,0.8808516193928847,0.8843321600788047,0.8877211498044585,0.8910204164450508,0.8942321072552293,0.8973581442858514,0.9004004032286784,0.9033608081900363,0.9062412316693143,0.9090435474600131,0.911769499422589,0.9144209979462344,0.9169996586418565,0.9195072604553125,0.9219455263319285,0.9243160550438067,0.9266205351658402,0.9288605431893904,0.9310377377226517,0.9331535791030813,0.9352095671906857,0.9372072659769407,0.9391480607641322,0.9410334711852681,0.9428648718820324,0.9446435420805779,0.9463709719492907,0.9480483622014574,0.9496770810867358,0.9512583813216725,0.9527934606875486,0.9542835493179456,0.9557299037615651,0.9571335599157528,0.9584957161550074,0.9598174980691082,0.9610999334478468,0.962344137186626,0.9635510979124878,0.9647219003995203,0.9658574513500744,0.9669587386394891,0.9680267151704065,0.9690623260819632,0.9700664196464223,0.9710399029057419,0.9719836254080109,0.9728984185875376,0.9737850958031945,0.9746444524008664,0.9754772766386478,0.976284274435885,0.977066252718478,0.9778238940011563,0.9785578674224447,0.9792689340962695,0.9799576911631257,0.9806247810749734,0.9812708934727941,0.9818965930129219,0.9825024848622287,0.9830891835272089,0.9836572297741382,0.9842071528364439,0.9847395465551135,0.9852548743105379,0.9857536933223562,0.986236458524874,0.9867036915678706,0.987155837535855,0.987593357683864,0.9880166818246353,0.9884262541438703,0.9888225120702455,0.9892058216454218,0.9895766047571782,0.9899352479007781,0.9902821162556047,0.9906175710172873,0.9909419739022024,0.9912556711096463,0.9915589894395087,0.9918522518427606,0.9921357678340781
A009,33.777777775000004,0.0,13.857142857142858,left,2,0.6956540535268911,0.7022444077047643,0.7087176628894686,0.71507509499717,0.7213180066416018,0.7274473758172357,0.7334645139140026,0.7393708525655345,0.7451674824171439,0.7508556839247715,0.7564368347223464,0.7619122997758057,0.7672832956553228,0.772551323186744,0.7777176250975805,0.7827835278688922,0.7877504939381401,0.7926198599433462,0.797392906033663,0.802071132461808,0.8066558114227504,0.8111483415001511,0.8155501742466651,0.8198625696987657,0.8240870495600929,0.8282247235617877,0.8322771826080917,0.836245677194438,0.8401315696006528,0.8439361531962541,0.847660790886125,0.8513068417587136,0.8548755257079108,0.8583682926093252,0.8617863179733951,0.8651308877241934,0.8684033264077331,0.8716048359653285,0.8747367342789558,0.8778001859850717,0.8807965430379149,0.883726913453123,0.8865924698418582,0.8893944728775747,0.8921340490812075,0.8948124383482471,0.8974307480155401,0.8999900016428011,0.9024915224839953,0.9049362574352989,0.9073253673137435,0.9096599254354857,0.9119409607276773,0.9141695224882337,0.9163467518089949,0.918473507731593,0.9205509029901408,0.9225799056892832,0.9245614302808222,0.9264965578738502,0.9283861167014444,0.9302311547088233,0.9320325069585758,0.9337910791866955,0.9355078094157943,0.9371835603873654,0.9388191346167276,0.9404154686021443,0.9419733447549913,0.9434935772097057,0.9449770080916682,0.9464243917667298,0.9478365297285944,0.9492141391432468,0.9505580540045527,0.9518689874884431,0.9531475583852762,0.9543946678946468,0.9556108635089483,0.9567968548052297,0.9579533869398552,0.959081064683663,0.9601805323820877,0.9612524694474557,0.9622974681727949,0.9633161130015515,0.9643090938343245,0.9652768890684533,0.9662201664720981,0.9671394165758764,0.9680352833374002,0.9689082398371114,0.9697588432706877,0.9705876147871305,0.9713950662475177,0.9721817239923308,0.9729480217137952,0.9736944912598738,0.9744215956479112,0.9751297677659582,0.9758194877203757,0.9764911932270114,0.9771453344545025,0.9777823013606796,0.9784025277598895,0.9790064087867631
A010,35.55555556,24.714285714285715,inf,right,3,0.6842789255510022,0.6931917481072043,0.7019410242504951,0.7105261338782113,0.7189466632422129,0.7272019194899759,0.735291818788548,0.7432165829078481,0.7509760961933599,0.7585706914407562,0.7660009540366677,0.7732675451143269,0.7803710944064044,0.7873127287494958,0.794093343394361,0.8007140722507843,0.8071763190556338,0.8134814300155279,0.8196307873655759,0.8256261686926321,0.831469118166642,0.8371614460398432,0.8427051035290765,0.8481018627978489,0.8533539170334958,0.8584630526682185,0.8634316057707253,0.868261681206604,0.8729554674442472,0.877515196796886,0.8819431846786275,0.8862418343983096,0.8904133660819857,0.8944603418243636,0.8983849914972546,0.9021897862309504,0.9058771986953964,0.9094495828427602,0.9129094752205534,0.9162592495692378,0.9195014821073344,0.9226384877824538,0.9256726807115598,0.9286065816112825,0.9314425157295172,0.9341829951927011,0.9368303480920646,0.9393868277490887,0.9418549534718563,0.9442369240573997,0.9465351022998643,0.9487517160330063,0.950888994241829,0.9529491445668581,0.954934433997451,0.956846867221424,0.9586886732491627,0.9604618870233699,0.9621685039735332,0.9638106378240847,0.9653901636260875,0.9669091102101793,0.9683693052249063,0.9697726137410659,0.9711208777950353,0.9724159016732198,0.9736593712735419,0.9748530544680668,0.9759985787925602,0.977097581640565,0.9781516626293592,0.9791623544495204,0.9801311740815815,0.9810595743886684,0.9819490351504379,0.9828009436909306,0.9836166042748367,0.9843974247974342,0.9851446163975174,0.985859444552654,0.9865431585078296,0.9871968946385958,0.987821812563625,0.9884190236801826,0.9889895999735608,0.9895345528228826,0.9900549482623909,0.9905516966137758,0.9910257933843664,0.9914781186467729,0.9919095838366838,0.9923210224574804,0.9927132641948365,0.9930871061862387,0.9934433144677411,0.9937826441730728,0.9941057935916263,0.994413462840129,0.9947063192578944,0.9949849932006326,0.995250108638581,0.9955022599909824,0.9957420251416648,0.9959699435961142,0.9961865510434411,0.9963923497530974
A011,36.93444137,16.142857142857142,20.571428571428573,interval,3,0.5036092980505529,0.5121701665549845,0.5206694125799565,0.5291049197916012,0.5374746399873543,0.545776187835867,0.5540076754159614,0.5621674289014909,0.5702533772716043,0.5782638123077062,0.586197207431671,0.5940520651454682,0.6018267815475788,0.6095202189208727,0.6171309578363278,0.624657741161093,0.632099622979118,0.6394555069167467,0.6467242928174981,0.6539053281331757,0.6609976470833073,0.6680005682673922,0.6749135405119695,0.6817358365570381,0.6884671532193881,0.6951067146417316,0.7016544389498582,0.7081099219223709,0.7144728619928598,0.7207430615473702,0.7269204227216405,0.7330049483836149,0.7389964242147624,0.7448952024760516,0.7507010844923534,0.7564142900433535,0.7620351170564158,0.7675636242001473,0.7730002505656395,0.7783452332882466,0.7835991475531607,0.788762197037407,0.7938348400571928,0.7988176725117677,0.8037111256751786,0.8085159354746481,0.8132326043207704,0.8178616060792353,0.822403927232465,0.826860026090621,0.8312307015125457,0.8355167380127951,0.8397188010004959,0.8438377371677896,0.8478745465381474,0.8518297485055633,0.8557044433980819,0.8594994542422787,0.8632155544713314,0.8668538871451017,0.8704151664684511,0.8739005621931429,0.8773108239930397,0.8806469756184007,0.8839100419421384,0.8871010334310598,0.8902208163727984,0.8932705645296513,0.8962511326499323,0.8991636456782556,0.9020090836543867,0.9047884791617324,0.9075028337052196,0.9101531195259811,0.9127405478181276,0.9152660489675519,0.9177305280112545,0.9201352876177038,0.9224811296761506,0.9247691059907889,0.9270003703138738,0.9291758100833915,0.9312964864120195,0.9333634451209935,0.935377674651402,0.9373400689277216,0.9392518311320392,0.9411137068172244,0.9429268651082192,0.9446921497471565,0.9464106334847104,0.9480831910979682,0.9497107869676301,0.951294359509333,0.9528348224707389,0.954333167012244,0.9557901725624004,0.9572068300346832,0.9585840191628336,0.9599225649383529,0.9612233625358968,0.9624872801206901,0.9637151458922298,0.964907779115456,0.9660660307988782,0.967190644867944
A012,30.593132155,11.428571428571429,16.142857142857142,interval,3,0.6936294128769576,0.7025005128181137,0.71120228770687,0.7197343208116527,0.7280963892683459,0.7362879876264895,0.7443092357031084,0.7521605443364816,0.7598420348099757,0.767354214284223,0.7746978836410721,0.7818739104539266,0.7888831333661235,0.7957268831133819,0.8024062630114283,0.8089226031638252,0.815277537258021,0.8214725948580408,0.8275093509112255,0.8333897861573295,0.8391156418825153,0.8446889190533939,0.8501117378442333,0.8553860924787848,0.8605143350633937,0.8654984351960459,0.8703408962028573,0.8750439926413552,0.879610077393155,0.8840415426009371,0.8883408720896869,0.8925105868942252,0.8965530566660287,0.9004710056092611,0.9042667891005454,0.9079430058728171,0.9115022640014571,0.914947013442689,0.918279902058724,0.9215034394469286,0.9246202876322445,0.9276328645190095,0.9305436892380065,0.9333553334595499,0.9360702421392941,0.9386909996343251,0.9412199687712743,0.943659526853669,0.946012246961437,0.948280354182154,0.9504662639009074,0.9525723089389541,0.9546006943899918,0.9565537210707308,0.9584336870292844,0.9602426057151269,0.9619827307079576,0.9636561550353404,0.9652648975785192,0.9668110562503711,0.968296528198141,0.9697233876726736,0.9710934239382282,0.9724085572477073,0.9736705946439472,0.9748813513910691,0.9760425147706425,0.9771558436190773,0.978222960798625,0.9792454935508961,0.9802250198583704,0.9811630877695452,0.9820611706495244,0.9829207065908158,0.9837431780056451,0.9845299275943734,0.9852822503205196,0.9860015242448399,0.9866889419413728,0.9873457421361644,0.9879731445907198,0.9885722616139927,0.9891442173006211,0.9896901113047828,0.9902109685589451,0.9907077786640649,0.9911815717889266,0.991633232979438,0.9920637216306927,0.9924738847188341,0.9928646080183301,0.9932366942307969,0.9935909321167486,0.9939280869835517,0.9942489004342816,0.994554093602828,0.9948443275153285,0.9951202697756267,0.9953825620661236,0.9956318039215396,0.9958685815838855,0.996093461473621,0.9963069877454421,0.9965096782300664,0.9967020306484473,0.9968845210246758
A013,35.75595619,0.0,11.571428571428571,left,0,0.6297074051281046,0.6368292197597654,0.6438495894745525,0.6507688995482145,0.6575875758657557,0.6643057176563265,0.6709238120482226,0.6774424817733279,0.6838620060944434,0.690182905935879,0.6964058218771234,0.7025313778431429,0.7085600825187759,0.714492764238219,0.7203300079100261,0.7260724784367585,0.731721036240848,0.7372764148405936,0.7427392830083641,0.7481106213061708,0.75339113402993,0.7585817043361943,0.7636832845923031,0.7686966391405187,0.7736228191986764,0.7784625038738348,0.7832168212290413,0.7878866436512223,0.7924728773555272,0.7969764786166438,0.8013984308778754,0.8057397608442052,0.8100012997946023,0.8141842310924978,0.8182893619249199,0.8223177334560551,0.8262704094149719,0.8301482580933606,0.833952386963431,0.8376837074856119,0.8413433788448423,0.8449322427106725,0.8484512986578758,0.8519016274463425,0.8552841186074284,0.8585999084105929,0.8618499086487096,0.8650349791655054,0.8681563440238054,0.8712147825191965,0.8742113691774941,0.8771470407350499,0.8800227246221343,0.8828393985084336,0.8855981157721609,0.8882996055300381,0.8909449693672735,0.8935351021663078,0.8960708165429673,0.8985532072505413,0.9009830035597919,0.9033612792942289,0.9056887913962606,0.9079664324837443,0.9101951046031791,0.9123756921290818,0.9145089742651131,0.9165958910305577,0.9186371900505351,0.9206337632123069,0.9225863872859843,0.9244958826268984,0.9263630518111414,0.9281886011191319,0.9299734467166255,0.9317183152548945,0.9334238541695733,0.9350909863770964,0.9367203255075928,0.9383126090332905,0.939868617224404,0.9413890002299725,0.9428744826278784,0.9443257798903684,0.9457435416157227,0.947128374625871,0.9484810826258941,0.9498021474549629,0.9510923535649999,0.9523522083367604,0.9535824404595048,0.9547835962859968,0.9559563005598127,0.9571011039356649,0.9582186151848745,0.959309448710619,0.9603740858462027,0.961413125511515,0.9624271260017736,0.9634165788638234,0.9643820133257011,0.9653239782825962,0.9662429851035548,0.9671394968523286,0.9680140239421284,0.9688670160075148
A014,35.627190975000005,16.285714285714285,20.0,interval,2,0.8484348679076352,0.8536071562950306,0.8586226427209902,0.8634852274686802,0.8681987578353711,0.8727667246691131,0.8771928980618892,0.8814809916819019,0.88563440640124,0.8896566850791456,0.893551305690279,0.8973216783842781,0.9009710885648738,0.9045028878900229,0.9079202695884033,0.9112263273262271,0.9144242582146116,0.9175170615717058,0.9205076596639217,0.9233990626509584,0.9261940644162328,0.928895460242276,0.9315060502179744,0.9340284491894202,0.9364653300499471,0.9388191346167276,0.9410924713412755,0.9432877587192026,0.9454073161052639,0.9474534981251223,0.9494285756752926,0.9513347567330656,0.9531741532065154,0.9549489362864527,0.9566610791073399,0.958312596449247,0.9599054256779417,0.9614414303646918,0.9629224766338161,0.9643503134024005,0.9657267335027321,0.9670533742620092,0.9683318628329954,0.9695638248880851,0.9707507929897333,0.9718942855755813,0.9729957686809672,0.9740565900740575,0.9750782321863927,0.9760619472252315,0.9770090533706978,0.9779208305557427,0.97879846249931,0.9796431309606938,0.9804560299819135,0.9812382082224106,0.9819907669578655,0.9827147563049091,0.9834111540927273,0.9840809669015081,0.9847251228170455,0.9853445603841355,0.9859401445765342,0.9865127226628999,0.987063150265667,0.9875922215353068,0.9881006938897211,0.9885893452247465,0.9890588849611974,0.9895100127254162,0.9899434168622736,0.9903597411095005,0.9907596247938162,0.9911436657422615,0.9915124771975592,0.9918666219180103,0.9922066220315876,0.9925330591105842,0.9928464060378982,0.9931471642669658,0.9934358333956113,0.9937128481951941,0.9939786641005725,0.9942337162767289,0.9944784104796129,0.9947131391066899,0.994938307032981,0.9951542597625621,0.9953613747404056,0.9955599796281369,0.9957504253219498,0.9959330162220218,0.996108065368979,0.9962758690720739,0.9964367129680071,0.9965908769580377,0.9967386146593493,0.9968801909068966,0.9970158494780806,0.9971458213482911,0.9972703391282114,0.9973896207175704,0.997503879564898,0.9976133122387854,0.9977181168444864,0.9978184789233859
A015,31.133333335,12.857142857142858,15.857142857142858,interval,0,0.7857719397837256,0.7921278762417998,0.7983264414663633,0.8043702734062779,0.8102620138275601,0.8160040302984507,0.8215989937651956,0.8270496264539704,0.8323584055465456,0.8375279072208744,0.8425608460252536,0.8474598537306247,0.8522274453184224,0.8568663868680577,0.8613791484703585,0.8657683069437421,0.8700365325057781,0.874186327084703,0.8782201702569266,0.8821406815707817,0.8859502641489065,0.8896514372074368,0.8932466788229817,0.8967383546280363,0.9001289426345159,0.9034206548212992,0.9066159587842584,0.9097171349677362,0.9127264036711463,0.9156460259258072,0.9184782219172896,0.9212251822746771,0.9238889729035927,0.9264718178406743,0.9289756752781335,0.931402622214558,0.9337546662544876,0.9360337273983219,0.9382417866525452,0.9403806845974071,0.9424523772362046,0.9444585741967467,0.9464010611342948,0.9482816507443453,0.9501019968683989,0.951863817397074,0.9535687637774538,0.9552183415207914,0.9568142471710989,0.9583579469262568,0.959850946198813,0.9612947361163358,0.9626907034286454,0.9640402820392848,0.9653448738943006,0.9666057405829508,0.9678242282211799,0.969001599097509,0.9701390634949784,0.9712378923726772,0.9722991926162389,0.9733241899023053,0.9743139405208588,0.9752695464829234,0.97619209323814,0.9770826071046294,0.9779420698494539,0.9787714995852904,0.9795718193900461,0.9803439683767731,0.9810888517477494,0.9818073336720213,0.9825002822357722,0.9831684921808093,0.9838128197252909,0.9844340319232928,0.9850328463572947,0.9856100739899808,0.9861663770379193,0.9867024589174466,0.9872190160780051,0.9877166848133251,0.9881961100556097,0.9886579175114402,0.989102696429183,0.9895310083852026,0.9899434609749126,0.9903405489568496,0.9907228450882881,0.9910908258004926,0.9914450196763208,0.991785894036892,0.9921139077725624,0.9924295152243464,0.9927331564865673,0.9930252659943327,0.9933062315682658,0.993576461853744,0.9938363439917118,0.9940862380112352,0.9943265075170471,0.9945574972708402,0.994779554258044,0.9949929909880725,0.9951981262442123,0.9953952560952252
A016,30.68418523,0.0,12.714285714285714,left,1,0.7577781197826964,0.7639905978066639,0.7700672720641518,0.7760102750816584,0.7818217633113362,0.7875035651299354,0.7930578109562741,0.7984867109466045,0.8037921541859191,0.8089762091171717,0.8140409786817305,0.81898858399999,0.8238209394369169,0.8285402641674098,0.8331484546638096,0.8376475389632976,0.8420396127584449,0.8463266423355632,0.8505105194375183,0.8545933298686887,0.8585769414809177,0.862463323934455,0.8662544422587968,0.8699521112994263,0.8735583302076073,0.877074759273736,0.8805034070062858,0.8838460353500981,0.8871044241074686,0.8902803233840355,0.8933754956394828,0.896391697839354,0.8993305549221134,0.9021938656420239,0.9049831725614625,0.9077001207878189,0.9103463568666467,0.9129233738077037,0.915432820189097,0.9178761540236806,0.9202549809188263,0.9225706844875654,0.9248247098251524,0.9270185330685015,0.9291535219176146,0.9312311074537666,0.9332526359390013,0.9352193317598526,0.9371326693980475,0.9389938087150671,0.9408040508129577,0.9425646367655031,0.9442767317225105,0.9459415428290072,0.947560312997711,0.9491340440319336,0.9506639252476169,0.952151070247083,0.9535964880852269,0.9550012913556629,0.9563664556010278,0.9576930703862958,0.9589820288188038,0.9602343209009594,0.9614509020164769,0.9626327237452285,0.9637806319169442,0.9648955441136362,0.9659783168440247,0.9670297903398419,0.968050788494306,0.9690421188268085,0.9700045850114367,0.970938899678295,0.9718458964741623,0.9727262690310958,0.9735806990982986,0.9744099794481709,0.975214704682413,0.9759955693693481,0.9767532615520963,0.9774883701068161,0.9782015238027227,0.9788933659379172,0.9795644562626442,0.980215343928948,0.980846657793134,0.981458875227127,0.9820525879498159,0.9826282690338928,0.9831864739146148,0.9837276695286572,0.9842523448197382,0.9847609537117157,0.9852539700033757,0.9857318620729557,0.9861950146827874,0.9866438823817368,0.9870788794226704,0.9875003965218361,0.9879088217774393,0.9883045461650504,0.9886879439648072,0.9890593678617676,0.9894191678542159,0.9897676794494938
A017,28.46648301,0.0,13.714285714285714,left,3,0.7676988624644459,0.7759705937587649,0.784028581689796,0.7918744334778154,0.7995099573876574,0.8069367456611678,0.814156978553116,0.8211731207568252,0.8279873530806907,0.8346022663183703,0.8410206767446391,0.8472454662093261,0.8532794887752789,0.8591260150324943,0.8647881082920414,0.87026902042628,0.8755722009107597,0.8807010605282597,0.8856589711181614,0.8904496272355021,0.8950764975105806,0.8995432307517797,0.9038535359761819,0.908010998918147,0.9120194098838419,0.9158822474426491,0.9196034005749704,0.9231864617724214,0.9266350779694283,0.9299529025807584,0.9331435756166372,0.9362107272375513,0.939157827702281,0.941988565825127,0.9447062724209612,0.9473144721358168,0.9498165758763175,0.9522158697989144,0.954515708670798,0.9567193320210575,0.958829980554646,0.9608507026131365,0.9627845787806003,0.9646346488377417,0.9664038383496826,0.9680950576612231,0.9697111164095347,0.9712546799372908,0.9727285759428125,0.9741353128650279,0.9754774826015294,0.9767575768857713,0.9779779727580358,0.9791410283369447,0.9802490741311971,0.9813042456123113,0.9823087554708091,0.9832646623559459,0.9841739589303052,0.9850386557697254,0.985860593131868,0.9866416490102639,0.9873835552395399,0.9880880227850527,0.9887567108913926,0.9893912207149553,0.9899930577755711,0.9905637307644158,0.9911046449130793,0.9916171758221104,0.9921026474769429,0.9925623202790342,0.9929974159282335,0.9934090966505852,0.9937985067154761,0.9941667205368216,0.9945147493457055,0.9948436216960038,0.9951542566838474,0.995447571752538,0.9957244529359346,0.9959857170479509,0.9962321680963665,0.9964645691492966,0.9966836470582511,0.9968900856033099,0.9970845699186263,0.9972677081859737,0.9974401226469146,0.9976023761058451,0.9977550248187013,0.9978985881067823,0.9980335593368246,0.99816041273757,0.9982795965783989,0.9983915422316847,0.9984966496727591,0.9985953075481336,0.9986878823471808,0.9987747179190233,0.998856145700232,0.9989324779627592,0.9990040123859016,0.9990710261064716,0.9991337865458171,0.999192543161096
A018,28.13365651,0.0,13.285714285714286,left,1,0.7577781197826964,0.7639905978066639,0.7700672720641518,0.7760102750816584,0.7818217633113362,0.7875035651299354,0.7930578109562741,0.7984867109466045,0.8037921541859191,0.8089762091171717,0.8140409786817305,0.81898858399999,0.8238209394369169,0.8285402641674098,0.8331484546638096,0.8376475389632976,0.8420396127584449,0.8463266423355632,0.8505105194375183,0.8545933298686887,0.8585769414809177,0.862463323934455,0.8662544422587968,0.8699521112994263,0.8735583302076073,0.877074759273736,0.8805034070062858,0.8838460353500981,0.8871044241074686,0.8902803233840355,0.8933754956394828,0.896391697839354,0.8993305549221134,0.9021938656420239,0.9049831725614625,0.9077001207878189,0.9103463568666467,0.9129233738077037,0.915432820189097,0.9178761540236806,0.9202549809188263,0.9225706844875654,0.9248247098251524,0.9270185330685015,0.9291535219176146,0.9312311074537666,0.9332526359390013,0.9352193317598526,0.9371326693980475,0.9389938087150671,0.9408040508129577,0.9425646367655031,0.9442767317225105,0.9459415428290072,0.947560312997711,0.9491340440319336,0.9506639252476169,0.952151070247083,0.9535964880852269,0.9550012913556629,0.9563664556010278,0.9576930703862958,0.9589820288188038,0.9602343209009594,0.9614509020164769,0.9626327237452285,0.9637806319169442,0.9648955441136362,0.9659783168440247,0.9670297903398419,0.968050788494306,0.9690421188268085,0.9700045850114367,0.970938899678295,0.9718458964741623,0.9727262690310958,0.9735806990982986,0.9744099794481709,0.975214704682413,0.9759955693693481,0.9767532615520963,0.9774883701068161,0.9782015238027227,0.9788933659379172,0.9795644562626442,0.980215343928948,0.980846657793134,0.981458875227127,0.9820525879498159,0.9826282690338928,0.9831864739146148,0.9837276695286572,0.9842523448197382,0.9847609537117157,0.9852539700033757,0.9857318620729557,0.9861950146827874,0.9866438823817368,0.9870788794226704,0.9875003965218361,0.9879088217774393,0.9883045461650504,0.9886879439648072,0.9890593678617676,0.9894191678542159,0.9897676794494938
A019,29.296875,0.0,12.285714285714286,left,1,0.7767254365944897,0.7827764111915411,0.7886862774651349,0.7944574804426767,0.8000924615357987,0.805593356728826,0.810962615957081,0.8162026920192429,0.8213157860378102,0.826304227484389,0.831170380625634,0.8359166191564589,0.8405451281535707,0.8450583071223653,0.8494583604317014,0.8537474896772336,0.8579280217193079,0.8620021185708465,0.865971912918631,0.8698396644091622,0.8736074345933587,0.8772773736751082,0.8808516193928847,0.8843321600788047,0.8877211498044585,0.8910204164450508,0.8942321072552293,0.8973581442858514,0.9004004032286784,0.9033608081900363,0.9062412316693143,0.9090435474600131,0.911769499422589,0.9144209979462344,0.9169996586418565,0.9195072604553125,0.9219455263319285,0.9243160550438067,0.9266205351658402,0.9288605431893904,0.9310377377226517,0.9331535791030813,0.9352095671906857,0.9372072659769407,0.9391480607641322,0.9410334711852681,0.9428648718820324,0.9446435420805779,0.9463709719492907,0.9480483622014574,0.9496770810867358,0.9512583813216725,0.9527934606875486,0.9542835493179456,0.9557299037615651,0.9571335599157528,0.9584957161550074,0.9598174980691082,0.9610999334478468,0.962344137186626,0.9635510979124878,0.9647219003995203,0.9658574513500744,0.9669587386394891,0.9680267151704065,0.9690623260819632,0.9700664196464223,0.9710399029057419,0.9719836254080109,0.9728984185875376,0.9737850958031945,0.9746444524008664,0.9754772766386478,0.976284274435885,0.977066252718478,0.9778238940011563,0.9785578674224447,0.9792689340962695,0.9799576911631257,0.9806247810749734,0.9812708934727941,0.9818965930129219,0.9825024848622287,0.9830891835272089,0.9836572297741382,0.9842071528364439,0.9847395465551135,0.9852548743105379,0.9857536933223562,0.986236458524874,0.9867036915678706,0.987155837535855,0.987593357683864,0.9880166818246353,0.9884262541438703,0.9888225120702455,0.9892058216454218,0.9895766047571782,0.9899352479007781,0.9902821162556047,0.9906175710172873,0.9909419739022024,0.9912556711096463,0.9915589894395087,0.9918522518427606,0.9921357678340781
A020,29.818653904999998,0.0,12.285714285714286,left,0,0.8004193856922567,0.8066086736247559,0.8126363350893235,0.8185053546007114,0.8242186562447296,0.8297789280304678,0.8351891350077294,0.840452283175707,0.8455711334945021,0.8505485344792839,0.8553874592297289,0.8600907921884506,0.8646612970140496,0.8691019533193652,0.8734155115604813,0.8776047204381514,0.8816724719754503,0.8856214725708096,0.8894543839862256,0.8931740355918888,0.896783011963707,0.9002839713046201,0.9036795659556781,0.9069723186856199,0.9101648491496939,0.9132595048326047,0.9162589153448852,0.9191654493941241,0.9219814611864182,0.9247093217271145,0.927351355009344,0.9299098487059615,0.932386965846795,0.9347850080328897,0.9371060214620266,0.9393521443594195,0.941525482890786,0.9436279934720256,0.9456617213967208,0.9476285645463015,0.9495305191628898,0.9513693475461341,0.9531468745797329,0.9548649423521036,0.956525240450139,0.9581295098623375,0.9596794238795918,0.9611765164235054,0.9626224881169099,0.9640188239227956,0.9653670380183629,0.9666686252278989,0.9679249800377809,0.9691375333422021,0.970307681110558,0.9714366875758869,0.9725258870822704,0.9735765332642919,0.9745898279416148,0.9755670215706685,0.9765092133602251,0.9774176029313855,0.9782932346141473,0.9791371884958106,0.9799505251479129,0.9807342482625433,0.9814893178488788,0.9822167214041487,0.9829173586638467,0.983592139260751,0.984241939017657,0.9848675939627475,0.9854699396365932,0.9860497440345692,0.9866078247986494,0.9871449185699382,0.9876617158625703,0.9881589843577191,0.9886373601152836,0.9890975115852555,0.9895400980158561,0.9899657240220089,0.9903749986916882,0.9907685117607935,0.9911468190845352,0.991510450340871,0.9918599716033251,0.9921958507044922,0.9925186190584689,0.9928287242497524,0.9931266555341461,0.9934128482707617,0.9936877286063662,0.9939517167583347,0.994205218935992,0.994448634576482,0.9946823223334204,0.9949066563515553,0.9951219910402807,0.9953286565875408,0.9955269844580358,0.9957172888920525,0.9958998843399474,0.9960750553341292,0.9962430900892675,0.9964042567576883
A021,35.308888885,0.0,13.571428571428571,left,2,0.6875998591290398,0.6942176708306702,0.7007210272017483,0.7071111111935162,0.7133891336639042,0.7195559745932156,0.725612876676432,0.7315611571323704,0.7374018176382489,0.7431360728503562,0.7487652154466714,0.7542905061098152,0.7597130881752314,0.7650343727075728,0.770255542032657,0.7753778337803803,0.7804026446402303,0.7853312157514302,0.7901647525998671,0.7949047044307995,0.7995522615853038,0.8041087633276317,0.8085755662445837,0.8129539099805662,0.8172451886053353,0.8214505009819665,0.8255713617381543,0.8296089778842046,0.8335645998036109,0.837439517219094,0.8412350204183345,0.84495241552145,0.8485928683834356,0.8521577979859725,0.8556482776829729,0.8590655961790963,0.8624110322558974,0.8656856928393956,0.8688909026983118,0.8720277664117433,0.8750975983070617,0.8781014645453855,0.881040498993258,0.8839159424134333,0.8867288400091775,0.8894804444307264,0.8921718142531876,0.8948039524257678,0.8973781152724541,0.8998952583014423,0.9023565022180808,0.9047628933771595,0.9071154339075435,0.9094151484502639,0.9116631580038469,0.9138602938875626,0.9160076508801177,0.9181061758945417,0.9201567617480833,0.9221604752068399,0.924118122722184,0.9260307397396534,0.9278991425440763,0.9297242331318383,0.9315068930087556,0.933248037460155,0.9349484103207766,0.9366089509556556,0.9382304289153492,0.9398136479975888,0.9413594424701368,0.9428685759451784,0.9443417844191108,0.9457798341162551,0.9471835364663573,0.9485535975154545,0.949890643606052,0.9511955260628738,0.9524688347164437,0.9537112754521533,0.9549235593693491,0.9561062867013232,0.957260132293202,0.9583857592389134,0.959483756901426,0.9605547073625094,0.9615993046437522,0.9626180213159433,0.9636115301899244,0.9645803184501395,0.9655250359034032,0.96644615318211,0.9673442305150715,0.9682197910251364,0.9690733489205674,0.9699054346243853,0.9707164814145572,0.9715070272670657,0.972277538176599,0.9730284489931051,0.9737602454255115,0.9744733690432585,0.975168275426911,0.9758453569556222,0.9765050533429893,0.9771477639210221
A022,29.35418411,0.0,11.0,left,3,0.7109713668995181,0.7197462309463695,0.728341099842158,0.7367559417480749,0.7449909039525435,0.7530459113426959,0.7609214859661675,0.7686184213457502,0.7761372536263558,0.7834789323599436,0.7906446285351054,0.7976356600627761,0.8044532509222129,0.8110991445698819,0.8175748543372294,0.8238821234167705,0.8300229426821074,0.8359992824668219,0.8418130918325701,0.8474667263014536,0.8529623074981237,0.8583022028969562,0.8634888893720709,0.8685247341603114,0.8734123926613888,0.8781541825729172,0.8827529533400285,0.8872112975416357,0.8915318317674166,0.8957172900656233,0.899770426133943,0.9036940345152172,0.9074907584844157,0.911163565064771,0.9147150780416371,0.9181480896593521,0.9214654655057044,0.9246698634809494,0.9277641391491427,0.9307509745050274,0.9336332056350823,0.9364134630285256,0.9390943753859629,0.9416787326747159,0.9441690643497589,0.9465680789465772,0.9488783248983264,0.9511022410850115,0.9532425078414859,0.955301458488545,0.9572815882229714,0.9591852901419512,0.9610148929621216,0.9627727073266927,0.964461077813205,0.9660821233540325,0.967638082696214,0.9691310961370856,0.9705632006886694,0.9719365305694635,0.9732530046030617,0.9745146548035284,0.9757233306490729,0.9768808982174889,0.9779891898267302,0.9790500017740515,0.9800649899987434,0.981035893245754,0.9819643035088332,0.9828518338055906,0.9837000268078904,0.9845103673873065,0.9852843226793931,0.9860232666683737,0.9867286338497588,0.9874017228941003,0.9880437777493327,0.988656124739057,0.9892399109422183,0.9897963045160908,0.990326468152272,0.9908314606835763,0.9913123442834165,0.9917701491716227,0.9922058507875728,0.9926203787598956,0.9930146781140321,0.9933895930641723,0.9937460067533568,0.9940847115389345,0.9944065155394889,0.9947121610293964,0.9950023802148177,0.9952778740570835,0.9955393137153558,0.9957873583932366,0.9960226082958574,0.9962456753030059,0.9964571304518746,0.9966575150559893,0.9968473602923161,0.9970271727946343,0.997197433931185,0.9973586070528231,0.9975111340930386,0.9976554366437711
A023,30.0432623,0.0,13.0,left,0,0.8132644129311488,0.8192905014055883,0.8251515970984816,0.8308509344867396,0.8363917891892392,0.8417770829957618,0.8470100696103208,0.8520940152647989,0.8570319405444409,0.861826942038698,0.8664822272443962,0.8710009088901631,0.875385974581495,0.8796406098732777,0.8837677711307226,0.8877704040334491,0.8916515674306892,0.8954141908156784,0.8990610659570468,0.9025951921074243,0.9060193119842291,0.9093362291043506,0.9125487320099949,0.9156594649590188,0.9186712043121661,0.9215863860319877,0.9244077527409161,0.9271377684593856,0.9297789205043566,0.93233363501212,0.9348043202133871,0.9371933624298548,0.9395030009980688,0.9417355763773136,0.9438932136671849,0.9459781053246404,0.9479924058556854,0.9499381230994669,0.9518173394996764,0.9536319935381101,0.9553840903641345,0.9570754782775092,0.9587079570056739,0.9602834009780427,0.9618035211557462,0.9632700688108716,0.9646847264501753,0.9660490429424236,0.9673647126936227,0.9686332272880108,0.9698560988755031,0.9710348159342077,0.9721707701631784,0.9732653804697546,0.9743200283917399,0.9753359712269725,0.9763145241055139,0.9772569242410623,0.9781643572987169,0.9790380474408479,0.9798790786311888,0.980688619757698,0.9814676965209429,0.9822173620648942,0.9829386476808131,0.9836325298378663,0.9842999421958156,0.9849418386213118,0.9855590914847062,0.9861525780710516,0.9867231352716063,0.9872715887409838,0.9877987191095682,0.9883052718056399,0.9887920254327505,0.9892596845401027,0.9897089104638128,0.9901404285256068,0.9905548467049888,0.9909527982903223,0.9913349057246992,0.9917017415145626,0.9920538794085868,0.992391873884042,0.9927162478098849,0.9930274992531815,0.993326155061639,0.9936126558203999,0.9938874942227575,0.9941510893776188,0.9944038938020741,0.9946463088681031,0.994878739616086,0.9951015641886436,0.9953151604277062,0.9955198953467478,0.9957160999657455,0.9959041167152545,0.9960842698548973,0.9962568618568177,0.996422192400994,0.9965805549773794,0.9967322274394858,0.9968774710519296,0.9970165464682164,0.9971496964899145
A024,33.90039448,11.571428571428571,16.0,interval,2,0.8092023289798221,0.8149311040585606,0.8205098370019314,0.8259415965375424,0.8312294128563775,0.836376024263231,0.8413844114499366,0.8462575848673122,0.8509982874683863,0.8556093567892387,0.860093645999329,0.8644540161292924,0.8686931222836264,0.8728137988336779,0.8768187008922893,0.8807104639596128,0.8844917891498245,0.8881652421091732,0.8917333162753844,0.89519864530605,0.898563625596635,0.9018307444137069,0.9050024466978702,0.9080810289701448,0.9110689303193285,0.9139682610952604,0.9167814336812732,0.9195105847053263,0.9221578928872325,0.9247254542796153,0.9272153767868423,0.9296297298343517,0.9319704563497057,0.9342396160165481,0.9364390449418328,0.9385706605969135,0.9406363091285472,0.9426377685122757,0.9445768472479247,0.9464552272908513,0.9482746746208237,0.9500367758727977,0.9517431285428186,0.9533953530593264,0.9549949696656692,0.9565435033029607,0.9580424157524053,0.9594930935873554,0.9608970346888904,0.9622554921593985,0.9635698736422682,0.9648414668888494,0.9660715050605584,0.9672612233518294,0.9684118944512368,0.969524604702538,0.9706005332965632,0.9716408052003973,0.9726464475370575,0.9736185931735333,0.9745582080936388,0.97546633711053,0.9763439113751516,0.9771918935849301,0.97801121107843,0.9788027574610076,0.979567375215667,0.9803059519716822,0.9810192862334165,0.9817081749687334,0.9823734113340262,0.9830157330738244,0.9836358836280477,0.9842345543598421,0.9848124726604006,0.9853702988596492,0.9859086401524714,0.9864282089505139,0.9869295559677678,0.9874132873433621,0.987880010446897,0.9883302633692803,0.9887645887426572,0.9891835312558499,0.9895875900494071,0.9899772507942032,0.9903530285965257,0.9907153479441981,0.9910646947378904,0.991401479011842,0.99172615773726,0.9920391162725052,0.9923407617214016,0.9926314794714725,0.9929116432095861,0.993181623296095,0.9934417504155775,0.9936923810878389,0.9939338370974148,0.9941664379354526,0.9943904894847627,0.9946062915341445,0.9948141374779783,0.9950142951543455,0.9952070401203538,0.9953926297345532
A025,29.75206612,0.0,11.0,left,0,0.7899290964781933,0.7962397626499553,0.8023918058343427,0.8083879714998108,0.814230977908824,0.8199232974565023,0.8254676277417295,0.8308668431993969,0.8361234280249901,0.8412401056444041,0.8462195928072845,0.8510646612365971,0.8557778441961083,0.860361973043767,0.8648196163953767,0.8691533962975437,0.8733660411470037,0.8774601106944617,0.8814381402357517,0.8853028005967083,0.8890565467059749,0.8927019454402212,0.8962415205793366,0.8996776826957269,0.9030129504573351,0.9062495783532972,0.9093900698042772,0.9124367416935658,0.9153918618712898,0.9182576981673142,0.9210365017888773,0.9237305158992223,0.9263418226371345,0.9288726689964437,0.9313250500464573,0.9337010311431364,0.9360026731453157,0.9382319050868315,0.9403907244137633,0.9424809890454138,0.9445046675111272,0.9464634854889861,0.9483592408908287,0.9501937558864103,0.9519686955953809,0.9536858025651477,0.9553466846930175,0.9569529075834053,0.9585061688463847,0.9600078939181708,0.9614596390458313,0.9628628817793731,0.9642190121781675,0.965529464383706,0.9667956397222045,0.9680188016180997,0.9692002938932666,0.970341377421875,0.9714432611172991,0.9725072111065947,0.9735343331073006,0.9745258463420178,0.9754828046778402,0.9764063153662851,0.9772974260785215,0.9781571892139423,0.9789865707031804,0.9797865807914081,0.9805581367675953,0.9813021701683416,0.9820195786295283,0.9827112190934539,0.9833779511272718,0.9840205626130119,0.9846398994645088,0.9852367207744924,0.9858117443142174,0.9863657547022732,0.9868994080205916,0.9874134120712849,0.9879084462911203,0.9883851385279779,0.9888441240359166,0.9892860187850077,0.9897114030178968,0.9901208297224162,0.990514895074531,0.9908940866564684,0.9912589658153539,0.9916100012065711,0.991947710549701,0.9922725524385011,0.9925849767882837,0.992885428540715,0.9931743384407475,0.9934521351519064,0.9937191867177098,0.993975907641276,0.9942226610369743,0.9944598096918966,0.9946877045888732,0.9949066852034123,0.9951170797986332,0.995319202724576,0.9955133609990072,0.9956998428981133
A026,28.04037814,16.0,21.285714285714285,interval,0,0.8084830514658862,0.8145718167582071,0.8204968082016796,0.826261166043186,0.8318680031349066,0.837320186372132,0.8426208493980588,0.8477731603785605,0.8527800421334657,0.8576444979621644,0.8623696473452456,0.8669585173812018,0.8714140117583579,0.8757392390131103,0.8799370785598271,0.8840104025728083,0.8879622167883581,0.8917953406580734,0.8955125447141187,0.8991167562383526,0.9026106593858128,0.9059970039986731,0.9092785284211186,0.9124578273330196,0.9155376341292446,0.9185203377810912,0.9214086445411046,0.9242049792315549,0.9269117940136167,0.9295314818702317,0.9320664317995073,0.9345189809120499,0.9368913312241854,0.9391858436782798,0.9414046177377552,0.943549786666761,0.9456235083987171,0.9476277727599897,0.9495646315614557,0.9514360632070288,0.9532440101363936,0.954990311193294,0.9566768064956631,0.9583053005939249,0.9598775463045348,0.9613952910074923,0.9628601700130852,0.9642737727227737,0.9656377958267105,0.9669536881652134,0.9682230051919786,0.9694472250477614,0.9706277539258076,0.9717659792140086,0.9728633376004874,0.9739210426688966,0.9749404527200981,0.9759228004184578,0.976869278435191,0.9777811216618936,0.978659420700868,0.9795053567682825,0.9803199634164639,0.9811043136247527,0.9818594235991761,0.9825863159950232,0.9832859090779033,0.9839591786567985,0.9846070003941902,0.9852302798890675,0.9858298656134641,0.9864065818502296,0.9869612222971209,0.9874945580353659,0.9880073821254215,0.9885003988016388,0.988974287383822,0.9894297894345522,0.9898675239412688,0.9902881323974724,0.9906922674889219,0.9910804980393502,0.991453411879484,0.9918115868685173,0.9921555535260677,0.9924858220682695,0.9928029342346901,0.9931073411338786,0.9933995501236762,0.9936799950574094,0.9939491345930452,0.9942073855097175,0.9944551618988677,0.9946928636946211,0.9949208706557054,0.995139565467473,0.9953492896399934,0.9955503975476035,0.9957432220395965,0.9959280816921559,0.9961052867625612,0.9962751365328669,0.996437919626892,0.996593912015473,0.9967433821899271,0.9968865824626624
A027,30.697190425000002,0.0,13.428571428571429,left,2,0.7714808798654655,0.7776051145337102,0.7835888417620512,0.7894344073136661,0.795144177249772,0.8007202129884273,0.8061648487548598,0.8114805209780449,0.816669292555843,0.8217334724432369,0.8266753518251947,0.8314971995566556,0.8362011875291723,0.8407896358616811,0.8452647061194694,0.8496285595957023,0.8538834535299733,0.8580315154884857,0.8620748130324981,0.866015594807395,0.8698558623448394,0.8735977422833145,0.8772433353807243,0.8807945935864785,0.8842536549807549,0.8876222986880857,0.8909026753694739,0.8940966366898095,0.8972061040100558,0.9002329224491809,0.9031789716519208,0.9060461066703159,0.908836052526553,0.9115506934769324,0.9141916792299797,0.9167607258697903,0.9192595586903491,0.9216897893091907,0.9240530978996563,0.9263510292795261,0.9285852495232076,0.9307572231140292,0.9328684450043437,0.9349204563185798,0.9369146915475965,0.9388526081122698,0.940735621451215,0.9425649888815398,0.9443422443850414,0.9460685674779837,0.9477452939656154,0.9493737357697202,0.9509550747352137,0.9524905287272831,0.953981379310091,0.9554286813496427,0.9568336239225643,0.9581973398546562,0.9595208626342523,0.9608053163664452,0.9620517112579191,0.963261112703627,0.9644344773226702,0.9655727593703677,0.9666769629895621,0.9677480023191849,0.9687867479376999,0.9697941431878333,0.9707710214494806,0.9717182246469,0.972636600329547,0.9735269301680279,0.9743900138835206,0.9752265887703543,0.9760374523410268,0.9768233180740858,0.9775848334755193,0.978322804150136,0.9790378156429185,0.9797305405145351,0.9804016620934709,0.9810517727184085,0.9816814791398317,0.9822913992343716,0.9828820925333795,0.9834541062306345,0.984008038339757,0.98454436070804,0.9850636428638687,0.9855663487585523,0.9860530190365332,0.9865240938608167,0.9869800522355452,0.9874213467454809,0.9878484183230379,0.9882617088745411,0.9886616053272964,0.9890485398390747,0.9894229024145046,0.9897850618458526,0.9901354054017824,0.990474292975095,0.9908020852141147,0.9911191072851694,0.9914257011731629,0.9917221845721584
A028,33.24787694,0.0,13.714285714285714,left,0,0.7852399080053761,0.7916015249074737,0.797805931521799,0.8038557546146636,0.8097536344447765,0.8155019086936932,0.8211032290963567,0.8265603628928715,0.8318757042951567,0.8370518917687488,0.8420915770580353,0.846997400795293,0.8517718690829413,0.8564177231729662,0.8609374582886905,0.8653336264908706,0.8696088905703447,0.8737657606430429,0.8778066624481002,0.8817342556893946,0.8855509360740162,0.889259172350312,0.8928614953583206,0.8963602073855066,0.8997578240107044,0.9030565374864765,0.9062588240204251,0.9093669196823767,0.9123830926411731,0.9153095608887617,0.9181485414566679,0.9209022459683983,0.9235727241832768,0.92616220861902,0.9286726309220221,0.9311060660475228,0.9334645518962094,0.935749962386013,0.9379643086047147,0.9401094181084856,0.9421872452380952,0.9441994975080632,0.9461479776996057,0.9480344409690101,0.9498605959184616,0.9516281581022498,0.953338725570234,0.9549938549895118,0.9565952413166499,0.958144301162938,0.9596425881146732,0.9610915767288148,0.9624926679503855,0.9638472515522667,0.9651567874837346,0.966422480529268,0.9676457188703819,0.9688277509755066,0.9699697872456384,0.9710730992033254,0.9721387938274108,0.9731680975679666,0.9741620669707844,0.975121815627741,0.9760483968631473,0.9769428808789772,0.9778062080312977,0.9786394382723749,0.979443455630417,0.9802192295251243,0.9809676562895148,0.9816896009744203,0.982385932715497,0.9830574470908832,0.9837050095978538,0.9843293642797163,0.9849312611046671,0.9855114892141326,0.9860707123232028,0.9866096494183259,0.9871289908888953,0.9876293740780847,0.9881114451280409,0.9885758309639995,0.9890231219594683,0.9894538807629284,0.9898687164098311,0.9902681245499845,0.9906526793818172,0.9910228583076364,0.9913791912828681,0.9917221467252334,0.9920521846548401,0.9923697605986004,0.992675320124283,0.9929692901698872,0.9932520639983008,0.993524051469621,0.9937856371115522,0.9940371896474842,0.9942790699265331,0.9945116271921802,0.9947351993703719,0.9949501101722101,0.9951566760635046,0.9953551941020478
A029,34.1932133,17.285714285714285,19.428571428571427,interval,0,0.8000716000078496,0.8062650797169116,0.8122970386652716,0.818170416274401,0.8238881756924061,0.8294529966000019,0.8348677829408402,0.8401356052228703,0.8452591471224511,0.850241319912705,0.8550850221251246,0.8597931993671821,0.8643685592510011,0.8688140925452437,0.8731325285594833,0.8773266421829866,0.8813993046590913,0.8853532175129185,0.8891910523409136,0.8929156049445839,0.89652945639797,0.9000352891752732,0.9034357376160198,0.9067333208033375,0.9099306550876907,0.9130300971358019,0.9160342357668257,0.9189454746905695,0.9217661645593948,0.9244986498407947,0.9271452529255186,0.9297082822834539,0.932189887116924,0.9345923672990254,0.9369177670509062,0.9391682230032325,0.9413458398842752,0.9434525725882591,0.9454904652701994,0.9474614145792309,0.9493674159334045,0.951210230512601,0.9529916824021809,0.9547136131265728,0.9563777115579055,0.9579857341462454,0.9595393061710085,0.9610400086407422,0.9624895410193927,0.9638893439151028,0.9652409754714691,0.9665459158746137,0.9678055595575823,0.9690213376136262,0.9701946587618826,0.9713267498526207,0.9724189830779266,0.9734725999169066,0.9744888025102044,0.9754688419156119,0.9764138176414751,0.9773249300365152,0.9782032238272135,0.9790497893825213,0.9798656590056338,0.9806518659909814,0.9814093613112478,0.9821391332851436,0.9828420822985694,0.9835191187750704,0.9841711193235939,0.9847989207276187,0.9854033593826378,0.9859852040027443,0.9865452732193577,0.9870843044721839,0.9876029954830415,0.9881021018440914,0.9885822609179107,0.9890441544162158,0.9894884362449375,0.98991571183289,0.9903265911750292,0.9907216649146168,0.9911014897529011,0.9914665961775369,0.9918175512887742,0.9921548236108811,0.9924789455756318,0.9927903654985005,0.9930895736021508,0.9933770060428788,0.9936530897802099,0.9939182458732948,0.9941728813655223,0.9944174000035875,0.9946521508060984,0.994877522337691,0.9950938566922867,0.9953014944515775,0.9955007646411709,0.9956919850418695,0.995875462497707,0.996051490615364,0.9962203555499898,0.9963823261305339
A030,30.94693028,0.0,13.857142857142858,left,0,0.7961035749215648,0.8023440579837917,0.8084241263477241,0.8143466687885673,0.8201145157167714,0.8257302616584123,0.831196783362344,0.8365170017443049,0.8416935927502132,0.8467293234352077,0.8516270896933358,0.8563897006085405,0.8610198457577113,0.8655204363519603,0.8698941543552299,0.8741436827493152,0.8782718528480531,0.8822813106196327,0.8861746595607042,0.8899546763851539,0.8936238920836361,0.8971849153693454,0.9006403519944043,0.9039926654031483,0.9072444742460465,0.9103980423947504,0.9134559776904592,0.9164205992416897,0.9192942635900943,0.9220792730465829,0.924777934232784,0.9273925071254465,0.929925127060019,0.9323780737814816,0.9347533791635095,0.9370531397417009,0.9392794542596293,0.9414342399940114,0.9435195677333036,0.9455373182220135,0.9474894203213035,0.9493776786497713,0.9512039063813343,0.952969885424162,0.9546773487206651,0.9563280303751716,0.9579235495278271,0.9594654818224343,0.9609555266507154,0.9623951193437169,0.9637858179503077,0.9651291022684721,0.9664263792459001,0.967679041045266,0.9688885401348633,0.9700560888993626,0.9711830648459685,0.9722707123674076,0.9733202368451134,0.9743328957965225,0.9753097917368848,0.9762521329355346,0.9771609682491469,0.9780373951752653,0.978882452548033,0.9796971910645155,0.9804825489134111,0.9812395331685998,0.9819690426710814,0.9826720140689365,0.983349323741709,0.9840018246752793,0.9846303390757248,0.985235667227862,0.985818638106992,0.9863799833922802,0.9869204096817853,0.9874406979710812,0.9879414926805415,0.9884234669842675,0.9888873100874634,0.989333618034169,0.9897630115386866,0.9901761027752644,0.9905734521435378,0.990955599191604,0.9913231225961684,0.9916764985954718,0.9920162711113351,0.992342901090945,0.9926568806373378,0.9929586553107705,0.9932486696830795,0.9935273538998545,0.9937951165149944,0.9940523715358711,0.994299486486834,0.994536845879672,0.9947648106901086,0.9949837267789322,0.9951939318567182,0.9953957522783915,0.9955895033464229,0.9957754868578034,0.9959539971934601,0.9961253108585894
A031,30.997561349999998,12.0,17.857142857142858,interval,2,0.8150273610024374,0.820683583923333,0.826188516678484,0.8315453445278327,0.8367572104697621,0.8418269657960454,0.8467576967020224,0.8515525143860483,0.8562142626826345,0.8607458745101795,0.8651502940186986,0.8694304688579088,0.8735891248428566,0.8776292219586809,0.8815534467469295,0.8853645248951222,0.889065226704879,0.8926581858081317,0.8961459613277024,0.899531245494063,0.9028164947476638,0.9060042504549177,0.9090970087408263,0.9120971172042146,0.9150070586176152,0.9178289918629935,0.9205653662337431,0.9232183589805493,0.9257901732799992,0.9282829744911077,0.9306988669957883,0.9330399603692086,0.9353082266617326,0.937505747744145,0.9396343856294479,0.9416960779602402,0.9436926901753188,0.945626018731903,0.9474978865184138,0.9493099912401602,0.9510641087144261,0.952761838902736,0.9544047895105566,0.9559945875266318,0.9575327607636428,0.9590208388909218,0.9604602882392517,0.9618525004060119,0.9631989712796394,0.9645009594821881,0.965759869451889,0.9669769883312492,0.9681535487585403,0.9692907831178755,0.9703899573652393,0.971452157272656,0.9724785552454225,0.9734702698377715,0.9744283243572316,0.9753538409097452,0.9762477807462584,0.9771111783054272,0.9779449581109847,0.9787500729361173,0.9795274402196142,0.9802779436982239,0.9810024170232653,0.9817017350251569,0.982376686542332,0.9830280574807858,0.9836566286499983,0.9842631270499745,0.9848482836725724,0.9854127790089062,0.985957326190483,0.9864825738182474,0.9869891192653404,0.9874776576777256,0.9879487309018837,0.9884029317996207,0.9888408532168931,0.9892630218768499,0.9896699677369547,0.9900622216342734,0.9904402707401107,0.9908045886798664,0.9911556756365439,0.9914939461946675,0.9918198714183928,0.9921338506966718,0.9924363263499671,0.9927276731383058,0.9930082853078543,0.9932785361199459,0.9935387872142248,0.9937893964085236,0.9940306839960061,0.994262993569621,0.9944866358444441,0.9947019187817226,0.9949091371270821,0.995108579390432,0.9953005275812418,0.995485239545763,0.9956629797198546,0.9958339952219613
A032,32.56188509,0.0,12.0,left,1,0.6888485502412602,0.6954344892475016,0.7019061432108686,0.7082647366228758,0.7145114823319374,0.7206473088785137,0.7266734521704252,0.732591273955878,0.7384017872124706,0.7441062214896097,0.749705872486139,0.7552020336073642,0.7605958588023165,0.7658887783330839,0.7710819623201477,0.7761766755284031,0.7811743201259322,0.7860761517372526,0.7908833891200598,0.7955974642583484,0.8002195983084668,0.8047511213652628,0.8091933992581557,0.8135476613264834,0.8178153463183606,0.8219975225408016,0.8260956921724218,0.830111103878664,0.8340449762832066,0.8378986207118052,0.841673312761225,0.8453703610646528,0.8489909334703722,0.8525364499734294,0.8560079681004411,0.8594067935065297,0.8627341880986131,0.8659912744621301,0.8691793280370098,0.8722995001550125,0.8753530869801088,0.8783411371164089,0.8812647973139871,0.8841252752790413,0.8869236579911723,0.8896611500118066,0.8923388069203726,0.8949576425018647,0.8975189226363801,0.9000235704237719,0.902472702374107,0.9048673604640616,0.9072085553949241,0.9094972934769909,0.9117346906718184,0.9139215606492735,0.9160590181808327,0.9181479797624813,0.9201893452312794,0.9221841756234358,0.9241332482945303,0.9260376283049025,0.9278981028280274,0.929715557218062,0.9314909007658205,0.9332250097539843,0.9349186334277847,0.9365727158698197,0.9381879793166247,0.9397652838165257,0.9413054166552945,0.9428091166141387,0.9442771728599813,0.9457102877592436,0.9471093055054836,0.9484749076317966,0.9498077150762515,0.951108591616095,0.9523780862086704,0.9536169174210908,0.9548258078764351,0.9560053188931106,0.957156153285129,0.9582789366317414,0.9593742850870984,0.9604427443620577,0.9614850344634832,0.9625015779753178,0.9634931023323999,0.9644600457308923,0.965403054284536,0.9663226218052611,0.9672192765022368,0.9680935508401112,0.968945941714277,0.9697769885846101,0.9705871325822346,0.9713768704994942,0.9721466893311516,0.9728970313657499,0.973628343401213,0.9743410867969412,0.97503570232653,0.9757125898318569,0.9763721853525793,0.9770148741616723
A033,37.129737665,0.0,13.285714285714286,left,2,0.6980302082426055,0.70461171979044,0.7110753551980844,0.7174224185690177,0.7236542350206261,0.7297718212559172,0.7357765210270157,0.7416697715028504,0.7474526904499788,0.7531266053054528,0.7586929190746132,0.7641530013798566,0.7695081042819027,0.7747597425509016,0.7799092032949502,0.7849578265449887,0.7899071072185395,0.7947583850084208,0.799512962767623,0.8041723811794688,0.8087379337379532,0.813211030001107,0.8175931136044516,0.8218855297081422,0.826089744878907,0.8302069437646014,0.8342387160778346,0.8381863481695673,0.8420511668489544,0.8458345352792181,0.8495378150042613,0.8531623808051282,0.8567094685824816,0.860180558711283,0.8635767927771765,0.8668995199859098,0.8701500776018333,0.873329633784727,0.8764395661349645,0.879481036365549,0.8824554074546821,0.8853637997014542,0.888207397062968,0.8909874847779371,0.8937051568642971,0.8963617057185802,0.8989582341430049,0.9014957894236711,0.903975661078184,0.9063988466420845,0.9087665008268594,0.9110797047358061,0.9133394950303988,0.9155469281023747,0.9177031507794591,0.9198090301000721,0.9218656838934957,0.9238740863171593,0.9258351580032551,0.9277499840793032,0.929619398996841,0.931444454170528,0.9332259899875812,0.9349649163483177,0.9366621746531069,0.9383186314500066,0.9399350933723433,0.9415124990755284,0.943051634537686,0.9445533167145432,0.9460183898221278,0.9474476294758302,0.9488417836440404,0.9502016274097533,0.9515279769931548,0.9528215474460017,0.9540829772369711,0.9553131156489831,0.9565125638682043,0.9576820311564449,0.9588222302060265,0.9599337680565233,0.96101732059632,0.9620735512703725,0.9631030530195835,0.9641064107693494,0.965084313009229,0.9660372396331727,0.9669658567326361,0.9678706556121289,0.9687522783218623,0.969611198456707,0.9704479721299756,0.9712631197191101,0.9720571522067613,0.9728305945521415,0.9735838803761733,0.974317539554719,0.9750320340517458,0.975727795998591,0.9764053036897385,0.9770649935395622,0.9777073139655856,0.9783326540440198,0.9789414457014883,0.9795340826806413
A034,30.84627667,0.0,12.285714285714286,left,2,0.6671102457753917,0.6737809543753764,0.680343970878901,0.6868002672789959,0.6931508295946631,0.6993963351158835,0.7055377920289738,0.7115763243935572,0.7175127220006708,0.7233479822475075,0.7290832005045259,0.7347194369891696,0.7402576347294584,0.7456990128819279,0.7510445598421611,0.7562953232015514,0.7614525166936137,0.7665171977521406,0.7714903900088993,0.776373371135265,0.7811671556559489,0.7858729147823853,0.7904918510187771,0.7950250007526356,0.7994736610400278,0.8038387387804234,0.8081215767737545,0.812323278167946,0.8164449279992112,0.8204876749425408,0.8244526720551895,0.8283411108491183,0.8321539855609609,0.8358925961164725,0.8395579190004121,0.8431511067871922,0.8466733235864699,0.8501255733093045,0.8535090254027276,0.8568247226607578,0.8600738819518718,0.8632574128831114,0.8663764146450958,0.8694319740430629,0.8724251022391609,0.8753569235837029,0.8782284231288804,0.881040498993258,0.8837943841321929,0.8864909031864021,0.8891311070170191,0.8917160136650053,0.8942464958802501,0.8967235689357819,0.8991482562648194,0.901521329143679,0.9038438190326712,0.9061166550637503,0.9083406305435092,0.910516784656098,0.912645851405161,0.914728867855159,0.9167665598888608,0.9187597885574469,0.9207094318678368,0.9226163234860971,0.9244812083783368,0.926304966061318,0.9280883289628548,0.929832103462855,0.9315370650125001,0.9332039486981449,0.9348334938296109,0.936426411428807,0.9379835088798032,0.939505448829574,0.9409928689977308,0.9424466185061913,0.9438672198080421,0.9452553677312372,0.9466118031824847,0.9479371066300858,0.9492319086318799,0.9504968673137955,0.9517326129123918,0.952939663432074,0.9541187366647516,0.9552702687609055,0.9563949907350264,0.9574933267028248,0.958565938013575,0.9596133314994271,0.9606360236147424,0.9616345538714903,0.9626094235095715,0.9635611987995507,0.9644903067133175,0.9653972545996137,0.9662825543465563,0.9671466409011257,0.9679899835013658,0.9688130432912123,0.969616273332547,0.9704001062040364,0.9711649551822775,0.9719112393042996
A035,34.72222222,16.714285714285715,20.857142857142858,interval,3,0.5239096031657686,0.5326053756283631,0.5412295594768021,0.5497800525093737,0.5582548520294759,0.5666515914499427,0.5749684386144397,0.5832037752772101,0.591355612691336,0.5994223018379243,0.6074024119760162,0.615294546706199,0.6230971970613249,0.6308093402107577,0.6384296758450307,0.6459570738018963,0.6533907212865862,0.6607296608956466,0.6679729419897692,0.6751200597489049,0.6821702078958821,0.6891228647728749,0.6959776511349152,0.7027340100086626,0.7093918173212869,0.7159504645899761,0.7224100657312897,0.7287703985017009,0.7350313513055111,0.7411929185287596,0.7472552009881415,0.753218385545465,0.7590824647296919,0.7648479728028494,0.7705149479381536,0.7760837787475128,0.7815549620335963,0.78692879277545,0.7922058779728314,0.7973866690180452,0.8024719263400498,0.8074620894216883,0.8123577877918168,0.8171598127574009,0.8218688243961765,0.826485702163454,0.8310112099200974,0.8354459663825192,0.8397911530219194,0.8440474091574781,0.8482157681179857,0.8522971443469279,0.8562924066927722,0.860202577847529,0.8640288076257814,0.8677718531798272,0.871432923085399,0.8750130257079753,0.8785131046946157,0.8819344493973702,0.8852779430056129,0.888544879489471,0.8917362142421478,0.8948530694873057,0.8978966235260413,0.9008680233604566,0.9037682788018686,0.9065986823714292,0.9093602269033355,0.9120541525239653,0.914681561524379,0.9172436013081009,0.9197413870494892,0.9221760035619581,0.9245487396133573,0.9268606686925014,0.9291127682285236,0.9313064214798781,0.9334425388050829,0.9355222655746196,0.9375468036067427,0.9395171206701027,0.9414343984816661,0.9432997091667923,0.9451141196737365,0.9468785979440267,0.9485943858071753,0.9502623100048236,0.9518835731466159,0.9534590823202869,0.9549899451566223,0.9564770885725108,0.9579215153536699,0.9593242010814613,0.9606860954475109,0.962008212400542,0.963291375040395,0.9645365890084158,0.9657447578474034,0.9669167332678082,0.968053424626999,0.9691557008075818,0.9702244430921289,0.9712604444766562,0.9722645609910643,0.9732375866957466
A036,29.29065744,0.0,12.428571428571429,left,3,0.6610471003748324,0.6700343500302717,0.6788723371383822,0.6875600396051889,0.6960966229392934,0.7044809591207273,0.7127125306876301,0.720791099770035,0.728716111983013,0.736487423239783,0.744105161250491,0.7515695193810296,0.7588806521022444,0.7660392200096404,0.7730456410034056,0.7799005651938923,0.7866049592511041,0.7931596789092625,0.7995656165677669,0.8058241245859173,0.8119362739157431,0.817903424278976,0.8237270675947908,0.8294085835307302,0.8349496889573815,0.8403517315559116,0.8456166958956475,0.8507462234272245,0.8557421033097347,0.8606062106645862,0.8653404821296656,0.8699469249659524,0.8744273918086273,0.8787841418224293,0.8830190541741894,0.8871342332649538,0.8911319000440986,0.8950140540162372,0.8987829626172399,0.9024407129060045,0.9059896247348173,0.9094317313272658,0.9127692378876916,0.9160044018231784,0.9191393298716681,0.9221763351920071,0.9251175291187081,0.9279649873581282,0.9307210821005778,0.9333877871237191,0.9359673296689255,0.9384618087428466,0.9408733061717286,0.9432039042769846,0.9454557668478254,0.9476307741406718,0.949731074961706,0.9517586114521418,0.9537152939457061,0.9556031824184302,0.9574240766700675,0.9591799672503429,0.9608726262680092,0.9625038823055712,0.9640755508423975,0.9655894170501007,0.9670471409002879,0.9684504914741752,0.9698010862400777,0.9711005669168699,0.9723505434506963,0.9735525590264221,0.974708150460773,0.9758187903006909,0.9768859954456791,0.9779111841228347,0.9788956859509215,0.9798409671375822,0.980748267407332,0.981618903028631,0.9824541817992138,0.9832552844787473,0.9840234305622538,0.9847597907842331,0.9854654974291205,0.9861416175455499,0.9867892957500878,0.9874094925329336,0.9880032836812549,0.9885716097791404,0.9891154536487081,0.989635732152909,0.990133330402504,0.9906091239667993,0.9910639509828665,0.9914986435431268,0.9919139685691217,0.9923107026315577,0.9926895873765705,0.9930513235833905,0.993396610504047,0.9937261156167184,0.9940404912840435,0.9943403458076584,0.9946262884754867,0.9948988903895891
A037,28.728266904999998,0.0,12.857142857142858,left,1,0.7577781197826964,0.7639905978066639,0.7700672720641518,0.7760102750816584,0.7818217633113362,0.7875035651299354,0.7930578109562741,0.7984867109466045,0.8037921541859191,0.8089762091171717,0.8140409786817305,0.81898858399999,0.8238209394369169,0.8285402641674098,0.8331484546638096,0.8376475389632976,0.8420396127584449,0.8463266423355632,0.8505105194375183,0.8545933298686887,0.8585769414809177,0.862463323934455,0.8662544422587968,0.8699521112994263,0.8735583302076073,0.877074759273736,0.8805034070062858,0.8838460353500981,0.8871044241074686,0.8902803233840355,0.8933754956394828,0.896391697839354,0.8993305549221134,0.9021938656420239,0.9049831725614625,0.9077001207878189,0.9103463568666467,0.9129233738077037,0.915432820189097,0.9178761540236806,0.9202549809188263,0.9225706844875654,0.9248247098251524,0.9270185330685015,0.9291535219176146,0.9312311074537666,0.9332526359390013,0.9352193317598526,0.9371326693980475,0.9389938087150671,0.9408040508129577,0.9425646367655031,0.9442767317225105,0.9459415428290072,0.947560312997711,0.9491340440319336,0.9506639252476169,0.952151070247083,0.9535964880852269,0.9550012913556629,0.9563664556010278,0.9576930703862958,0.9589820288188038,0.9602343209009594,0.9614509020164769,0.9626327237452285,0.9637806319169442,0.9648955441136362,0.9659783168440247,0.9670297903398419,0.968050788494306,0.9690421188268085,0.9700045850114367,0.970938899678295,0.9718458964741623,0.9727262690310958,0.9735806990982986,0.9744099794481709,0.975214704682413,0.9759955693693481,0.9767532615520963,0.9774883701068161,0.9782015238027227,0.9788933659379172,0.9795644562626442,0.980215343928948,0.980846657793134,0.981458875227127,0.9820525879498159,0.9826282690338928,0.9831864739146148,0.9837276695286572,0.9842523448197382,0.9847609537117157,0.9852539700033757,0.9857318620729557,0.9861950146827874,0.9866438823817368,0.9870788794226704,0.9875003965218361,0.9879088217774393,0.9883045461650504,0.9886879439648072,0.9890593678617676,0.9894191678542159,0.9897676794494938
A038,28.570428205,0.0,13.285714285714286,left,3,0.7368444694278489,0.745427508474553,0.7538148324944274,0.7620070770660431,0.7700050685862229,0.7778094386294561,0.7854213681951916,0.7928423668796729,0.8000736622186062,0.8071168954530118,0.8139739232615707,0.8206467349500329,0.8271372766849312,0.8334478884471059,0.8395808241369729,0.8455384106784348,0.8513233441762743,0.8569381741460402,0.8623854927688188,0.8676682482216345,0.8727891606689091,0.8777511703214316,0.8825573078447039,0.8872104759861092,0.891713875840562,0.8960703537174904,0.9002832039682667,0.9043554991670024,0.9082903585651829,0.9120909128079027,0.915760347492866,0.9193018548449505,0.9227184736576535,0.9260135165975766,0.9291899586800173,0.9322509531241736,0.9351996325797183,0.9380389709421918,0.9407720875480771,0.9434019192611891,0.9459315581601528,0.9483638197829142,0.9507016112518423,0.9529478416299424,0.9551052466409884,0.9571766798086654,0.9591648364269331,0.9610722988388523,0.962901837258198,0.9646559055074123,0.9663370770632775,0.9679478194491379,0.9694905271788251,0.9709675612529918,0.9723812926119301,0.9737338851474243,0.975027585466892,0.9762645403495143,0.9774467939467043,0.9785764536687968,0.9796554327428342,0.9806857209978336,0.9816691427594592,0.9826075204587152,0.983502633548338,0.9843562092039062,0.9851698704735278,0.9859452757404139,0.9866839380535373,0.9873873955294635,0.9880571093517545,0.9886944819240727,0.9893008888772853,0.9898776204003491,0.99042600169548,0.9909472350560873,0.9914424895757185,0.9919129561604596,0.9923596926342125,0.9927837755004046,0.9931862359829022,0.9935680465024745,0.9939301593020726,0.9942734861062089,0.9945988998908384,0.9949072237470917,0.9951992965951427,0.9954758552255075,0.9957376702159736,0.9959854345027563,0.9962198453159709,0.9964415447623761,0.996651160932629,0.9968492927580634,0.9970365114253218,0.9972133734389881,0.9973803873908438,0.9975380646283935,0.9976868821126106,0.9978272907408612,0.9979597293616949,0.9980846134447425,0.9982023420338676,0.9983132874739762,0.9984178127900176,0.9985162587854893
A039,29.935720845,0.0,13.285714285714286,left,2,0.7911027783221068,0.7970367608508606,0.802825001154853,0.8084702217584331,0.8139750981210894,0.8193420412891456,0.8245736978464331,0.8296728301475752,0.8346418229855438,0.8394832264065295,0.8441996701925334,0.848793699212971,0.8532677061390516,0.8576243337989441,0.8618659466656049,0.8659949507490182,0.8700138648370423,0.8739250267831441,0.8777307249425772,0.8814334085943282,0.8850352999047013,0.8885386845276763,0.8919458591574851,0.8952589570357952,0.8984802619617437,0.9016117695985504,0.9046557158359567,0.9076141582708799,0.9104891035442467,0.9132825712524834,0.9159965516931515,0.9186330289206478,0.921193810226657,0.9236809252992898,0.9260960848285733,0.9284411347053252,0.930717885163867,0.9329280023701957,0.9350732731061538,0.9371553092915774,0.9391758360246688,0.9411363883095039,0.9430385215716468,0.9448838254362519,0.9466737862424512,0.9484099038410337,0.9500936333446742,0.9517262818671852,0.9533093967240618,0.9548442024399275,0.9563320727884969,0.9577742884862119,0.9591721065525646,0.9605267599693887,0.9618395019737573,0.9631114120038013,0.9643437244798551,0.965537517657058,0.9666938772281379,0.967813919216313,0.9688986162719208,0.9699490629878108,0.9709662015427736,0.9719509804771194,0.9729043865529625,0.9738273238549603,0.9747206544184526,0.975585309105673,0.9764220765503989,0.9772318235838005,0.9780153332499723,0.978773410334063,0.9795068004230134,0.9802162228635619,0.9809024621750939,0.9815661995553892,0.9822080750582383,0.9828288241892092,0.9834290448508656,0.9840093786111344,0.9845704572283028,0.9851128496454543,0.9856371482979694,0.9861439289248759,0.9866337233808364,0.9871070504658354,0.9875644681029124,0.9880064271835836,0.9884334565087107,0.9888459953026782,0.9892445432012212,0.989629514934666,0.9900013601522855,0.9903604825692872,0.9907073070426199,0.9910422349789225,0.9913656265515624,0.9916778764419453,0.9919793431415693,0.992270370582865,0.992551297689628,0.9928224663587277,0.9930841993070609,0.9933367936100252,0.9935805580443354,0.9938157803494553
A040,31.625352030000002,0.0,13.428571428571429,left,3,0.7156956807262185,0.724439944707207,0.7330013127775807,0.7413798617851028,0.7495758855545249,0.7575893962961897,0.7654210340587729,0.7730717404202576,0.7805421416720306,0.7878333070099465,0.794946555476758,0.8018832841273271,0.8086448652945097,0.8152331480239896,0.8216497627291441,0.8278965675105433,0.8339756830341876,0.8398891377661819,0.8456390449777809,0.851227847817757,0.8566577746150783,0.8619312953155639,0.8670510021958766,0.8720193135680803,0.8768390260828669,0.8815125524462759,0.8860427978797795,0.8904324433585246,0.8946842335629446,0.8988009396225356,0.9027853935370365,0.9066404910182572,0.9103689480759305,0.9139737705564756,0.9174576512687643,0.9208234812653251,0.9240741349553773,0.9272123643774238,0.930241064079544,0.9331629672928257,0.9359809651216819,0.9386976920316963,0.9413158911358431,0.9438383071033344,0.9462675855151266,0.9486064071639799,0.9508573702756732,0.9530229437068002,0.9551058113507789,0.9571083661289888,0.9590331198454816,0.9608824513570797,0.9626587213757353,0.9643642536022624,0.9660014012221153,0.9675722820046677,0.9690791796395035,0.9705241995772976,0.9719093971245558,0.9732369051566878,0.9745086451217263,0.975726644749061,0.9768927524121768,0.9780088295640716,0.9790767021128339,0.9800981489928163,0.9810748393604274,0.9820084993290706,0.9829006945400817,0.9837530346789033,0.9845670502306737,0.9853442136265091,0.9860859706678549,0.9867937037767434,0.9874688018165545,0.9881125694575186,0.9887262355892819,0.9893110940540414,0.9898682782597225,0.9903989502765566,0.9909042477378569,0.9913852130208612,0.9918428944356172,0.9922782937112553,0.9926923730369475,0.9930860403072505,0.9934602326852873,0.9938157653522337,0.9941535051863759,0.9944742273093222,0.9947787202448333,0.9950677086993471,0.995341906437109,0.9956019962980889,0.9958486316375262,0.9960824506299218,0.9963040449287056,0.9965140004599079,0.9967128738619252,0.9969011901099467,0.9970794635723,0.9972481825757051,0.9974078184635906,0.9975588113629714,0.9977015934744753,0.9978365697014008
A041,36.80844735,0.0,13.714285714285714,left,3,0.5385496532198144,0.5473293383456734,0.556029956968849,0.564649444326007,0.5731858266662087,0.581636787111641,0.5900005460857067,0.5982755563426676,0.6064598857529597,0.6145519720672286,0.6225504589942228,0.6304540404907102,0.6382613030445429,0.6459713245583745,0.6535829092618508,0.6610950367596189,0.6685070110216259,0.6758179952920549,0.6830271583421943,0.6901341319831331,0.6971382344838835,0.7040390819698753,0.7108364326752752,0.7175298720536349,0.7241194124666087,0.7306046058103646,0.7369857108311173,0.7432626510524176,0.7494354620791239,0.755504296801883,0.7614693995388536,0.7673311315923215,0.7730896443356302,0.7787456027061369,0.7842992062914758,0.7897510290963006,0.7951016925195937,0.8003516511268975,0.8055016840508484,0.8105523992047593,0.8155046780158068,0.8203591455492812,0.82511657455642,0.8297779219875315,0.834343944960952,0.8388157380443053,0.8431941408432191,0.8474799752514842,0.8516745358882409,0.855778626552335,0.8597933635513715,0.8637198468388637,0.8675590645781581,0.8713121679235898,0.8749804433888116,0.8785647371872453,0.8820664192203524,0.885486603404892,0.8888263554573508,0.8920870686613412,0.8952697465842886,0.8983757954654228,0.9014062414138324,0.9043623498819312,0.9072453813162212,0.9100565774257284,0.912797047481588,0.9154681651107116,0.918071017998304,0.9206069241972348,0.9230770687667614,0.9254826762229761,0.9278249490548314,0.9301050130828541,0.9323242605622868,0.9344838007949239,0.9365846844983167,0.9386283581111451,0.9406158021044742,0.9425481835574786,0.9444267783814941,0.9462526206916203,0.9480268748429405,0.9497507125632831,0.9514252225806478,0.953051434967944,0.9546305603607619,0.956163526567782,0.9576515354234284,0.9590955310172321,0.9604966381227144,0.9618558126580203,0.9631740768117824,0.9644524246378341,0.9656918233819471,0.9668932954673791,0.9680576867040553,0.9691860055882902,0.9702791647028202,0.9713380267266352,0.9723635034302607,0.9733564784394196,0.9743177974153449,0.9752483036207582,0.9761488149845611,0.9770201253844816
A042,37.46367424,23.571428571428573,26.428571428571427,interval,3,0.5239096031657686,0.5326053756283631,0.5412295594768021,0.5497800525093737,0.5582548520294759,0.5666515914499427,0.5749684386144397,0.5832037752772101,0.591355612691336,0.5994223018379243,0.6074024119760162,0.615294546706199,0.6230971970613249,0.6308093402107577,0.6384296758450307,0.6459570738018963,0.6533907212865862,0.6607296608956466,0.6679729419897692,0.6751200597489049,0.6821702078958821,0.6891228647728749,0.6959776511349152,0.7027340100086626,0.7093918173212869,0.7159504645899761,0.7224100657312897,0.7287703985017009,0.7350313513055111,0.7411929185287596,0.7472552009881415,0.753218385545465,0.7590824647296919,0.7648479728028494,0.7705149479381536,0.7760837787475128,0.7815549620335963,0.78692879277545,0.7922058779728314,0.7973866690180452,0.8024719263400498,0.8074620894216883,0.8123577877918168,0.8171598127574009,0.8218688243961765,0.826485702163454,0.8310112099200974,0.8354459663825192,0.8397911530219194,0.8440474091574781,0.8482157681179857,0.8522971443469279,0.8562924066927722,0.860202577847529,0.8640288076257814,0.8677718531798272,0.871432923085399,0.8750130257079753,0.8785131046946157,0.8819344493973702,0.8852779430056129,0.888544879489471,0.8917362142421478,0.8948530694873057,0.8978966235260413,0.9008680233604566,0.9037682788018686,0.9065986823714292,0.9093602269033355,0.9120541525239653,0.914681561524379,0.9172436013081009,0.9197413870494892,0.9221760035619581,0.9245487396133573,0.9268606686925014,0.9291127682285236,0.9313064214798781,0.9334425388050829,0.9355222655746196,0.9375468036067427,0.9395171206701027,0.9414343984816661,0.9432997091667923,0.9451141196737365,0.9468785979440267,0.9485943858071753,0.9502623100048236,0.9518835731466159,0.9534590823202869,0.9549899451566223,0.9564770885725108,0.9579215153536699,0.9593242010814613,0.9606860954475109,0.962008212400542,0.963291375040395,0.9645365890084158,0.9657447578474034,0.9669167332678082,0.968053424626999,0.9691557008075818,0.9702244430921289,0.9712604444766562,0.9722645609910643,0.9732375866957466
A043,30.48668503,0.0,12.857142857142858,left,2,0.8315990444470867,0.8370302694809776,0.8423070817910381,0.8474330117046793,0.8524115352802712,0.8572458368445421,0.8619393121008676,0.8664953827536598,0.8709171389492631,0.8752078387968399,0.8793706889188687,0.8834088409914531,0.8873253302491507,0.8911232801130656,0.8948056468167378,0.8983753522713394,0.9018353620049175,0.9051885009430658,0.9084375122823551,0.9115852508548226,0.9146343397838936,0.9175874692012601,0.9204472751298289,0.9232162444988051,0.9258969773978294,0.9284917640655983,0.9310031508178704,0.9334334226644312,0.9357848777164988,0.9380597584556742,0.9402602822145323,0.9423885989929655,0.9444467646179764,0.9464369142676956,0.9483609739692745,0.9502209287205305,0.9520186887447032,0.9537560929092964,0.9554349947201309,0.957057126404567,0.9586242813570391,0.9601380871300789,0.9616001701071762,0.9630121655833319,0.9643756126087029,0.9656920440615309,0.9669629424745961,0.9681896633275934,0.9693737271981377,0.9705163973930427,0.9716190223711718,0.9726829150571367,0.9737092846648946,0.9746993462161443,0.9756543374470666,0.976575333294604,0.9774634780594672,0.9783198633898793,0.9791455026784174,0.979941450443427,0.9807086749965324,0.9814481638360656,0.9821608147138406,0.982847544655065,0.9835092355908147,0.9841467360037811,0.9847608473028575,0.9853524013365821,0.9859221527460333,0.9864708495713295,0.9869992314160619,0.987507988630008,0.9879978110751282,0.9884693425797462,0.9889232505733162,0.9893601450210768,0.9897805899859301,0.9901852273234214,0.9905745684969379,0.9909491642196641,0.9913095620201727,0.9916562519816672,0.9919897240669185,0.9923104661365983,0.9926189276062504,0.9929155442986092,0.9932007710806369,0.9934749907834225,0.9937386297297809,0.9939920538880592,0.994235661678674,0.9944697948776623,0.9946948089104898,0.9949110403137162,0.9951188143650633,0.9953184513716168,0.9955102399245992,0.9956944853955517,0.9958714680090153,0.9960414533627082,0.9962047112200284,0.9963614940710871,0.9965120504731381,0.9966566085823997,0.9967954003368729,0.9969286427788009
A044,29.757584555,12.285714285714286,16.285714285714285,interval,3,0.6786375107151619,0.6875721826856914,0.6963467807690498,0.7049605946886729,0.7134130804149914,0.7217034535211588,0.7298315059003064,0.7377973292189808,0.7456007157132942,0.7532418796392699,0.7607212570040389,0.7680394304516954,0.7751968780017283,0.7821946083025513,0.7890334251812083,0.7957143032654611,0.8022385673170026,0.8086074254225505,0.8148221321518814,0.8208843423134156,0.8267955209919945,0.8325573651214067,0.8381716624822778,0.8436401274869372,0.8489648308918358,0.854147450239508,0.859190221869096,0.8640951493155792,0.868864322649831,0.8734998783205555,0.8780040545599008,0.8823791200596294,0.8866272511171667,0.8907509134320821,0.8947522520891338,0.8986336605331333,0.9023975365843292,0.9060461596460488,0.9095819984268967,0.9130073582617706,0.9163247545459606,0.9195364384995524,0.9226447657831118,0.9256522044981569,0.9285610256718185,0.9313736952510162,0.9340924830523751,0.9367196175716646,0.9392575916872459,0.941708521833518,0.9440747391587881,0.9463584954233993,0.9485619133725295,0.9506872291446038,0.952736685984405,0.9547122264161859,0.9566160643221902,0.9584502479945377,0.9602167384763002,0.9619176393551649,0.9635548104314531,0.9651302880978577,0.9666458476624908,0.968103390125096,0.9695047527105046,0.9708517121506522,0.9721459640584762,0.9733892793556477,0.9745832748226292,0.9757296250045369,0.976829890913752,0.9778856527630159,0.9788984037174719,0.9798696049913952,0.9808007758746777,0.9816932854750954,0.9825484475821686,0.983367703488269,0.9841522726938511,0.9849034191470597,0.9856224163901518,0.9863104136288114,0.986968580129183,0.9875980572391042,0.9881999263258106,0.9887752200397286,0.9893250126772776,0.9898502291374904,0.9903519023708787,0.9908309068232843,0.9912881899026608,0.9917246017607723,0.9921409812982674,0.992538144918734,0.9929168860777446,0.9932779789523287,0.9936221312608607,0.993950062948521,0.9942624676537535,0.994559993102876,0.9948432752331078,0.9951129302969494,0.9953695517713806,0.9956137052756355,0.9958459358326252,0.9960667657761894
A045,30.301903629999998,12.0,15.714285714285714,interval,0,0.7899290964781933,0.7962397626499553,0.8023918058343427,0.8083879714998108,0.814230977908824,0.8199232974565023,0.8254676277417295,0.8308668431993969,0.8361234280249901,0.8412401056444041,0.8462195928072845,0.8510646612365971,0.8557778441961083,0.860361973043767,0.8648196163953767,0.8691533962975437,0.8733660411470037,0.8774601106944617,0.8814381402357517,0.8853028005967083,0.8890565467059749,0.8927019454402212,0.8962415205793366,0.8996776826957269,0.9030129504573351,0.9062495783532972,0.9093900698042772,0.9124367416935658,0.9153918618712898,0.9182576981673142,0.9210365017888773,0.9237305158992223,0.9263418226371345,0.9288726689964437,0.9313250500464573,0.9337010311431364,0.9360026731453157,0.9382319050868315,0.9403907244137633,0.9424809890454138,0.9445046675111272,0.9464634854889861,0.9483592408908287,0.9501937558864103,0.9519686955953809,0.9536858025651477,0.9553466846930175,0.9569529075834053,0.9585061688463847,0.9600078939181708,0.9614596390458313,0.9628628817793731,0.9642190121781675,0.965529464383706,0.9667956397222045,0.9680188016180997,0.9692002938932666,0.970341377421875,0.9714432611172991,0.9725072111065947,0.9735343331073006,0.9745258463420178,0.9754828046778402,0.9764063153662851,0.9772974260785215,0.9781571892139423,0.9789865707031804,0.9797865807914081,0.9805581367675953,0.9813021701683416,0.9820195786295283,0.9827112190934539,0.9833779511272718,0.9840205626130119,0.9846398994645088,0.9852367207744924,0.9858117443142174,0.9863657547022732,0.9868994080205916,0.9874134120712849,0.9879084462911203,0.9883851385279779,0.9888441240359166,0.9892860187850077,0.9897114030178968,0.9901208297224162,0.990514895074531,0.9908940866564684,0.9912589658153539,0.9916100012065711,0.991947710549701,0.9922725524385011,0.9925849767882837,0.992885428540715,0.9931743384407475,0.9934521351519064,0.9937191867177098,0.993975907641276,0.9942226610369743,0.9944598096918966,0.9946877045888732,0.9949066852034123,0.9951170797986332,0.995319202724576,0.9955133609990072,0.9956998428981133
A046,28.433248300000002,0.0,12.285714285714286,left,0,0.731013048238017,0.7378296724141788,0.7445072404509521,0.7510473762714747,0.7574517265743026,0.763721667360981,0.7698588818474721,0.7758652017191565,0.7817421287089372,0.7874913729582116,0.7931147508528591,0.798614049520781,0.8039909373939694,0.8092473706834926,0.8143850520139686,0.8194057897159773,0.8243114699006588,0.8291039400216142,0.8337849005218657,0.8383563667483939,0.8428200740159099,0.8471778680041622,0.8514316946101557,0.8555832567989038,0.8596345369309273,0.8635871591783721,0.8674431138689183,0.8712041309141131,0.8748720053401822,0.8784484982338654,0.8819353966131618,0.8853345234951353,0.888647469945827,0.8918761696242872,0.8950221497093434,0.8980871570540797,0.9010729198201624,0.9039809985837352,0.9068131008874615,0.909570820233613,0.9122558339678043,0.9148696183246462,0.9174137335080925,0.919889777831174,0.9222991922889892,0.9246435625523732,0.9269243297391461,0.9291428457490605,0.9313007083775658,0.9333991978587045,0.9354397366681436,0.9374237083051576,0.9393524077743668,0.9412271371778989,0.9430493194832922,0.9448200454742801,0.9465406833307961,0.9482124280649515,0.9498364417628509,0.9514139949583602,0.9529461443467627,0.9544341386398999,0.9558790021388723,0.9572818611926418,0.9586437741916879,0.9599658440556971,0.9612490158581808,0.9624943708036956,0.9637028365396907,0.9648754262407796,0.9660130762884561,0.9671166927660131,0.9681872051636218,0.9692254466981575,0.9702323753315067,0.9712087772490798,0.9721554628631234,0.9730733203018151,0.9739630550476006,0.9748254746603168,0.975661367186441,0.9764714172162865,0.9772563600592754,0.9780169339395268,0.9787537996112982,0.9794675954956755,0.9801590501187568,0.9808287161235854,0.981477289741309,0.9821053167207568,0.9827134435028404,0.9833022237970765,0.9838722078678114,0.9844239492571651,0.9849579953205645,0.985474871764015,0.9859750553103819,0.9864590619654119,0.9869273729336586,0.9873804507845994,0.9878187533124917,0.9882427265810351,0.9886528051065352,0.9890494061520541,0.989432942188915,0.9898037979688576
A047,29.39453125,0.0,13.142857142857142,left,1,0.7577781197826964,0.7639905978066639,0.7700672720641518,0.7760102750816584,0.7818217633113362,0.7875035651299354,0.7930578109562741,0.7984867109466045,0.8037921541859191,0.8089762091171717,0.8140409786817305,0.81898858399999,0.8238209394369169,0.8285402641674098,0.8331484546638096,0.8376475389632976,0.8420396127584449,0.8463266423355632,0.8505105194375183,0.8545933298686887,0.8585769414809177,0.862463323934455,0.8662544422587968,0.8699521112994263,0.8735583302076073,0.877074759273736,0.8805034070062858,0.8838460353500981,0.8871044241074686,0.8902803233840355,0.8933754956394828,0.896391697839354,0.8993305549221134,0.9021938656420239,0.9049831725614625,0.9077001207878189,0.9103463568666467,0.9129233738077037,0.915432820189097,0.9178761540236806,0.9202549809188263,0.9225706844875654,0.9248247098251524,0.9270185330685015,0.9291535219176146,0.9312311074537666,0.9332526359390013,0.9352193317598526,0.9371326693980475,0.9389938087150671,0.9408040508129577,0.9425646367655031,0.9442767317225105,0.9459415428290072,0.947560312997711,0.9491340440319336,0.9506639252476169,0.952151070247083,0.9535964880852269,0.9550012913556629,0.9563664556010278,0.9576930703862958,0.9589820288188038,0.9602343209009594,0.9614509020164769,0.9626327237452285,0.9637806319169442,0.9648955441136362,0.9659783168440247,0.9670297903398419,0.968050788494306,0.9690421188268085,0.9700045850114367,0.970938899678295,0.9718458964741623,0.9727262690310958,0.9735806990982986,0.9744099794481709,0.975214704682413,0.9759955693693481,0.9767532615520963,0.9774883701068161,0.9782015238027227,0.9788933659379172,0.9795644562626442,0.980215343928948,0.980846657793134,0.981458875227127,0.9820525879498159,0.9826282690338928,0.9831864739146148,0.9837276695286572,0.9842523448197382,0.9847609537117157,0.9852539700033757,0.9857318620729557,0.9861950146827874,0.9866438823817368,0.9870788794226704,0.9875003965218361,0.9879088217774393,0.9883045461650504,0.9886879439648072,0.9890593678617676,0.9894191678542159,0.9897676794494938
A048,34.344536864999995,0.0,13.285714285714286,left,3,0.5557979044517276,0.5646615341145524,0.573437002030244,0.5821222809789522,0.5907154817952314,0.5992143571996256,0.6076172176168801,0.6159226050315287,0.6241286960012785,0.6322340372008117,0.6402373929998038,0.6481375839004425,0.6559333313727875,0.6636238516210127,0.6712080959585428,0.6786851951820483,0.6860546127700065,0.6933156761157919,0.7004677197413909,0.7075105372516448,0.7144436373943891,0.7212668150745505,0.7279799937180735,0.734582961772207,0.7410759164741825,0.7474585942849106,0.7537314465240478,0.7598945815975293,0.7659482515717895,0.7718927951789019,0.7777286629177255,0.7834563912872177,0.7890763335204489,0.7945893647734046,0.7999958873170372,0.8052966408193815,0.8104924687767232,0.8155840146714954,0.8205722558278018,0.8254579665922646,0.8302422585850887,0.8349259042208831,0.8395098641398434,0.8439953099950701,0.8483831669436546,0.8526747008716328,0.8568709310950277,0.8609728589113149,0.8649819522441828,0.8688991429103966,0.8727257561242086,0.8764630344645291,0.8801121278765459,0.883674338894979,0.887151095346171,0.8905434193913269,0.8938527686986558,0.8970804419161368,0.9002276454152793,0.9032958640033736,0.9062862404770664,0.9092003187213754,0.9120392547067362,0.9148044005169794,0.9174971260271865,0.9201188037050203,0.9226706533555881,0.9251541024406955,0.9275703904926326,0.9299208746454313,0.9322068751149036,0.9344296558152541,0.9365905223312433,0.9386907139727838,0.9407316086962219,0.9427144526030645,0.9446403718749218,0.9465108138153506,0.9483268343507576,0.950089692000105,0.9518006844262712,0.9534609032652517,0.9550715712721829,0.9566338631617438,0.9581489246895383,0.9596178120753566,0.9610418021893183,0.9624218198231858,0.9637590943010815,0.9650546034006774,0.9663094830537505,0.9675247136503389,0.9687013309625073,0.9698403415353458,0.9709427240281918,0.9720094901664512,0.9730415386534461,0.9740398371134299,0.9750053118911196,0.9759388296189297,0.9768412965321838,0.9777135801364111,0.9785565513038552,0.9793710050254069,0.9801577798653794,0.9809176506167554
A049,32.87419651,0.0,13.142857142857142,left,1,0.7577781197826964,0.7639905978066639,0.7700672720641518,0.7760102750816584,0.7818217633113362,0.7875035651299354,0.7930578109562741,0.7984867109466045,0.8037921541859191,0.8089762091171717,0.8140409786817305,0.81898858399999,0.8238209394369169,0.8285402641674098,0.8331484546638096,0.8376475389632976,0.8420396127584449,0.8463266423355632,0.8505105194375183,0.8545933298686887,0.8585769414809177,0.862463323934455,0.8662544422587968,0.8699521112994263,0.8735583302076073,0.877074759273736,0.8805034070062858,0.8838460353500981,0.8871044241074686,0.8902803233840355,0.8933754956394828,0.896391697839354,0.8993305549221134,0.9021938656420239,0.9049831725614625,0.9077001207878189,0.9103463568666467,0.9129233738077037,0.915432820189097,0.9178761540236806,0.9202549809188263,0.9225706844875654,0.9248247098251524,0.9270185330685015,0.9291535219176146,0.9312311074537666,0.9332526359390013,0.9352193317598526,0.9371326693980475,0.9389938087150671,0.9408040508129577,0.9425646367655031,0.9442767317225105,0.9459415428290072,0.947560312997711,0.9491340440319336,0.9506639252476169,0.952151070247083,0.9535964880852269,0.9550012913556629,0.9563664556010278,0.9576930703862958,0.9589820288188038,0.9602343209009594,0.9614509020164769,0.9626327237452285,0.9637806319169442,0.9648955441136362,0.9659783168440247,0.9670297903398419,0.968050788494306,0.9690421188268085,0.9700045850114367,0.970938899678295,0.9718458964741623,0.9727262690310958,0.9735806990982986,0.9744099794481709,0.975214704682413,0.9759955693693481,0.9767532615520963,0.9774883701068161,0.9782015238027227,0.9788933659379172,0.9795644562626442,0.980215343928948,0.980846657793134,0.981458875227127,0.9820525879498159,0.9826282690338928,0.9831864739146148,0.9837276695286572,0.9842523448197382,0.9847609537117157,0.9852539700033757,0.9857318620729557,0.9861950146827874,0.9866438823817368,0.9870788794226704,0.9875003965218361,0.9879088217774393,0.9883045461650504,0.9886879439648072,0.9890593678617676,0.9894191678542159,0.9897676794494938
A050,35.133136095,11.857142857142858,17.0,interval,2,0.794484809512275,0.8003827012126756,0.8061339963649603,0.8117414899378803,0.81720791853909,0.8225357544178549,0.8277277019187871,0.8327865782945234,0.8377148067001408,0.8425150428035022,0.8471899138616228,0.8517420144742129,0.8561738364389226,0.860488016243302,0.8646869802108966,0.8687731770941559,0.8727491653191328,0.8766173223444859,0.8803799748476345,0.8840396067183258,0.8875984754371071,0.8910588850040949,0.8944231918618304,0.8976935594242592,0.9008722705916772,0.9039613508962658,0.9069631006055372,0.9098795618235804,0.9127127783440647,0.9154647916003759,0.9181376124259532,0.9207332317960454,0.9232535129039532,0.9257004643078487,0.9280758269254747,0.9303814611427926,0.9326191906448285,0.9347906959527222,0.9368977745691364,0.9389420506867363,0.9409252581306362,0.9428489426300652,0.9447146685672948,0.9465240324311843,0.9482785280017052,0.9499796609290504,0.9516288916455762,0.9532275343305897,0.9547771370602628,0.9562789305943623,0.9577342905535093,0.9591445002600182,0.9605108186655331,0.9618344800423809,0.9631167372653883,0.9643586723137546,0.965561503588307,0.9667263512298132,0.9678542586299262,0.9689463530148693,0.9700036069534984,0.9710271108862601,0.9720178057232061,0.9729766376611825,0.9739045891639205,0.9748025612745731,0.9756714132561475,0.9765120599293465,0.9773253189708763,0.9781120102594517,0.9788729533332753,0.979608917720331,0.9803206453628521,0.9810088788957955,0.9816743681341561,0.982317798791291,0.982939806818704,0.9835411199799652,0.9841223320382118,0.984684078423882,0.9852269844141187,0.98575161388168,0.9862585528340193,0.9867483705265481,0.9872215932216223,0.9876787340300847,0.9881203432923905,0.9885468674765098,0.988958827746332,0.9893566583289813,0.9897408512294532,0.990111816110768,0.9904699905551221,0.9908157885889349,0.9911496124455127,0.9914718624890252,0.9917828937195403,0.9920830939343229,0.9923728157282287,0.9926523930276829,0.9929221718002125,0.9931824746826852,0.9934336227543306,0.99367590785278,0.9939096327186646,0.994135079597496
A051,39.485766755,12.285714285714286,16.142857142857142,interval,3,0.5522596664316548,0.5611074168297981,0.56986889326304,0.578542070650013,0.5871250248339273,0.5956155046288032,0.604011789619058,0.6123124096149972,0.6205155132433038,0.628619621772806,0.6366234740648795,0.6445258642446892,0.6523254798327115,0.6600215118419888,0.6676128753835775,0.6750986693349961,0.6824783230972038,0.6897511287344016,0.6969163788956882,0.7039738466991261,0.7109229865814841,0.7177635550722106,0.7244954526602272,0.7311184117890281,0.7376325954899754,0.7440376985331036,0.750334132366379,0.756521963839984,0.7626014034752383,0.7685727483723119,0.7744364075324295,0.7801928661671053,0.7858424647018314,0.791386008470468,0.7968238669291348,0.8021567387085423,0.8073854269010837,0.812510542665546,0.8175330050287094,0.8224535570442858,0.8272732540435553,0.8319928643189092,0.8366133088809471,0.8411356694438947,0.8455609025870766,0.8498901694833683,0.854124520573564,0.8582648691711087,0.8623126516573362,0.8662687958001608,0.8701345935693349,0.8739112229555505,0.877599816760808,0.8812016465448959,0.8847180964416972,0.8881501857181453,0.8914993441626282,0.8947668132135349,0.8979537712646525,0.9010617066965475,0.904091733545834,0.9070453335261591,0.9099236764855312,0.9127280782057626,0.9154598992456,0.9181204661253612,0.920710977137922,0.923232865716193,0.9256873389958714,0.9280757479372,0.9303993618120308,0.9326594721182152,0.9348573357874411,0.9369941874954345,0.9390713928914377,0.9410901844543887,0.9430516734456397,0.9449572991353228,0.9468081031013746,0.9486053342290879,0.9503502823575245,0.9520440282019837,0.9536877701822123,0.9552827265449803,0.9568299851684993,0.9583306112524332,0.9597858794210402,0.961196705481151,0.9625643174316894,0.963889672738478,0.9651739348080112,0.9664180788068971,0.9676231110316764,0.9687900373317314,0.969919860982733,0.9710135929245464,0.9720721053262482,0.9730963792500513,0.9740873304606916,0.9750458594199441,0.9759728403780129,0.9768691538030226,0.9777356731819432,0.9785731948195182,0.9793825606145232,0.9801645476702413
A052,43.708714055,0.0,12.285714285714286,left,0,0.5674154214772604,0.5744438123041082,0.5813932293510266,0.5882636236570582,0.5950549648379038,0.6017669075972023,0.6083994820413419,0.6149528551311247,0.6214268434138034,0.6278215034842521,0.6341370110743616,0.6403735325174345,0.6465310996249872,0.6526100866441759,0.6586106035735446,0.6645328532524719,0.6703772448440335,0.6761440305767603,0.6818334311679659,0.6874459715753465,0.6929818961481182,0.6984416433376806,0.7038257060168269,0.7091344137907843,0.7143683866046555,0.7195278364982167,0.7246134886921145,0.7296257788822393,0.7345651981595331,0.7394322639295552,0.7442275591638976,0.7489516981006308,0.7536051180384253,0.7581886145148315,0.7627025976462546,0.7671477083344507,0.7715246395415065,0.7758338935932919,0.7800762137372517,0.7842521513372113,0.7883625019675438,0.7924077805950345,0.7963886165039737,0.8003057676530381,0.8041598105066422,0.8079515424636742,0.8116815790527478,0.8153504436868195,0.8189590963020756,0.8225079912785407,0.8259979315523865,0.8294295859647476,0.8328035654063866,0.8361205837139554,0.8393814875312638,0.8425867117330355,0.8457370880957897,0.8488333157833013,0.8518759498729891,0.8548658418183097,0.8578035293748663,0.8606898568549786,0.8635253437078534,0.8663107133270829,0.8690466600945603,0.8717338973260068,0.8743729537127087,0.8769646589532787,0.8795095647827411,0.882008365179307,0.8844617097965075,0.886870249917404,0.8892346378335457,0.8915554113729351,0.8938333973993906,0.8960691335357176,0.8982631476536476,0.9004162867872653,0.9025289671215977,0.9046018539170849,0.9066356218180593,0.9086307972410775,0.9105880114857214,0.9125078794379101,0.9143909874777815,0.9162377957030331,0.9180490855363427,0.919825202870834,0.9215668949786138,0.9232745911474481,0.9249489558771159,0.9265904728772598,0.9281996707338556,0.9297770972784128,0.9313232849090173,0.9328388051909301,0.934324073739578,0.9357796653569528,0.9372061056964905,0.938603812836565,0.9399733460260882,0.9413151770051562,0.942629793446973,0.9439176588333495,0.9451792516955327,0.9464149892793706
A053,37.20238095,20.285714285714285,24.0,interval,2,0.5682618948294995,0.5748841117273684,0.581430737269861,0.5879019819475426,0.5942980862824545,0.6006189666148978,0.6068648896001383,0.6130362328779217,0.6191330369109158,0.6251555600231885,0.6311041575881693,0.6369791683327208,0.6427807952095769,0.6485095528587062,0.6541656977847605,0.6597495659481972,0.6652616770840463,0.6707024009632125,0.6760720572769845,0.6813712526418618,0.6866003222089873,0.6917597758583723,0.6968501615918314,0.7018718743717397,0.7068255687820778,0.7117115117885822,0.7165304549748344,0.7212828604123895,0.7259692368710222,0.7305901162686342,0.7351460830950871,0.7396377561095171,0.7440655573631688,0.7484302843314252,0.7527323275642411,0.7569723041062413,0.7611508673469347,0.7652685020647083,0.7693259109728539,0.7733236166988492,0.7772623545539956,0.7811425996442186,0.7849649183260728,0.7887300234404971,0.7924384381754167,0.7960908877247059,0.7996879271840269,0.8032300130708904,0.8067180362742625,0.8101523756163012,0.8135337550338786,0.8168627674511213,0.8201399707530836,0.8233659706418163,0.8265415269401153,0.8296670078563814,0.8327431712531612,0.8357705829168226,0.8387497463485506,0.8416814353351584,0.8445660613378618,0.847404389172792,0.8501968774084714,0.8529441278270311,0.855646728938134,0.8583053385792843,0.8609203695617602,0.8634925674293478,0.8660223687924342,0.8685103921122233,0.8709571926102904,0.8733633271597748,0.8757293383360373,0.8780556935142244,0.8803431061889764,0.8825920436824595,0.8848029169237489,0.8869764943053711,0.88911309816862,0.8912132888244234,0.8932776812722758,0.8953066883526016,0.8973008374655078,0.8992606815262761,0.9011867017359761,0.9030792975483326,0.9049391375197959,0.9067664848979957,0.9085620279223642,0.9103260696211283,0.9120592115816677,0.9137618707452413,0.9154344762060082,0.9170774928630766,0.9186913825503537,0.9202766519201344,0.9218336237703428,0.9233627995662792,0.9248646283466864,0.9263394865105241,0.9277878062985507,0.9292100162737306,0.9306065411882743,0.9319777691650355,0.9333240966719831,0.9346459170835798
A054,29.6875,0.0,13.142857142857142,left,2,0.8143702580846083,0.8200348302719648,0.8255482494779597,0.8309136876910944,0.8361342750706877,0.8412128500536054,0.8461524868440594,0.8509562851988284,0.8556270774997576,0.8601677858471071,0.8645813440807881,0.8688706900432569,0.8730385397483574,0.8770878443730896,0.8810212815225908,0.8848415684997162,0.8885514532322236,0.8921536054210575,0.8956505330694337,0.8990449364044675,0.9023392651223987,0.9055360545251848,0.9086377950074627,0.9116468284521051,0.9145656202317125,0.917396361387328,0.9201414595318805,0.9228030999234162,0.9253834817111712,0.927884755213113,0.9303090551809807,0.932658454166068,0.9349349323135261,0.9371405690732605,0.9392772236167496,0.9413468313954061,0.9433512557568196,0.9452922911592089,0.9471717589553499,0.9489913551611592,0.9507528545729806,0.9524578557370571,0.9541079652958881,0.9557048095871082,0.9572499156580492,0.9587448127329758,0.9601909667172904,0.9615897687291596,0.9629427149680769,0.9642510635199701,0.9655162192692304,0.9667394695111552,0.9679220470264697,0.9690651845983471,0.9701701490218811,0.9712380262144314,0.9722699894242935,0.9732671580055475,0.9742305557728029,0.9751613061178177,0.9760603708993388,0.9769287857957492,0.9777674761488219,0.9785773959183133,0.9793594541772707,0.9801145644843674,0.980843532906584,0.9815472453253768,0.9822264917298378,0.98288205933151,0.9835147303876701,0.9841252331654418,0.9847143001128011,0.9852826129993952,0.9858308866121784,0.986359770923285,0.9868698644628463,0.9873618643629559,0.9878363135176484,0.9882938063268503,0.9887349373119025,0.9891602345180572,0.9895702293691047,0.9899654487933323,0.9903463978606757,0.990713535074488,0.9910673678328525,0.9914083069988353,0.9917368399507163,0.9920533526915037,0.9923582940877955,0.9926520401220559,0.9929349865124276,0.9932075079095862,0.9934699673323726,0.9937227202367916,0.9939660994925417,0.9942004387815526,0.9944260538788634,0.9946432540608614,0.9948523353435359,0.9950535875215692,0.9952472938996332,0.9954337134638819,0.9956131119137678,0.9957857375327127
A055,36.13233468,0.0,12.285714285714286,left,3,0.5557979044517276,0.5646615341145524,0.573437002030244,0.5821222809789522,0.5907154817952314,0.5992143571996256,0.6076172176168801,0.6159226050315287,0.6241286960012785,0.6322340372008117,0.6402373929998038,0.6481375839004425,0.6559333313727875,0.6636238516210127,0.6712080959585428,0.6786851951820483,0.6860546127700065,0.6933156761157919,0.7004677197413909,0.7075105372516448,0.7144436373943891,0.7212668150745505,0.7279799937180735,0.734582961772207,0.7410759164741825,0.7474585942849106,0.7537314465240478,0.7598945815975293,0.7659482515717895,0.7718927951789019,0.7777286629177255,0.7834563912872177,0.7890763335204489,0.7945893647734046,0.7999958873170372,0.8052966408193815,0.8104924687767232,0.8155840146714954,0.8205722558278018,0.8254579665922646,0.8302422585850887,0.8349259042208831,0.8395098641398434,0.8439953099950701,0.8483831669436546,0.8526747008716328,0.8568709310950277,0.8609728589113149,0.8649819522441828,0.8688991429103966,0.8727257561242086,0.8764630344645291,0.8801121278765459,0.883674338894979,0.887151095346171,0.8905434193913269,0.8938527686986558,0.8970804419161368,0.9002276454152793,0.9032958640033736,0.9062862404770664,0.9092003187213754,0.9120392547067362,0.9148044005169794,0.9174971260271865,0.9201188037050203,0.9226706533555881,0.9251541024406955,0.9275703904926326,0.9299208746454313,0.9322068751149036,0.9344296558152541,0.9365905223312433,0.9386907139727838,0.9407316086962219,0.9427144526030645,0.9446403718749218,0.9465108138153506,0.9483268343507576,0.950089692000105,0.9518006844262712,0.9534609032652517,0.9550715712721829,0.9566338631617438,0.9581489246895383,0.9596178120753566,0.9610418021893183,0.9624218198231858,0.9637590943010815,0.9650546034006774,0.9663094830537505,0.9675247136503389,0.9687013309625073,0.9698403415353458,0.9709427240281918,0.9720094901664512,0.9730415386534461,0.9740398371134299,0.9750053118911196,0.9759388296189297,0.9768412965321838,0.9777135801364111,0.9785565513038552,0.9793710050254069,0.9801577798653794,0.9809176506167554
A056,32.667652860000004,12.571428571428571,16.285714285714285,interval,1,0.7767254365944897,0.7827764111915411,0.7886862774651349,0.7944574804426767,0.8000924615357987,0.805593356728826,0.810962615957081,0.8162026920192429,0.8213157860378102,0.826304227484389,0.831170380625634,0.8359166191564589,0.8405451281535707,0.8450583071223653,0.8494583604317014,0.8537474896772336,0.8579280217193079,0.8620021185708465,0.865971912918631,0.8698396644091622,0.8736074345933587,0.8772773736751082,0.8808516193928847,0.8843321600788047,0.8877211498044585,0.8910204164450508,0.8942321072552293,0.8973581442858514,0.9004004032286784,0.9033608081900363,0.9062412316693143,0.9090435474600131,0.911769499422589,0.9144209979462344,0.9169996586418565,0.9195072604553125,0.9219455263319285,0.9243160550438067,0.9266205351658402,0.9288605431893904,0.9310377377226517,0.9331535791030813,0.9352095671906857,0.9372072659769407,0.9391480607641322,0.9410334711852681,0.9428648718820324,0.9446435420805779,0.9463709719492907,0.9480483622014574,0.9496770810867358,0.9512583813216725,0.9527934606875486,0.9542835493179456,0.9557299037615651,0.9571335599157528,0.9584957161550074,0.9598174980691082,0.9610999334478468,0.962344137186626,0.9635510979124878,0.9647219003995203,0.9658574513500744,0.9669587386394891,0.9680267151704065,0.9690623260819632,0.9700664196464223,0.9710399029057419,0.9719836254080109,0.9728984185875376,0.9737850958031945,0.9746444524008664,0.9754772766386478,0.976284274435885,0.977066252718478,0.9778238940011563,0.9785578674224447,0.9792689340962695,0.9799576911631257,0.9806247810749734,0.9812708934727941,0.9818965930129219,0.9825024848622287,0.9830891835272089,0.9836572297741382,0.9842071528364439,0.9847395465551135,0.9852548743105379,0.9857536933223562,0.986236458524874,0.9867036915678706,0.987155837535855,0.987593357683864,0.9880166818246353,0.9884262541438703,0.9888225120702455,0.9892058216454218,0.9895766047571782,0.9899352479007781,0.9902821162556047,0.9906175710172873,0.9909419739022024,0.9912556711096463,0.9915589894395087,0.9918522518427606,0.9921357678340781
A057,34.369492065,0.0,11.428571428571429,left,3,0.6735597294110506,0.6825119707514129,0.6913072705434711,0.6999448107446935,0.7084239749901966,0.7167438598280944,0.724904169563381,0.7329049122985858,0.7407457510983386,0.7484267975129508,0.7559484151177969,0.7633110413004578,0.7705150888722053,0.7775614322243452,0.7844507794061667,0.7911839994689381,0.7977623042113393,0.8041868166088404,0.8104586676875116,0.8165794489961147,0.8225504765517673,0.8283733484565226,0.8340498085649071,0.839581419055823,0.8449701755459322,0.8502176587002885,0.8553260159472686,0.8602971603908881,0.8651330941534604,0.8698358678693946,0.8744076215540779,0.8788505901049836,0.8831668232535453,0.8873587288923731,0.8914283756262931,0.8953780866479168,0.8992101919668263,0.9029269033568833,0.9065306278045815,0.9100236083369935,0.913408304747122,0.9166869099795429,0.9198617260647819,0.9229351726456986,0.9259094707854674,0.928787043627207,0.9315701166030419,0.9342608862094466,0.9368617695980908,0.9393748966444438,0.94180256548843,0.9441469383031775,0.9464101848059259,0.9485944585592679,0.9507019827082739,0.9527347084423852,0.954694831619737,0.9565843483196924,0.9584052187032832,0.9601595356002519,0.961849143390957,0.9634760571425068,0.9650420829009612,0.9665490728454893,0.9679988606560223,0.9693932456534847,0.9707339056885742,0.9720226248294072,0.9732609939764434,0.9744506919690242,0.9755933148586398,0.9766904037537791,0.9777434882505006,0.9787540337318025,0.9797235403223536,0.9806534128462866,0.9815449705391683,0.9823996510378618,0.983218681814628,0.9840033546051398,0.9847549483275604,0.9854746226233136,0.9861635672538196,0.9868229234488013,0.9874537933876111,0.9880572165128688,0.9886342970627114,0.9891859708300718,0.9897132721238214,0.9902171109454456,0.9906984360187387,0.99115811295345,0.9915970066816031,0.99201594930141,0.9924157415204563,0.992797175204867,0.9931609816142721,0.9935078972035543,0.993838624614597,0.9941538277112768,0.994454166024315,0.9947402684683058,0.9950127479580549,0.9952721764524185,0.9955191241140874,0.9957541255141908
A058,32.462195925,0.0,12.857142857142858,left,2,0.7298588497860254,0.7362877466888209,0.7425885569477555,0.7487629813942566,0.7548127562408771,0.7607393078227389,0.7665443644712341,0.7722297685727795,0.7777970275616917,0.7832478256265939,0.7885839331372112,0.7938071008689103,0.7989189310525202,0.8039212892930481,0.808815788188152,0.8136041034990875,0.8182880690096825,0.8228693356813378,0.8273495222318172,0.8317304640003798,0.8360137559101666,0.8402010946251053,0.8442942180613865,0.8482946952743957,0.852204304265316,0.8560245008867183,0.8597570601302574,0.8634035672866343,0.8669655712303249,0.8704446633346005,0.8738424256044781,0.8771604595740912,0.8804001705703837,0.8835632715692567,0.8866510973804798,0.8896651799636771,0.8926070323814316,0.895478021192903,0.8982796384361962,0.9010132582575278,0.9036803720363036,0.9062822598897329,0.9088202521761853,0.9112957622438699,0.9137100383858212,0.9160644600576763,0.9183602693517823,0.920598628044363,0.9227809525902141,0.9249083232194268,0.9269819883574676,0.929003158539015,0.9309729196153916,0.9328924469972362,0.9347629537596263,0.9365853725464344,0.9383609211370886,0.9400906031497059,0.9417754521676663,0.9434165662437831,0.9450148530571549,0.9465714187875655,0.9480871637592376,0.949563015206423,0.950999976216802,0.9523989441252776,0.9537607695941264,0.9550864257642728,0.9563766854092937,0.9576324579826475,0.9588545401929752,0.9600437787634961,0.9612009438088575,0.9623267790622717,0.9634221474529989,0.9644877632809694,0.9655242885579101,0.9665325540051988,0.9675131821309887,0.9684668798580525,0.9693943523664691,0.9702962146394808,0.9711731335722641,0.9720257616985166,0.9728546906059501,0.9736605017598575,0.9744438558281336,0.97520524250041,0.9759452968305757,0.9766645211849191,0.9773634925068343,0.9780427131930474,0.9787027157320911,0.979343972336073,0.9799670031990907,0.9805722971163611,0.9811602780890063,0.9817314423173186,0.982286229897663,0.982825063269826,0.9833483645186031,0.983856570364629,0.9843500907065157,0.9848292954904271,0.9852945849743395,0.9857463275918681
A059,31.7329413,0.0,13.0,left,1,0.7274215801656783,0.7338373842695032,0.7401265591870458,0.7462907893462154,0.7523317931083944,0.758250956109007,0.7640499862811008,0.7697306846224304,0.7752945255128714,0.7807431697985922,0.7860783737134422,0.7913018239096987,0.796415106725892,0.8014200433039538,0.806318238637648,0.8111113223194306,0.8158010830931988,0.8203891446916466,0.8248771162278588,0.8292667697276084,0.8335596901159124,0.8377575285664147,0.84186199594413,0.8458746330653901,0.8497971742748618,0.8536310470305272,0.8573780336232852,0.8610396256286139,0.8646173782641088,0.8681128563242496,0.8715275997581854,0.8748631849516808,0.87812100586001,0.8813027063622478,0.8844096405887509,0.8874432717823599,0.8904051193985713,0.8932965109071902,0.8961189300879736,0.8988736997810801,0.901562290962629,0.9041859747812011,0.9067460597875201,0.9092439133082941,0.9116807888606111,0.9140580342222817,0.9163768718177848,0.9186384310644962,0.9208441252481226,0.9229950146241626,0.9250923308651039,0.9271372452114547,0.9291308492367106,0.9310742917289166,0.932968761379253,0.9348152055921861,0.9366147873644458,0.9383685169748963,0.9400774143262004,0.9417425460465312,0.9433648451580082,0.9449453878141701,0.9464850238551397,0.9479847256962586,0.9494454498445521,0.9508680837116232,0.9522535023727791,0.9536026192212547,0.9549162308994525,0.9561952228722003,0.9574403993941665,0.9586525839528307,0.9598325390180973,0.960981015804374,0.9620988575956876,0.9631867573582374,0.9642453988392209,0.9652756093728928,0.9662779898101901,0.967253229414138,0.9682020436243394,0.9691250547883865,0.9700229131103302,0.9708962558035118,0.9717456951235711,0.9725717844233974,0.9733751958102725,0.9741564136740346,0.9749160727646452,0.9756546717167374,0.9763727866573194,0.977070917430228,0.9777495753325482,0.9784092611376991,0.9790504844761384,0.9796737240161376,0.9802794112709227,0.980868034077706,0.9814400500693425,0.9819958543955876,0.9825359037017681,0.9830606013447538,0.983570366700634,0.9840655774150392,0.9845466346416349,0.9850138994886427
A060,38.94681326,12.571428571428571,15.571428571428571,interval,1,0.689928182725342,0.6965106007271509,0.7029783820125534,0.709332757925256,0.7155749694380227,0.7217059411981508,0.7277269315619763,0.7336393032414474,0.7394440862355716,0.7451425110962657,0.7507359055064675,0.7562255736653558,0.7616126497436028,0.7668986052392752,0.7720846206861586,0.7771719410493185,0.782162008573982,0.7870560886205364,0.7918553803465138,0.7965613641404756,0.8011752318337723,0.8056983515570916,0.8101320882786506,0.8144776801865294,0.8187365742528505,0.8229098475637723,0.8269990099618647,0.8310053180910916,0.834929998423509,0.8387743697114711,0.8425397148442475,0.8462273666063446,0.8498384485004389,0.853374438261381,0.8568363832611197,0.8602255952850378,0.8635433422610272,0.8667907529864673,0.8699691084520932,0.8730795813102568,0.8761234259122223,0.8791017433111327,0.8820156697336822,0.8848664175590202,0.8876550786335382,0.8903828617667341,0.8930508270967578,0.8956599929301254,0.8982116285268057,0.9007066614356702,0.9031462116908217,0.9055313381582595,0.9078630152131214,0.9101422923785588,0.9123702750259371,0.9145477805969028,0.9166759261698985,0.9187556312002394,0.9207878103550416,0.9227734906953262,0.9247135001456297,0.9266088699348504,0.9284603904287938,0.9302689716718537,0.9320355132488262,0.9337608931406111,0.9354458733073401,0.9370913775811881,0.938698140895228,0.9402670243962566,0.941798796950559,0.9432942579486215,0.9447541383479213,0.9461791615551834,0.9475701721134417,0.9489278345572533,0.9502528076880116,0.9515459366076339,0.9528077889157547,0.9540390488367912,0.95524044003823,0.9564125745553025,0.9575561054519797,0.958671675200073,0.9597599001977055,0.9608213267326248,0.9618566592554351,0.9628663660508524,0.9638511146647448,0.9648114018755427,0.9657478163629843,0.9666609077700598,0.9675511628182687,0.9684191144355876,0.9692652983772339,0.9700902144902502,0.9708943046659377,0.9716780899862003,0.9724420562009483,0.9731866099080048,0.9739122442123389,0.9746193851276559,0.9753084844091555,0.9759799415422888,0.976634191826924,0.9772716201124815
A061,35.995411575,0.0,13.428571428571429,left,0,0.6216299022660404,0.6287504982204144,0.6357726359041429,0.6426966303882791,0.6495228376358781,0.6562512902657666,0.6628824009800789,0.6694167237873271,0.6758544696352582,0.6821960805979577,0.6884421351234828,0.6945931841835928,0.7006496657795106,0.7066123391494833,0.7124817191861255,0.718258395992281,0.7239431832428715,0.7295367089961272,0.7350396052729017,0.7404527762312245,0.7457768587959506,0.7510126809525638,0.7561610999029159,0.7612228456266441,0.7661989072245955,0.7710898684328624,0.7758968280483721,0.7806205868060374,0.7852620003116012,0.7898219459906228,0.7943013593176654,0.7987012009911911,0.8030222634341206,0.807265667953944,0.81143216499221,0.8155227618294547,0.819538415414904,0.8234799966499144,0.8273485461484968,0.8311449248857085,0.8348702469431599,0.8385253218892683,0.8421110681648989,0.8456285239049125,0.8490785674529079,0.8524622779729368,0.8557805241738058,0.8590341226590158,0.8622242632521786,0.8653516825152351,0.8684174198732787,0.8714223907682428,0.874367454863168,0.877253556595792,0.8800817495785576,0.8828527246911405,0.885567511521185,0.8882270187289398,0.8908320260636059,0.8933835616155743,0.895882379591229,0.8983294896562461,0.9007256199533209,0.9030716662565739,0.9053684938770123,0.9076169780952774,0.9098178473358904,0.911972036767668,0.9140802708629177,0.9161434117650208,0.9181622411938131,0.9201375494832627,0.9220701222827208,0.9239606466193305,0.925810039481361,0.9276189767342404,0.9293881220648833,0.9311183909583748,0.9328103466787977,0.9344647478867878,0.936082354891204,0.9376638047930681,0.9392098130827679,0.9407210868583398,0.9421982656488641,0.9436419453214652,0.9450529280232842,0.946431681218106,0.947778989053382,0.9490953474117657,0.9503814842794152,0.9516379555303148,0.9528653300450748,0.9540642048599562,0.9552351688956098,0.9563788354161031,0.9574956790500043,0.9585862985756198,0.9596512510790647,0.9606910243825668,0.9617061615815973,0.9626971677475713,0.9636645987058403,0.9646089006435549,0.9655305852793495,0.9664301010676623
A062,33.203125,0.0,13.857142857142858,left,1,0.7767254365944897,0.7827764111915411,0.7886862774651349,0.7944574804426767,0.8000924615357987,0.805593356728826,0.810962615957081,0.8162026920192429,0.8213157860378102,0.826304227484389,0.831170380625634,0.8359166191564589,0.8405451281535707,0.8450583071223653,0.8494583604317014,0.8537474896772336,0.8579280217193079,0.8620021185708465,0.865971912918631,0.8698396644091622,0.8736074345933587,0.8772773736751082,0.8808516193928847,0.8843321600788047,0.8877211498044585,0.8910204164450508,0.8942321072552293,0.8973581442858514,0.9004004032286784,0.9033608081900363,0.9062412316693143,0.9090435474600131,0.911769499422589,0.9144209979462344,0.9169996586418565,0.9195072604553125,0.9219455263319285,0.9243160550438067,0.9266205351658402,0.9288605431893904,0.9310377377226517,0.9331535791030813,0.9352095671906857,0.9372072659769407,0.9391480607641322,0.9410334711852681,0.9428648718820324,0.9446435420805779,0.9463709719492907,0.9480483622014574,0.9496770810867358,0.9512583813216725,0.9527934606875486,0.9542835493179456,0.9557299037615651,0.9571335599157528,0.9584957161550074,0.9598174980691082,0.9610999334478468,0.962344137186626,0.9635510979124878,0.9647219003995203,0.9658574513500744,0.9669587386394891,0.9680267151704065,0.9690623260819632,0.9700664196464223,0.9710399029057419,0.9719836254080109,0.9728984185875376,0.9737850958031945,0.9746444524008664,0.9754772766386478,0.976284274435885,0.977066252718478,0.9778238940011563,0.9785578674224447,0.9792689340962695,0.9799576911631257,0.9806247810749734,0.9812708934727941,0.9818965930129219,0.9825024848622287,0.9830891835272089,0.9836572297741382,0.9842071528364439,0.9847395465551135,0.9852548743105379,0.9857536933223562,0.986236458524874,0.9867036915678706,0.987155837535855,0.987593357683864,0.9880166818246353,0.9884262541438703,0.9888225120702455,0.9892058216454218,0.9895766047571782,0.9899352479007781,0.9902821162556047,0.9906175710172873,0.9909419739022024,0.9912556711096463,0.9915589894395087,0.9918522518427606,0.9921357678340781
A063,36.28973726,13.0,16.0,interval,2,0.5826218450807544,0.5892795588860089,0.5958571720588326,0.6023549770629648,0.6087732966951653,0.6151121288859276,0.6213718228164342,0.6275528405767439,0.6336553063245681,0.6396795599856717,0.6456260425085549,0.6514951746417753,0.6572872435748638,0.6630028469269493,0.6686423270176147,0.6742060996128594,0.6796947680850614,0.6851087819627897,0.6904485516359775,0.6957147562042191,0.7009078152760961,0.7060283189857246,0.7110768946812667,0.7160540173929877,0.720960418922157,0.7257964465579538,0.730562926817983,0.7352604041383455,0.7398894423909779,0.7444506748136864,0.7489447491229697,0.7533723564573174,0.7577340035572631,0.7620305354271599,0.7662624161773086,0.7704303523011155,0.7745350645455517,0.7785770872313367,0.7825571979261295,0.7864759766211931,0.7903342501480808,0.7941325207494274,0.7978714477452882,0.8015518032406418,0.8051741443741244,0.8087392914429289,0.812247812223134,0.8157002904338314,0.8190976103109459,0.8224402217790481,0.825728918692623,0.8289643386641449,0.8321470934921338,0.8352778404391384,0.8383573851065238,0.8413861522254023,0.8443649432982039,0.847294372511179,0.8501749928604503,0.8530076175802718,0.855792708613463,0.8585310846057305,0.8612232015181199,0.863869751447412,0.8664713626412981,0.8690286812908902,0.871542228703552,0.8740127180745102,0.8764406749272936,0.8788267355634581,0.8811714901804226,0.8834755294938613,0.8857394294685222,0.8879636931547304,0.890149057821783,0.8922960385680253,0.894405038650032,0.8964768870704778,0.8985119291841241,0.9005107506035221,0.9024739877818179,0.9044020838250629,0.9062955898446168,0.9081550931475992,0.9099810725562376,0.9117739552790316,0.9135344476629542,0.9152628451869711,0.9169598075576813,0.9186257040477703,0.9202611472400641,0.9218665387207013,0.9234423628278428,0.9249891002390608,0.9265072049154466,0.9279972069923554,0.929459440024464,0.9308944491936275,0.9323026516816533,0.9336844730166365,0.9350403356283137,0.9363707004930175,0.9376760127002813,0.9389566206559525,0.9402129728117605,0.9414454523102678
A064,31.640625,0.0,11.857142857142858,left,0,0.7731488292976638,0.7796327866312882,0.7859633020421805,0.792142755387189,0.7981735361666407,0.8040577681141011,0.8097978530075138,0.8153963086601901,0.8208553692783478,0.8261773861101676,0.831364859245529,0.836420210238218,0.8413457639868573,0.8461440418541141,0.8508173705469052,0.855368124124222,0.8597987979947619,0.8641117200894911,0.8683092018972733,0.8723937076768472,0.8763674834985029,0.8802329034964382,0.8839923062374057,0.88764791990116,0.8912020975116101,0.8946569203976734,0.898014745120597,0.9012777391274055,0.9044480135460552,0.9075277293997575,0.9105190118020078,0.9134239617687956,0.9162445553246077,0.9189829428752291,0.9216410000431852,0.9242207351182512,0.9267240895663935,0.9291529182656741,0.9315091477157614,0.933794561220696,0.9360110614648064,0.9381603257625184,0.9402441070035727,0.9422641435592537,0.9442220513682379,0.946119577495435,0.9479582701441978,0.9497396580819191,0.9514654245853328,0.9531369586442591,0.9547558021562859,0.9563234171488245,0.957841191200054,0.9593105203225015,0.960732819742752,0.9621093257477535,0.9634414165531734,0.9647303528679826,0.9659773021942588,0.9671835877883433,0.9683503013461018,0.9694786837646611,0.9705698065423215,0.9716247583977972,0.9726446402557045,0.9736305262712078,0.9745833749644287,0.9755042361885807,0.9763940361010377,0.9772537544316304,0.9780843048482675,0.978886579543566,0.9796614398991735,0.9804097362896712,0.9811323247755335,0.9818300027894606,0.9825035059324188,0.9831536780990909,0.9837811989874932,0.9843867899275321,0.9849711984602835,0.9855350606123215,0.986079055990205,0.9866038306249985,0.9871100127329402,0.987598187041558,0.9880689807955017,0.9885229148933934,0.9889605891460528,0.9893825193023165,0.9897892475935588,0.9901812665920395,0.9905590717813594,0.9909231440590505,0.9912739401687715,0.9916119279791137,0.99193751815231,0.9922511473491351,0.9925532292119242,0.9928441434642036,0.993124288500602,0.9933940335238856,0.9936537405625505,0.9939037566826514,0.9941444220223588,0.9943760590304477
A065,32.04614645,0.0,12.714285714285714,left,0,0.7910847525423916,0.7973825527412433,0.8035213896404927,0.8095040335096733,0.8153332268542607,0.8210114663116892,0.8265414726043664,0.831926142170722,0.8371679816030322,0.8422697354522035,0.84723415804334,0.852063989380683,0.8567618337236543,0.8613305233465537,0.8657726450457812,0.8700908381876797,0.8742878473861632,0.8783662485016357,0.8823285923407238,0.8861775639848036,0.8899156327600743,0.893545378770138,0.8970693384667114,0.9004899348740287,0.9038096979050904,0.9070308938084268,0.9101560358857452,0.9131874510691718,0.916127416812286,0.9189782098609336,0.9217420897296691,0.9244213072314538,0.9270179523590684,0.9295342783623268,0.9319722873244604,0.934334050569511,0.936621644707034,0.93883698317868,0.9409820785148738,0.9430587933098018,0.9450690804242331,0.9470147268520253,0.9488974767568652,0.9507191737893059,0.95248146879197,0.9541861411078671,0.9558347996317995,0.957428978742065,0.9589703777517765,0.9604604557330143,0.9619007682409335,0.9632927488733072,0.9646378470668195,0.965937453495195,0.9671929836252534,0.9684056882302539,0.9695769367188551,0.9707079883920283,0.9718000266520364,0.9728543171416334,0.9738720001260974,0.9748542468504086,0.97580215516525,0.9767167870616048,0.9775992310270637,0.9784505061847109,0.9792715874081925,0.9800634826408521,0.9808271074456211,0.9815633911423289,0.9822732206335322,0.982957476311569,0.9836169897090873,0.9842525552203347,0.9848650158039479,0.9854551282451258,0.9860236010745362,0.9865712301822069,0.9870986690250833,0.9876066024909369,0.9880957335943212,0.9885666682978971,0.9890200455816411,0.9894564729200688,0.9898765396073375,0.9902807956408333,0.9906698230630415,0.9910441129375624,0.9914042185190354,0.991750620864186,0.9920838200077308,0.9924042725228348,0.9927124347650077,0.9930087485917272,0.9932936337021031,0.9935675163800088,0.9938307741799491,0.9940838034630296,0.9943269797258982,0.9945606524161668,0.9947851704065384,0.9950008773835239,0.995208098874222,0.99540714069281,0.9955983078186247,0.9957818948829807
A066,31.21748179,13.285714285714286,16.571428571428573,interval,1,0.7767254365944897,0.7827764111915411,0.7886862774651349,0.7944574804426767,0.8000924615357987,0.805593356728826,0.810962615957081,0.8162026920192429,0.8213157860378102,0.826304227484389,0.831170380625634,0.8359166191564589,0.8405451281535707,0.8450583071223653,0.8494583604317014,0.8537474896772336,0.8579280217193079,0.8620021185708465,0.865971912918631,0.8698396644091622,0.8736074345933587,0.8772773736751082,0.8808516193928847,0.8843321600788047,0.8877211498044585,0.8910204164450508,0.8942321072552293,0.8973581442858514,0.9004004032286784,0.9033608081900363,0.9062412316693143,0.9090435474600131,0.911769499422589,0.9144209979462344,0.9169996586418565,0.9195072604553125,0.9219455263319285,0.9243160550438067,0.9266205351658402,0.9288605431893904,0.9310377377226517,0.9331535791030813,0.9352095671906857,0.9372072659769407,0.9391480607641322,0.9410334711852681,0.9428648718820324,0.9446435420805779,0.9463709719492907,0.9480483622014574,0.9496770810867358,0.9512583813216725,0.9527934606875486,0.9542835493179456,0.9557299037615651,0.9571335599157528,0.9584957161550074,0.9598174980691082,0.9610999334478468,0.962344137186626,0.9635510979124878,0.9647219003995203,0.9658574513500744,0.9669587386394891,0.9680267151704065,0.9690623260819632,0.9700664196464223,0.9710399029057419,0.9719836254080109,0.9728984185875376,0.9737850958031945,0.9746444524008664,0.9754772766386478,0.976284274435885,0.977066252718478,0.9778238940011563,0.9785578674224447,0.9792689340962695,0.9799576911631257,0.9806247810749734,0.9812708934727941,0.9818965930129219,0.9825024848622287,0.9830891835272089,0.9836572297741382,0.9842071528364439,0.9847395465551135,0.9852548743105379,0.9857536933223562,0.986236458524874,0.9867036915678706,0.987155837535855,0.987593357683864,0.9880166818246353,0.9884262541438703,0.9888225120702455,0.9892058216454218,0.9895766047571782,0.9899352479007781,0.9902821162556047,0.9906175710172873,0.9909419739022024,0.9912556711096463,0.9915589894395087,0.9918522518427606,0.9921357678340781
A067,32.44672328,12.142857142857142,15.142857142857142,interval,0,0.7563572643576749,0.7629905429329086,0.7694759256089282,0.7758154616803031,0.7820112365185147,0.7880650284785687,0.7939789667115249,0.7997552766878512,0.8053958694565355,0.8109028499987998,0.8162784175839466,0.8215247355230357,0.8266438463035194,0.8316380584586847,0.836509448552583,0.8412601149385226,0.8458923267748223,0.8504082370876787,0.854809869515419,0.8590995349992709,0.8632792720853907,0.8673512299674884,0.8713175779911126,0.8751803453401227,0.8789417633071329,0.8826036760400933,0.886168349303461,0.8896377370102964,0.8930138592178143,0.8962986952678054,0.8994942526032839,0.9026025067905115,0.9056253077647018,0.9085647005298361,0.9114224435238535,0.9142004329716937,0.9169005516435451,0.9195245214776532,0.9220741999058878,0.9245512848246557,0.9269576113414382,0.9292947777938381,0.9315644610161969,0.9337683627726673,0.9359080464311512,0.937985153266036,0.9400012605466217,0.9419577862627487,0.9438563883198163,0.9456984647123615,0.9474854728100356,0.9492188660501834,0.9508999853251395,0.9525302406867406,0.9541110165142787,0.9556435392622332,0.9571291497203133,0.9585690986744038,0.9599645847000766,0.9613168923349336,0.9626271156239249,0.9638965060723392,0.9651261166432441,0.9663170672092654,0.9674704677130358,0.9685873646168999,0.9696687583466977,0.9707157049125278,0.9717291502472372,0.9727100698395953,0.9736593941119974,0.9745780559248537,0.975466933509633,0.9763268653673078,0.9771587662024761,0.9779634443951767,0.9787416519904008,0.9794942704026738,0.9802219953530511,0.9809255835707635,0.9816057903348915,0.9822632991199743,0.9828988118016437,0.9835130118996305,0.984106541290692,0.9846800113471215,0.985234101640683,0.9857693466546875,0.9862863919193853,0.9867857589729039,0.987268045821228,0.987733766632448,0.9881834551878382,0.9886176058175324,0.9890367243725106,0.9894413077599045,0.9898317933568055,0.9902086522351186,0.9905723304444383,0.9909232407269938,0.9912618003550935,0.9915884242636811,0.9919035052675123,0.9922074112536589,0.9925005180707493,0.9927831730861756
A068,30.42719786,0.0,13.571428571428571,left,3,0.7109713668995181,0.7197462309463695,0.728341099842158,0.7367559417480749,0.7449909039525435,0.7530459113426959,0.7609214859661675,0.7686184213457502,0.7761372536263558,0.7834789323599436,0.7906446285351054,0.7976356600627761,0.8044532509222129,0.8110991445698819,0.8175748543372294,0.8238821234167705,0.8300229426821074,0.8359992824668219,0.8418130918325701,0.8474667263014536,0.8529623074981237,0.8583022028969562,0.8634888893720709,0.8685247341603114,0.8734123926613888,0.8781541825729172,0.8827529533400285,0.8872112975416357,0.8915318317674166,0.8957172900656233,0.899770426133943,0.9036940345152172,0.9074907584844157,0.911163565064771,0.9147150780416371,0.9181480896593521,0.9214654655057044,0.9246698634809494,0.9277641391491427,0.9307509745050274,0.9336332056350823,0.9364134630285256,0.9390943753859629,0.9416787326747159,0.9441690643497589,0.9465680789465772,0.9488783248983264,0.9511022410850115,0.9532425078414859,0.955301458488545,0.9572815882229714,0.9591852901419512,0.9610148929621216,0.9627727073266927,0.964461077813205,0.9660821233540325,0.967638082696214,0.9691310961370856,0.9705632006886694,0.9719365305694635,0.9732530046030617,0.9745146548035284,0.9757233306490729,0.9768808982174889,0.9779891898267302,0.9790500017740515,0.9800649899987434,0.981035893245754,0.9819643035088332,0.9828518338055906,0.9837000268078904,0.9845103673873065,0.9852843226793931,0.9860232666683737,0.9867286338497588,0.9874017228941003,0.9880437777493327,0.988656124739057,0.9892399109422183,0.9897963045160908,0.990326468152272,0.9908314606835763,0.9913123442834165,0.9917701491716227,0.9922058507875728,0.9926203787598956,0.9930146781140321,0.9933895930641723,0.9937460067533568,0.9940847115389345,0.9944065155394889,0.9947121610293964,0.9950023802148177,0.9952778740570835,0.9955393137153558,0.9957873583932366,0.9960226082958574,0.9962456753030059,0.9964571304518746,0.9966575150559893,0.9968473602923161,0.9970271727946343,0.997197433931185,0.9973586070528231,0.9975111340930386,0.9976554366437711
A069,33.984375,0.0,12.285714285714286,left,2,0.8003236383322869,0.8061568112048036,0.8118419738801582,0.8173820223350627,0.8227798192400346,0.8280379349500653,0.8331591928859186,0.83814645299355,0.8430023073738101,0.8477294334832217,0.852330599021996,0.8568084833040323,0.8611656120427824,0.8654047492569696,0.8695283825556677,0.8735390504203471,0.8774393331351442,0.8812317234348368,0.8849185986185447,0.8885025167873624,0.8919857525158957,0.8953707242054049,0.8986597973457887,0.9018551890795858,0.9049592567103377,0.907974074829944,0.9109019444908448,0.9137449900856048,0.9165052822649077,0.9191848993782068,0.9217858868801452,0.9243102794647013,0.9267599494002834,0.9291369315034146,0.9314430195084515,0.9336800863915466,0.9358499885131769,0.9379543986228194,0.939995163135785,0.9419739158380293,0.9438924044884095,0.9457521922108583,0.9475548577082447,0.949302026182863,0.9509951490405485,0.9526357948444872,0.9542254140261748,0.9557653482432822,0.9572570963917788,0.958701948165717,0.960101264777445,0.9614563328998722,0.9627684136796679,0.9640387424858479,0.9652685704551592,0.9664589828299284,0.9676112069777801,0.9687263211479817,0.9698054077458835,0.9708495745953915,0.9718597930689631,0.9728371454447199,0.9737825694262087,0.9746970172645266,0.9755814297851355,0.9764367351029828,0.9772637756634036,0.9780634663552122,0.9788365881685407,0.9795839921797135,0.9803064498740466,0.9810047506668447,0.9816796273327747,0.9823317865390461,0.9829619928494292,0.9835709138961511,0.984159177794811,0.9847274983091129,0.9852764613388981,0.9858066910766922,0.9863188009992442,0.9868133455885435,0.9872908991791023,0.9877520192794285,0.988197221931873,0.9886270098804055,0.9890419199185806,0.9894423903223839,0.9898289286560276,0.9902019654232438,0.9905619628720588,0.9909093427588228,0.9912445151899097,0.9915678836294136,0.991879849063239,0.9921807953078472,0.9924710680610106,0.9927510429611528,0.9930210621211472,0.9932814536317245,0.9935325440367756,0.9937746498048821,0.9940080775751406,0.994233117312419,0.9944500573740812,0.9946591703149262
A070,30.46875,0.0,12.285714285714286,left,2,0.7714677504301874,0.7775921018103247,0.7835759395404542,0.7894216289987351,0.7951315357447503,0.8007077015187258,0.8061524701153857,0.8114682590152749,0.8166571871616886,0.8217215070702089,0.8266635284894852,0.8314855200939584,0.8361896535975382,0.8407782489519156,0.8452534675560952,0.84961747054264,0.8538725149997616,0.8580207283437637,0.8620641779895069,0.8660051124487019,0.8698455331158534,0.873587566502964,0.8772333132464785,0.8807847251739165,0.8842439402574409,0.8876127375034356,0.8908932674771999,0.8940873817400895,0.8971970015583536,0.9002239719581382,0.9031701724986405,0.9060374581507841,0.9088275538542722,0.9115423437969151,0.9141834776114459,0.9167526713149636,0.9192516501403432,0.9216820256426255,0.9240454662723501,0.9263435517994669,0.9285779132460278,0.9307500267134227,0.9328613871091402,0.9349135461194626,0.9369078960084806,0.9388459673194371,0.9407290931483566,0.9425586114514548,0.944335977135483,0.9460624283720088,0.9477392997714613,0.9493678660815426,0.950949310270626,0.9524849030754563,0.9539758731668697,0.9554232764902159,0.9568283517042246,0.9581921662181856,0.959515802028728,0.9608003822042452,0.9620468715372235,0.9632563953047859,0.9644298515727705,0.9655682518370352,0.9666725442944366,0.967743684568754,0.9687825423139035,0.9697900347834545,0.9707669962562395,0.9717143055947176,0.972632761690161,0.973523193749781,0.9743863662886196,0.9752230174273112,0.9760339668028497,0.9768199167160927,0.9775815248300062,0.9783195663269957,0.9790346572068203,0.979727469319047,0.9803986669371685,0.9810488431127163,0.9816786227560625,0.9822886145761782,0.9828793864216843,0.983451460598382,0.9840054600488587,0.9845418483302907,0.9850611949962726,0.9855639713054775,0.9860506960481347,0.9865218382014163,0.9869778554776268,0.9874192075856262,0.9878463290881855,0.988259674861237,0.9886596252858207,0.9890466125433455,0.989421026657948,0.9897832420226045,0.9901336346122692,0.9904725700760062,0.9908004039413686,0.9911174718158939,0.9914241152853237,0.9917206421990428
A071,34.72088268,0.0,13.571428571428571,left,0,0.6831689007410029,0.6902081904813085,0.6971260353503428,0.7039233921771586,0.7106012362252434,0.7171602490920729,0.723601464494456,0.7299260739806349,0.7361349182835057,0.7422290692417779,0.7482097194684691,0.7540780396030492,0.7598350922922248,0.7654822267693555,0.7710205712828422,0.77645131665829,0.7817758489035752,0.7869954136654057,0.7921111963472911,0.7971246689129672,0.802037038886009,0.8068496748672478,0.8115640025735871,0.8161812764926125,0.8207029807150927,0.8251302604206718,0.8294647193733585,0.8337076463664558,0.8378603638975269,0.8419242765106664,0.8459007781937358,0.8497912678206662,0.8535970126453555,0.8573195518041873,0.8609600890375395,0.8645200281572634,0.8680007835241048,0.8714035886970135,0.874729878775488,0.8779809081426299,0.8811581380168347,0.8842627593475041,0.8872960323772854,0.8902593671365553,0.8931539406866534,0.8959811471766614,0.8987421795133097,0.901438178568349,0.9040705842711589,0.9066404514318558,0.9091490749342368,0.9115976246338422,0.9139872540181545,0.9163191495170833,0.9185945506580973,0.9208144327878095,0.9229800214798126,0.9250924350008319,0.9271526800489026,0.929161950352966,0.9311212138496477,0.9330316296578731,0.9348941272420769,0.9367097475859467,0.9384795400894139,0.9402044798529894,0.9418854924308676,0.9435236117228419,0.9451197217668533,0.9466747738590366,0.9481896875841612,0.9496653342839303,0.9511026281137676,0.9525023652938557,0.9538655046193844,0.9551928519036377,0.9564851380872036,0.9577433282078159,0.9589680972501949,0.9601602396976827,0.9613205666875736,0.9624497853097578,0.9635486515347851,0.9646179076628542,0.9656582408688613,0.9666703010065091,0.9676548753018535,0.9686125101519499,0.9695439657755458,0.970449795796857,0.9713307074394094,0.9721872828811722,0.9730201073097252,0.9738297789090284,0.9746168840784004,0.9753820192168847,0.9761256820681681,0.976848447632524,0.9775508570809228,0.9782334003479516,0.9788965983728906,0.9795409417130356,0.9801669484370048,0.9807750602911702,0.9813657563831121,0.9819394702146461
A072,30.83289383,0.0,13.428571428571429,left,0,0.802212709502031,0.8083801967234453,0.8143855737055059,0.8202318281287468,0.825921969950205,0.8314587257436419,0.8368450439866829,0.8420840374215349,0.8471784326636504,0.8521311813296046,0.8569452375066772,0.8616235342716012,0.8661688662497464,0.8705842416069691,0.8748724238743261,0.8790362204179311,0.8830785327538927,0.8870020924153552,0.8908095997872136,0.8945038769786016,0.8980875315951669,0.9015632703361847,0.9049337506542464,0.908201514278411,0.9113691978505573,0.914439179271801,0.9174140649689756,0.9202962765480054,0.9230881816745736,0.9257921404905617,0.9284104898776869,0.9309455515262164,0.9333994882194703,0.9357746208819379,0.9380729845473451,0.940296736316985,0.9424479896663452,0.9445287087547045,0.9465409446405669,0.9484866014532434,0.9503676618074735,0.952185946973857,0.9539432325383442,0.9556413811561986,0.9572820699333509,0.9588670900547764,0.9603980685142178,0.9618765579652031,0.9633042587380247,0.9646826432218758,0.9660132681086857,0.9672975723352444,0.9685370046356924,0.9697329547739412,0.9708868305730118,0.9719998839009326,0.9730734711361273,0.9741088431355979,0.9751071770952946,0.9760697212344989,0.9769976050683922,0.9778919823899653,0.9787539361818244,0.9795845130737519,0.9803847800219919,0.9811557373393371,0.9818983417705701,0.9826135765031365,0.9833023296974727,0.9839655312766106,0.9846040208421879,0.9852186615865318,0.9858102615980443,0.9863795927614426,0.9869274675601482,0.9874546184584532,0.9879617322011995,0.9884495708001818,0.9889187666815105,0.9893699778772871,0.9898038760030057,0.9902210441552416,0.9906220924611748,0.9910076008873255,0.9913781311521866,0.9917342082246983,0.9920763832474558,0.9924051253328504,0.992720956349301,0.9930243328926553,0.9933157263941723,0.9935955684896862,0.9938642889518394,0.9941223032432254,0.9943700059302243,0.9946077957387044,0.9948360275721507,0.9950550712219489,0.9952652769617781,0.9954669711892549,0.9956604785123434,0.9958461177698176,0.996024190907012,0.9961949817426851,0.9963587722409483,0.996515834368508
A073,34.13111342,0.0,13.571428571428571,left,0,0.7751270383471882,0.7815918511514212,0.7879025917643271,0.7940616697987938,0.8000715424576663,0.8059343336640836,0.8116525109925405,0.8172286368606991,0.8226649258570705,0.8279638374519233,0.8331278499569716,0.8381594356621782,0.8430609341229385,0.8478349316638816,0.8524837674742731,0.8570098444705119,0.8614156852460861,0.8657036608863501,0.8698760608701904,0.8739354219344813,0.8778840139399152,0.881724187844709,0.8854583648288645,0.8890887349930161,0.8926177154475718,0.8960473933244864,0.8993801565479641,0.9026181491550047,0.9057635541907404,0.9088185080529527,0.9117851517897246,0.9146656265470899,0.9174619097370086,0.920176175688296,0.9228102890179685,0.9253662698947305,0.9278461051789044,0.9302516257259645,0.9325847677106409,0.9348473457469032,0.9370412690940856,0.9391682027010232,0.941229897161443,0.9432281371840905,0.9451645439982501,0.9470408305682353,0.948858570121857,0.9506192964467605,0.9523246951865005,0.9539761603080302,0.9555752360775182,0.9571233870275452,0.9586219876680576,0.9600724675855071,0.9614762416034098,0.9628345180504823,0.9641486901974166,0.9654200054265932,0.9666496739796046,0.9678389757813414,0.9689890172189412,0.9701010372288321,0.9711760949330547,0.9722153145536698,0.9732197585844886,0.9741905112576118,0.9751285192058029,0.9760348515464584,0.9769104319800325,0.9777562162206537,0.9785731261048932,0.9793620416025279,0.9801238500498475,0.9808593611396607,0.9815694639324805,0.9822549171329341,0.9829164884532726,0.9835549913102861,0.9841711036773071,0.9847655667520914,0.9853390926892654,0.9858923374122497,0.9864259688111365,0.9869406357763075,0.9874369488684825,0.9879154899298831,0.988376894421345,0.9888216737423455,0.989250428634688,0.989663653894235,0.990061904774777,0.9904456696345655,0.9908154291256911,0.9911716605525848,0.9915148317316445,0.9918453911993873,0.9921637511663833,0.9924703440181951,0.99276557510794,0.9930498333826128,0.9933235002783651,0.9935869454628674,0.993840527107164,0.9940845885392076,0.9943194660979626,0.9945454752504278
A074,46.875,15.714285714285714,inf,right,2,0.6735753039816265,0.6802318899622248,0.6867786492258627,0.6932166121086921,0.6995468332168105,0.7057700562679949,0.7118873543588642,0.7178999152947103,0.723808593411692,0.7296144492303566,0.735318629560578,0.7409222769769115,0.7464263852808264,0.7518322428004544,0.7571408767373552,0.7623534034156257,0.7674710827424233,0.7724950590089723,0.7774263815306738,0.7822663910448773,0.7870161563329232,0.7916769005585288,0.7962498671747542,0.800736172821979,0.8051371236656535,0.8094537060874593,0.8136873169543428,0.81783904996704,0.8219101102304599,0.8259016349360893,0.8298148384752043,0.8336509357958987,0.8374109997047716,0.8410963671197821,0.8447080204648502,0.8482471673363297,0.8517150079246317,0.8551125669207441,0.8584410976196664,0.8617016274794497,0.8648954046159656,0.8680234217808153,0.8710867445938182,0.8740865528079844,0.8770238248869695,0.8798997585091565,0.8827153513604273,0.8854715304775345,0.8881695499911912,0.8908102628110618,0.8933947566877773,0.895924029201643,0.8983990339315093,0.9008207505820404,0.9031902630042641,0.9055083522313677,0.9077760794842187,0.9099943525253996,0.9121640242116268,0.9142861338880519,0.9163614477187375,0.9183909768633602,0.9203755024418268,0.9223158987345453,0.9242130205782058,0.9260677611312947,0.9278808331419207,0.9296531710952883,0.9313854751454796,0.9330786054619179,0.9347333142066632,0.9363503468671431,0.9379304830202818,0.9394743910359193,0.9409829346329875,0.9424567841746273,0.9438965466327724,0.9453030732048519,0.9466769540265686,0.9480188315996769,0.9493294678868803,0.9506094323440263,0.9518593955421177,0.9530800172663226,0.9542718959828674,0.9554355566137497,0.9565717484333874,0.9576809143616556,0.9587637336830988,0.9598207005613808,0.960852426573555,0.9618594365975114,0.9628422484789039,0.9638014015797362,0.9647373978506094,0.9656508010237296,0.9665420405070633,0.967411622262019,0.9682600559572155,0.9690877769191081,0.9698952527734964,0.9706829428094438,0.9714512980030842,0.9722007373025945,0.9729317081617244,0.9736445917830236
A075,27.91551883,0.0,12.142857142857142,left,1,0.7577781197826964,0.7639905978066639,0.7700672720641518,0.7760102750816584,0.7818217633113362,0.7875035651299354,0.7930578109562741,0.7984867109466045,0.8037921541859191,0.8089762091171717,0.8140409786817305,0.81898858399999,0.8238209394369169,0.8285402641674098,0.8331484546638096,0.8376475389632976,0.8420396127584449,0.8463266423355632,0.8505105194375183,0.8545933298686887,0.8585769414809177,0.862463323934455,0.8662544422587968,0.8699521112994263,0.8735583302076073,0.877074759273736,0.8805034070062858,0.8838460353500981,0.8871044241074686,0.8902803233840355,0.8933754956394828,0.896391697839354,0.8993305549221134,0.9021938656420239,0.9049831725614625,0.9077001207878189,0.9103463568666467,0.9129233738077037,0.915432820189097,0.9178761540236806,0.9202549809188263,0.9225706844875654,0.9248247098251524,0.9270185330685015,0.9291535219176146,0.9312311074537666,0.9332526359390013,0.9352193317598526,0.9371326693980475,0.9389938087150671,0.9408040508129577,0.9425646367655031,0.9442767317225105,0.9459415428290072,0.947560312997711,0.9491340440319336,0.9506639252476169,0.952151070247083,0.9535964880852269,0.9550012913556629,0.9563664556010278,0.9576930703862958,0.9589820288188038,0.9602343209009594,0.9614509020164769,0.9626327237452285,0.9637806319169442,0.9648955441136362,0.9659783168440247,0.9670297903398419,0.968050788494306,0.9690421188268085,0.9700045850114367,0.970938899678295,0.9718458964741623,0.9727262690310958,0.9735806990982986,0.9744099794481709,0.975214704682413,0.9759955693693481,0.9767532615520963,0.9774883701068161,0.9782015238027227,0.9788933659379172,0.9795644562626442,0.980215343928948,0.980846657793134,0.981458875227127,0.9820525879498159,0.9826282690338928,0.9831864739146148,0.9837276695286572,0.9842523448197382,0.9847609537117157,0.9852539700033757,0.9857318620729557,0.9861950146827874,0.9866438823817368,0.9870788794226704,0.9875003965218361,0.9879088217774393,0.9883045461650504,0.9886879439648072,0.9890593678617676,0.9894191678542159,0.9897676794494938
A076,35.3515625,0.0,12.0,left,2,0.813685637531216,0.8193588636753317,0.8248810807623784,0.8302554469875778,0.835485079164108,0.8405728023649612,0.8455216611279733,0.8503347949009242,0.8550149725614156,0.8595651057195431,0.8639881667802348,0.8682870340827403,0.8724644298690389,0.8765232961428264,0.8804663012018269,0.8842961387397116,0.8880155931405243,0.8916272672614822,0.8951337051253646,0.8985375855206185,0.9018413646886712,0.9050475441853137,0.9081586222598708,0.9111769348268864,0.9141049421265717,0.916944829656042,0.919698988548273,0.9223696355876537,0.9249589294956525,0.927469028706128,0.9299020532801806,0.9322601056952553,0.9345451294582334,0.9367592125790459,0.938904211246263,0.9409820386952312,0.9429946158007277,0.9449436751850823,0.9468310378886567,0.9486584539376187,0.9504276412456995,0.9521402154584989,0.9537977820866217,0.9554019667648741,0.956954279577922,0.9584562976848738,0.9599094381010176,0.9613151075621504,0.9626747879378204,0.9639897806227793,0.9652614470519597,0.9664910892871906,0.9676799270115276,0.9688292330712112,0.9699402354440737,0.9710140334000391,0.9720518010445207,0.9730546585440688,0.9740236302206765,0.974959840786154,0.975864252712342,0.9767379029503489,0.9775817176750471,0.9783966520641937,0.9791836163445901,0.9799435254651176,0.9806771863989976,0.9813854866377518,0.9820692087574785,0.9827291671006462,0.983366119631661,0.9839808045183444,0.9845739557116978,0.9851462562993196,0.9856984227802478,0.9862310995083288,0.9867449073074958,0.987240524267125,0.987718501393772,0.9881794346789974,0.9886239203796968,0.9890524820160487,0.9894656702051648,0.9898639958101095,0.9902479713565531,0.9906180566585924,0.9909747609326358,0.9913184961914163,0.9916497469325278,0.9919689146032322,0.9922764310800575,0.9925726918091915,0.9928580806029146,0.9931329780316054,0.9933977445944062,0.9936527490551603,0.9938983137688457,0.9941347742044614,0.9943624582637244,0.9945816658105927,0.9947926977738405,0.9949958452834393,0.9951913899310996,0.9953796010658388,0.9955607365226564,0.995735048855692
A077,34.49388648,16.571428571428573,inf,right,0,0.6284925414072893,0.6356143908169503,0.6426352463381546,0.6495554803457322,0.6563755100751991,0.663095423240559,0.6697156961649604,0.6762369408185691,0.6826594255536595,0.6889836604491906,0.6952102753077956,0.70133988329139,0.7073729822549795,0.7133103899584938,0.7191526805945191,0.7249005084383346,0.7305547235211456,0.7361160489177272,0.7415851429346744,0.7469629760925842,0.7522502424071612,0.7574478150504443,0.7625566366052122,0.7675774614624331,0.7725113314148336,0.777358915674659,0.7821213332373627,0.7867994471352118,0.7913941543967835,0.7959064023236835,0.8003371655728999,0.8046874622952926,0.8089581149462987,0.8131502989577633,0.8172648129168911,0.8213026900452847,0.8252649863526254,0.8291525620898978,0.8329665174352597,0.8367077562200489,0.8403774308231744,0.8439763754175756,0.8475055826623488,0.850966126814377,0.8543588905100462,0.8576850040413853,0.860945372716634,0.8641408498739795,0.8672726544397544,0.8703415592853917,0.8733486336732932,0.8762948087879008,0.8791810066423367,0.8820081998471023,0.8847774371992543,0.8874894421718719,0.8901453123127359,0.8927459378535807,0.8952921406688501,0.8977849697805341,0.900225191883367,0.9026138635330813,0.9049517372994885,0.9072397021835233,0.9094786568397633,0.9116694823534836,0.9138129543152526,0.915910010069735,0.9179613938143389,0.9199679948834477,0.9219305870956958,0.9238499882408207,0.9257269984092951,0.9275623210469558,0.9293568707754186,0.9311113718602327,0.9328264690553572,0.9345030843007724,0.9361418286729535,0.937743437940057,0.9393086910869815,0.9408382363668932,0.9423327970567018,0.9437930874349054,0.9452197556522268,0.9466134069509545,0.9479748448648531,0.9493045491416968,0.9506033042498945,0.951871615910665,0.9531102127698453,0.9543196400534351,0.9555005220468812,0.9566534085679237,0.9577789080921789,0.9588776349133894,0.9599500694238758,0.9609968105829785,0.962018416565541,0.9630153784224447,0.9639882395578768,0.9649375062461185,0.9658637326900186,0.9667673674471313,0.9676489211838349,0.9685088434171611
A078,29.89398422,17.0,20.857142857142858,interval,3,0.7109713668995181,0.7197462309463695,0.728341099842158,0.7367559417480749,0.7449909039525435,0.7530459113426959,0.7609214859661675,0.7686184213457502,0.7761372536263558,0.7834789323599436,0.7906446285351054,0.7976356600627761,0.8044532509222129,0.8110991445698819,0.8175748543372294,0.8238821234167705,0.8300229426821074,0.8359992824668219,0.8418130918325701,0.8474667263014536,0.8529623074981237,0.8583022028969562,0.8634888893720709,0.8685247341603114,0.8734123926613888,0.8781541825729172,0.8827529533400285,0.8872112975416357,0.8915318317674166,0.8957172900656233,0.899770426133943,0.9036940345152172,0.9074907584844157,0.911163565064771,0.9147150780416371,0.9181480896593521,0.9214654655057044,0.9246698634809494,0.9277641391491427,0.9307509745050274,0.9336332056350823,0.9364134630285256,0.9390943753859629,0.9416787326747159,0.9441690643497589,0.9465680789465772,0.9488783248983264,0.9511022410850115,0.9532425078414859,0.955301458488545,0.9572815882229714,0.9591852901419512,0.9610148929621216,0.9627727073266927,0.964461077813205,0.9660821233540325,0.967638082696214,0.9691310961370856,0.9705632006886694,0.9719365305694635,0.9732530046030617,0.9745146548035284,0.9757233306490729,0.9768808982174889,0.9779891898267302,0.9790500017740515,0.9800649899987434,0.981035893245754,0.9819643035088332,0.9828518338055906,0.9837000268078904,0.9845103673873065,0.9852843226793931,0.9860232666683737,0.9867286338497588,0.9874017228941003,0.9880437777493327,0.988656124739057,0.9892399109422183,0.9897963045160908,0.990326468152272,0.9908314606835763,0.9913123442834165,0.9917701491716227,0.9922058507875728,0.9926203787598956,0.9930146781140321,0.9933895930641723,0.9937460067533568,0.9940847115389345,0.9944065155394889,0.9947121610293964,0.9950023802148177,0.9952778740570835,0.9955393137153558,0.9957873583932366,0.9960226082958574,0.9962456753030059,0.9964571304518746,0.9966575150559893,0.9968473602923161,0.9970271727946343,0.997197433931185,0.9973586070528231,0.9975111340930386,0.9976554366437711
A079,32.24206349,0.0,12.428571428571429,left,3,0.5687686294580001,0.5776844205838163,0.5865049919794458,0.5952283962994589,0.6038528016350894,0.6123760372137355,0.6207964946333899,0.6291128086410289,0.6373232469664225,0.6454264585823235,0.6534213151448328,0.6613067484930589,0.669081598120457,0.6767452016644806,0.6842966346080384,0.6917351696365757,0.6990603902670006,0.7062717621803186,0.713368773007329,0.7203513587680697,0.7272191656103781,0.7339721373150706,0.7406103580161625,0.7471337652299683,0.7535427080937771,0.7598370831674215,0.7660174943325075,0.7720842088622604,0.7780376373102225,0.783878276918839,0.7896067358794955,0.7952237075835547,0.8007297065614057,0.8061257687371675,0.8114124199217023,0.8165906108998231,0.8216613086140356,0.8266253039737221,0.831483731477215,0.8362375179226489,0.840887900100733,0.8454358365426884,0.8498824322342254,0.8542289453198713,0.8584765118903911,0.8626264788694409,0.8666800197576571,0.8706382726344547,0.8745028083601304,0.8782747407428495,0.8819554676163851,0.8855463668786061,0.8890487096719966,0.8924639113364218,0.8957935044411215,0.8990386166454544,0.9022008451404284,0.9052815491553396,0.9082820392924935,0.9112039143064445,0.9140484169818991,0.9168171440267844,0.9195113462491267,0.9221324815047511,0.9246819960068496,0.9271613122120154,0.9295717290930658,0.931914771223799,0.9341917048109188,0.9364039803924884,0.9385529665338541,0.9406399863177135,0.9426664180686171,0.9446334963218856,0.9465427177917913,0.9483953174566909,0.9501924735687579,0.9519356952488341,0.9536260857239158,0.955264900585971,0.9568534797485326,0.9583929508212558,0.9598845443135975,0.9613294891091159,0.9627289368757767,0.9640839690256984,0.9653958670139142,0.9666655843486914,0.9678943516047961,0.9690831645814383,0.9702331609898943,0.9713453325364105,0.9724207184723929,0.9734603280317047,0.9744651417832333,0.9754361780518022,0.9763743056930153,0.9772805183306,0.978155725516382,0.979000790534563,0.9798166095951079,0.9806040499919089,0.981363942642919,0.9820971018990322,0.9828043504530725,0.9834864347468819
A080,32.04614645,14.857142857142858,18.857142857142858,interval,1,0.7577781197826964,0.7639905978066639,0.7700672720641518,0.7760102750816584,0.7818217633113362,0.7875035651299354,0.7930578109562741,0.7984867109466045,0.8037921541859191,0.8089762091171717,0.8140409786817305,0.81898858399999,0.8238209394369169,0.8285402641674098,0.8331484546638096,0.8376475389632976,0.8420396127584449,0.8463266423355632,0.8505105194375183,0.8545933298686887,0.8585769414809177,0.862463323934455,0.8662544422587968,0.8699521112994263,0.8735583302076073,0.877074759273736,0.8805034070062858,0.8838460353500981,0.8871044241074686,0.8902803233840355,0.8933754956394828,0.896391697839354,0.8993305549221134,0.9021938656420239,0.9049831725614625,0.9077001207878189,0.9103463568666467,0.9129233738077037,0.915432820189097,0.9178761540236806,0.9202549809188263,0.9225706844875654,0.9248247098251524,0.9270185330685015,0.9291535219176146,0.9312311074537666,0.9332526359390013,0.9352193317598526,0.9371326693980475,0.9389938087150671,0.9408040508129577,0.9425646367655031,0.9442767317225105,0.9459415428290072,0.947560312997711,0.9491340440319336,0.9506639252476169,0.952151070247083,0.9535964880852269,0.9550012913556629,0.9563664556010278,0.9576930703862958,0.9589820288188038,0.9602343209009594,0.9614509020164769,0.9626327237452285,0.9637806319169442,0.9648955441136362,0.9659783168440247,0.9670297903398419,0.968050788494306,0.9690421188268085,0.9700045850114367,0.970938899678295,0.9718458964741623,0.9727262690310958,0.9735806990982986,0.9744099794481709,0.975214704682413,0.9759955693693481,0.9767532615520963,0.9774883701068161,0.9782015238027227,0.9788933659379172,0.9795644562626442,0.980215343928948,0.980846657793134,0.981458875227127,0.9820525879498159,0.9826282690338928,0.9831864739146148,0.9837276695286572,0.9842523448197382,0.9847609537117157,0.9852539700033757,0.9857318620729557,0.9861950146827874,0.9866438823817368,0.9870788794226704,0.9875003965218361,0.9879088217774393,0.9883045461650504,0.9886879439648072,0.9890593678617676,0.9894191678542159,0.9897676794494938
A081,32.8125,0.0,14.0,left,0,0.7653455322338556,0.771901777333795,0.7783071138634479,0.7845637696015503,0.7906739948406099,0.7966397343737563,0.8024632761023386,0.8081470088315843,0.8136929709671501,0.819103436080614,0.824380756936878,0.8295272289233042,0.8345450524927702,0.8394366318078144,0.8442041763620692,0.8488499474979382,0.8533763342661439,0.8577855585529013,0.862079829113982,0.8662615148827113,0.8703327654072212,0.8742958652466106,0.878153066567014,0.8819065122315106,0.8855584772495747,0.8891109614197427,0.8925662513837455,0.895926443386658,0.8991935933188662,0.9023697707564686,0.9054570408065449,0.9084574737635956,0.9113729743047029,0.9142056447759371,0.9169573195642179,0.919629924782804,0.9222253951207102,0.9247455299621171,0.9271922190395621,0.9295672182850304,0.9318723668157873,0.9341093399030348,0.9362798503369807,0.938385610533022,0.9404282087717274,0.9424093735986812,0.9443306294844079,0.9461935025142112,0.9479996087599274,0.94975037217391,0.9514473049243227,0.9530918575161195,0.9546854054611879,0.9562293361458402,0.9577250602619498,0.9591738033060692,0.9605769429869534,0.9619357362787807,0.9632513446152071,0.9645250965292025,0.9657580788960416,0.9669515388617541,0.9681065471488879,0.9692241951527104,0.9703055897429654,0.9713518119852906,0.9723638226445164,0.9733426818089462,0.9742893204795853,0.9752047288885919,0.9760898292350143,0.9769455230025577,0.9777726809312348,0.9785721640830258,0.9793448416868462,0.980091522341236,0.9808129503477572,0.9815099879277518,0.9821833232465615,0.9828336908288803,0.9834618552020846,0.9840684628201781,0.9846542086433494,0.9852197531868823,0.9857657394004553,0.9862927648836902,0.9868014746814677,0.9872924004488232,0.9877661605914373,0.9882232840237557,0.9886643297159485,0.9890898041700911,0.989500218337885,0.9898960686253128,0.9902778264280002,0.9906459764803391,0.9910009424021987,0.9913431772742002,0.9916731102262506,0.9919911390314141,0.9922976644831838,0.9925930841519734,0.9928777745159633,0.9931520844474593,0.9934163813552901,0.9936709973518311
A082,30.185554595,0.0,11.0,left,2,0.8029734962791437,0.8087762685808734,0.8144304369493536,0.8199389012721092,0.8253045925076232,0.8305301305896314,0.8356183677291233,0.8405722614650167,0.8453943954671314,0.8500875073696176,0.8546544050366556,0.8590977904242468,0.8634202772714756,0.8676246153267205,0.8717133443100824,0.8756890208878069,0.8795543032972446,0.8833116686420251,0.8869635398488982,0.8905124874251333,0.893960857205764,0.897311049254762,0.9005654536851101,0.9037263525389353,0.9067960828686807,0.9097767553074728,0.9126706892208817,0.9154800277781775,0.9182068595764292,0.9208532793620336,0.923421347924982,0.925913102474505,0.9283304531926584,0.9306754453583649,0.9329498634084752,0.9351555915945923,0.9372945170954731,0.9393683328800492,0.941378831546251,0.9433277358392437,0.945216739874762,0.947047415453221,0.9488214029206201,0.950540258159542,0.9522054926634524,0.9538186764159438,0.9553812124874885,0.9568944975397203,0.9583600139626897,0.959779054445466,0.9611529809114127,0.9624830957400082,0.9637706165335443,0.9650168227185613,0.9662229494812165,0.9673900963677363,0.9685194481532117,0.96961213501298,0.9706691864951251,0.9716917454176752,0.9726807695020528,0.973637348323974,0.9745623834192827,0.9754568583655632,0.9763216990941653,0.9771578297708329,0.9779661001067436,0.9787473898206298,0.9795025072280629,0.9802322883604755,0.9809375098756956,0.9816189292995355,0.9822773022433273,0.9829133305512572,0.9835277558303419,0.9841212420513537,0.984694429356489,0.9852480242423741,0.9857825937037695,0.986298757182955,0.9867971367572638,0.9872782751720356,0.9877427412244868,0.9881910868618314,0.9886238293236213,0.9890414541079042,0.9894444979204259,0.9898333895278748,0.9902086414354,0.9905706739119784,0.9909199433837295,0.9912568666033672,0.9915818486663769,0.9918952925290111,0.9921975797859649,0.9924891029636838,0.9927702029830568,0.9930412371081577,0.9933025553182672,0.9935544767348494,0.9937973229454006,0.9940314055086376,0.994257026203502,0.9944744738518337,0.9946840250895379,0.9948859515242156
A083,32.29786616,23.0,inf,right,1,0.7577781197826964,0.7639905978066639,0.7700672720641518,0.7760102750816584,0.7818217633113362,0.7875035651299354,0.7930578109562741,0.7984867109466045,0.8037921541859191,0.8089762091171717,0.8140409786817305,0.81898858399999,0.8238209394369169,0.8285402641674098,0.8331484546638096,0.8376475389632976,0.8420396127584449,0.8463266423355632,0.8505105194375183,0.8545933298686887,0.8585769414809177,0.862463323934455,0.8662544422587968,0.8699521112994263,0.8735583302076073,0.877074759273736,0.8805034070062858,0.8838460353500981,0.8871044241074686,0.8902803233840355,0.8933754956394828,0.896391697839354,0.8993305549221134,0.9021938656420239,0.9049831725614625,0.9077001207878189,0.9103463568666467,0.9129233738077037,0.915432820189097,0.9178761540236806,0.9202549809188263,0.9225706844875654,0.9248247098251524,0.9270185330685015,0.9291535219176146,0.9312311074537666,0.9332526359390013,0.9352193317598526,0.9371326693980475,0.9389938087150671,0.9408040508129577,0.9425646367655031,0.9442767317225105,0.9459415428290072,0.947560312997711,0.9491340440319336,0.9506639252476169,0.952151070247083,0.9535964880852269,0.9550012913556629,0.9563664556010278,0.9576930703862958,0.9589820288188038,0.9602343209009594,0.9614509020164769,0.9626327237452285,0.9637806319169442,0.9648955441136362,0.9659783168440247,0.9670297903398419,0.968050788494306,0.9690421188268085,0.9700045850114367,0.970938899678295,0.9718458964741623,0.9727262690310958,0.9735806990982986,0.9744099794481709,0.975214704682413,0.9759955693693481,0.9767532615520963,0.9774883701068161,0.9782015238027227,0.9788933659379172,0.9795644562626442,0.980215343928948,0.980846657793134,0.981458875227127,0.9820525879498159,0.9826282690338928,0.9831864739146148,0.9837276695286572,0.9842523448197382,0.9847609537117157,0.9852539700033757,0.9857318620729557,0.9861950146827874,0.9866438823817368,0.9870788794226704,0.9875003965218361,0.9879088217774393,0.9883045461650504,0.9886879439648072,0.9890593678617676,0.9894191678542159,0.9897676794494938
A084,28.55851414,0.0,12.0,left,2,0.7674035014601761,0.7735633338246842,0.7795837852354974,0.7854671628002406,0.7912157556644042,0.7968315578746109,0.8023168492815785,0.8076739763054973,0.8129049773000412,0.8180120738994645,0.8229974911361345,0.8278634969323716,0.8326121356648135,0.8372457475241648,0.8417663891616204,0.8461761900220511,0.8504773435489977,0.8546719817009787,0.8587620758801158,0.8627498502205179,0.8666372637236728,0.87042640377417,0.8741193334132443,0.8777179667307653,0.8812243931309884,0.8846404002622692,0.8879680491048193,0.8912092180215907,0.8943657408459337,0.8974394769031258,0.900432278437726,0.9033459475435008,0.9061821973879672,0.90894289076937,0.9116296408963669,0.9142441686292889,0.9167881793966446,0.9192632403063032,0.9216710154150493,0.9240130674741637,0.9262910130305961,0.9285063009932929,0.9306604458539631,0.9327549432675605,0.9347912265262271,0.9367707425374965,0.938694876385063,0.940564934543744,0.9423823852644279,0.9441483981841313,0.945864360488123,0.947531521055916,0.9491510737423922,0.9507242313079856,0.9522522730909753,0.9537362473385878,0.9551773410470298,0.9565766847680527,0.9579352923892974,0.9592543355033245,0.9605347745752416,0.9617776914261661,0.9629840267639677,0.9641547780674614,0.9652908940053274,0.9663933455179521,0.9674629616990619,0.9685007031768028,0.9695074044047747,0.970483909556309,0.9714310695443539,0.9723496682576249,0.9732405090852088,0.9741043318513493,0.9749419394154567,0.975754048709482,0.9765413092526728,0.9773045348130056,0.9780443124109583,0.9787613197776164,0.9794562465784094,0.9801296890158508,0.9807822589006441,0.9814145714554159,0.9820272174306502,0.9826207224395951,0.9831957008105783,0.9837526197523682,0.9842920804129708,0.9848145270186743,0.9853205086100274,0.9858104919306628,0.9862849403327026,0.9867443197891,0.9871890772918075,0.9876196548974868,0.9880364638139171,0.9884399178390444,0.988830431855568,0.9892083796557637,0.9895741434467425,0.9899280951105652,0.9902706017750148,0.9906019939182367,0.9909226200029341,0.9912328035013639
A085,32.443825509999996,0.0,12.0,left,0,0.7276000052737157,0.7344376755860909,0.741137515776938,0.7477010953331416,0.7541300175121728,0.7604255732709093,0.7665894242270537,0.7726233407621166,0.7785287728197631,0.7843073803944112,0.7899609310852038,0.7954911639644024,0.8008996995772388,0.8061884488277122,0.8113590872168929,0.8164133224934182,0.8213530542228531,0.8261800690763946,0.8308960253866918,0.8355028997670277,0.8400023877668193,0.8443962971954869,0.8486865380531092,0.8528747764572937,0.8569629780644562,0.8609526819186899,0.8648458972126036,0.8686443051307183,0.8723496703059467,0.8759637242406042,0.8794882410010205,0.8829249714559513,0.8862755390467719,0.8895417951116467,0.8927252846415038,0.8958277170434304,0.898850798776456,0.9017960677869985,0.9046652253514694,0.9074598049945869,0.9101815065144533,0.9128317735930485,0.9154121494820526,0.9179242172540389,0.9203694015193292,0.9227492866123634,0.9250652641324647,0.9273187182240381,0.929511202448897,0.9316439842314524,0.9337184979939478,0.935736106422241,0.9376980944027463,0.9396057550456894,0.9414605055305729,0.943263425951911,0.9450158797682086,0.9467190551412513,0.9483741076268022,0.9499823042800596,0.9515446951418582,0.9530625269753825,0.9545368186078562,0.9559686938535131,0.957359208085139,0.9587094630438394,0.9600204001368493,0.9612931006782943,0.9625284899315129,0.9637275814018196,0.9648913109193711,0.9660205978104431,0.9671163313436184,0.968179385213396,0.9692107068103957,0.9702110945604265,0.9711813224812085,0.9721223198522645,0.9730347911415707,0.9739195121643389,0.9747773091348796,0.9756088563136414,0.9764148922623804,0.977196159211131,0.9779533204609984,0.9786870169468304,0.9793979828388334,0.980086772075356,0.9807540868309316,0.9814004838857012,0.9820265974610548,0.9826329854505937,0.9832202190331015,0.9837888556366808,0.9843394235827361,0.9848724771825845,0.985388488844742,0.9858879799323654,0.9863714363799626,0.9868393253373904,0.9872921094644935,0.9877302397407592,0.9881541556408004,0.9885642792191686,0.988961027979297,0.9893447911413409
A086,31.62627648,0.0,13.0,left,1,0.7767254365944897,0.7827764111915411,0.7886862774651349,0.7944574804426767,0.8000924615357987,0.805593356728826,0.810962615957081,0.8162026920192429,0.8213157860378102,0.826304227484389,0.831170380625634,0.8359166191564589,0.8405451281535707,0.8450583071223653,0.8494583604317014,0.8537474896772336,0.8579280217193079,0.8620021185708465,0.865971912918631,0.8698396644091622,0.8736074345933587,0.8772773736751082,0.8808516193928847,0.8843321600788047,0.8877211498044585,0.8910204164450508,0.8942321072552293,0.8973581442858514,0.9004004032286784,0.9033608081900363,0.9062412316693143,0.9090435474600131,0.911769499422589,0.9144209979462344,0.9169996586418565,0.9195072604553125,0.9219455263319285,0.9243160550438067,0.9266205351658402,0.9288605431893904,0.9310377377226517,0.9331535791030813,0.9352095671906857,0.9372072659769407,0.9391480607641322,0.9410334711852681,0.9428648718820324,0.9446435420805779,0.9463709719492907,0.9480483622014574,0.9496770810867358,0.9512583813216725,0.9527934606875486,0.9542835493179456,0.9557299037615651,0.9571335599157528,0.9584957161550074,0.9598174980691082,0.9610999334478468,0.962344137186626,0.9635510979124878,0.9647219003995203,0.9658574513500744,0.9669587386394891,0.9680267151704065,0.9690623260819632,0.9700664196464223,0.9710399029057419,0.9719836254080109,0.9728984185875376,0.9737850958031945,0.9746444524008664,0.9754772766386478,0.976284274435885,0.977066252718478,0.9778238940011563,0.9785578674224447,0.9792689340962695,0.9799576911631257,0.9806247810749734,0.9812708934727941,0.9818965930129219,0.9825024848622287,0.9830891835272089,0.9836572297741382,0.9842071528364439,0.9847395465551135,0.9852548743105379,0.9857536933223562,0.986236458524874,0.9867036915678706,0.987155837535855,0.987593357683864,0.9880166818246353,0.9884262541438703,0.9888225120702455,0.9892058216454218,0.9895766047571782,0.9899352479007781,0.9902821162556047,0.9906175710172873,0.9909419739022024,0.9912556711096463,0.9915589894395087,0.9918522518427606,0.9921357678340781
A087,30.023051755,13.857142857142858,15.857142857142858,interval,0,0.7899290964781933,0.7962397626499553,0.8023918058343427,0.8083879714998108,0.814230977908824,0.8199232974565023,0.8254676277417295,0.8308668431993969,0.8361234280249901,0.8412401056444041,0.8462195928072845,0.8510646612365971,0.8557778441961083,0.860361973043767,0.8648196163953767,0.8691533962975437,0.8733660411470037,0.8774601106944617,0.8814381402357517,0.8853028005967083,0.8890565467059749,0.8927019454402212,0.8962415205793366,0.8996776826957269,0.9030129504573351,0.9062495783532972,0.9093900698042772,0.9124367416935658,0.9153918618712898,0.9182576981673142,0.9210365017888773,0.9237305158992223,0.9263418226371345,0.9288726689964437,0.9313250500464573,0.9337010311431364,0.9360026731453157,0.9382319050868315,0.9403907244137633,0.9424809890454138,0.9445046675111272,0.9464634854889861,0.9483592408908287,0.9501937558864103,0.9519686955953809,0.9536858025651477,0.9553466846930175,0.9569529075834053,0.9585061688463847,0.9600078939181708,0.9614596390458313,0.9628628817793731,0.9642190121781675,0.965529464383706,0.9667956397222045,0.9680188016180997,0.9692002938932666,0.970341377421875,0.9714432611172991,0.9725072111065947,0.9735343331073006,0.9745258463420178,0.9754828046778402,0.9764063153662851,0.9772974260785215,0.9781571892139423,0.9789865707031804,0.9797865807914081,0.9805581367675953,0.9813021701683416,0.9820195786295283,0.9827112190934539,0.9833779511272718,0.9840205626130119,0.9846398994645088,0.9852367207744924,0.9858117443142174,0.9863657547022732,0.9868994080205916,0.9874134120712849,0.9879084462911203,0.9883851385279779,0.9888441240359166,0.9892860187850077,0.9897114030178968,0.9901208297224162,0.990514895074531,0.9908940866564684,0.9912589658153539,0.9916100012065711,0.991947710549701,0.9922725524385011,0.9925849767882837,0.992885428540715,0.9931743384407475,0.9934521351519064,0.9937191867177098,0.993975907641276,0.9942226610369743,0.9944598096918966,0.9946877045888732,0.9949066852034123,0.9951170797986332,0.995319202724576,0.9955133609990072,0.9956998428981133
A088,30.110278895,0.0,13.0,left,0,0.8125938219897009,0.8186288419727218,0.8244990370097234,0.8302076256867885,0.835757868301079,0.8411526712019112,0.8463952565492212,0.8514889281927641,0.8564366248638029,0.8612414969816788,0.8659066898202048,0.8704353206640502,0.8748303653132088,0.8790949984989824,0.8832321508297609,0.8872447878397018,0.8911359580455025,0.8949085526074673,0.8985653688467099,0.9021093979970679,0.9055433745893577,0.9088700816358825,0.9120923397144816,0.9152127471391278,0.9182340751056488,0.9211587896469001,0.9239895917373955,0.9267289521649542,0.9293793533825758,0.9319432169464499,0.9344229469357236,0.9368209259355228,0.9391393894777824,0.9413806750766016,0.943546904521825,0.9456402676775308,0.9476629167683538,0.9496168571922896,0.9515041697024009,0.9533267909100871,0.9550867248138184,0.9567858182894374,0.958425869816633,0.9600087533274471,0.9615361639808028,0.9630098975798289,0.9644315915831709,0.9658028092681987,0.9671252456094309,0.9684003790770693,0.969629761208042,0.9708148420086087,0.9719570265729653,0.9730577346639409,0.9741183487979388,0.9751401268613294,0.9761243745735421,0.9770723621109668,0.9779852443030441,0.9788642477982904,0.9797104867141386,0.980525102579665,0.9813091319807502,0.982063629652235,0.9827896285916196,0.9834881068645508,0.9841599996785554,0.9848062628158784,0.9854277702378518,0.9860254010705288,0.9865999939797266,0.9871523765238869,0.9876833311184035,0.9881936049134404,0.9886839786703813,0.9891551587385128,0.9896078081020999,0.990042654394135,0.9904603071773966,0.9908614016775998,0.9912465623532926,0.9916163634844747,0.9919713807518646,0.9923121660944504,0.992639257569593,0.9929531415906402,0.9932543515753913,0.993543329611442,0.9938205667190315,0.9940864948036041,0.9943415571066122,0.9945861603726115,0.9948207081586801,0.9950455899833633,0.9952611756664259,0.995467837198526,0.9956659070846265,0.9958557294394903,0.9960376301249554,0.9962119130905887,0.9963788795488486,0.9965388245432466,0.9966920274045902,0.9968387507825429,0.9969792546923778,0.9971137895422426
A089,32.11428571,0.0,11.142857142857142,left,1,0.6888485502412602,0.6954344892475016,0.7019061432108686,0.7082647366228758,0.7145114823319374,0.7206473088785137,0.7266734521704252,0.732591273955878,0.7384017872124706,0.7441062214896097,0.749705872486139,0.7552020336073642,0.7605958588023165,0.7658887783330839,0.7710819623201477,0.7761766755284031,0.7811743201259322,0.7860761517372526,0.7908833891200598,0.7955974642583484,0.8002195983084668,0.8047511213652628,0.8091933992581557,0.8135476613264834,0.8178153463183606,0.8219975225408016,0.8260956921724218,0.830111103878664,0.8340449762832066,0.8378986207118052,0.841673312761225,0.8453703610646528,0.8489909334703722,0.8525364499734294,0.8560079681004411,0.8594067935065297,0.8627341880986131,0.8659912744621301,0.8691793280370098,0.8722995001550125,0.8753530869801088,0.8783411371164089,0.8812647973139871,0.8841252752790413,0.8869236579911723,0.8896611500118066,0.8923388069203726,0.8949576425018647,0.8975189226363801,0.9000235704237719,0.902472702374107,0.9048673604640616,0.9072085553949241,0.9094972934769909,0.9117346906718184,0.9139215606492735,0.9160590181808327,0.9181479797624813,0.9201893452312794,0.9221841756234358,0.9241332482945303,0.9260376283049025,0.9278981028280274,0.929715557218062,0.9314909007658205,0.9332250097539843,0.9349186334277847,0.9365727158698197,0.9381879793166247,0.9397652838165257,0.9413054166552945,0.9428091166141387,0.9442771728599813,0.9457102877592436,0.9471093055054836,0.9484749076317966,0.9498077150762515,0.951108591616095,0.9523780862086704,0.9536169174210908,0.9548258078764351,0.9560053188931106,0.957156153285129,0.9582789366317414,0.9593742850870984,0.9604427443620577,0.9614850344634832,0.9625015779753178,0.9634931023323999,0.9644600457308923,0.965403054284536,0.9663226218052611,0.9672192765022368,0.9680935508401112,0.968945941714277,0.9697769885846101,0.9705871325822346,0.9713768704994942,0.9721466893311516,0.9728970313657499,0.973628343401213,0.9743410867969412,0.97503570232653,0.9757125898318569,0.9763721853525793,0.9770148741616723
A090,29.1259212,0.0,13.571428571428571,left,0,0.731013048238017,0.7378296724141788,0.7445072404509521,0.7510473762714747,0.7574517265743026,0.763721667360981,0.7698588818474721,0.7758652017191565,0.7817421287089372,0.7874913729582116,0.7931147508528591,0.798614049520781,0.8039909373939694,0.8092473706834926,0.8143850520139686,0.8194057897159773,0.8243114699006588,0.8291039400216142,0.8337849005218657,0.8383563667483939,0.8428200740159099,0.8471778680041622,0.8514316946101557,0.8555832567989038,0.8596345369309273,0.8635871591783721,0.8674431138689183,0.8712041309141131,0.8748720053401822,0.8784484982338654,0.8819353966131618,0.8853345234951353,0.888647469945827,0.8918761696242872,0.8950221497093434,0.8980871570540797,0.9010729198201624,0.9039809985837352,0.9068131008874615,0.909570820233613,0.9122558339678043,0.9148696183246462,0.9174137335080925,0.919889777831174,0.9222991922889892,0.9246435625523732,0.9269243297391461,0.9291428457490605,0.9313007083775658,0.9333991978587045,0.9354397366681436,0.9374237083051576,0.9393524077743668,0.9412271371778989,0.9430493194832922,0.9448200454742801,0.9465406833307961,0.9482124280649515,0.9498364417628509,0.9514139949583602,0.9529461443467627,0.9544341386398999,0.9558790021388723,0.9572818611926418,0.9586437741916879,0.9599658440556971,0.9612490158581808,0.9624943708036956,0.9637028365396907,0.9648754262407796,0.9660130762884561,0.9671166927660131,0.9681872051636218,0.9692254466981575,0.9702323753315067,0.9712087772490798,0.9721554628631234,0.9730733203018151,0.9739630550476006,0.9748254746603168,0.975661367186441,0.9764714172162865,0.9772563600592754,0.9780169339395268,0.9787537996112982,0.9794675954956755,0.9801590501187568,0.9808287161235854,0.981477289741309,0.9821053167207568,0.9827134435028404,0.9833022237970765,0.9838722078678114,0.9844239492571651,0.9849579953205645,0.985474871764015,0.9859750553103819,0.9864590619654119,0.9869273729336586,0.9873804507845994,0.9878187533124917,0.9882427265810351,0.9886528051065352,0.9890494061520541,0.989432942188915,0.9898037979688576
A091,30.30057084,0.0,11.0,left,2,0.6547931399695052,0.6614843993289634,0.668072053574241,0.6745569449152793,0.6809399428623442,0.6872216045245696,0.6934028202819937,0.699484598292542,0.7054676110745007,0.7113527410573088,0.7171409653075912,0.722833242704643,0.7284303988921841,0.7339335556597313,0.73934357136151,0.7446613970312701,0.7498881325564765,0.755024752086564,0.7600721657029788,0.7650315634060341,0.7699038391918395,0.7746900683277744,0.77939137960357,0.7840087141438798,0.7885432509130079,0.7929958321616734,0.7973677165335462,0.8016599010431549,0.8058733949763915,0.8100092741226935,0.8140685923712565,0.8180524548591165,0.8219618125894406,0.8257978760784698,0.8295615626876518,0.8332539182043334,0.83687603899048,0.840428893531952,0.8439135692928518,0.847331060256369,0.8506824734512921,0.8539687203819242,0.8571907745483897,0.8603497163113222,0.8634464828318216,0.8664821471235831,0.8694576400519913,0.8723738041287751,0.8752318310780902,0.878032491054984,0.8807768059509788,0.8834657051968002,0.8861000596553903,0.8886808299036931,0.8912090022523216,0.8936853019444297,0.8961107414269035,0.8984861723068631,0.9008123901242354,0.9030903933192491,0.9053208901532821,0.9075048549028653,0.9096430173911171,0.9117361976007796,0.9137852484881918,0.9157909906960995,0.9177541035755534,0.9196754964001148,0.9215558273205838,0.9233959306661177,0.9251965146705857,0.9269583290543887,0.9286820939052847,0.9303684678122341,0.9320182804090376,0.9336321755255448,0.9352107508245692,0.9367548416667121,0.9382649899972597,0.9397418793192214,0.9411862041261511,0.9425985312795537,0.9439795208183808,0.9453298233323092,0.9466500239093881,0.94794062816417,0.9492023927767563,0.9504357366273528,0.9516413432798734,0.9528196925206355,0.9539713969865115,0.955096974751769,0.9561969379489359,0.957271824759913,0.958322133433984,0.9593484335679077,0.9603511305545228,0.9613307786185178,0.962287846624483,0.9632227824718946,0.9641360569824258,0.9650281333705888,0.9658994672339664,0.9667504795688989,0.9675816254285649,0.9683932862046418
A092,30.4833793,0.0,12.142857142857142,left,1,0.7577781197826964,0.7639905978066639,0.7700672720641518,0.7760102750816584,0.7818217633113362,0.7875035651299354,0.7930578109562741,0.7984867109466045,0.8037921541859191,0.8089762091171717,0.8140409786817305,0.81898858399999,0.8238209394369169,0.8285402641674098,0.8331484546638096,0.8376475389632976,0.8420396127584449,0.8463266423355632,0.8505105194375183,0.8545933298686887,0.8585769414809177,0.862463323934455,0.8662544422587968,0.8699521112994263,0.8735583302076073,0.877074759273736,0.8805034070062858,0.8838460353500981,0.8871044241074686,0.8902803233840355,0.8933754956394828,0.896391697839354,0.8993305549221134,0.9021938656420239,0.9049831725614625,0.9077001207878189,0.9103463568666467,0.9129233738077037,0.915432820189097,0.9178761540236806,0.9202549809188263,0.9225706844875654,0.9248247098251524,0.9270185330685015,0.9291535219176146,0.9312311074537666,0.9332526359390013,0.9352193317598526,0.9371326693980475,0.9389938087150671,0.9408040508129577,0.9425646367655031,0.9442767317225105,0.9459415428290072,0.947560312997711,0.9491340440319336,0.9506639252476169,0.952151070247083,0.9535964880852269,0.9550012913556629,0.9563664556010278,0.9576930703862958,0.9589820288188038,0.9602343209009594,0.9614509020164769,0.9626327237452285,0.9637806319169442,0.9648955441136362,0.9659783168440247,0.9670297903398419,0.968050788494306,0.9690421188268085,0.9700045850114367,0.970938899678295,0.9718458964741623,0.9727262690310958,0.9735806990982986,0.9744099794481709,0.975214704682413,0.9759955693693481,0.9767532615520963,0.9774883701068161,0.9782015238027227,0.9788933659379172,0.9795644562626442,0.980215343928948,0.980846657793134,0.981458875227127,0.9820525879498159,0.9826282690338928,0.9831864739146148,0.9837276695286572,0.9842523448197382,0.9847609537117157,0.9852539700033757,0.9857318620729557,0.9861950146827874,0.9866438823817368,0.9870788794226704,0.9875003965218361,0.9879088217774393,0.9883045461650504,0.9886879439648072,0.9890593678617676,0.9894191678542159,0.9897676794494938
A093,31.00091827,0.0,12.428571428571429,left,2,0.8333951963658867,0.8388003065865033,0.8440507082701871,0.8491499703154359,0.8541016059144603,0.8589088364704895,0.8635750758041112,0.8681038107347638,0.8724981633706019,0.8767613750318758,0.8808967281338153,0.884907401082833,0.8887964113534648,0.8925669656603562,0.8962220006604082,0.8997644618819028,0.9031973635048993,0.9065235368640702,0.9097457447340103,0.9128668590854105,0.9158895330236414,0.9188164471358682,0.9216502527526393,0.9243934869217845,0.927048714640767,0.9296182857036319,0.9321047110703369,0.934510320009106,0.936837419320421,0.9390882391378372,0.9412650150932267,0.9433699042923863,0.9454049694723333,0.9473723506039083,0.9492739796794115,0.9511118282396881,0.952887863128524,0.9546038740333328,0.9562617180349061,0.957863179043075,0.9594100023877888,0.9609038339207936,0.9623463010413127,0.9637390389412063,0.9650835729288435,0.9663814771349637,0.9676341780930898,0.9688430850187072,0.9700096630227176,0.9711352137372731,0.9722210822040013,0.9732685545807933,0.97427883914325,0.9752531818185323,0.976192782761311,0.9770987260920888,0.9779721522422353,0.9788141491351025,0.9796257176147897,0.9804079361150068,0.9811617409459377,0.9818881244620071,0.9825879807826428,0.9832622223678439,0.9839117187066253,0.9845373375644897,0.9851398524454397,0.9857200978626587,0.9862788171272784,0.9868167746421291,0.9873346839509689,0.9878332378987593,0.988313121377101,0.9887749737273785,0.9892194569688374,0.9896471707699425,0.9900586920283421,0.9904546395359606,0.9908355266477944,0.9912018991253925,0.9915542992373532,0.991893208067049,0.9922191248608598,0.9925325141946911,0.992833838804272,0.9931235170334383,0.9934020029553045,0.9936696718325759,0.9939269526932013,0.9941742072420278,0.9944118182385081,0.9946401377075873,0.9948595063167605,0.9950702598951574,0.9952727165921571,0.9954671986390856,0.995653990712869,0.9958333854778105,0.9960056678071383,0.996171099411783,0.9963299409776497,0.9964824439931051,0.9966288510244132,0.9967693937774701,0.9969042937455243,0.9970337669316466
A094,29.75206612,0.0,12.857142857142858,left,1,0.7577781197826964,0.7639905978066639,0.7700672720641518,0.7760102750816584,0.7818217633113362,0.7875035651299354,0.7930578109562741,0.7984867109466045,0.8037921541859191,0.8089762091171717,0.8140409786817305,0.81898858399999,0.8238209394369169,0.8285402641674098,0.8331484546638096,0.8376475389632976,0.8420396127584449,0.8463266423355632,0.8505105194375183,0.8545933298686887,0.8585769414809177,0.862463323934455,0.8662544422587968,0.8699521112994263,0.8735583302076073,0.877074759273736,0.8805034070062858,0.8838460353500981,0.8871044241074686,0.8902803233840355,0.8933754956394828,0.896391697839354,0.8993305549221134,0.9021938656420239,0.9049831725614625,0.9077001207878189,0.9103463568666467,0.9129233738077037,0.915432820189097,0.9178761540236806,0.9202549809188263,0.9225706844875654,0.9248247098251524,0.9270185330685015,0.9291535219176146,0.9312311074537666,0.9332526359390013,0.9352193317598526,0.9371326693980475,0.9389938087150671,0.9408040508129577,0.9425646367655031,0.9442767317225105,0.9459415428290072,0.947560312997711,0.9491340440319336,0.9506639252476169,0.952151070247083,0.9535964880852269,0.9550012913556629,0.9563664556010278,0.9576930703862958,0.9589820288188038,0.9602343209009594,0.9614509020164769,0.9626327237452285,0.9637806319169442,0.9648955441136362,0.9659783168440247,0.9670297903398419,0.968050788494306,0.9690421188268085,0.9700045850114367,0.970938899678295,0.9718458964741623,0.9727262690310958,0.9735806990982986,0.9744099794481709,0.975214704682413,0.9759955693693481,0.9767532615520963,0.9774883701068161,0.9782015238027227,0.9788933659379172,0.9795644562626442,0.980215343928948,0.980846657793134,0.981458875227127,0.9820525879498159,0.9826282690338928,0.9831864739146148,0.9837276695286572,0.9842523448197382,0.9847609537117157,0.9852539700033757,0.9857318620729557,0.9861950146827874,0.9866438823817368,0.9870788794226704,0.9875003965218361,0.9879088217774393,0.9883045461650504,0.9886879439648072,0.9890593678617676,0.9894191678542159,0.9897676794494938
A095,39.707930295,0.0,12.857142857142858,left,2,0.6880076810362119,0.694624194813372,0.7011261190887987,0.7075146414262705,0.7137909719033405,0.7199560111098412,0.7260109849108928,0.7319572308381604,0.7377957496903889,0.7435277604359585,0.7491545599749522,0.7546774131615585,0.76009746749631,0.76541614815916,0.7706346211509081,0.7757541282490114,0.7807760899779773,0.7857017412022635,0.7905322911549135,0.7952691926055485,0.7999136491020953,0.8044669745689702,0.8089305765781001,0.81330563198951,0.8175935945881334,0.8217955660267378,0.8259130088828286,0.8299471882045353,0.833899339020387,0.8377707539061965,0.8415627259204685,0.8452765810657723,0.8489134362948914,0.8524747646152997,0.8559616248312134,0.8593753080119191,0.8627170952270531,0.865988095797684,0.86918963656542,0.8723228243488934,0.8753889753891962,0.8783891579736471,0.8813245079400525,0.8841962678065836,0.8870054993854886,0.8897534273357601,0.8924411125668259,0.8950695885656206,0.8976401123953465,0.9001535995117627,0.9026112136940738,0.9050140021036678,0.9073629282641242,0.9096590580692993,0.911903500230709,0.9140970874931155,0.9162409155688267,0.9183359324679483,0.9203830321276218,0.922383282066089,0.9243374898627559,0.926246703083269,0.9281117046075893,0.9299334315726415,0.9317127656760315,0.9334505900241493,0.9351476820812408,0.9368049915076283,0.9384232261215101,0.9400032526834015,0.9415458850830742,0.9430518874390756,0.9445220153778227,0.945956978132964,0.9473576447320606,0.9487247024855283,0.9500587782476692,0.951360723298461,0.9526311279499505,0.9538706982555021,0.9550801454120813,0.9562600699556453,0.9574111468070835,0.9585340391085664,0.9596293363982906,0.9606976209042778,0.9617395864637623,0.9627557059701682,0.9637466520025711,0.9647129119413848,0.9656551353199501,0.9665737929205069,0.9674694581258962,0.9683426141300933,0.9691938148983268,0.9700235773848445,0.9708323349127874,0.9716206251684463,0.9723889140176873,0.9731376478160298,0.9738672772608804,0.9745782784950462,0.9752710952618895,0.9759461198389885,0.9766037916597974,0.9772445098631511
A096,27.90105194,0.0,13.0,left,1,0.7577781197826964,0.7639905978066639,0.7700672720641518,0.7760102750816584,0.7818217633113362,0.7875035651299354,0.7930578109562741,0.7984867109466045,0.8037921541859191,0.8089762091171717,0.8140409786817305,0.81898858399999,0.8238209394369169,0.8285402641674098,0.8331484546638096,0.8376475389632976,0.8420396127584449,0.8463266423355632,0.8505105194375183,0.8545933298686887,0.8585769414809177,0.862463323934455,0.8662544422587968,0.8699521112994263,0.8735583302076073,0.877074759273736,0.8805034070062858,0.8838460353500981,0.8871044241074686,0.8902803233840355,0.8933754956394828,0.896391697839354,0.8993305549221134,0.9021938656420239,0.9049831725614625,0.9077001207878189,0.9103463568666467,0.9129233738077037,0.915432820189097,0.9178761540236806,0.9202549809188263,0.9225706844875654,0.9248247098251524,0.9270185330685015,0.9291535219176146,0.9312311074537666,0.9332526359390013,0.9352193317598526,0.9371326693980475,0.9389938087150671,0.9408040508129577,0.9425646367655031,0.9442767317225105,0.9459415428290072,0.947560312997711,0.9491340440319336,0.9506639252476169,0.952151070247083,0.9535964880852269,0.9550012913556629,0.9563664556010278,0.9576930703862958,0.9589820288188038,0.9602343209009594,0.9614509020164769,0.9626327237452285,0.9637806319169442,0.9648955441136362,0.9659783168440247,0.9670297903398419,0.968050788494306,0.9690421188268085,0.9700045850114367,0.970938899678295,0.9718458964741623,0.9727262690310958,0.9735806990982986,0.9744099794481709,0.975214704682413,0.9759955693693481,0.9767532615520963,0.9774883701068161,0.9782015238027227,0.9788933659379172,0.9795644562626442,0.980215343928948,0.980846657793134,0.981458875227127,0.9820525879498159,0.9826282690338928,0.9831864739146148,0.9837276695286572,0.9842523448197382,0.9847609537117157,0.9852539700033757,0.9857318620729557,0.9861950146827874,0.9866438823817368,0.9870788794226704,0.9875003965218361,0.9879088217774393,0.9883045461650504,0.9886879439648072,0.9890593678617676,0.9894191678542159,0.9897676794494938
A097,36.752662720000004,13.142857142857142,16.428571428571427,interval,1,0.6695633343766416,0.6762008549075365,0.6827304006725445,0.6891529896176019,0.6954696300731531,0.7016810445420772,0.707788273445376,0.7137924658323664,0.7196944513528718,0.7254952546498661,0.7311959913782116,0.7367977721384851,0.7423015417542786,0.7477085507948948,0.7530198180005557,0.7582363992503389,0.7633595355698986,0.7683903106372229,0.7733297630405234,0.7781791936582185,0.7829396198471842,0.787612243999888,0.792198278721162,0.7966987797600502,0.801115042463686,0.8054480107167543,0.8096990235876197,0.8138691808433554,0.8179596193282772,0.8219714637297804,0.8259058797955137,0.8297640527033135,0.8335470242489691,0.8372560857002491,0.8408922233708898,0.8444565809584803,0.8479503306534637,0.8513744674285422,0.8547302179702868,0.8580185807787253,0.8612407782537961,0.8643977584286715,0.8674905602510713,0.8705203546829848,0.8734880927305511,0.876394902128441,0.8792418017898896,0.8820296769713577,0.884759746524518,0.8874328376979259,0.8900500314194356,0.8926123025769274,0.8951205537042104,0.8975757716547023,0.8999790073734044,0.9023310183257109,0.9046328346706003,0.9068853711743895,0.9090894337912614,0.9112460464986298,0.9133559678453775,0.9154201939820372,0.9174394745974535,0.9194146559013068,0.9213466133344352,0.9232361779507322,0.9250840922902257,0.9268912439468487,0.9286583283259264,0.9303861825991412,0.9320755564736777,0.9337271928071683,0.9353418378029842,0.9369201567340437,0.9384629950251776,0.9399709909217058,0.941444778818151,0.9428852033138966,0.9442927838204395,0.9456682300008042,0.9470122588976099,0.9483254290328335,0.9496083857653157,0.9508618182177869,0.952086281173684,0.9532823247350459,0.9544506618274664,0.9555917415252023,0.9567062403034339,0.9577946280915729,0.9588575448879888,0.9598954779799908,0.9609089705759906,0.9618985124307464,0.9628646458113765,0.963807917241037,0.9647287215536964,0.9656276046226459,0.9665050459783358,0.9673614904830599,0.9681973899753933,0.9690132148482213,0.9698094138785076,0.9705864030820118,0.971344604442651,0.9720844209342115
A098,30.343694919999997,0.0,13.142857142857142,left,1,0.7577781197826964,0.7639905978066639,0.7700672720641518,0.7760102750816584,0.7818217633113362,0.7875035651299354,0.7930578109562741,0.7984867109466045,0.8037921541859191,0.8089762091171717,0.8140409786817305,0.81898858399999,0.8238209394369169,0.8285402641674098,0.8331484546638096,0.8376475389632976,0.8420396127584449,0.8463266423355632,0.8505105194375183,0.8545933298686887,0.8585769414809177,0.862463323934455,0.8662544422587968,0.8699521112994263,0.8735583302076073,0.877074759273736,0.8805034070062858,0.8838460353500981,0.8871044241074686,0.8902803233840355,0.8933754956394828,0.896391697839354,0.8993305549221134,0.9021938656420239,0.9049831725614625,0.9077001207878189,0.9103463568666467,0.9129233738077037,0.915432820189097,0.9178761540236806,0.9202549809188263,0.9225706844875654,0.9248247098251524,0.9270185330685015,0.9291535219176146,0.9312311074537666,0.9332526359390013,0.9352193317598526,0.9371326693980475,0.9389938087150671,0.9408040508129577,0.9425646367655031,0.9442767317225105,0.9459415428290072,0.947560312997711,0.9491340440319336,0.9506639252476169,0.952151070247083,0.9535964880852269,0.9550012913556629,0.9563664556010278,0.9576930703862958,0.9589820288188038,0.9602343209009594,0.9614509020164769,0.9626327237452285,0.9637806319169442,0.9648955441136362,0.9659783168440247,0.9670297903398419,0.968050788494306,0.9690421188268085,0.9700045850114367,0.970938899678295,0.9718458964741623,0.9727262690310958,0.9735806990982986,0.9744099794481709,0.975214704682413,0.9759955693693481,0.9767532615520963,0.9774883701068161,0.9782015238027227,0.9788933659379172,0.9795644562626442,0.980215343928948,0.980846657793134,0.981458875227127,0.9820525879498159,0.9826282690338928,0.9831864739146148,0.9837276695286572,0.9842523448197382,0.9847609537117157,0.9852539700033757,0.9857318620729557,0.9861950146827874,0.9866438823817368,0.9870788794226704,0.9875003965218361,0.9879088217774393,0.9883045461650504,0.9886879439648072,0.9890593678617676,0.9894191678542159,0.9897676794494938
A099,41.953125,15.285714285714286,19.571428571428573,interval,1,0.6695633343766416,0.6762008549075365,0.6827304006725445,0.6891529896176019,0.6954696300731531,0.7016810445420772,0.707788273445376,0.7137924658323664,0.7196944513528718,0.7254952546498661,0.7311959913782116,0.7367977721384851,0.7423015417542786,0.7477085507948948,0.7530198180005557,0.7582363992503389,0.7633595355698986,0.7683903106372229,0.7733297630405234,0.7781791936582185,0.7829396198471842,0.787612243999888,0.792198278721162,0.7966987797600502,0.801115042463686,0.8054480107167543,0.8096990235876197,0.8138691808433554,0.8179596193282772,0.8219714637297804,0.8259058797955137,0.8297640527033135,0.8335470242489691,0.8372560857002491,0.8408922233708898,0.8444565809584803,0.8479503306534637,0.8513744674285422,0.8547302179702868,0.8580185807787253,0.8612407782537961,0.8643977584286715,0.8674905602510713,0.8705203546829848,0.8734880927305511,0.876394902128441,0.8792418017898896,0.8820296769713577,0.884759746524518,0.8874328376979259,0.8900500314194356,0.8926123025769274,0.8951205537042104,0.8975757716547023,0.8999790073734044,0.9023310183257109,0.9046328346706003,0.9068853711743895,0.9090894337912614,0.9112460464986298,0.9133559678453775,0.9154201939820372,0.9174394745974535,0.9194146559013068,0.9213466133344352,0.9232361779507322,0.9250840922902257,0.9268912439468487,0.9286583283259264,0.9303861825991412,0.9320755564736777,0.9337271928071683,0.9353418378029842,0.9369201567340437,0.9384629950251776,0.9399709909217058,0.941444778818151,0.9428852033138966,0.9442927838204395,0.9456682300008042,0.9470122588976099,0.9483254290328335,0.9496083857653157,0.9508618182177869,0.952086281173684,0.9532823247350459,0.9544506618274664,0.9555917415252023,0.9567062403034339,0.9577946280915729,0.9588575448879888,0.9598954779799908,0.9609089705759906,0.9618985124307464,0.9628646458113765,0.963807917241037,0.9647287215536964,0.9656276046226459,0.9665050459783358,0.9673614904830599,0.9681973899753933,0.9690132148482213,0.9698094138785076,0.9705864030820118,0.971344604442651,0.9720844209342115
A100,30.286054405,0.0,11.714285714285714,left,0,0.7041271769198554,0.7110876015288263,0.7179187786474088,0.7246219239386313,0.7311983067905086,0.737648863939342,0.7439749196515727,0.7501779141498066,0.7562589622907203,0.7622193985227208,0.768060672839444,0.7737842107984482,0.7793913299200913,0.7848836238868478,0.7902624581696509,0.7955292951389878,0.8006857242941687,0.8057332342478953,0.8106732327668768,0.8155074287350631,0.8202372525266303,0.8248642766930825,0.8293901155648958,0.8338162421518766,0.8381443799393888,0.8423758259499112,0.8465123822943522,0.8505555104615402,0.8545067674615123,0.8583676821115998,0.8621398359390287,0.8658247931624051,0.8694239885388941,0.8729391089921141,0.8763715194734792,0.8797227690312269,0.8829944113088188,0.8861878249800386,0.8893045729939382,0.8923460437150665,0.8953138139128131,0.8982091887317464,0.9010335888674993,0.9037884861558823,0.906475186057898,0.9090951767541695,0.9116497546133844,0.9141401633518398,0.9165679179084418,0.9189341727147933,0.9212402987725785,0.923487547004982,0.9256771486253293,0.9278103602853471,0.9298884821749233,0.9319125576177502,0.9338838974081056,0.9358036441864026,0.937672878383557,0.9394928448510683,0.9412645387396067,0.9429891844345594,0.9446677539483795,0.9463013259034742,0.9478909820004602,0.9494377328053588,0.9509425404130628,0.9524064597657803,0.9538304076310414,0.9552153569081202,0.9565622481612188,0.9578719751638544,0.9591454658402924,0.9603835398426943,0.9615871568856467,0.9627571375641738,0.9638942331599336,0.9649993973359055,0.9660733251147448,0.9671168132395204,0.9681306694412461,0.9691156070931373,0.9700723790149598,0.9710017227487536,0.9719043246996614,0.9727808359374366,0.9736320233471509,0.9744584424541036,0.9752608305548581,0.9760397438535295,0.9767958679219944,0.9775297677939516,0.9782420491612118,0.978933265173278,0.9796039968846436,0.9802548209997535,0.9808862277699901,0.9814987706837304,0.9820929719584518,0.9826693080961656,0.9832282713382138,0.9837703586746179,0.9842960388947655,0.9848057471375123,0.9852999396191405,0.9857790322784402
A101,36.781587565,0.0,13.571428571428571,left,3,0.5385496532198144,0.5473293383456734,0.556029956968849,0.564649444326007,0.5731858266662087,0.581636787111641,0.5900005460857067,0.5982755563426676,0.6064598857529597,0.6145519720672286,0.6225504589942228,0.6304540404907102,0.6382613030445429,0.6459713245583745,0.6535829092618508,0.6610950367596189,0.6685070110216259,0.6758179952920549,0.6830271583421943,0.6901341319831331,0.6971382344838835,0.7040390819698753,0.7108364326752752,0.7175298720536349,0.7241194124666087,0.7306046058103646,0.7369857108311173,0.7432626510524176,0.7494354620791239,0.755504296801883,0.7614693995388536,0.7673311315923215,0.7730896443356302,0.7787456027061369,0.7842992062914758,0.7897510290963006,0.7951016925195937,0.8003516511268975,0.8055016840508484,0.8105523992047593,0.8155046780158068,0.8203591455492812,0.82511657455642,0.8297779219875315,0.834343944960952,0.8388157380443053,0.8431941408432191,0.8474799752514842,0.8516745358882409,0.855778626552335,0.8597933635513715,0.8637198468388637,0.8675590645781581,0.8713121679235898,0.8749804433888116,0.8785647371872453,0.8820664192203524,0.885486603404892,0.8888263554573508,0.8920870686613412,0.8952697465842886,0.8983757954654228,0.9014062414138324,0.9043623498819312,0.9072453813162212,0.9100565774257284,0.912797047481588,0.9154681651107116,0.918071017998304,0.9206069241972348,0.9230770687667614,0.9254826762229761,0.9278249490548314,0.9301050130828541,0.9323242605622868,0.9344838007949239,0.9365846844983167,0.9386283581111451,0.9406158021044742,0.9425481835574786,0.9444267783814941,0.9462526206916203,0.9480268748429405,0.9497507125632831,0.9514252225806478,0.953051434967944,0.9546305603607619,0.956163526567782,0.9576515354234284,0.9590955310172321,0.9604966381227144,0.9618558126580203,0.9631740768117824,0.9644524246378341,0.9656918233819471,0.9668932954673791,0.9680576867040553,0.9691860055882902,0.9702791647028202,0.9713380267266352,0.9723635034302607,0.9733564784394196,0.9743177974153449,0.9752483036207582,0.9761488149845611,0.9770201253844816
A102,38.390605595,13.0,16.428571428571427,interval,1,0.6695633343766416,0.6762008549075365,0.6827304006725445,0.6891529896176019,0.6954696300731531,0.7016810445420772,0.707788273445376,0.7137924658323664,0.7196944513528718,0.7254952546498661,0.7311959913782116,0.7367977721384851,0.7423015417542786,0.7477085507948948,0.7530198180005557,0.7582363992503389,0.7633595355698986,0.7683903106372229,0.7733297630405234,0.7781791936582185,0.7829396198471842,0.787612243999888,0.792198278721162,0.7966987797600502,0.801115042463686,0.8054480107167543,0.8096990235876197,0.8138691808433554,0.8179596193282772,0.8219714637297804,0.8259058797955137,0.8297640527033135,0.8335470242489691,0.8372560857002491,0.8408922233708898,0.8444565809584803,0.8479503306534637,0.8513744674285422,0.8547302179702868,0.8580185807787253,0.8612407782537961,0.8643977584286715,0.8674905602510713,0.8705203546829848,0.8734880927305511,0.876394902128441,0.8792418017898896,0.8820296769713577,0.884759746524518,0.8874328376979259,0.8900500314194356,0.8926123025769274,0.8951205537042104,0.8975757716547023,0.8999790073734044,0.9023310183257109,0.9046328346706003,0.9068853711743895,0.9090894337912614,0.9112460464986298,0.9133559678453775,0.9154201939820372,0.9174394745974535,0.9194146559013068,0.9213466133344352,0.9232361779507322,0.9250840922902257,0.9268912439468487,0.9286583283259264,0.9303861825991412,0.9320755564736777,0.9337271928071683,0.9353418378029842,0.9369201567340437,0.9384629950251776,0.9399709909217058,0.941444778818151,0.9428852033138966,0.9442927838204395,0.9456682300008042,0.9470122588976099,0.9483254290328335,0.9496083857653157,0.9508618182177869,0.952086281173684,0.9532823247350459,0.9544506618274664,0.9555917415252023,0.9567062403034339,0.9577946280915729,0.9588575448879888,0.9598954779799908,0.9609089705759906,0.9618985124307464,0.9628646458113765,0.963807917241037,0.9647287215536964,0.9656276046226459,0.9665050459783358,0.9673614904830599,0.9681973899753933,0.9690132148482213,0.9698094138785076,0.9705864030820118,0.971344604442651,0.9720844209342115
A103,31.710600905,0.0,13.714285714285714,left,0,0.6701778538241371,0.677252343089267,0.6842102630645542,0.6910524081772951,0.6977796028216563,0.7043923730578814,0.7108916053574232,0.7172783303527253,0.7235532360789005,0.7297172551379946,0.7357714274387532,0.7417167772991682,0.7475542207966801,0.7532849659218955,0.7589099980787802,0.7644303675353421,0.7698473246767294,0.7751619790690281,0.7803753805664451,0.7854888729508808,0.790503532495588,0.7954206017807516,0.8002413840784421,0.8049670003354179,0.8095988373162878,0.8141379269092989,0.818585708411697,0.822943412631377,0.8272122507495197,0.8313934849619098,0.8354884062139198,0.8394983482041176,0.8434244580674028,0.8472681840036305,0.8510306477024122,0.8547131291461204,0.8583169733149872,0.8618433236676712,0.8652935191084818,0.8686687784220579,0.8719704414157134,0.8751996189545207,0.8783575423078521,0.8814454936705387,0.8844646376652389,0.8874162475964339,0.8903014941950659,0.8931214369205889,0.8958774658120507,0.8985705846608819,0.901201996077488,0.903772870985463,0.90628427003242,0.90873733277305,0.9111332832509115,0.9134730306321842,0.9157577759937576,0.9179885605514758,0.9201663848755964,0.9222924120666788,0.9243675342617026,0.9263929196998116,0.9283694486058478,0.9302981448619762,0.9321799997844447,0.9340160054741351,0.9358070272438539,0.9375540919035725,0.9392580581957077,0.9409198590525927,0.942540376505144,0.9441205216771897,0.9456611365405612,0.9471630172922505,0.9486271173519517,0.9500542284078004,0.9514450637240994,0.952800590807018,0.9541214671629374,0.9554084645662059,0.9566624412205814,0.9578840459131559,0.9590740484934761,0.9602331743845318,0.9613621375117141,0.9624615814326803,0.9635322722429114,0.9645747608830626,0.9655898040491253,0.9665779906656116,0.9675399960745014,0.9684764033936829,0.9693878261640825,0.9702748668647598,0.9711380925102693,0.9719781208098551,0.9727954501499003,0.9735906654115897,0.9743643160350105,0.9751168966418773,0.9758489268636152,0.9765609372815663,0.9772534261480046,0.9779268517264382,0.9785816945426888,0.9792184252921218
A104,30.63720878,0.0,12.285714285714286,left,0,0.7804991311565037,0.7869102463936368,0.7931656042894895,0.7992677331539567,0.805219167672516,0.8110221679251339,0.8166793028942471,0.8221931961698705,0.8275662261416997,0.8328008739000414,0.8378997634309395,0.8428654378021394,0.8477003415891379,0.8524071085741087,0.8569881777669255,0.8614460309878856,0.865783265065162,0.8700023089247975,0.8741055716951144,0.8780956079469888,0.8819747551170866,0.8857454718476004,0.8894101780357759,0.8929711820409747,0.896430909907537,0.8997915192867778,0.9030554317658742,0.906224880978154,0.9093020420561506,0.9122891347563549,0.9151883400942802,0.9180018118515131,0.9207315789966899,0.9233798354880167,0.9259485056980796,0.9284396386528764,0.9308552150793847,0.9331971285432488,0.9354673380857199,0.9376676611722633,0.9398000367573072,0.9418661529554725,0.9438677786912397,0.9458067134436926,0.9476845955480415,0.9495031319226597,0.951263963493114,0.9529685828737311,0.9546186992226926,0.9562157191326439,0.9577611924139092,0.9592565895157278,0.9607032917849114,0.9621027316374382,0.9634563106342089,0.9647652868555576,0.9660310081827908,0.9672547375581443,0.9684376858699155,0.9695811291201255,0.9706861745638508,0.9717540550239936,0.9727858287901421,0.9737826035676154,0.9747454716280269,0.9756754653188501,0.9765735721497585,0.9774408192933242,0.9782781362342388,0.9790864708077857,0.9798667369448497,0.9806198071241292,0.9813465594256272,0.9820477964646454,0.9827243867965934,0.98337710681137,0.9840066900985056,0.9846139382164625,0.9851995449082462,0.9857642169293547,0.9863086628455824,0.9868335290343703,0.9873394721297137,0.9878271296384645,0.9882971016824844,0.9887499601895992,0.9891863268086447,0.9896067048559876,0.9900116811760956,0.9904017415785594,0.9907774280674985,0.9911392186242142,0.9914875831421346,0.9918229875400697,0.9921458834465403,0.9924567173069796,0.9927558867560979,0.9930438123499169,0.9933208925065755,0.993587497460915,0.9938440019549952,0.9940907613061695,0.9943281338807352,0.9945564418440545,0.994776014683176,0.9949871581808158
A105,32.502604065,0.0,13.142857142857142,left,0,0.7638774951496162,0.7704467728713401,0.7768656265430309,0.7831362559621424,0.7892608742311866,0.7952414278306822,0.8010801489796229,0.8067794013069564,0.8123412257367357,0.8177678427421923,0.8230615907002059,0.828224741597787,0.833259454983118,0.8381681666380176,0.8429530108401627,0.8476162457379179,0.8521602405393369,0.8565871973319787,0.860899305668069,0.8650989166291553,0.8691881616782088,0.8731693085583689,0.8770445931946923,0.8808161423977532,0.8844862164643434,0.8880567998181387,0.8915301658665196,0.8949083973734289,0.8981935233551127,0.9013876291154048,0.9044927674486729,0.9075109708384219,0.9104441464628407,0.9132943874383499,0.9160635055751319,0.9187534552224869,0.9213661256778175,0.9239033202981017,0.9263669216638102,0.9287586670861997,0.9310804231727182,0.9333338356206801,0.9355205798312292,0.9376424166477813,0.9397009275458655,0.9416977767491714,0.9436345638756567,0.9455127326970457,0.9473339544454578,0.9490996480015024,0.9508112864828197,0.95247033642553,0.9540781539223531,0.9556361585740707,0.9571457426783212,0.9586081451318703,0.9600247114717961,0.9613966988081007,0.962725312083094,0.9640118356276435,0.9652573701115568,0.9664631635969134,0.9676302731561933,0.9687598172330794,0.9698529025745096,0.9709105735458746,0.9719338288341397,0.9729237176335583,0.9738811829631084,0.9748071938103701,0.9757026854004419,0.9765685502570478,0.9774056921162751,0.9782149324461329,0.9789971733765259,0.9797532151957423,0.9804838036359012,0.9811898041930611,0.9818719064268191,0.9825308555923996,0.9831673939647092,0.9837821950645322,0.9843759481530195,0.9849493238421099,0.9855029524315821,0.9860374344249047,0.986553432507165,0.9870514728862851,0.9875321838661653,0.987996077153104,0.9884437343021474,0.988875663762828,0.989292367180144,0.9896943442964673,0.9900820805663422,0.9904560580172032,0.9908167026027517,0.99116447041109,0.9914997934044463,0.9918230718731512,0.9921347139087007,0.9924351063450737,0.992724642014462,0.9930036718144932,0.9932725576674186,0.9935316345461249
A106,31.99217133,0.0,12.857142857142858,left,3,0.6484384317290961,0.6574493798000653,0.6663187540686262,0.675045347744255,0.6836281230191673,0.6920657559006262,0.7003575185107628,0.7085029615470311,0.7165013055050966,0.7243522001935496,0.7320555332146568,0.7396112756646662,0.7470193497220754,0.754280186734717,0.7613939690388477,0.768361111531842,0.7751823486632654,0.7818583004159128,0.7883896222231482,0.7947774373785996,0.8010225816036989,0.8071261850031527,0.8130895225727492,0.8189137082780678,0.8246002863624449,0.830150375956365,0.83556569858306,0.8408477329661816,0.8459980570432135,0.8510183058960508,0.8559102329206347,0.8606756502047661,0.8653162130256171,0.8698340012166506,0.8742306891528314,0.8785082506776257,0.8826686919973498,0.8867138555455282,0.8906458374027735,0.8944665940745393,0.8981782864363256,0.9017828092326461,0.9052821878398392,0.9086785895519556,0.9119739875716611,0.9151705403970606,0.9182702889505289,0.9212751542641464,0.9241874146476694,0.927008956691401,0.9297419054599088,0.9323882686517486,0.934950041971953,0.937429227977073,0.9398279225459362,0.942147945687024,0.9443913314555868,0.9465600179818463,0.9486558369819251,0.950680806708704,0.9526366730816,0.9545253932585464,0.9563486961655013,0.9581083777505012,0.9598062263614537,0.961444004179989,0.9630233442615945,0.9645460182343958,0.9660135832402648,0.9674277135431663,0.9687899986344121,0.97010197548462,0.9713651922329305,0.9725810842053201,0.9737512253994377,0.9748770046211674,0.9759597552644893,0.977000987252119,0.9780019341068482,0.9789639397008609,0.9798883054458043,0.9807762556714114,0.9816290239994311,0.9824478048681966,0.9832337550438847,0.983987963505274,0.9847116106688947,0.9854056761146073,0.9860712729446388,0.9867093674743611,0.9873209844284443,0.9879070524579414,0.9884685082889926,0.9890062556433618,0.9895211666654607,0.9900141161814028,0.990485887109227,0.9909373099800927,0.9913691574466269,0.9917821646713271,0.9921770685708046,0.992554573211762,0.9929153687237181,0.9932600979321152,0.9935894079291642,0.9939039086425877
A107,33.03844202,0.0,13.0,left,0,0.7852399080053761,0.7916015249074737,0.797805931521799,0.8038557546146636,0.8097536344447765,0.8155019086936932,0.8211032290963567,0.8265603628928715,0.8318757042951567,0.8370518917687488,0.8420915770580353,0.846997400795293,0.8517718690829413,0.8564177231729662,0.8609374582886905,0.8653336264908706,0.8696088905703447,0.8737657606430429,0.8778066624481002,0.8817342556893946,0.8855509360740162,0.889259172350312,0.8928614953583206,0.8963602073855066,0.8997578240107044,0.9030565374864765,0.9062588240204251,0.9093669196823767,0.9123830926411731,0.9153095608887617,0.9181485414566679,0.9209022459683983,0.9235727241832768,0.92616220861902,0.9286726309220221,0.9311060660475228,0.9334645518962094,0.935749962386013,0.9379643086047147,0.9401094181084856,0.9421872452380952,0.9441994975080632,0.9461479776996057,0.9480344409690101,0.9498605959184616,0.9516281581022498,0.953338725570234,0.9549938549895118,0.9565952413166499,0.958144301162938,0.9596425881146732,0.9610915767288148,0.9624926679503855,0.9638472515522667,0.9651567874837346,0.966422480529268,0.9676457188703819,0.9688277509755066,0.9699697872456384,0.9710730992033254,0.9721387938274108,0.9731680975679666,0.9741620669707844,0.975121815627741,0.9760483968631473,0.9769428808789772,0.9778062080312977,0.9786394382723749,0.979443455630417,0.9802192295251243,0.9809676562895148,0.9816896009744203,0.982385932715497,0.9830574470908832,0.9837050095978538,0.9843293642797163,0.9849312611046671,0.9855114892141326,0.9860707123232028,0.9866096494183259,0.9871289908888953,0.9876293740780847,0.9881114451280409,0.9885758309639995,0.9890231219594683,0.9894538807629284,0.9898687164098311,0.9902681245499845,0.9906526793818172,0.9910228583076364,0.9913791912828681,0.9917221467252334,0.9920521846548401,0.9923697605986004,0.992675320124283,0.9929692901698872,0.9932520639983008,0.993524051469621,0.9937856371115522,0.9940371896474842,0.9942790699265331,0.9945116271921802,0.9947351993703719,0.9949501101722101,0.9951566760635046,0.9953551941020478
A108,29.846813955000002,0.0,12.714285714285714,left,0,0.8181392475266596,0.8240990205016323,0.8298925762507051,0.8355233384254015,0.8409946238822135,0.8463095208629408,0.8514713709227839,0.8564835416847438,0.8613491547200504,0.8660714028165295,0.8706535840598719,0.8750988991918107,0.8794104371631947,0.883591431696775,0.8876449187229589,0.891573948535315,0.8953816481083194,0.8990709720105374,0.9026448338552029,0.90610624951026,0.9094580217331111,0.9127030343239478,0.9158441130200368,0.9188839639693489,0.921825369963681,0.9246708619924535,0.9274231716776219,0.9300848478216163,0.9326583675313955,0.9351462227725942,0.9375508504336129,0.9398746423182932,0.9421198555391049,0.944288910114183,0.946383895391122,0.9484070414786082,0.9503605185984263,0.9522463514640953,0.9540666339229884,0.9558233171672683,0.9575184138197743,0.9591537660689001,0.9607312285344851,0.9622526316574551,0.9637196930155371,0.9651342081088028,0.9664978036594077,0.967812073367301,0.9690787055223806,0.9702991531467963,0.971474963476679,0.9726076072248248,0.973698483906613,0.9747489822728546,0.9757604877210106,0.9767342420625988,0.9776715719924646,0.9785737052659145,0.9794417897073556,0.980277066807767,0.9810806027379169,0.9818535527073063,0.9825969416703488,0.9833117935136628,0.983999127312262,0.9846599310029438,0.9852951027535953,0.9859055898582317,0.9864922456476406,0.9870559476025483,0.9875975185477102,0.9881177566375405,0.9886174296993955,0.9890972884118334,0.9895580770792084,0.9900004928282742,0.9904251846040788,0.9908328606019365,0.9912241169084491,0.9915995676121162,0.9919598345595048,0.9923054626910705,0.9926370162168071,0.992955031208001,0.9932600256246963,0.9935524842634409,0.9938329105627798,0.9941017379484819,0.9943594403935727,0.9946064359256387,0.994843152185672,0.9950699820323143,0.995287314514071,0.9954955248248104,0.9956949691079049,0.9958860047240957,0.9960689517705145,0.9962441403522718,0.9964118830006534,0.996572469040059,0.9967261939013673,0.996873332774524,0.9970141550439108,0.9971489098607269,0.9972778513588754,0.9974012123478473
A109,29.76086272,19.285714285714285,26.142857142857142,interval,2,0.7106622083224392,0.7171908907447491,0.7235975876472587,0.7298837695601139,0.7360509098266139,0.7421001801441449,0.7480330740520839,0.7538511750559698,0.7595557491693707,0.7651482674340732,0.7706302730425906,0.7760032738396399,0.7812686596950945,0.786428076391366,0.7914829531128688,0.7964347297171062,0.8012850538002988,0.8060353790833181,0.810687130503954,0.8152419629896963,0.8197012869183101,0.8240666234564813,0.8283395241430993,0.8325214416327562,0.8366139440213474,0.8406183222071613,0.8445362583336664,0.8483691365354127,0.852118377567156,0.8557854346294569,0.8593717564285097,0.8628788015214047,0.8663078912374818,0.8696605803505029,0.8729380933886265,0.8761418526524444,0.8792732658857474,0.8823335750946582,0.8853242211024674,0.8882464341592631,0.8911016350954111,0.8938910088455672,0.8966157988669438,0.8992773428420333,0.9018768061409377,0.9044155002515771,0.9068945805369896,0.9093151728479067,0.9116786042797956,0.913985883089024,0.9162382414023921,0.9184367875099875,0.9205825977195176,0.9226767646009348,0.9247204638604046,0.9267146035014724,0.9286603267549003,0.9305586382888199,0.9324104899016784,0.9342169969950516,0.9359789933396977,0.9376975790139042,0.939373620392721,0.9410080173194704,0.942601757719072,0.944155716422071,0.9456707201139102,0.9471477356099759,0.9485875104263415,0.9499909302444116,0.9513588300339298,0.9526919971624589,0.9539912081900016,0.9552571954973936,0.9564908290513625,0.9576928151662287,0.9588638041853921,0.960004640324867,0.9611159357320113,0.9621984010981798,0.9632527484371031,0.9642795903305621,0.9652796013571343,0.9662534428511462,0.9672017094901051,0.9681249870709386,0.9690239550537503,0.9698990995397522,0.9707510762327881,0.9715803788807441,0.9723876379810945,0.9731733282410784,0.973938009894936,0.974682163754993,0.9754063286873776,0.9761110096101512,0.9767966382667137,0.977463732786071,0.9781127481844142,0.9787441112009128,0.9793582892799215,0.9799557106559605,0.9805368132573993,0.9811019801940034,0.9816516322360044,0.9821861545562861
A110,29.40759637,12.714285714285714,16.714285714285715,interval,2,0.7149664314830334,0.721474826454444,0.727859850084991,0.7341230282938003,0.7402658994304087,0.7462896589518758,0.7521958847844732,0.7579862017764234,0.7636619283962571,0.7692245863910514,0.7746757683751291,0.7800170308681638,0.7852498122303123,0.7903758042310646,0.7953964824250652,0.8003133320864783,0.8051280437723336,0.809842123926034,0.8144570211861536,0.8189744397431874,0.8233958124047795,0.8277227357954101,0.8319567982896942,0.836099436187701,0.840152306266558,0.8441167355628032,0.8479944032860864,0.8517867278521534,0.8554951962404911,0.8591212754666775,0.8626664603324745,0.8661322053138448,0.8695198773800057,0.8728310409601956,0.876066980313329,0.8792291266852931,0.8823189116691751,0.8853376170761275,0.8882866605974293,0.8911673543834959,0.8939810948473753,0.8967290892524599,0.8994126428838433,0.9020330553681671,0.9045915524379381,0.9070894475696558,0.9095279263073699,0.9119080924198448,0.9142313242991749,0.9164986464310492,0.9187112780926636,0.9208703533613178,0.9229769496661409,0.9250322065721335,0.9270372736475612,0.9289930839772044,0.9309007887526252,0.9327614023496643,0.93457588648939,0.9363453518633812,0.938070663950947,0.9397529366563068,0.941392984139644,0.9429917930897385,0.9445502769570678,0.9460693747268499,0.9475499181362135,0.9489928208193039,0.9503988919646671,0.9517690186986841,0.9531039865528975,0.9544046384528295,0.9556717363536326,0.9569060158760722,0.9581083460626924,0.9592794356980086,0.9604199384306458,0.9615306960733105,0.9626123237751786,0.9636655320206937,0.9646910319135895,0.9656894372201779,0.9666614214053819,0.9676076444279871,0.9685287138607862,0.969425176205653,0.970297746175608,0.971146898324014,0.9719732842403036,0.9727774095455768,0.9735598651672928,0.9743211718526666,0.975061841129935,0.9757823967874933,0.976483330542834,0.9771651763993449,0.9778283541383526,0.9784733773995635,0.9791006983116941,0.9797107506756594,0.9803039787107799,0.9808808170167609,0.9814416906756795,0.9819869981088918,0.9825171552718149,0.9830325186701084
A111,35.87894111,0.0,12.857142857142858,left,3,0.5557979044517276,0.5646615341145524,0.573437002030244,0.5821222809789522,0.5907154817952314,0.5992143571996256,0.6076172176168801,0.6159226050315287,0.6241286960012785,0.6322340372008117,0.6402373929998038,0.6481375839004425,0.6559333313727875,0.6636238516210127,0.6712080959585428,0.6786851951820483,0.6860546127700065,0.6933156761157919,0.7004677197413909,0.7075105372516448,0.7144436373943891,0.7212668150745505,0.7279799937180735,0.734582961772207,0.7410759164741825,0.7474585942849106,0.7537314465240478,0.7598945815975293,0.7659482515717895,0.7718927951789019,0.7777286629177255,0.7834563912872177,0.7890763335204489,0.7945893647734046,0.7999958873170372,0.8052966408193815,0.8104924687767232,0.8155840146714954,0.8205722558278018,0.8254579665922646,0.8302422585850887,0.8349259042208831,0.8395098641398434,0.8439953099950701,0.8483831669436546,0.8526747008716328,0.8568709310950277,0.8609728589113149,0.8649819522441828,0.8688991429103966,0.8727257561242086,0.8764630344645291,0.8801121278765459,0.883674338894979,0.887151095346171,0.8905434193913269,0.8938527686986558,0.8970804419161368,0.9002276454152793,0.9032958640033736,0.9062862404770664,0.9092003187213754,0.9120392547067362,0.9148044005169794,0.9174971260271865,0.9201188037050203,0.9226706533555881,0.9251541024406955,0.9275703904926326,0.9299208746454313,0.9322068751149036,0.9344296558152541,0.9365905223312433,0.9386907139727838,0.9407316086962219,0.9427144526030645,0.9446403718749218,0.9465108138153506,0.9483268343507576,0.950089692000105,0.9518006844262712,0.9534609032652517,0.9550715712721829,0.9566338631617438,0.9581489246895383,0.9596178120753566,0.9610418021893183,0.9624218198231858,0.9637590943010815,0.9650546034006774,0.9663094830537505,0.9675247136503389,0.9687013309625073,0.9698403415353458,0.9709427240281918,0.9720094901664512,0.9730415386534461,0.9740398371134299,0.9750053118911196,0.9759388296189297,0.9768412965321838,0.9777135801364111,0.9785565513038552,0.9793710050254069,0.9801577798653794,0.9809176506167554
A112,40.65743945,0.0,12.0,left,0,0.5537478899917111,0.5607313194331581,0.5676404909873385,0.574475284074428,0.5812355929066957,0.5879210051132815,0.5945314726994512,0.6010670874256581,0.6075275852803268,0.6139129498380508,0.620223273703436,0.6264586460506445,0.6326190181292866,0.638704682850963,0.6447156686321263,0.6506520979622217,0.6565142977953446,0.6623024409699296,0.6680166573594288,0.6736573986269017,0.679224826264203,0.6847192913252658,0.6901412079546475,0.6954908232458934,0.7007686769771723,0.7059748977862259,0.7111101321615019,0.7161747348436547,0.7211691114052565,0.726093715542787,0.730949035864112,0.7357356144221847,0.7404537986887061,0.7451043416041495,0.7496875431916739,0.754203979843047,0.7586542711962164,0.7630388437388648,0.7673583696989695,0.7716133267712266,0.7758044422535423,0.779932158241123,0.7839970340190924,0.7879997611659862,0.7919408370162583,0.7958210149713687,0.7996408340738,0.803400749494714,0.8071016742118902,0.8107439755205554,0.8143284076761022,0.8178555604147237,0.8213260204408748,0.8247404437211059,0.828099588137221,0.8314038433682275,0.8346539906932331,0.8378506759800703,0.8409943973270426,0.8440859601268396,0.8471258467030273,0.850114857658727,0.8530534584673044,0.8559423268696448,0.8587821118061798,0.8615734831397696,0.8643169200557319,0.8670132157608583,0.8696628756729868,0.8722665543284701,0.8748248613466926,0.8773384092418979,0.8798078127960318,0.882233568335002,0.8846164606715415,0.8869570329422731,0.8892557298527304,0.8915133911839304,0.8937303915194785,0.8959073536285468,0.8980449676792233,0.9001436850637674,0.9022041247290334,0.9042268755996398,0.906212484575371,0.908161419352127,0.9100744085237771,0.9119517749526982,0.9137942534602423,0.9156022438776769,0.9173763960922915,0.9191171697442823,0.9208250730623282,0.922500635836282,0.9241443726336356,0.9257568408637333,0.9273384331077643,0.9288897124359292,0.9304111797634175,0.9319032774277471,0.9333664895228269,0.9348013069030239,0.9362082367441001,0.9375876771080806,0.9389401173525915,0.9402659609299638
A113,32.912012884999996,24.285714285714285,inf,right,0,0.6834122801156295,0.6904508125828708,0.6973678090709503,0.7041642294132715,0.7108410518619219,0.7173989610405795,0.723838998923934,0.7301623493537848,0.7363698613468638,0.742462609642667,0.7484417897033147,0.7543085749943435,0.7600640207846595,0.7657094995160731,0.7712461319099697,0.7766751114956005,0.781997836781925,0.7872155361512811,0.7923293978563506,0.7973409158575357,0.8022512999285536,0.807061901883751,0.8117741500487651,0.8163893201081709,0.8209088889078106,0.8253340221223858,0.8296662710787935,0.8339069812303936,0.8380574765815476,0.8421191283360382,0.8460933330460643,0.8499815260284466,0.853784959095711,0.8575051730953951,0.8611433899720172,0.864700982334208,0.8681793667926954,0.871579810648965,0.8749037343686908,0.8781524091911626,0.881327251833117,0.884429500612623,0.8874604165406416,0.8904213669175598,0.893313588351757,0.8961384187731884,0.8988970950147673,0.9015907449469205,0.9042208094116182,0.9067883575976002,0.9092946457662022,0.9117408970786827,0.9141282270422554,0.9164578235653627,0.9187309518547095,0.9209485756569931,0.9231119329649338,0.9252221074900348,0.927280141984179,0.9292872189506161,0.9312443070496128,0.9331525658618421,0.9350129361085702,0.9368264379019218,0.9385941114287293,0.9403169935345926,0.9419959489815718,0.9436320323969442,0.9452261092924779,0.9467791695597176,0.948292113761059,0.9497658314691999,0.9512011833226306,0.9525990368372659,0.9539602981698067,0.9552857909317093,0.956576246359059,0.9578326294108381,0.959055615363525,0.9602459834986581,0.9614045908188743,0.9625320986920364,0.9636292783892075,0.9646968581357739,0.9657355535874476,0.9667460137896132,0.9677289985108462,0.9686850680897,0.9696149698685613,0.9705192955198447,0.9713987140942123,0.972253808535685,0.973085187933715,0.9738934495753538,0.9746791567833478,0.9754429173684251,0.9761852290331143,0.9769066665673038,0.9776077709615704,0.97828903203605,0.9789509608414372,0.9795940768268576,0.9802188687437144,0.980825778854642,0.9814153043201319,0.981987877847455
A114,30.11940192,0.0,16.0,left,2,0.6662944604861143,0.6729667832968328,0.679531686926637,0.685990132417606,0.692343103043457,0.6985912516655577,0.704735594643594,0.7107772427332095,0.7167169777283875,0.7225557891980756,0.7282947595522915,0.7339349519720921,0.739477296571118,0.7449230155739646,0.7502730691504015,0.7555285080755572,0.7606905288774868,0.7657602024154014,0.7707385451444593,0.775626807934586,0.7804260086776229,0.7851373121015033,0.7897619046195689,0.7943008455299638,0.7987553870092504,0.8031264586974344,0.8074153975222157,0.8116232724441014,0.8157512097050548,0.8198003056917823,0.8237717268315801,0.8276666414018584,0.8314860745634588,0.8352313032886259,0.8389033164463785,0.8425032266619998,0.8460321940414948,0.8494912523032527,0.8528815660872999,0.8562041400156797,0.8594601876324934,0.8626506634689776,0.8657765974774698,0.8688391214754478,0.8718392265912489,0.8747780337940716,0.87765652456492,0.8804755933580415,0.8832364704320246,0.8859399768422035,0.8885871751377167,0.891179036810708,0.8937164894384951,0.8962004885394311,0.8986320977357212,0.9010120710949746,0.9033414514019498,0.9056211251052408,0.9078519233076173,0.910034870018867,0.9121707094424782,0.9142604389876053,0.9163048204113773,0.9183047002530415,0.9202609549225096,0.922174428307485,0.9240458280267484,0.9258760793944827,0.9276658668733783,0.9294160412265221,0.9311273316960818,0.9328005055334357,0.9344363003724176,0.9360353836353117,0.9375986150916322,0.9391266552597458,0.9406200997642231,0.942079798508717,0.9435063315383665,0.9449003340574328,0.9462625663304854,0.9475935895120329,0.9488940707196705,0.9501646667985044,0.9514059716619874,0.9526185033989077,0.9538030147336064,0.954959939931737,0.956089960518342,0.9571935657211335,0.9582713681129089,0.9593238905431412,0.9603516492471369,0.9613551837137891,0.9623349950507889,0.963291649809846,0.9642255604082715,0.965137276940581,0.9660272689260391,0.9668959854262997,0.9677438958443628,0.968571461520402,0.9693791357423501,0.9701673387831163,0.9709365215350849,0.971687065807847
A115,35.024732515,0.0,12.428571428571429,left,1,0.6883583297264055,0.6949458394893485,0.7014192347580371,0.707779712957834,0.7140285029469234,0.7201665063843206,0.7261949698355146,0.7321152444898977,0.7379283380243297,0.7436354748363934,0.7492379455769993,0.7547370386806751,0.7601339031241086,0.7654299644285252,0.7706263879049162,0.7757244336391943,0.7807254992962167,0.785630835987659,0.7904416580109224,0.7951593931356479,0.799785258234817,0.8043205792924594,0.8087667275808695,0.8131249094866294,0.8173965510352892,0.8215827720772744,0.825685015793091,0.8297045277695333,0.8336425769764152,0.8375003998657756,0.8412793220808064,0.8449806485227684,0.8486055091627036,0.8521553217225724,0.8556311910857983,0.8590343695880984,0.8623661169788032,0.8656275857543358,0.8688200482528966,0.8719446212570874,0.8750026147186538,0.8779950746966452,0.8809231305232411,0.8837880330904387,0.8865908071406865,0.8893327000293175,0.8920147646795815,0.8946379839743601,0.8972036367745106,0.8997126304091255,0.9021661074689032,0.9045651077139544,0.9069106001461151,0.9092036296380552,0.9114452975581023,0.9136364284659286,0.9157780982567424,0.9178712721354688,0.9199168113724111,0.9219157766697271,0.9238689795974655,0.9257774489090091,0.9276419711100613,0.9294634646100319,0.931242803933834,0.9329808651160357,0.9346784287994245,0.9363364062118473,0.9379555294811103,0.9395366581500851,0.9410805590140262,0.9425880298692542,0.9440597997644443,0.945496590353036,0.9468992456632951,0.948268446717043,0.9496048138415697,0.9509091932817808,0.9521821862393477,0.9534244582147404,0.9546367326758781,0.9558196206635041,0.9569737748172217,0.958099837292139,0.9591984241252526,0.9602700807589267,0.9613155125155985,0.9623351864478618,0.9633297710044855,0.9642997623594911,0.9652457636019492,0.9661682829007113,0.9670678485307102,0.9679449930896044,0.9688002135414979,0.9696340496084342,0.9704469299984335,0.9712393889413747,0.9720118764480381,0.9727648356434969,0.9734987486107669,0.9742140419008712,0.9749111682471127,0.9755905276481698,0.976252556475067,0.97689764018826
A116,28.60476495,0.0,13.857142857142858,left,0,0.8308611641507153,0.8366357674791792,0.8422413800844123,0.8476816858744002,0.8529603249244888,0.8580806885694466,0.8630464017564355,0.8678611029804251,0.8725281831082453,0.8770510905947635,0.8814333633870793,0.8856784346416287,0.8897896049938951,0.8937703455180598,0.8976238972181569,0.9013534764145954,0.9049624030289518,0.9084538078251432,0.9118307590380021,0.9150964488486367,0.9182538304157094,0.9213058985322979,0.924255619343207,0.927105823328571,0.9298594020652331,0.9325189899209674,0.9350874312711436,0.9375673663553689,0.9399613484631313,0.9422719357209881,0.9445016260091098,0.9466529130360107,0.9487281160087002,0.9507296421154644,0.9526596927657586,0.9545205176283522,0.9563143201336847,0.9580431612138574,0.9597091565648981,0.9613142826478974,0.962860578244783,0.9643498741674177,0.9657840355078379,0.9671649241256203,0.9684942626289355,0.9697737989018471,0.9710052107395185,0.9721900501490389,0.9733299861841923,0.9744265025912769,0.9754810921669326,0.9764952184272107,0.9774702530653379,0.9784075828749678,0.9793085542725675,0.9801743996313923,0.9810063930643759,0.9818057347421959,0.9825735738793486,0.9833110850895224,0.9840193176124554,0.9846993855448718,0.9853522759655511,0.9859789927864443,0.986580515337532,0.9871577711218181,0.9877116462594008,0.9882430379578425,0.9887527703562702,0.9892416663851392,0.9897105160820096,0.9901600727437012,0.99059108152699,0.9910042317142911,0.9914002406453627,0.9917797608012651,0.9921434054416582,0.9924918354428083,0.9928256127387294,0.9931453159261504,0.993451511026291,0.9937447203459076,0.9940254636937219,0.9942942420346882,0.9945515278737805,0.994797770917328,0.9950334405154161,0.9952589349042918,0.9954746905329707,0.9956810832117015,0.9958785122753258,0.9960673370347103,0.9962479068121607,0.9964205631866312,0.9965856348017407,0.9967434422200938,0.9968942760905268,0.9970384337858038,0.9971761966716871,0.9973078275132655,0.9974335869274584,0.997553721690196,0.997668475890762,0.9977780721020411,0.997882732661598,0.997982664911948
A117,31.239414355,0.0,12.285714285714286,left,2,0.8073068800560317,0.8130585614754455,0.8186606218778383,0.8241160926158917,0.829427967666469,0.8345989490435928,0.8396319835004512,0.8445300490416386,0.8492958561137005,0.8539321947273327,0.8584419389031163,0.8628278714067944,0.8670926201711415,0.8712390419504629,0.8752697185218377,0.8791872619059004,0.8829943813825859,0.8866936049646728,0.890287404655102,0.8937783949431375,0.8971689665150717,0.9004615607447282,0.9036586199398521,0.9067624238168599,0.9097753840912078,0.9126996339159099,0.9155375221499523,0.9182912222085446,0.9209628515483974,0.923554531204852,0.9260683464941563,0.9285063684457562,0.9308704964639821,0.9331628271767011,0.9353851654488676,0.9375393908716685,0.9396273954817996,0.9416509297826929,0.9436117972265782,0.9455116742788299,0.947352323346165,0.9491353263583326,0.9508622771171416,0.9525347935428207,0.9541543930437447,0.9557225986510285,0.9572408863632409,0.9587105925477262,0.9601332635725743,0.9615101492576204,0.962842627678657,0.9641319875137989,0.9653794905496644,0.9665863715015325,0.9677538774988205,0.9688830957378429,0.9699752459035743,0.9710314038801228,0.9720526472685359,0.9730400754413278,0.9739946565246697,0.9749174613325775,0.9758094219921795,0.9766714719463473,0.9775045736731133,0.9783096129820564,0.9790874349575355,0.9798389405236343,0.9805649029237304,0.9812661595092667,0.9819434711881607,0.9825976140170946,0.9832293093417288,0.9838392525327542,0.9844281915349393,0.984996782114975,0.9855456417531467,0.9860754664124041,0.9865868313897695,0.9870803463683641,0.987556609696334,0.9880161635655019,0.988459567396794,0.9888873637352023,0.9893000554663967,0.989698132037473,0.9900821132931478,0.9904524267982829,0.9908095631760835,0.991153935796037,0.991486006303311,0.9918061633876749,0.9921148227944969,0.9924123601067483,0.9926991664991682,0.9929756117826759,0.9932420299323166,0.9934987816104872,0.9937461959130056,0.9939845883358769,0.9942142686726699,0.9944355475440729,0.9946487183333628,0.99485405207303,0.9950518278981141,0.9952423064549906
A118,44.98269896,0.0,22.0,left,2,0.5643672822774584,0.5709783402296078,0.5775150165569485,0.5839775009238632,0.5903660101946633,0.5966804454668082,0.6029210494479111,0.609088178441497,0.6151818531216708,0.6212023069811229,0.6271498764933852,0.6330248787649146,0.6388274947562593,0.6445582171619366,0.6502172837658395,0.6558050042884798,0.6613218840342345,0.6667682619045578,0.672144444446303,0.6774510146223753,0.6826882891239772,0.6878567461357461,0.6929569319870756,0.6979892045805778,0.7029542037701486,0.7078521756264123,0.712683852124124,0.7174496751956334,0.7221501284193586,0.7267857293833444,0.7313570590340058,0.7358646802527185,0.7403090375625219,0.7446908790582321,0.749010576142839,0.7532687483613218,0.7574660311253174,0.7616028703143348,0.7656799617819903,0.7696978103866152,0.7736571349745723,0.777558383123819,0.7814021341816983,0.7851890552683786,0.7889196628815397,0.792594667011328,0.796214597130694,0.7997799223346619,0.8032914912395444,0.8067496759096602,0.8101551770436698,0.8135086106450192,0.816810454660912,0.8200613569315958,0.823262046253429,0.8264128756550784,0.8295145911839295,0.8325677633925713,0.8355728466008996,0.838530604290953,0.8414414695226224,0.8443061964890395,0.847125196384374,0.8498990603000554,0.8526284166798681,0.8553138458153418,0.8579558153246453,0.8605549958633637,0.863111862198745,0.8656270070311438,0.8681009918865191,0.8705343165343207,0.8729275621151298,0.8752811702487794,0.8775958477715914,0.8798720679279136,0.8821101863900374,0.8843110120283624,0.8864748564299445,0.8886022286473617,0.8906937962075472,0.8927499055309608,0.8947711206060069,0.8967579878608894,0.8987109536615592,0.9006304102512227,0.9025170501194246,0.9043711269488268,0.9061932861441481,0.9079838627760362,0.9097434545949994,0.9114724338230704,0.9131712628739612,0.9148404015144462,0.9164802819417974,0.9180914199655867,0.9196741321346271,0.9212289168217777,0.9227562193793669,0.9242563998729859,0.9257299104739022,0.9271771646296625,0.9285985951793325,0.9299945529818944,0.9313654759694074,0.932711710379064
A119,33.46222487,0.0,13.857142857142858,left,2,0.8372728691977366,0.8426203984144829,0.847812612016557,0.8528531629245736,0.8577456451525757,0.8624933607608125,0.867099814314141,0.8715685303729669,0.8759027029660957,0.8801056857131088,0.8841807764585008,0.88813121397327,0.8919601179523005,0.8956706891653641,0.8992659598450592,0.9027489237442133,0.9061226121420178,0.9093899141847273,0.912553634578783,0.9156166818845314,0.918581734311337,0.9214515305965066,0.9242287521366513,0.9269159309498898,0.9295157043486425,0.9320304046842505,0.9344625975618449,0.9368146439997949,0.9390888080782142,0.9412874008928873,0.9434126528739405,0.9454667357627882,0.9474517265030317,0.9493697746800932,0.9512228244406384,0.9530128730995355,0.9547418423047391,0.9564115815237348,0.9580239507924645,0.959580690224324,0.9610835952790555,0.9625342990371322,0.9639344303610039,0.9652856234968104,0.9665894174797952,0.967847342461507,0.9690608775242604,0.9702313776486813,0.9713603525711826,0.972449063894121,0.9734988518375501,0.9745110201284488,0.9754867712979327,0.9764273110105578,0.9773338640525899,0.9782074983098523,0.9790493452859821,0.9798604842997333,0.9806419184160652,0.9813946875551303,0.9821197480277568,0.9828180723011009,0.9834905461495191,0.9841380717035045,0.9847615161491441,0.9853617133762451,0.9859394512592196,0.9864955446401527,0.9870307341178994,0.9875457525490902,0.9880413233287146,0.988518122160252,0.9889768228617953,0.9894180547448423,0.9898424678452146,0.990250657108938,0.9906431733710126,0.9910206388473299,0.9913835528571633,0.9917324502213556,0.9920678616265207,0.9923902631810794,0.9927001298550333,0.9929979336262784,0.993284109769717,0.9935590800131529,0.9938232827927963,0.9940770889040119,0.9943209085526408,0.9945550952582659,0.9947800317229272,0.9949960475311262,0.9952034841236526,0.9954026647760364,0.9955939016776266,0.9957775017437303,0.9959537420570996,0.9961229144864074,0.996285287164398,0.9964411142121502,0.9965906529910535,0.9967341444656201,0.9968718254541948,0.9970039135944117,0.9971306294813098,0.9972521796145071
A120,35.68535165,0.0,11.428571428571429,left,1,0.6695633343766416,0.6762008549075365,0.6827304006725445,0.6891529896176019,0.6954696300731531,0.7016810445420772,0.707788273445376,0.7137924658323664,0.7196944513528718,0.7254952546498661,0.7311959913782116,0.7367977721384851,0.7423015417542786,0.7477085507948948,0.7530198180005557,0.7582363992503389,0.7633595355698986,0.7683903106372229,0.7733297630405234,0.7781791936582185,0.7829396198471842,0.787612243999888,0.792198278721162,0.7966987797600502,0.801115042463686,0.8054480107167543,0.8096990235876197,0.8138691808433554,0.8179596193282772,0.8219714637297804,0.8259058797955137,0.8297640527033135,0.8335470242489691,0.8372560857002491,0.8408922233708898,0.8444565809584803,0.8479503306534637,0.8513744674285422,0.8547302179702868,0.8580185807787253,0.8612407782537961,0.8643977584286715,0.8674905602510713,0.8705203546829848,0.8734880927305511,0.876394902128441,0.8792418017898896,0.8820296769713577,0.884759746524518,0.8874328376979259,0.8900500314194356,0.8926123025769274,0.8951205537042104,0.8975757716547023,0.8999790073734044,0.9023310183257109,0.9046328346706003,0.9068853711743895,0.9090894337912614,0.9112460464986298,0.9133559678453775,0.9154201939820372,0.9174394745974535,0.9194146559013068,0.9213466133344352,0.9232361779507322,0.9250840922902257,0.9268912439468487,0.9286583283259264,0.9303861825991412,0.9320755564736777,0.9337271928071683,0.9353418378029842,0.9369201567340437,0.9384629950251776,0.9399709909217058,0.941444778818151,0.9428852033138966,0.9442927838204395,0.9456682300008042,0.9470122588976099,0.9483254290328335,0.9496083857653157,0.9508618182177869,0.952086281173684,0.9532823247350459,0.9544506618274664,0.9555917415252023,0.9567062403034339,0.9577946280915729,0.9588575448879888,0.9598954779799908,0.9609089705759906,0.9618985124307464,0.9628646458113765,0.963807917241037,0.9647287215536964,0.9656276046226459,0.9665050459783358,0.9673614904830599,0.9681973899753933,0.9690132148482213,0.9698094138785076,0.9705864030820118,0.971344604442651,0.9720844209342115
A121,30.644127545,0.0,13.857142857142858,left,2,0.7810969336608379,0.7871319507117062,0.7930238152752275,0.7987750695506313,0.8043882320985187,0.8098655277199469,0.815209454629067,0.8204225603905085,0.8255071234860945,0.8304655218955573,0.8353002392245396,0.840013677560047,0.8446080880475989,0.8490859840223847,0.8534495982996589,0.8577012115160316,0.8618432258697528,0.865877862619493,0.8698072970978072,0.8736338917103513,0.8773597173141159,0.880987009049619,0.8845179565510519,0.8879546009088322,0.8912991445655247,0.8945534960174932,0.8977198183641939,0.900800094607157,0.9037962596332434,0.9067102667494435,0.9095440436905805,0.912299516666179,0.9149784444328491,0.9175827732106503,0.9201141950609963,0.9225744982026901,0.9249654507133341,0.9272886852817875,0.9295459203850631,0.9317387632286891,0.9338689098429181,0.9359378288158675,0.9379470785663547,0.9398982351786883,0.9417926998710155,0.943632013072394,0.9454175913071547,0.9471507366067783,0.9488329357354219,0.9504654476371349,0.952049619388235,0.9535867212972968,0.9550780019810782,0.9565246879336499,0.957928030830305,0.9592890999333706,0.9606091335717825,0.9618892062339927,0.9631304034677808,0.9643338465843538,0.9655005059535772,0.9666314860693491,0.9677277304275453,0.9687902050197208,0.9698198683478749,0.9708176699025332,0.9717844647491117,0.9727211980139874,0.9736286634112908,0.9745077419079059,0.9753592260790407,0.9761839345383739,0.9769826239107157,0.9777560244829766,0.9785049399070119,0.9792300634384641,0.9799320454148449,0.9806116426779807,0.9812694636082366,0.9819061663402145,0.9825224002882352,0.9831187478131458,0.9836958189314824,0.9842542071804918,0.9847944595459002,0.985317110292803,0.9858227386256456,0.9863118071295189,0.9867848661453,0.9872423750558692,0.9876848352148393,0.9881127013566973,0.9885264167632953,0.9889264193693669,0.9893131468992815,0.9896870186196975,0.9900484090550724,0.9903977325376923,0.9907353642188796,0.991061664133161,0.9913769927405834,0.9916817002080194,0.9919761266286106,0.9922605932706597,0.9925354214998356,0.9928009147578476
A122,37.29068808,0.0,13.571428571428571,left,3,0.5070301793716343,0.5156152591483403,0.5241370707688799,0.5325934992678101,0.5409824994497909,0.5493016951315091,0.5575491888066312,0.5657233309671592,0.573822054217317,0.5818436614207115,0.5897866386813084,0.5976495025017015,0.6054306642014865,0.6131290043147967,0.620743117854881,0.6282717699786464,0.6357140338720741,0.6430688344633979,0.6503350957271561,0.6575121882037784,0.6645991686466342,0.6715953796905083,0.6785003017380487,0.6853132319850119,0.6920339000930178,0.6986615429591481,0.7051961234734053,0.7116372617819904,0.717984686591371,0.7242382362543588,0.7303978280121612,0.7364635118109601,0.7424351108502787,0.7483129771428734,0.7540969765405033,0.7597873608587545,0.7653844295907096,0.7708883055578866,0.7762994497961029,0.7816181426288301,0.7868449613440531,0.7919801829103469,0.7970242592750898,0.8019778475620882,0.806841402341615,0.8116156813695534,0.8163012570658119,0.8208985710643508,0.8254087129721863,0.8298321009018311,0.8341696185392165,0.8384220624729357,0.8425901291219344,0.8466747117030138,0.8506767866039229,0.8545969730021401,0.858436346796698,0.8621957763753383,0.8658760638274918,0.8694783769454557,0.8730034428514748,0.8764524863233463,0.8798262838311556,0.8831258527568022,0.8863522423268818,0.8895065305355044,0.8925895640193179,0.895602537644614,0.89854637204553,0.9014221562724211,0.9042309463836796,0.9069737408566061,0.9096516140550266,0.9122655183046412,0.9148166811365037,0.9173060893661349,0.919734629298312,0.9221036284362737,0.9244139077113609,0.9266665336895571,0.9288626725830871,0.931003227787434,0.9330892622153613,0.935121855585451,0.9371020184643366,0.9390306162461766,0.9409088806076626,0.9427375522043776,0.944517865218827,0.9462505977016167,0.9479368865289727,0.9495776150299458,0.9511737186697362,0.9527261441835712,0.9542358470651475,0.9557038056192301,0.957130823699569,0.9585178472782263,0.9598658092937429,0.9611755391067237,0.9624479047431824,0.9636837785516152,0.9648840211365721,0.9660494536784108,0.9671808876368343,0.9682791113618685
A123,30.42719786,11.714285714285714,inf,right,1,0.7767254365944897,0.7827764111915411,0.7886862774651349,0.7944574804426767,0.8000924615357987,0.805593356728826,0.810962615957081,0.8162026920192429,0.8213157860378102,0.826304227484389,0.831170380625634,0.8359166191564589,0.8405451281535707,0.8450583071223653,0.8494583604317014,0.8537474896772336,0.8579280217193079,0.8620021185708465,0.865971912918631,0.8698396644091622,0.8736074345933587,0.8772773736751082,0.8808516193928847,0.8843321600788047,0.8877211498044585,0.8910204164450508,0.8942321072552293,0.8973581442858514,0.9004004032286784,0.9033608081900363,0.9062412316693143,0.9090435474600131,0.911769499422589,0.9144209979462344,0.9169996586418565,0.9195072604553125,0.9219455263319285,0.9243160550438067,0.9266205351658402,0.9288605431893904,0.9310377377226517,0.9331535791030813,0.9352095671906857,0.9372072659769407,0.9391480607641322,0.9410334711852681,0.9428648718820324,0.9446435420805779,0.9463709719492907,0.9480483622014574,0.9496770810867358,0.9512583813216725,0.9527934606875486,0.9542835493179456,0.9557299037615651,0.9571335599157528,0.9584957161550074,0.9598174980691082,0.9610999334478468,0.962344137186626,0.9635510979124878,0.9647219003995203,0.9658574513500744,0.9669587386394891,0.9680267151704065,0.9690623260819632,0.9700664196464223,0.9710399029057419,0.9719836254080109,0.9728984185875376,0.9737850958031945,0.9746444524008664,0.9754772766386478,0.976284274435885,0.977066252718478,0.9778238940011563,0.9785578674224447,0.9792689340962695,0.9799576911631257,0.9806247810749734,0.9812708934727941,0.9818965930129219,0.9825024848622287,0.9830891835272089,0.9836572297741382,0.9842071528364439,0.9847395465551135,0.9852548743105379,0.9857536933223562,0.986236458524874,0.9867036915678706,0.987155837535855,0.987593357683864,0.9880166818246353,0.9884262541438703,0.9888225120702455,0.9892058216454218,0.9895766047571782,0.9899352479007781,0.9902821162556047,0.9906175710172873,0.9909419739022024,0.9912556711096463,0.9915589894395087,0.9918522518427606,0.9921357678340781
A124,29.89969136,16.285714285714285,20.285714285714285,interval,0,0.7967735691392626,0.8030062212405927,0.8090782776837235,0.8149926044204419,0.8207521116538327,0.8263593524977164,0.8318172180561072,0.8371286959858864,0.8422964043815275,0.8473231928356071,0.852211917087821,0.8569654152351549,0.861586388313059,0.86607775812125,0.8704422172294433,0.8746824588019287,0.8788013083219381,0.8828014668669856,0.8866855012427197,0.8904562115903709,0.8941161372287523,0.8976678806664494,0.9011140966216151,0.9044572140165836,0.9076998717261975,0.9108443405003092,0.9138932336440866,0.9168488761243944,0.9197136298087983,0.9224898020752418,0.9251797041738556,0.9277856004336509,0.9303096194788116,0.932754077699242,0.9351209670886972,0.9374124199172658,0.939630526970753,0.9417772283999708,0.943854557239505,0.9458643981281465,0.9478087199662836,0.9496893280998199,0.9515079835936117,0.9532665406590445,0.954966681053819,0.9566101410890379,0.9581985896888201,0.9597335547774383,0.9612167370229407,0.9626496031449675,0.9640337101054012,0.9653705089398056,0.9666614078887344,0.9679078396164603,0.9691112025856861,0.9702727613847112,0.9713938542643289,0.9724757379844726,0.9735196174333509,0.9745267379442457,0.975498235012037,0.9764352821828589,0.9773389388113516,0.9782102913000161,0.9790504072443585,0.979860296791818,0.98064092617961,0.9813932912855481,0.982118298428542,0.9828168653096363,0.9834898677002679,0.9841381735651464,0.9847626029767139,0.985363939338512,0.9859430104868905,0.9865005612495488,0.9870372894976531,0.9875539741904604,0.9880512584861577,0.9885298200547744,0.9889903278860731,0.9894333949788195,0.9898596397949939,0.9902696614549799,0.9906640245560292,0.9910432671393621,0.9914079659448339,0.9917585959311669,0.992095699095764,0.9924197305767593,0.9927311896878295,0.993030515928666,0.9933181562614352,0.9935945272758457,0.9938600479819762,0.9941151267396059,0.994360129710578,0.9945954398077601,0.9948214197669302,0.9950384073945968,0.9952467392755974,0.9954467464904876,0.9956387426076483,0.995823022298358,0.9959998788537637,0.9961695953873825
A125,26.812237185,0.0,12.428571428571429,left,1,0.7767254365944897,0.7827764111915411,0.7886862774651349,0.7944574804426767,0.8000924615357987,0.805593356728826,0.810962615957081,0.8162026920192429,0.8213157860378102,0.826304227484389,0.831170380625634,0.8359166191564589,0.8405451281535707,0.8450583071223653,0.8494583604317014,0.8537474896772336,0.8579280217193079,0.8620021185708465,0.865971912918631,0.8698396644091622,0.8736074345933587,0.8772773736751082,0.8808516193928847,0.8843321600788047,0.8877211498044585,0.8910204164450508,0.8942321072552293,0.8973581442858514,0.9004004032286784,0.9033608081900363,0.9062412316693143,0.9090435474600131,0.911769499422589,0.9144209979462344,0.9169996586418565,0.9195072604553125,0.9219455263319285,0.9243160550438067,0.9266205351658402,0.9288605431893904,0.9310377377226517,0.9331535791030813,0.9352095671906857,0.9372072659769407,0.9391480607641322,0.9410334711852681,0.9428648718820324,0.9446435420805779,0.9463709719492907,0.9480483622014574,0.9496770810867358,0.9512583813216725,0.9527934606875486,0.9542835493179456,0.9557299037615651,0.9571335599157528,0.9584957161550074,0.9598174980691082,0.9610999334478468,0.962344137186626,0.9635510979124878,0.9647219003995203,0.9658574513500744,0.9669587386394891,0.9680267151704065,0.9690623260819632,0.9700664196464223,0.9710399029057419,0.9719836254080109,0.9728984185875376,0.9737850958031945,0.9746444524008664,0.9754772766386478,0.976284274435885,0.977066252718478,0.9778238940011563,0.9785578674224447,0.9792689340962695,0.9799576911631257,0.9806247810749734,0.9812708934727941,0.9818965930129219,0.9825024848622287,0.9830891835272089,0.9836572297741382,0.9842071528364439,0.9847395465551135,0.9852548743105379,0.9857536933223562,0.986236458524874,0.9867036915678706,0.987155837535855,0.987593357683864,0.9880166818246353,0.9884262541438703,0.9888225120702455,0.9892058216454218,0.9895766047571782,0.9899352479007781,0.9902821162556047,0.9906175710172873,0.9909419739022024,0.9912556711096463,0.9915589894395087,0.9918522518427606,0.9921357678340781
A126,31.8359375,12.857142857142858,16.428571428571427,interval,0,0.7675473304662301,0.7740836950163467,0.7804684288599515,0.7867038021149555,0.7927920968137234,0.7987353287255727,0.8045357964066525,0.8101959180899189,0.8157178276726755,0.8211037796135778,0.8263561814725326,0.8314773639340505,0.8364695446358537,0.841335213526626,0.8460765600048297,0.8506958946808937,0.8551956364678186,0.859578037039408,0.8638453340300791,0.867999923199724,0.8720439812683215,0.8759798180409651,0.8798097100544151,0.8835358242505434,0.887160457688039,0.8906856332074742,0.8941136572562205,0.897446646251911,0.9006866618705212,0.9038358195795885,0.9068962010140603,0.9098698660218388,0.9127587492814428,0.9155649668742907,0.9182903561527765,0.9209368931330503,0.9235064880900897,0.9260009651124602,0.9284222245239819,0.930772022204173,0.9330522394238278,0.9352645282751997,0.937410621097889,0.9394922378752721,0.9415109749381747,0.9434685663100497,0.9453665434101071,0.9472064198803087,0.9489898713799877,0.9507182718876696,0.9523931556749902,0.9540159767573786,0.9555881143112912,0.9571109584160623,0.9585859212994465,0.9600142317623024,0.9613972679088907,0.9627362880203981,0.96403245549762,0.9652870976270564,0.9665013028952529,0.9676763169217933,0.9688132108912324,0.9699130756807378,0.9709770167125,0.9720061133275981,0.9730013258881488,0.9739637118086661,0.974894200944378,0.9757937807711683,0.9766633712884282,0.9775038715609876,0.9783161498876306,0.9791010645076589,0.9798594811172742,0.9805922053483632,0.9812999792347933,0.9819836599837923,0.9826439335518293,0.9832815309039883,0.983897211922135,0.9844916202815092,0.9850654467540921,0.9856193479106066,0.9861539626806538,0.986669885171448,0.9871677488596053,0.9876481024937606,0.988111539348756,0.9885585914090551,0.988989813025002,0.9894057068783987,0.9898067796560523,0.9901935234830175,0.9905664057150786,0.9909259064076995,0.9912724456181035,0.9916064718671195,0.9919284099876918,0.9922386494305944,0.9925376002982249,0.9928256422968147,0.9931031481812639,0.9933704754122307,0.9936279747149134,0.993875974820712
A127,29.13631634,0.0,12.285714285714286,left,2,0.7701012072078138,0.7762376411348282,0.7822339335113716,0.7880924366600072,0.7938154838948643,0.7994051137104405,0.8048636480930331,0.8101934741013332,0.8153966618786663,0.8204754908358769,0.8254322326793816,0.8302691373326596,0.8349883580530921,0.8395922149093447,0.8440828167986647,0.8484623088373434,0.8527329666906901,0.8568968849171297,0.86095611570659,0.8649128936648253,0.8687692218023816,0.8725271658148406,0.8761888613513297,0.8797562468483687,0.8832314034850646,0.886616143511051,0.8899125923379743,0.8931226049858144,0.8962480501158816,0.8992908058129409,0.902252728471867,0.9051356646026307,0.9079413305411571,0.9106716161855415,0.9133281246765275,0.9159126036168402,0.9184267711792187,0.9208721958319025,0.923250588679024,0.925563476402291,0.927812520443177,0.9299991798501779,0.9321249448319137,0.934191363270997,0.9361998230227305,0.9381518516855036,0.940048778487213,0.9418919379953149,0.943682783074083,0.9454225486855049,0.9471125674065287,0.9487541119400674,0.9503483629056323,0.9518965898227462,0.9534000202460357,0.9548597246376338,0.9562768914323438,0.9576526527482871,0.958988025264829,0.9602841799321592,0.9615420645334144,0.9627628051317572,0.9639472988515907,0.9650965576465635,0.9662115299297172,0.9672931719604755,0.9683423535232594,0.9693599927985346,0.9703469244835442,0.9713040286270961,0.972232116659434,0.9731319834908537,0.9740044301341614,0.974850194790731,0.9756700768294216,0.9764647804267,0.9772349853762489,0.9779814685290916,0.9787048264970932,0.9794057336335684,0.9800848754516972,0.980742836573216,0.9813802438617306,0.9819977080240209,0.9825957986359816,0.9831750475690576,0.9837360640234974,0.9842793132336289,0.9848053831212331,0.9853147385027801,0.9858079005237904,0.9862853400567326,0.9867475167403095,0.987194892417489,0.9876279036206299,0.9880470076519826,0.9884525925927597,0.9888450746460207,0.9892248642748127,0.989592331674744,0.9899478549376068,0.9902918018286312,0.9906245299886436,0.9909463769819534,0.9912576865782077,0.9915587684311464
A128,35.3798127,0.0,13.142857142857142,left,3,0.6140085738707523,0.6230281899160033,0.6319268263741187,0.6407028673212414,0.6493548471585527,0.6578809870962617,0.666280091097826,0.674551226125048,0.6826931250143985,0.6907049155973424,0.6985859675892263,0.7063357204047408,0.7139535555472043,0.7214393449866876,0.7287927262205904,0.7360135449814211,0.7431019752777668,0.7500580653853729,0.7568818928471192,0.7635740183544304,0.7701346975793278,0.7765644907641422,0.7828641087409753,0.7890341002339503,0.7950754392218442,0.8009886681679166,0.8067749899439737,0.8124353315551357,0.8179706911265197,0.8233822150465419,0.828671115827885,0.8338386934519797,0.8388860829985614,0.8438149047055867,0.848626292114302,0.853321748121182,0.8579028531652695,0.8623709651202913,0.8667277638387677,0.8709747367252759,0.8751136575462988,0.8791459831465693,0.8830733873581899,0.8868976241784541,0.8906202883217506,0.8942432387078892,0.8977681143648184,0.9011965300724045,0.9045304786727734,0.9077714936361234,0.9109214234414159,0.9139820343564181,0.9169550039658866,0.919842121267934,0.9226452614015221,0.9253659581894436,0.9280060819147127,0.9305673594794447,0.9330514302152252,0.9354601274379661,0.9377950420246393,0.9400579895717984,0.9422505399879479,0.9443743591926628,0.9464311205142591,0.9484225006311857,0.9503499802248606,0.9522152634970414,0.9540198423400577,0.9557653318001988,0.9574532110978351,0.9590850089787186,0.9606622181933187,0.962186222770122,0.9636585963733876,0.9650806962854162,0.9664538242341728,0.9677795213619825,0.9690590058648998,0.9702935996910949,0.9714846748194603,0.9726334308387693,0.9737411321498755,0.9748090289632397,0.9758383017684013,0.9768300780948301,0.9777855780594374,0.9787058329647658,0.9795920317892639,0.9804451544079804,0.9812663282775822,0.9820565270867205,0.9828167654178235,0.9835479923081516,0.9842511758886764,0.9849272666964958,0.9855771091893128,0.9862016244994989,0.9868016653343066,0.9873780431110284,0.9879315822962567,0.9884630781204627,0.9889732920254602,0.9894629711539716,0.9899328364860788,0.9903835840648936
A129,31.25,0.0,12.285714285714286,left,0,0.7964829343945492,0.802718988696905,0.8087945204040758,0.8147124266352062,0.8204755459683594,0.8260864810832501,0.8315481164357224,0.836863380371684,0.8420349562636353,0.8470656182871923,0.8519582690895244,0.8567157243493088,0.8613406801293862,0.8658360536347772,0.8702045328331922,0.8744488064708567,0.8785716959313883,0.8825758982709313,0.8864639763262409,0.8902387267045622,0.8939026851123613,0.8974584646229089,0.9009086750966243,0.9042557840497831,0.9075024137128842,0.9106508318533755,0.9137036494079338,0.9166631888038398,0.919531809600239,0.9223118169790814,0.925005520184886,0.9276151816609911,0.9301429392101247,0.9325910745338135,0.9349616111177389,0.9372566687820547,0.9394783370573186,0.9416285547683103,0.9437093539419887,0.9457226181309893,0.9476703154572905,0.9495542503702685,0.951376183112831,0.9531379673987942,0.9548412843300862,0.9564878698132584,0.958079392392721,0.959617379482951,0.9611035317244115,0.9625393301551893,0.9639262877046144,0.9652658992992028,0.9665595584413094,0.9678086979064474,0.9690147163266984,0.9701788782890844,0.9713025223273707,0.9723869054223477,0.9734332326788533,0.9744427610284236,0.9754165927312817,0.97635593532959,0.9772618373162331,0.97813538557233,0.9789776482293067,0.9797896359254448,0.9805723153710282,0.9813266830900843,0.9820536459040968,0.9827541221363268,0.9834289881550384,0.9840791125866768,0.9847053161157585,0.9853083827335057,0.9858891410720607,0.9864483365941672,0.9869866677398326,0.9875049143530682,0.9880037201412206,0.9884837634946912,0.9889457141662022,0.989390185808767,0.9898177976189038,0.9902291494529827,0.990624806593061,0.9910053077351707,0.9913712304602388,0.9917230502831759,0.9920613100369563,0.9923864654514511,0.9926990166347082,0.9929994037220939,0.9932880743845476,0.993565445858185,0.9938319378527272,0.9940879594334943,0.9943338773540632,0.9945700752214075,0.9947969164302378,0.99501473938924,0.9952238813171657,0.9954246739437189,0.995617431453364,0.9958024490920301,0.995980023395757,0.9961504301393994
A130,29.41176471,11.857142857142858,16.0,interval,0,0.6936648293012664,0.7006681143632629,0.707546033184606,0.7142996760968836,0.7209301510599038,0.7274382740184022,0.7338252152531058,0.7400922847111973,0.7462404595498975,0.7522709398631918,0.7581850441024532,0.7639840676375678,0.7696691878219699,0.7752418939843538,0.7807034253602765,0.7860550917193688,0.791298403256234,0.7964346910898614,0.8014652839418146,0.8063917515347804,0.8112154114342323,0.815937746877138,0.8205602578588289,0.8250843300904755,0.829511535054932,0.8338431373347072,0.8380807770376907,0.8422258904336545,0.8462798735657484,0.850244235068599,0.854120403092452,0.8579099098340287,0.8616140891921358,0.8652345542539925,0.8687726052484847,0.8722296867961545,0.875607283805785,0.8789067337865915,0.8821295205214297,0.8852769806224774,0.8883505892456196,0.8913516463372358,0.8942814715701624,0.8971414849488837,0.8999329640195386,0.9026573366479688,0.9053158483258823,0.9079096922435994,0.9104403468485086,0.9129089177293979,0.9153167388909442,0.9176650340503409,0.9199549719523038,0.922187775902235,0.9243647408250273,0.9264868706409696,0.9285554296412306,0.9305715321613766,0.9325362512818844,0.9344508019157725,0.9363161501311823,0.9381335057357729,0.9399038151962553,0.9416281396316005,0.9433075459070143,0.9449430281827884,0.9465355316235581,0.9480861019616447,0.9495956409441434,0.9510651119893089,0.9524954464918872,0.9538875283379258,0.9552422798662711,0.9565605103514683,0.9578431802930605,0.9590911041935641,0.9603050397612288,0.9614859166634812,0.9626344221729647,0.9637513827210435,0.9648375939769789,0.9658937674103888,0.9669206585911374,0.9679190085944418,0.9688895053827076,0.9698328005993714,0.9707496723131498,0.9716406727084943,0.9725065515100092,0.9733478647891688,0.9741653098908251,0.9749594665601838,0.9757309160068918,0.9764802501155507,0.9772080484730852,0.9779148985180919,0.9786012952415646,0.9792678037280071,0.9799149565196469,0.9805432377269471,0.9811531588282452,0.9817452108605516,0.9823198740956386,0.9828776098416788,0.9834188777547398,0.9839441033089733
A131,30.47796622,16.428571428571427,21.428571428571427,interval,1,0.7274215801656783,0.7338373842695032,0.7401265591870458,0.7462907893462154,0.7523317931083944,0.758250956109007,0.7640499862811008,0.7697306846224304,0.7752945255128714,0.7807431697985922,0.7860783737134422,0.7913018239096987,0.796415106725892,0.8014200433039538,0.806318238637648,0.8111113223194306,0.8158010830931988,0.8203891446916466,0.8248771162278588,0.8292667697276084,0.8335596901159124,0.8377575285664147,0.84186199594413,0.8458746330653901,0.8497971742748618,0.8536310470305272,0.8573780336232852,0.8610396256286139,0.8646173782641088,0.8681128563242496,0.8715275997581854,0.8748631849516808,0.87812100586001,0.8813027063622478,0.8844096405887509,0.8874432717823599,0.8904051193985713,0.8932965109071902,0.8961189300879736,0.8988736997810801,0.901562290962629,0.9041859747812011,0.9067460597875201,0.9092439133082941,0.9116807888606111,0.9140580342222817,0.9163768718177848,0.9186384310644962,0.9208441252481226,0.9229950146241626,0.9250923308651039,0.9271372452114547,0.9291308492367106,0.9310742917289166,0.932968761379253,0.9348152055921861,0.9366147873644458,0.9383685169748963,0.9400774143262004,0.9417425460465312,0.9433648451580082,0.9449453878141701,0.9464850238551397,0.9479847256962586,0.9494454498445521,0.9508680837116232,0.9522535023727791,0.9536026192212547,0.9549162308994525,0.9561952228722003,0.9574403993941665,0.9586525839528307,0.9598325390180973,0.960981015804374,0.9620988575956876,0.9631867573582374,0.9642453988392209,0.9652756093728928,0.9662779898101901,0.967253229414138,0.9682020436243394,0.9691250547883865,0.9700229131103302,0.9708962558035118,0.9717456951235711,0.9725717844233974,0.9733751958102725,0.9741564136740346,0.9749160727646452,0.9756546717167374,0.9763727866573194,0.977070917430228,0.9777495753325482,0.9784092611376991,0.9790504844761384,0.9796737240161376,0.9802794112709227,0.980868034077706,0.9814400500693425,0.9819958543955876,0.9825359037017681,0.9830606013447538,0.983570366700634,0.9840655774150392,0.9845466346416349,0.9850138994886427
A132,30.6640625,12.428571428571429,16.142857142857142,interval,0,0.802212709502031,0.8083801967234453,0.8143855737055059,0.8202318281287468,0.825921969950205,0.8314587257436419,0.8368450439866829,0.8420840374215349,0.8471784326636504,0.8521311813296046,0.8569452375066772,0.8616235342716012,0.8661688662497464,0.8705842416069691,0.8748724238743261,0.8790362204179311,0.8830785327538927,0.8870020924153552,0.8908095997872136,0.8945038769786016,0.8980875315951669,0.9015632703361847,0.9049337506542464,0.908201514278411,0.9113691978505573,0.914439179271801,0.9174140649689756,0.9202962765480054,0.9230881816745736,0.9257921404905617,0.9284104898776869,0.9309455515262164,0.9333994882194703,0.9357746208819379,0.9380729845473451,0.940296736316985,0.9424479896663452,0.9445287087547045,0.9465409446405669,0.9484866014532434,0.9503676618074735,0.952185946973857,0.9539432325383442,0.9556413811561986,0.9572820699333509,0.9588670900547764,0.9603980685142178,0.9618765579652031,0.9633042587380247,0.9646826432218758,0.9660132681086857,0.9672975723352444,0.9685370046356924,0.9697329547739412,0.9708868305730118,0.9719998839009326,0.9730734711361273,0.9741088431355979,0.9751071770952946,0.9760697212344989,0.9769976050683922,0.9778919823899653,0.9787539361818244,0.9795845130737519,0.9803847800219919,0.9811557373393371,0.9818983417705701,0.9826135765031365,0.9833023296974727,0.9839655312766106,0.9846040208421879,0.9852186615865318,0.9858102615980443,0.9863795927614426,0.9869274675601482,0.9874546184584532,0.9879617322011995,0.9884495708001818,0.9889187666815105,0.9893699778772871,0.9898038760030057,0.9902210441552416,0.9906220924611748,0.9910076008873255,0.9913781311521866,0.9917342082246983,0.9920763832474558,0.9924051253328504,0.992720956349301,0.9930243328926553,0.9933157263941723,0.9935955684896862,0.9938642889518394,0.9941223032432254,0.9943700059302243,0.9946077957387044,0.9948360275721507,0.9950550712219489,0.9952652769617781,0.9954669711892549,0.9956604785123434,0.9958461177698176,0.996024190907012,0.9961949817426851,0.9963587722409483,0.996515834368508
A133,28.26602431,0.0,16.428571428571427,left,2,0.821936191132536,0.8275020331488337,0.8329152015222095,0.8381790229676569,0.8432967771970734,0.8482714523089356,0.8531062619121277,0.8578044386326713,0.8623689477831116,0.8668028368632975,0.8711091590808342,0.8752909656843392,0.8793510859606293,0.8832925726623273,0.8871182064191769,0.8908308010430549,0.8944331944889731,0.8979281292037986,0.9013182408895843,0.904606262915232,0.9077947359700065,0.9108862644968991,0.9138834041041675,0.9167885616851683,0.919604258225312,0.922332744946872,0.9249764653370655,0.9275376899296686,0.9300186283628337,0.9324214848447385,0.9347484322938615,0.9370015792151793,0.9391829409587423,0.9412946235005464,0.9433385173991363,0.945316581955292,0.9472307032042401,0.9490826972197032,0.9508744016127171,0.9526075304316227,0.9542838687894801,0.9559050301018038,0.9574726318162494,0.958988306333461,0.9604535880870337,0.9618700100061143,0.963239041483485,0.9645620777510201,0.9658405962967362,0.9670759012458308,0.9682693497451582,0.969422239740229,0.9705358010428131,0.971611260537141,0.9726498740935274,0.973652724672999,0.9746209745901839,0.9755557327811435,0.9764580160103655,0.977328931731763,0.9781694336409215,0.9789805420506252,0.9797631717763703,0.9805182620639582,0.9812467080026147,0.9819494066113801,0.982627152730053,0.9832808133552445,0.9839111642875112,0.9845189768083106,0.9851050156507088,0.9856699936373097,0.9862146256462906,0.9867395779196912,0.9872455454603227,0.9877331552748843,0.9882030111219402,0.9886557673696058,0.9890919605587757,0.9895121667612199,0.9899169606422669,0.9903068544166028,0.9906823620675557,0.9910439921131013,0.9913922317436231,0.991727524346239,0.992050356747772,0.9923611264880012,0.9926602997363142,0.9929482491826639,0.9932253996348859,0.9934921246976669,0.9937487907195295,0.9939957600694053,0.9942333760427997,0.9944619883336179,0.9946819040451276,0.9948934411189974,0.9950969097889178,0.9952925943409323,0.9954807791736889,0.9956617391104869,0.9958357396671274,0.9960030346845898,0.9961638670242421,0.9963184741388047
A134,33.203125,0.0,12.285714285714286,left,1,0.7577781197826964,0.7639905978066639,0.7700672720641518,0.7760102750816584,0.7818217633113362,0.7875035651299354,0.7930578109562741,0.7984867109466045,0.8037921541859191,0.8089762091171717,0.8140409786817305,0.81898858399999,0.8238209394369169,0.8285402641674098,0.8331484546638096,0.8376475389632976,0.8420396127584449,0.8463266423355632,0.8505105194375183,0.8545933298686887,0.8585769414809177,0.862463323934455,0.8662544422587968,0.8699521112994263,0.8735583302076073,0.877074759273736,0.8805034070062858,0.8838460353500981,0.8871044241074686,0.8902803233840355,0.8933754956394828,0.896391697839354,0.8993305549221134,0.9021938656420239,0.9049831725614625,0.9077001207878189,0.9103463568666467,0.9129233738077037,0.915432820189097,0.9178761540236806,0.9202549809188263,0.9225706844875654,0.9248247098251524,0.9270185330685015,0.9291535219176146,0.9312311074537666,0.9332526359390013,0.9352193317598526,0.9371326693980475,0.9389938087150671,0.9408040508129577,0.9425646367655031,0.9442767317225105,0.9459415428290072,0.947560312997711,0.9491340440319336,0.9506639252476169,0.952151070247083,0.9535964880852269,0.9550012913556629,0.9563664556010278,0.9576930703862958,0.9589820288188038,0.9602343209009594,0.9614509020164769,0.9626327237452285,0.9637806319169442,0.9648955441136362,0.9659783168440247,0.9670297903398419,0.968050788494306,0.9690421188268085,0.9700045850114367,0.970938899678295,0.9718458964741623,0.9727262690310958,0.9735806990982986,0.9744099794481709,0.975214704682413,0.9759955693693481,0.9767532615520963,0.9774883701068161,0.9782015238027227,0.9788933659379172,0.9795644562626442,0.980215343928948,0.980846657793134,0.981458875227127,0.9820525879498159,0.9826282690338928,0.9831864739146148,0.9837276695286572,0.9842523448197382,0.9847609537117157,0.9852539700033757,0.9857318620729557,0.9861950146827874,0.9866438823817368,0.9870788794226704,0.9875003965218361,0.9879088217774393,0.9883045461650504,0.9886879439648072,0.9890593678617676,0.9894191678542159,0.9897676794494938
A135,29.56841139,0.0,12.428571428571429,left,2,0.8375409298063331,0.8428844170424655,0.8480725483362757,0.8531089824542532,0.8579973190300613,0.8627408657300389,0.867343132295055,0.8718076324741483,0.8761376123157743,0.8803363677352388,0.8844072471538691,0.8883534926308937,0.892178184081398,0.8958845837301369,0.8994756844481601,0.9029544841892951,0.9063240445751783,0.909587243998406,0.9127468900457036,0.9158058937845843,0.9187669481503775,0.921632769569216,0.9244060539615377,0.9270893354361175,0.929685241893913,0.9321961410124157,0.9346245770293261,0.9369728812964732,0.9392433925015924,0.9414383605827643,0.9435600184733658,0.9456105780338679,0.9475920973427667,0.949506726612014,0.9513564283218511,0.9531431477214206,0.9548688595370032,0.95653539615129,0.9581446178540017,0.9596982650767122,0.9611981333223805,0.9626458558787672,0.9640430616718085,0.9653913848449891,0.9666923643802422,0.9679475302483743,0.9691583613174443,0.9703262124934542,0.9714525929515334,0.9725387641638951,0.9735860773556212,0.9745958014454178,0.9755691729287357,0.9765073960454134,0.9774116736176497,0.9782830740498234,0.9791227579423831,0.9799317648964153,0.9807111263358727,0.9814618806364958,0.9821849570647496,0.9828813537802986,0.9835519551959604,0.9841976385423515,0.9848192944372147,0.9854177479944511,0.985993786416899,0.9865482306230731,0.9870817997907927,0.9875952532500324,0.9880892872202147,0.9885646022550195,0.9890218525182638,0.9894616671817222,0.9898847070565537,0.9902915604521045,0.9906827827490929,0.9910589796378261,0.9914206654226385,0.9917683736719617,0.9921026246883433,0.9924238943590691,0.9927326658931839,0.9930294059463384,0.9933145491106532,0.9935885164341276,0.9938517455658759,0.9941046067186226,0.9943475093274646,0.9945808096826866,0.9948048796234523,0.9950200582601165,0.995226686035312,0.9954250764664088,0.9956155502409842,0.9957984105943135,0.9959739340580277,0.9961424118584703,0.9963041115518914,0.9964592890939413,0.9966081941106539,0.9967510741643283,0.9968881631339539,0.9970196781566212,0.9971458392895945,0.9972668525321632
A136,32.82727127,12.142857142857142,16.571428571428573,interval,2,0.7877882597685719,0.7937566545363062,0.7995801616909785,0.805261414289864,0.8108030480531712,0.8162074240817851,0.8214771418370685,0.8266148735390453,0.8316229503866435,0.8365039247410158,0.8412603239067968,0.8458946457831877,0.8504092873480648,0.8548067800491312,0.8590895117778159,0.8632597967232937,0.8673201316275246,0.8712728156130662,0.8751200995241204,0.8788643986972782,0.8825078856650326,0.8860528441522388,0.8895015253978816,0.8928560322179293,0.8961186356389427,0.8992912605321997,0.9023761744892776,0.9053753559758935,0.9082908417747604,0.9111245898924988,0.9138785834851785,0.9165547753991036,0.9191549900749647,0.9216812052585136,0.9241351257425646,0.9265185828177915,0.9288333619211881,0.9310811483746666,0.9332636843947147,0.9353825701082238,0.9374395429340923,0.9394361161595866,0.941373835985019,0.9432543042631316,0.9450789413599596,0.946849317804925,0.9485668078476288,0.9502327848011513,0.9518487227784872,0.9534158931365522,0.9549356495804974,0.9564092860967365,0.9578380085176862,0.9592230969495945,0.9605657882605907,0.9618671589501684,0.9631284451522821,0.9643507384649058,0.9655350824424593,0.9666826377709792,0.9677943625881129,0.9688713680313125,0.9699145584882564,0.9709249352844329,0.9719034393503643,0.9728510141549428,0.973768523192489,0.9746568682434824,0.9755168741433221,0.9763494013570674,0.9771552467196396,0.9779351890469237,0.9786900087829024,0.9794204189281918,0.9801272106283256,0.9808110693795867,0.9814726389477496,0.9821126621653158,0.9827317490529531,0.9833305218633407,0.9839096435207609,0.9844696793194934,0.9850112277566889,0.9855348706965563,0.9860411523485703,0.9865305755380116,0.98700372675349,0.9874610538833313,0.9879030930393735,0.9883302943273973,0.9887431461293067,0.9891420923782565,0.9895275654581833,0.9898999974466416,0.9902597972359481,0.9906073888919482,0.9909431370478815,0.9912674277781695,0.991580640461912,0.9918831194156886,0.9921752137224904,0.9924572622244396,0.9927295937520265,0.9929925190645408,0.9932463523995851,0.9934913786271456
A137,30.83289383,0.0,13.714285714285714,left,3,0.7676988624644459,0.7759705937587649,0.784028581689796,0.7918744334778154,0.7995099573876574,0.8069367456611678,0.814156978553116,0.8211731207568252,0.8279873530806907,0.8346022663183703,0.8410206767446391,0.8472454662093261,0.8532794887752789,0.8591260150324943,0.8647881082920414,0.87026902042628,0.8755722009107597,0.8807010605282597,0.8856589711181614,0.8904496272355021,0.8950764975105806,0.8995432307517797,0.9038535359761819,0.908010998918147,0.9120194098838419,0.9158822474426491,0.9196034005749704,0.9231864617724214,0.9266350779694283,0.9299529025807584,0.9331435756166372,0.9362107272375513,0.939157827702281,0.941988565825127,0.9447062724209612,0.9473144721358168,0.9498165758763175,0.9522158697989144,0.954515708670798,0.9567193320210575,0.958829980554646,0.9608507026131365,0.9627845787806003,0.9646346488377417,0.9664038383496826,0.9680950576612231,0.9697111164095347,0.9712546799372908,0.9727285759428125,0.9741353128650279,0.9754774826015294,0.9767575768857713,0.9779779727580358,0.9791410283369447,0.9802490741311971,0.9813042456123113,0.9823087554708091,0.9832646623559459,0.9841739589303052,0.9850386557697254,0.985860593131868,0.9866416490102639,0.9873835552395399,0.9880880227850527,0.9887567108913926,0.9893912207149553,0.9899930577755711,0.9905637307644158,0.9911046449130793,0.9916171758221104,0.9921026474769429,0.9925623202790342,0.9929974159282335,0.9934090966505852,0.9937985067154761,0.9941667205368216,0.9945147493457055,0.9948436216960038,0.9951542566838474,0.995447571752538,0.9957244529359346,0.9959857170479509,0.9962321680963665,0.9964645691492966,0.9966836470582511,0.9968900856033099,0.9970845699186263,0.9972677081859737,0.9974401226469146,0.9976023761058451,0.9977550248187013,0.9978985881067823,0.9980335593368246,0.99816041273757,0.9982795965783989,0.9983915422316847,0.9984966496727591,0.9985953075481336,0.9986878823471808,0.9987747179190233,0.998856145700232,0.9989324779627592,0.9990040123859016,0.9990710261064716,0.9991337865458171,0.999192543161096
A138,29.20110193,0.0,12.857142857142858,left,2,0.8231203110974494,0.8286701790102714,0.8340671474152584,0.8393145676205023,0.8444157430814423,0.8493736856419094,0.8541916309878854,0.8588728327575346,0.8634202772714756,0.867837015871558,0.8721261683941175,0.8762907560973743,0.8803336420115396,0.8842578948071682,0.8880663112529007,0.8917617059026717,0.8953469737865054,0.8988248278775204,0.9021979178513834,0.9054690162367544,0.9086406748169773,0.9117154823875798,0.9146960178893928,0.9175846982183643,0.9203840528652731,0.9230963422761063,0.9257240172110847,0.9282693556753424,0.930734574361792,0.9331218837825656,0.9354334520282681,0.9376714142931696,0.9398377803884826,0.94193467986422,0.9439639680630845,0.9459276090866185,0.947827548651259,0.9496655315735443,0.9514434528186625,0.9531630105986766,0.9548259913468086,0.956434010513701,0.9579886869449811,0.9594916691804123,0.9609444460700772,0.9623485972823717,0.9637055913333871,0.9650167947533238,0.9662836988187121,0.9675076077451423,0.9686898777684637,0.9698317933607318,0.9709346091124756,0.9719995497272265,0.9730278449227068,0.9740205778920435,0.9749789429072981,0.9759040024122376,0.9767968152351453,0.9776584540017426,0.9784898717530546,0.9792921061403418,0.9800660692892932,0.980812679062772,0.9815328377253064,0.9822274309714939,0.9828972690007476,0.9835432149407642,0.9841660180123609,0.9847664785947117,0.9853453276553498,0.9859033053868281,0.9864411016251959,0.9869593806530741,0.9874588479260089,0.9879401272004973,0.9884038067367964,0.9888505379378074,0.989280867247564,0.9896953672061728,0.9900945978485496,0.9904790693052171,0.9908493034474358,0.9912058053242555,0.9915490443423937,0.9918794763072507,0.9921975797859649,0.9925037545046692,0.9927984501301704,0.9930820543965863,0.9933549762738443,0.9936175910718318,0.9938702625598951,0.9941133468265434,0.994347195444427,0.9945721445093055,0.9947884992092262,0.9949965847193446,0.9951966988968491,0.9953891270089892,0.9955741510421949,0.9957520434429515,0.9959230673865761,0.9960874718707653,0.9962455028342311,0.9963973928621772
A139,30.46875,0.0,12.142857142857142,left,0,0.802212709502031,0.8083801967234453,0.8143855737055059,0.8202318281287468,0.825921969950205,0.8314587257436419,0.8368450439866829,0.8420840374215349,0.8471784326636504,0.8521311813296046,0.8569452375066772,0.8616235342716012,0.8661688662497464,0.8705842416069691,0.8748724238743261,0.8790362204179311,0.8830785327538927,0.8870020924153552,0.8908095997872136,0.8945038769786016,0.8980875315951669,0.9015632703361847,0.9049337506542464,0.908201514278411,0.9113691978505573,0.914439179271801,0.9174140649689756,0.9202962765480054,0.9230881816745736,0.9257921404905617,0.9284104898776869,0.9309455515262164,0.9333994882194703,0.9357746208819379,0.9380729845473451,0.940296736316985,0.9424479896663452,0.9445287087547045,0.9465409446405669,0.9484866014532434,0.9503676618074735,0.952185946973857,0.9539432325383442,0.9556413811561986,0.9572820699333509,0.9588670900547764,0.9603980685142178,0.9618765579652031,0.9633042587380247,0.9646826432218758,0.9660132681086857,0.9672975723352444,0.9685370046356924,0.9697329547739412,0.9708868305730118,0.9719998839009326,0.9730734711361273,0.9741088431355979,0.9751071770952946,0.9760697212344989,0.9769976050683922,0.9778919823899653,0.9787539361818244,0.9795845130737519,0.9803847800219919,0.9811557373393371,0.9818983417705701,0.9826135765031365,0.9833023296974727,0.9839655312766106,0.9846040208421879,0.9852186615865318,0.9858102615980443,0.9863795927614426,0.9869274675601482,0.9874546184584532,0.9879617322011995,0.9884495708001818,0.9889187666815105,0.9893699778772871,0.9898038760030057,0.9902210441552416,0.9906220924611748,0.9910076008873255,0.9913781311521866,0.9917342082246983,0.9920763832474558,0.9924051253328504,0.992720956349301,0.9930243328926553,0.9933157263941723,0.9935955684896862,0.9938642889518394,0.9941223032432254,0.9943700059302243,0.9946077957387044,0.9948360275721507,0.9950550712219489,0.9952652769617781,0.9954669711892549,0.9956604785123434,0.9958461177698176,0.996024190907012,0.9961949817426851,0.9963587722409483,0.996515834368508
A140,29.752066114999998,0.0,12.142857142857142,left,0,0.7899290964781933,0.7962397626499553,0.8023918058343427,0.8083879714998108,0.814230977908824,0.8199232974565023,0.8254676277417295,0.8308668431993969,0.8361234280249901,0.8412401056444041,0.8462195928072845,0.8510646612365971,0.8557778441961083,0.860361973043767,0.8648196163953767,0.8691533962975437,0.8733660411470037,0.8774601106944617,0.8814381402357517,0.8853028005967083,0.8890565467059749,0.8927019454402212,0.8962415205793366,0.8996776826957269,0.9030129504573351,0.9062495783532972,0.9093900698042772,0.9124367416935658,0.9153918618712898,0.9182576981673142,0.9210365017888773,0.9237305158992223,0.9263418226371345,0.9288726689964437,0.9313250500464573,0.9337010311431364,0.9360026731453157,0.9382319050868315,0.9403907244137633,0.9424809890454138,0.9445046675111272,0.9464634854889861,0.9483592408908287,0.9501937558864103,0.9519686955953809,0.9536858025651477,0.9553466846930175,0.9569529075834053,0.9585061688463847,0.9600078939181708,0.9614596390458313,0.9628628817793731,0.9642190121781675,0.965529464383706,0.9667956397222045,0.9680188016180997,0.9692002938932666,0.970341377421875,0.9714432611172991,0.9725072111065947,0.9735343331073006,0.9745258463420178,0.9754828046778402,0.9764063153662851,0.9772974260785215,0.9781571892139423,0.9789865707031804,0.9797865807914081,0.9805581367675953,0.9813021701683416,0.9820195786295283,0.9827112190934539,0.9833779511272718,0.9840205626130119,0.9846398994645088,0.9852367207744924,0.9858117443142174,0.9863657547022732,0.9868994080205916,0.9874134120712849,0.9879084462911203,0.9883851385279779,0.9888441240359166,0.9892860187850077,0.9897114030178968,0.9901208297224162,0.990514895074531,0.9908940866564684,0.9912589658153539,0.9916100012065711,0.991947710549701,0.9922725524385011,0.9925849767882837,0.992885428540715,0.9931743384407475,0.9934521351519064,0.9937191867177098,0.993975907641276,0.9942226610369743,0.9944598096918966,0.9946877045888732,0.9949066852034123,0.9951170797986332,0.995319202724576,0.9955133609990072,0.9956998428981133
A141,29.296875,0.0,13.857142857142858,left,2,0.8049708006930406,0.8107502473975711,0.8163806017671886,0.8218648494606958,0.8272059401582222,0.8324065314710425,0.837469528593835,0.8423978697757887,0.8471942256231273,0.8518613482847692,0.8564020760453281,0.8608191569178789,0.8651151845119752,0.8692929844811159,0.873355107026815,0.8773041343112393,0.8811427480952749,0.8848734489487943,0.8884986824284729,0.8920210393385755,0.8954428862133315,0.898766642194502,0.9019947288733431,0.905129405143878,0.9081730646573009,0.9111278211105375,0.913996007535659,0.9167797811161413,0.9194812438286805,0.9221025026201016,0.924645629672467,0.9271126840704662,0.9295055525341347,0.931826322696673,0.9340767774495653,0.9362588297467013,0.9383743107010366,0.9404249838321315,0.9424126461351777,0.9443389670735558,0.946205704409269,0.9480144340341368,0.949766744955349,0.9514642517588339,0.9531084510121668,0.9547009144641743,0.9562430482103127,0.9577362512151297,0.9591820061921033,0.9605816078731504,0.9619364185050147,0.9632477408187212,0.9645168073362688,0.9657448542900179,0.9669331582837388,0.9680828050863838,0.969194977866369,0.9702708053105885,0.9713113163718261,0.9723176508490802,0.9732907772547071,0.9742317470822756,0.975141495428153,0.9760209913709103,0.9768711582439024,0.9776929271823315,0.9784871151388131,0.9792546286924466,0.9799962632932371,0.9807128512130098,0.9814051659087378,0.9820739615732785,0.9827199900426038,0.9833439499281984,0.9839465783945072,0.9845285360023783,0.9850904595344809,0.9856330503962931,0.986156872840637,0.9866625421449655,0.9871506757634849,0.9876218130646869,0.9880765248692469,0.9885153399510773,0.9889387905361183,0.989347352281743,0.9897415569072614,0.9901218302331986,0.9904886796643151,0.9908425221153883,0.9911838095575122,0.9915129549009333,0.9918303593965601,0.9921364219382833,0.992431520298672,0.9927160426640937,0.9929903266047444,0.9932547254086139,0.9935095850177563,0.9937552210513554,0.9939919513193339,0.9942200836406063,0.9944399160943973,0.9946517339340996,0.9948558103506034,0.9950524134519891
A142,39.30211203,12.285714285714286,16.285714285714285,interval,2,0.6690457132371276,0.6757124358505575,0.6822708308929402,0.6887218818519709,0.6950665969468504,0.7013056731092968,0.707440137733153,0.7134711337492076,0.7193994700534325,0.7252261574487998,0.7309523202577872,0.736579031560203,0.7421072525576846,0.7475382302230196,0.752872949820264,0.7581124764430808,0.7632580610627502,0.7683107676020877,0.7732716363271226,0.7781419606474197,0.7829227810929542,0.7876152546761697,0.7922206286006019,0.796739944623462,0.8011745139670994,0.8055252586322139,0.809793544229348,0.8139804688691511,0.8180871407180286,0.822114721564191,0.8260643772433661,0.829937311567158,0.833734513767871,0.8374573483245065,0.8411067506118457,0.8446839021665795,0.848189977885336,0.8516259760045795,0.8549931267076687,0.8582924325537302,0.8615251201594429,0.8646921584999178,0.867794591016964,0.8708335775447514,0.8738100903750573,0.8767252778113647,0.8795801181728676,0.8823755638387103,0.8851128085609603,0.8877926860348206,0.8904162978332447,0.8929846247982907,0.895498561624911,0.8979591157970901,0.9003673443952296,0.9027240117382704,0.9050301676524399,0.9072867067130058,0.9094944683172038,0.9116544823518293,0.9137675013959448,0.9158345405565863,0.9178563317418904,0.9198337768967212,0.921767721069205,0.9236590139741306,0.9255084048462048,0.9273167760835702,0.9290848639492942,0.930813477768043,0.9325033850818732,0.9341553458645184,0.9357701016591611,0.9373483450449472,0.9388908956733106,0.9403984188636313,0.9418715550230488,0.9433111536739026,0.9447177405849959,0.9460920120053812,0.9474347095400294,0.9487463975798148,0.9500277624927238,0.9512794087820428,0.952501985726263,0.9536960132062413,0.9548622085207017,0.9560010101765498,0.957113131990508,0.9581990484822799,0.9592593719369354,0.9602946260627077,0.9613053277948845,0.9622920166627073,0.9632551941817961,0.964195425920711,0.9651131396453139,0.9660088423478204,0.9668830453087238,0.9677361836491521,0.9685687261813729,0.969381133549912,0.9701738582471068,0.9709473323803715,0.9717019688497051,0.9724381860818724
A143,31.054717269999998,0.0,11.857142857142858,left,3,0.7109713668995181,0.7197462309463695,0.728341099842158,0.7367559417480749,0.7449909039525435,0.7530459113426959,0.7609214859661675,0.7686184213457502,0.7761372536263558,0.7834789323599436,0.7906446285351054,0.7976356600627761,0.8044532509222129,0.8110991445698819,0.8175748543372294,0.8238821234167705,0.8300229426821074,0.8359992824668219,0.8418130918325701,0.8474667263014536,0.8529623074981237,0.8583022028969562,0.8634888893720709,0.8685247341603114,0.8734123926613888,0.8781541825729172,0.8827529533400285,0.8872112975416357,0.8915318317674166,0.8957172900656233,0.899770426133943,0.9036940345152172,0.9074907584844157,0.911163565064771,0.9147150780416371,0.9181480896593521,0.9214654655057044,0.9246698634809494,0.9277641391491427,0.9307509745050274,0.9336332056350823,0.9364134630285256,0.9390943753859629,0.9416787326747159,0.9441690643497589,0.9465680789465772,0.9488783248983264,0.9511022410850115,0.9532425078414859,0.955301458488545,0.9572815882229714,0.9591852901419512,0.9610148929621216,0.9627727073266927,0.964461077813205,0.9660821233540325,0.967638082696214,0.9691310961370856,0.9705632006886694,0.9719365305694635,0.9732530046030617,0.9745146548035284,0.9757233306490729,0.9768808982174889,0.9779891898267302,0.9790500017740515,0.9800649899987434,0.981035893245754,0.9819643035088332,0.9828518338055906,0.9837000268078904,0.9845103673873065,0.9852843226793931,0.9860232666683737,0.9867286338497588,0.9874017228941003,0.9880437777493327,0.988656124739057,0.9892399109422183,0.9897963045160908,0.990326468152272,0.9908314606835763,0.9913123442834165,0.9917701491716227,0.9922058507875728,0.9926203787598956,0.9930146781140321,0.9933895930641723,0.9937460067533568,0.9940847115389345,0.9944065155394889,0.9947121610293964,0.9950023802148177,0.9952778740570835,0.9955393137153558,0.9957873583932366,0.9960226082958574,0.9962456753030059,0.9964571304518746,0.9966575150559893,0.9968473602923161,0.9970271727946343,0.997197433931185,0.9973586070528231,0.9975111340930386,0.9976554366437711
A144,30.64767574,12.714285714285714,20.571428571428573,interval,3,0.6083225375417234,0.6173360536627869,0.6262319189459522,0.6350084627844852,0.6436641630469225,0.6521971791678534,0.6606062502106168,0.6688903822915255,0.6770482318275759,0.6850788576406893,0.6929815504012024,0.7007556900269863,0.7084005582959607,0.7159159647984001,0.7233014710049994,0.7305568191058236,0.7376821010014007,0.7446773016487259,0.7515424127078172,0.7582778902173998,0.7648839133937941,0.7713609566631516,0.7777096355139238,0.7839304314124156,0.7900242239585151,0.795991467166133,0.8018332906203743,0.8075505072790984,0.8131440778254837,0.818615018285912,0.8239644596127198,0.829193657629596,0.8343036642833164,0.8392959706777949,0.8441716822507362,0.8489322252083839,0.8535790550440585,0.8581135045403361,0.8625371660850806,0.866851454878977,0.8710580782172428,0.875158438110154,0.8791540964096259,0.8830467909142927,0.8868380368568674,0.8905296355555689,0.8941231660044157,0.8976201839344313,0.901022632464158,0.904331987833772,0.9075500495403223,0.9106785350931874,0.9137190732080012,0.9166734084107298,0.919543375504844,0.922330461847523,0.9250365013199923,0.9276631830905365,0.9302121085343773,0.9326850910007828,0.9350836644169831,0.9374096286316747,0.9396645221479284,0.9418499842388259,0.943967664022675,0.9460191975647291,0.9480060779813242,0.9499299915037168,0.9517923728684452,0.9535948235828287,0.9553388567566639,0.9570259368947988,0.9586575457468884,0.960235100519104,0.9617601077929264,0.9632339601760286,0.9646579475918248,0.9660335830335363,0.967362076356274,0.9686447728685426,0.9698830313036164,0.971078046972985,0.9722310964015547,0.973343407470111,0.9744161737413227,0.975450512402765,0.9764476825333459,0.9774086830126967,0.978334712699243,0.9792267826040121,0.9800860004260782,0.980913354447074,0.981709858846953,0.9824764957743675,0.9832142167366156,0.983923983504794,0.9846066710565288,0.9852631889879709,0.9858944082874845,0.9865011501222649,0.9870842509000257,0.9876445112887722,0.9881827236966556,0.9886996220085456,0.9891959581059498,0.9896724338789457
A145,30.62283737,0.0,13.142857142857142,left,0,0.6917948900256531,0.6988050903115741,0.7056906324070771,0.7124525607654864,0.7190919805363991,0.7256096618403564,0.7320067669811092,0.7382845770997545,0.7444440454844345,0.7504863489035213,0.7564127829421347,0.762224620318952,0.7679230258156315,0.7735094467936281,0.778985110686816,0.7843513057232563,0.7896095116476568,0.7947610680710048,0.799807253859626,0.8047496290766114,0.8095894820153956,0.8143282958711261,0.8189675426380958,0.8235085895123619,0.8279529905582592,0.8323019921533736,0.8365572180937781,0.8407200879662128,0.8447919985981076,0.8487743913869594,0.8526687307356905,0.8564765170906979,0.8601990693279729,0.8638379873421262,0.8673945570577509,0.8708702099587944,0.8742664340502256,0.8775845227560315,0.8808259489922999,0.8839920679216637,0.8870843434538276,0.8901040203138523,0.8930524515832924,0.8959310330591945,0.8987410461332519,0.9014838686918611,0.9041607784274999,0.906772945497985,0.909321841619793,0.9118085762206595,0.9142344381808978,0.9166006823320955,0.9189084574895394,0.9211589806504255,0.9233535414736097,0.9254931367033342,0.9275790259963524,0.929612318264975,0.9315940812235589,0.9335255260805432,0.9354076134377723,0.9372415502257088,0.9390282780707242,0.9407688746433098,0.9424643440115263,0.9441157562097164,0.9457239754907043,0.9472901033119936,0.9488150192376297,0.9502996847126317,0.9517450292143241,0.9531519345816398,0.9545213218803646,0.9558539982486935,0.9571509240616478,0.9584129124588017,0.9596407194642893,0.9608352753682254,0.9619972656148988,0.9631275167403441,0.9642268245036205,0.9652958997725442,0.9663354983590834,0.9673463617247755,0.9683291778620643,0.9692845982671106,0.9702134027901803,0.9711161427614989,0.971993569919255,0.9728462400673282,0.9736748524516865,0.9744799874061073,0.9752622269994724,0.9760221643821688,0.9767603909169535,0.9774774746902729,0.9781739219938055,0.9788502998048833,0.9795071328328115,0.980144925574163,0.9807641815913676,0.9813653936456499,0.9819490437891296,0.9825155950302673,0.983065508910465,0.9835992124479768
A146,31.640625,0.0,12.714285714285714,left,2,0.777115108559785,0.7831879884296787,0.7891187887697754,0.7949099819805923,0.8005640185706737,0.8060830549210597,0.8114695152249287,0.816725922161752,0.8218544448447582,0.8268574200241723,0.8317372742069378,0.8364963359818239,0.8411368540195268,0.8456612378471805,0.8500716861929384,0.8543704303203995,0.8585598263881282,0.8626420495729872,0.8666192304572771,0.8704936751538064,0.8742674596957283,0.877942733705097,0.8815216507587592,0.8850062602671334,0.8883986867700194,0.8917008044760633,0.8949147900878665,0.8980425533898659,0.9010860145255883,0.9040470998146992,0.9069277114364013,0.9097297389277802,0.9124549423740553,0.9151052475164467,0.9176822987722784,0.9201878780047464,0.9226237356195174,0.9249914742040828,0.9272928317383531,0.9295293649577273,0.931702758239912,0.9338144976554171,0.9358660968992928,0.9378591124348388,0.9397949950540683,0.9416752157968409,0.9435012029368697,0.9452742295316505,0.9469958348640459,0.9486672128262542,0.9502897246988585,0.9518646355844762,0.9533931896944245,0.9548766098839185,0.9563161461613013,0.9577128626851231,0.9590679827207534,0.9603826250078585,0.9616578272359589,0.9628947274208904,0.9640942940158603,0.9652576344967208,0.9663856919049066,0.967479420186064,0.9685398197725601,0.9695678032029085,0.9705642398821092,0.9715300797527054,0.9724661176507504,0.9733732278264824,0.9742522403273315,0.9751039439382012,0.9759291103754361,0.9767284734811115,0.9775028438025436,0.9782529186363342,0.9789793516515124,0.9796829075329472,0.9803641981021475,0.9810238874284725,0.9816626313232231,0.9822810168310842,0.9828796603679115,0.9834591619773224,0.9840200740772574,0.9845629365166251,0.9850883364849382,0.9855967406381034,0.9860887074438588,0.9865646945051437,0.987025231271703,0.9874707513055305,0.9879017305638682,0.9883185938178288,0.9887217923234021,0.9891117520848824,0.9894888529306238,0.9898535167035383,0.9902061248464386,0.9905470382172378,0.9908766344674036,0.9911952648845136,0.991503280887262,0.9918009999952623,0.9920887549931957,0.9923668553282204
A147,31.40698548,0.0,11.571428571428571,left,3,0.7156956807262185,0.724439944707207,0.7330013127775807,0.7413798617851028,0.7495758855545249,0.7575893962961897,0.7654210340587729,0.7730717404202576,0.7805421416720306,0.7878333070099465,0.794946555476758,0.8018832841273271,0.8086448652945097,0.8152331480239896,0.8216497627291441,0.8278965675105433,0.8339756830341876,0.8398891377661819,0.8456390449777809,0.851227847817757,0.8566577746150783,0.8619312953155639,0.8670510021958766,0.8720193135680803,0.8768390260828669,0.8815125524462759,0.8860427978797795,0.8904324433585246,0.8946842335629446,0.8988009396225356,0.9027853935370365,0.9066404910182572,0.9103689480759305,0.9139737705564756,0.9174576512687643,0.9208234812653251,0.9240741349553773,0.9272123643774238,0.930241064079544,0.9331629672928257,0.9359809651216819,0.9386976920316963,0.9413158911358431,0.9438383071033344,0.9462675855151266,0.9486064071639799,0.9508573702756732,0.9530229437068002,0.9551058113507789,0.9571083661289888,0.9590331198454816,0.9608824513570797,0.9626587213757353,0.9643642536022624,0.9660014012221153,0.9675722820046677,0.9690791796395035,0.9705241995772976,0.9719093971245558,0.9732369051566878,0.9745086451217263,0.975726644749061,0.9768927524121768,0.9780088295640716,0.9790767021128339,0.9800981489928163,0.9810748393604274,0.9820084993290706,0.9829006945400817,0.9837530346789033,0.9845670502306737,0.9853442136265091,0.9860859706678549,0.9867937037767434,0.9874688018165545,0.9881125694575186,0.9887262355892819,0.9893110940540414,0.9898682782597225,0.9903989502765566,0.9909042477378569,0.9913852130208612,0.9918428944356172,0.9922782937112553,0.9926923730369475,0.9930860403072505,0.9934602326852873,0.9938157653522337,0.9941535051863759,0.9944742273093222,0.9947787202448333,0.9950677086993471,0.995341906437109,0.9956019962980889,0.9958486316375262,0.9960824506299218,0.9963040449287056,0.9965140004599079,0.9967128738619252,0.9969011901099467,0.9970794635723,0.9972481825757051,0.9974078184635906,0.9975588113629714,0.9977015934744753,0.9978365697014008
A148,28.876133785,0.0,12.428571428571429,left,3,0.6610471003748324,0.6700343500302717,0.6788723371383822,0.6875600396051889,0.6960966229392934,0.7044809591207273,0.7127125306876301,0.720791099770035,0.728716111983013,0.736487423239783,0.744105161250491,0.7515695193810296,0.7588806521022444,0.7660392200096404,0.7730456410034056,0.7799005651938923,0.7866049592511041,0.7931596789092625,0.7995656165677669,0.8058241245859173,0.8119362739157431,0.817903424278976,0.8237270675947908,0.8294085835307302,0.8349496889573815,0.8403517315559116,0.8456166958956475,0.8507462234272245,0.8557421033097347,0.8606062106645862,0.8653404821296656,0.8699469249659524,0.8744273918086273,0.8787841418224293,0.8830190541741894,0.8871342332649538,0.8911319000440986,0.8950140540162372,0.8987829626172399,0.9024407129060045,0.9059896247348173,0.9094317313272658,0.9127692378876916,0.9160044018231784,0.9191393298716681,0.9221763351920071,0.9251175291187081,0.9279649873581282,0.9307210821005778,0.9333877871237191,0.9359673296689255,0.9384618087428466,0.9408733061717286,0.9432039042769846,0.9454557668478254,0.9476307741406718,0.949731074961706,0.9517586114521418,0.9537152939457061,0.9556031824184302,0.9574240766700675,0.9591799672503429,0.9608726262680092,0.9625038823055712,0.9640755508423975,0.9655894170501007,0.9670471409002879,0.9684504914741752,0.9698010862400777,0.9711005669168699,0.9723505434506963,0.9735525590264221,0.974708150460773,0.9758187903006909,0.9768859954456791,0.9779111841228347,0.9788956859509215,0.9798409671375822,0.980748267407332,0.981618903028631,0.9824541817992138,0.9832552844787473,0.9840234305622538,0.9847597907842331,0.9854654974291205,0.9861416175455499,0.9867892957500878,0.9874094925329336,0.9880032836812549,0.9885716097791404,0.9891154536487081,0.989635732152909,0.990133330402504,0.9906091239667993,0.9910639509828665,0.9914986435431268,0.9919139685691217,0.9923107026315577,0.9926895873765705,0.9930513235833905,0.993396610504047,0.9937261156167184,0.9940404912840435,0.9943403458076584,0.9946262884754867,0.9948988903895891
A149,31.7535201,19.571428571428573,23.571428571428573,interval,1,0.7577781197826964,0.7639905978066639,0.7700672720641518,0.7760102750816584,0.7818217633113362,0.7875035651299354,0.7930578109562741,0.7984867109466045,0.8037921541859191,0.8089762091171717,0.8140409786817305,0.81898858399999,0.8238209394369169,0.8285402641674098,0.8331484546638096,0.8376475389632976,0.8420396127584449,0.8463266423355632,0.8505105194375183,0.8545933298686887,0.8585769414809177,0.862463323934455,0.8662544422587968,0.8699521112994263,0.8735583302076073,0.877074759273736,0.8805034070062858,0.8838460353500981,0.8871044241074686,0.8902803233840355,0.8933754956394828,0.896391697839354,0.8993305549221134,0.9021938656420239,0.9049831725614625,0.9077001207878189,0.9103463568666467,0.9129233738077037,0.915432820189097,0.9178761540236806,0.9202549809188263,0.9225706844875654,0.9248247098251524,0.9270185330685015,0.9291535219176146,0.9312311074537666,0.9332526359390013,0.9352193317598526,0.9371326693980475,0.9389938087150671,0.9408040508129577,0.9425646367655031,0.9442767317225105,0.9459415428290072,0.947560312997711,0.9491340440319336,0.9506639252476169,0.952151070247083,0.9535964880852269,0.9550012913556629,0.9563664556010278,0.9576930703862958,0.9589820288188038,0.9602343209009594,0.9614509020164769,0.9626327237452285,0.9637806319169442,0.9648955441136362,0.9659783168440247,0.9670297903398419,0.968050788494306,0.9690421188268085,0.9700045850114367,0.970938899678295,0.9718458964741623,0.9727262690310958,0.9735806990982986,0.9744099794481709,0.975214704682413,0.9759955693693481,0.9767532615520963,0.9774883701068161,0.9782015238027227,0.9788933659379172,0.9795644562626442,0.980215343928948,0.980846657793134,0.981458875227127,0.9820525879498159,0.9826282690338928,0.9831864739146148,0.9837276695286572,0.9842523448197382,0.9847609537117157,0.9852539700033757,0.9857318620729557,0.9861950146827874,0.9866438823817368,0.9870788794226704,0.9875003965218361,0.9879088217774393,0.9883045461650504,0.9886879439648072,0.9890593678617676,0.9894191678542159,0.9897676794494938
A150,31.21748179,0.0,12.857142857142858,left,3,0.6936294128769576,0.7025005128181137,0.71120228770687,0.7197343208116527,0.7280963892683459,0.7362879876264895,0.7443092357031084,0.7521605443364816,0.7598420348099757,0.767354214284223,0.7746978836410721,0.7818739104539266,0.7888831333661235,0.7957268831133819,0.8024062630114283,0.8089226031638252,0.815277537258021,0.8214725948580408,0.8275093509112255,0.8333897861573295,0.8391156418825153,0.8446889190533939,0.8501117378442333,0.8553860924787848,0.8605143350633937,0.8654984351960459,0.8703408962028573,0.8750439926413552,0.879610077393155,0.8840415426009371,0.8883408720896869,0.8925105868942252,0.8965530566660287,0.9004710056092611,0.9042667891005454,0.9079430058728171,0.9115022640014571,0.914947013442689,0.918279902058724,0.9215034394469286,0.9246202876322445,0.9276328645190095,0.9305436892380065,0.9333553334595499,0.9360702421392941,0.9386909996343251,0.9412199687712743,0.943659526853669,0.946012246961437,0.948280354182154,0.9504662639009074,0.9525723089389541,0.9546006943899918,0.9565537210707308,0.9584336870292844,0.9602426057151269,0.9619827307079576,0.9636561550353404,0.9652648975785192,0.9668110562503711,0.968296528198141,0.9697233876726736,0.9710934239382282,0.9724085572477073,0.9736705946439472,0.9748813513910691,0.9760425147706425,0.9771558436190773,0.978222960798625,0.9792454935508961,0.9802250198583704,0.9811630877695452,0.9820611706495244,0.9829207065908158,0.9837431780056451,0.9845299275943734,0.9852822503205196,0.9860015242448399,0.9866889419413728,0.9873457421361644,0.9879731445907198,0.9885722616139927,0.9891442173006211,0.9896901113047828,0.9902109685589451,0.9907077786640649,0.9911815717889266,0.991633232979438,0.9920637216306927,0.9924738847188341,0.9928646080183301,0.9932366942307969,0.9935909321167486,0.9939280869835517,0.9942489004342816,0.994554093602828,0.9948443275153285,0.9951202697756267,0.9953825620661236,0.9956318039215396,0.9958685815838855,0.996093461473621,0.9963069877454421,0.9965096782300664,0.9967020306484473,0.9968845210246758
A151,29.475842625,0.0,12.714285714285714,left,1,0.7577781197826964,0.7639905978066639,0.7700672720641518,0.7760102750816584,0.7818217633113362,0.7875035651299354,0.7930578109562741,0.7984867109466045,0.8037921541859191,0.8089762091171717,0.8140409786817305,0.81898858399999,0.8238209394369169,0.8285402641674098,0.8331484546638096,0.8376475389632976,0.8420396127584449,0.8463266423355632,0.8505105194375183,0.8545933298686887,0.8585769414809177,0.862463323934455,0.8662544422587968,0.8699521112994263,0.8735583302076073,0.877074759273736,0.8805034070062858,0.8838460353500981,0.8871044241074686,0.8902803233840355,0.8933754956394828,0.896391697839354,0.8993305549221134,0.9021938656420239,0.9049831725614625,0.9077001207878189,0.9103463568666467,0.9129233738077037,0.915432820189097,0.9178761540236806,0.9202549809188263,0.9225706844875654,0.9248247098251524,0.9270185330685015,0.9291535219176146,0.9312311074537666,0.9332526359390013,0.9352193317598526,0.9371326693980475,0.9389938087150671,0.9408040508129577,0.9425646367655031,0.9442767317225105,0.9459415428290072,0.947560312997711,0.9491340440319336,0.9506639252476169,0.952151070247083,0.9535964880852269,0.9550012913556629,0.9563664556010278,0.9576930703862958,0.9589820288188038,0.9602343209009594,0.9614509020164769,0.9626327237452285,0.9637806319169442,0.9648955441136362,0.9659783168440247,0.9670297903398419,0.968050788494306,0.9690421188268085,0.9700045850114367,0.970938899678295,0.9718458964741623,0.9727262690310958,0.9735806990982986,0.9744099794481709,0.975214704682413,0.9759955693693481,0.9767532615520963,0.9774883701068161,0.9782015238027227,0.9788933659379172,0.9795644562626442,0.980215343928948,0.980846657793134,0.981458875227127,0.9820525879498159,0.9826282690338928,0.9831864739146148,0.9837276695286572,0.9842523448197382,0.9847609537117157,0.9852539700033757,0.9857318620729557,0.9861950146827874,0.9866438823817368,0.9870788794226704,0.9875003965218361,0.9879088217774393,0.9883045461650504,0.9886879439648072,0.9890593678617676,0.9894191678542159,0.9897676794494938
A152,35.208298195,0.0,11.857142857142858,left,3,0.6667203270660924,0.6756931503010706,0.6845132276647108,0.6931796427969374,0.7016916371957764,0.7100482034376245,0.7182489029178312,0.7262936155882578,0.7341818820542175,0.7419136854978157,0.7494892240749034,0.7569088410231838,0.7641727701659885,0.7712817809556025,0.7782364328283131,0.7850374566432439,0.7916859383499877,0.7981828347280564,0.8045291780499754,0.8107263988003012,0.8167756872582486,0.8226785099582377,0.8284364638366002,0.8340510343911568,0.8395240397772576,0.8448569327734354,0.8500517771807872,0.8551103647646787,0.8600345301903556,0.8648262593955116,0.8694875804839852,0.8740205894535658,0.8784272285007866,0.8827098378602631,0.8868703821688282,0.8909110455702051,0.8948341244341249,0.8986416955870193,0.9023360964494547,0.905919485176216,0.9093942325693508,0.9127624780852275,0.9160264492954597,0.9191884739906252,0.9222507170284907,0.9252155421849558,0.9280851133148329,0.9308615568903372,0.9335472748485991,0.9361443208165227,0.9386549179045244,0.9410812352145439,0.9434253803662984,0.945689469013141,0.9478756928989945,0.9499859833839935,0.9520224581014581,0.953987138327505,0.9558819402436284,0.9577089398157254,0.959469958192386,0.9611669981370179,0.9628018482794277,0.9643763490153663,0.9658923251800424,0.96735158277251,0.9687557639382516,0.9701066539392033,0.971405863388598,0.9726550602776193,0.9738558421835858,0.975009752377521,0.9761183360320351,0.9771830315413533,0.9782053909678928,0.9791867965545362,0.9801285751623003,0.9810321997532881,0.9818989044626447,0.9827299776477468,0.9835267237574319,0.9842903147947193,0.9850219500138122,0.9857228027688707,0.9863939846189791,0.9870365575172574,0.9876516282077081,0.9882401668215025,0.9888032241538084,0.9893417275253582,0.9898566480018033,0.9903488701229055,0.9908192799415756,0.9912687305629992,0.9916980435843614,0.9921080377931978,0.9924994506785833,0.9928730546207547,0.9932295693456404,0.9935696792143042,0.9938940657331434,0.9942033827073409,0.9944982541545297,0.9947792860773279,0.9950470599610024,0.9953021339383696
A153,34.51676529,0.0,12.142857142857142,left,3,0.6842789255510022,0.6931917481072043,0.7019410242504951,0.7105261338782113,0.7189466632422129,0.7272019194899759,0.735291818788548,0.7432165829078481,0.7509760961933599,0.7585706914407562,0.7660009540366677,0.7732675451143269,0.7803710944064044,0.7873127287494958,0.794093343394361,0.8007140722507843,0.8071763190556338,0.8134814300155279,0.8196307873655759,0.8256261686926321,0.831469118166642,0.8371614460398432,0.8427051035290765,0.8481018627978489,0.8533539170334958,0.8584630526682185,0.8634316057707253,0.868261681206604,0.8729554674442472,0.877515196796886,0.8819431846786275,0.8862418343983096,0.8904133660819857,0.8944603418243636,0.8983849914972546,0.9021897862309504,0.9058771986953964,0.9094495828427602,0.9129094752205534,0.9162592495692378,0.9195014821073344,0.9226384877824538,0.9256726807115598,0.9286065816112825,0.9314425157295172,0.9341829951927011,0.9368303480920646,0.9393868277490887,0.9418549534718563,0.9442369240573997,0.9465351022998643,0.9487517160330063,0.950888994241829,0.9529491445668581,0.954934433997451,0.956846867221424,0.9586886732491627,0.9604618870233699,0.9621685039735332,0.9638106378240847,0.9653901636260875,0.9669091102101793,0.9683693052249063,0.9697726137410659,0.9711208777950353,0.9724159016732198,0.9736593712735419,0.9748530544680668,0.9759985787925602,0.977097581640565,0.9781516626293592,0.9791623544495204,0.9801311740815815,0.9810595743886684,0.9819490351504379,0.9828009436909306,0.9836166042748367,0.9843974247974342,0.9851446163975174,0.985859444552654,0.9865431585078296,0.9871968946385958,0.987821812563625,0.9884190236801826,0.9889895999735608,0.9895345528228826,0.9900549482623909,0.9905516966137758,0.9910257933843664,0.9914781186467729,0.9919095838366838,0.9923210224574804,0.9927132641948365,0.9930871061862387,0.9934433144677411,0.9937826441730728,0.9941057935916263,0.994413462840129,0.9947063192578944,0.9949849932006326,0.995250108638581,0.9955022599909824,0.9957420251416648,0.9959699435961142,0.9961865510434411,0.9963923497530974
A154,29.842973885,0.0,11.857142857142858,left,3,0.7109713668995181,0.7197462309463695,0.728341099842158,0.7367559417480749,0.7449909039525435,0.7530459113426959,0.7609214859661675,0.7686184213457502,0.7761372536263558,0.7834789323599436,0.7906446285351054,0.7976356600627761,0.8044532509222129,0.8110991445698819,0.8175748543372294,0.8238821234167705,0.8300229426821074,0.8359992824668219,0.8418130918325701,0.8474667263014536,0.8529623074981237,0.8583022028969562,0.8634888893720709,0.8685247341603114,0.8734123926613888,0.8781541825729172,0.8827529533400285,0.8872112975416357,0.8915318317674166,0.8957172900656233,0.899770426133943,0.9036940345152172,0.9074907584844157,0.911163565064771,0.9147150780416371,0.9181480896593521,0.9214654655057044,0.9246698634809494,0.9277641391491427,0.9307509745050274,0.9336332056350823,0.9364134630285256,0.9390943753859629,0.9416787326747159,0.9441690643497589,0.9465680789465772,0.9488783248983264,0.9511022410850115,0.9532425078414859,0.955301458488545,0.9572815882229714,0.9591852901419512,0.9610148929621216,0.9627727073266927,0.964461077813205,0.9660821233540325,0.967638082696214,0.9691310961370856,0.9705632006886694,0.9719365305694635,0.9732530046030617,0.9745146548035284,0.9757233306490729,0.9768808982174889,0.9779891898267302,0.9790500017740515,0.9800649899987434,0.981035893245754,0.9819643035088332,0.9828518338055906,0.9837000268078904,0.9845103673873065,0.9852843226793931,0.9860232666683737,0.9867286338497588,0.9874017228941003,0.9880437777493327,0.988656124739057,0.9892399109422183,0.9897963045160908,0.990326468152272,0.9908314606835763,0.9913123442834165,0.9917701491716227,0.9922058507875728,0.9926203787598956,0.9930146781140321,0.9933895930641723,0.9937460067533568,0.9940847115389345,0.9944065155394889,0.9947121610293964,0.9950023802148177,0.9952778740570835,0.9955393137153558,0.9957873583932366,0.9960226082958574,0.9962456753030059,0.9964571304518746,0.9966575150559893,0.9968473602923161,0.9970271727946343,0.997197433931185,0.9973586070528231,0.9975111340930386,0.9976554366437711
A155,30.647675735,0.0,12.0,left,1,0.7074783785820336,0.7139937531097671,0.7203888241360588,0.7266650100858425,0.7328237734174945,0.7388662410155065,0.7447938720115747,0.7506082252357639,0.7563105295091848,0.7619022083954472,0.7673847878851137,0.7727597272601121,0.7780283870042372,0.7831923741825295,0.7882530779288143,0.793211917255173,0.7980704807931646,0.8028302010228565,0.8074924618199054,0.8120588880130399,0.8165308302776881,0.8209098068533617,0.825197338174937,0.8293947910814079,0.8335037578483598,0.8375254610342081,0.841461536834121,0.845313356295394,0.8490823267905503,0.852769837460723,0.856377308042453,0.8599061686004728,0.8633577108998901,0.8667334470840875,0.870034604093586,0.8732625452420102,0.8764186521072794,0.8795041390341929,0.8825204221942091,0.885468705109254,0.888350384985813,0.8911666062242998,0.8939186022777813,0.8966076600864249,0.8992349492102075,0.9018017458317211,0.9043091825531906,0.906758349447562,0.9091505685927942,0.9114868379828908,0.9137683201525315,0.9159961548345199,0.9181713613782496,0.9202950508453931,0.9223683347205753,0.9243921370524993,0.9263675742597423,0.9282956231199869,0.9301772301206661,0.9320134869696666,0.9338052208825107,0.9355535310381585,0.9372592159261893,0.9389232244449055,0.9405464721030024,0.9421298817300748,0.9436742462191664,0.9451804661510448,0.9466493715116914,0.9480817813955982,0.9494785037244684,0.9508403349941803,0.9521680773834106,0.9534624178464437,0.9547242213453416,0.9559541691989785,0.9571529353529996,0.958321359793938,0.9594600136841521,0.9605696181943759,0.9616508954511427,0.962704435519048,0.9637308941667773,0.9647309575658755,0.9657052002769916,0.966654189446353,0.9675786171867888,0.9684789625765129,0.9693558805347879,0.970209859293026,0.9710415169069336,0.9718513478824083,0.9726398869288841,0.9734076235907103,0.9741550846810285,0.9748827965155142,0.9755911650540197,0.9762807094348966,0.9769518942677412,0.9776051544669779,0.9782409272426724,0.978859660778437,0.9794617836814604,0.9800476968110168,0.9806178026987487,0.981172486770191
A156,28.98114344,0.0,20.0,left,1,0.7577781197826964,0.7639905978066639,0.7700672720641518,0.7760102750816584,0.7818217633113362,0.7875035651299354,0.7930578109562741,0.7984867109466045,0.8037921541859191,0.8089762091171717,0.8140409786817305,0.81898858399999,0.8238209394369169,0.8285402641674098,0.8331484546638096,0.8376475389632976,0.8420396127584449,0.8463266423355632,0.8505105194375183,0.8545933298686887,0.8585769414809177,0.862463323934455,0.8662544422587968,0.8699521112994263,0.8735583302076073,0.877074759273736,0.8805034070062858,0.8838460353500981,0.8871044241074686,0.8902803233840355,0.8933754956394828,0.896391697839354,0.8993305549221134,0.9021938656420239,0.9049831725614625,0.9077001207878189,0.9103463568666467,0.9129233738077037,0.915432820189097,0.9178761540236806,0.9202549809188263,0.9225706844875654,0.9248247098251524,0.9270185330685015,0.9291535219176146,0.9312311074537666,0.9332526359390013,0.9352193317598526,0.9371326693980475,0.9389938087150671,0.9408040508129577,0.9425646367655031,0.9442767317225105,0.9459415428290072,0.947560312997711,0.9491340440319336,0.9506639252476169,0.952151070247083,0.9535964880852269,0.9550012913556629,0.9563664556010278,0.9576930703862958,0.9589820288188038,0.9602343209009594,0.9614509020164769,0.9626327237452285,0.9637806319169442,0.9648955441136362,0.9659783168440247,0.9670297903398419,0.968050788494306,0.9690421188268085,0.9700045850114367,0.970938899678295,0.9718458964741623,0.9727262690310958,0.9735806990982986,0.9744099794481709,0.975214704682413,0.9759955693693481,0.9767532615520963,0.9774883701068161,0.9782015238027227,0.9788933659379172,0.9795644562626442,0.980215343928948,0.980846657793134,0.981458875227127,0.9820525879498159,0.9826282690338928,0.9831864739146148,0.9837276695286572,0.9842523448197382,0.9847609537117157,0.9852539700033757,0.9857318620729557,0.9861950146827874,0.9866438823817368,0.9870788794226704,0.9875003965218361,0.9879088217774393,0.9883045461650504,0.9886879439648072,0.9890593678617676,0.9894191678542159,0.9897676794494938
A157,34.08631772,0.0,12.285714285714286,left,1,0.7247197029424739,0.7311505136103716,0.7374555301668133,0.7436364315968274,0.7496948687549165,0.7556322012249403,0.7614501019179696,0.7671503276859161,0.7727343387054378,0.778203762313465,0.7835602926477504,0.7888056144283306,0.7939412724851381,0.7989690677365471,0.8038905462699033,0.808707346651991,0.8134212012924521,0.8180337155972406,0.8225464714508018,0.8269612152972081,0.8312795061921533,0.8355029705522146,0.8396332781352308,0.8436719810372011,0.847620791092009,0.851481078189261,0.8552546052275143,0.8589428925696283,0.8625474253514602,0.8660697658195521,0.8695114352785709,0.872873992535317,0.8761587978243139,0.8793675257933035,0.8825014521692813,0.8855620850898808,0.8885508847794339,0.8914691784685692,0.8943184227112682,0.8970999689680521,0.8998152340624209,0.9024654903811224,0.9050520346022819,0.9075762235008858,0.910039299560045,0.9124426012342441,0.9147873284590635,0.9170746377852312,0.9193058984956102,0.921482173507995,0.9236046872757394,0.9256746037771758,0.927693006983668,0.9296610394111697,0.9315798846535441,0.9334504717863932,0.9352739707403993,0.9370514173412537,0.9387837739986641,0.9404721248340535,0.9421173979673376,0.9437206672493057,0.9452827775468512,0.9468046985991917,0.9482873845781323,0.9497317200735382,0.9511385776681167,0.9525088693854903,0.9538433891851852,0.9551430217537457,0.9564085697764289,0.9576408559732705,0.9588406415187585,0.9600086765949936,0.9611458055046124,0.9622527201288446,0.9633301033772684,0.9643787847460934,0.9653993636549922,0.9663925299161089,0.967359000438855,0.9682993977363724,0.9692143730930081,0.9701045649613448,0.9709705867505247,0.9718129921832803,0.9726324564605564,0.973429463701541,0.9742046517598013,0.974958508963407,0.9756916363242581,0.9764045238340292,0.977097695056557,0.9777716319776151,0.9784268474769692,0.9790638520469631,0.9796830490840874,0.9802849393202161,0.9808699740312035,0.9814385769592538,0.981991172267902,0.982528200469758,0.9830500497391368,0.983557133247224,0.9840498304336028,0.984528512936516
A158,36.73094582,0.0,12.285714285714286,left,3,0.5557979044517276,0.5646615341145524,0.573437002030244,0.5821222809789522,0.5907154817952314,0.5992143571996256,0.6076172176168801,0.6159226050315287,0.6241286960012785,0.6322340372008117,0.6402373929998038,0.6481375839004425,0.6559333313727875,0.6636238516210127,0.6712080959585428,0.6786851951820483,0.6860546127700065,0.6933156761157919,0.7004677197413909,0.7075105372516448,0.7144436373943891,0.7212668150745505,0.7279799937180735,0.734582961772207,0.7410759164741825,0.7474585942849106,0.7537314465240478,0.7598945815975293,0.7659482515717895,0.7718927951789019,0.7777286629177255,0.7834563912872177,0.7890763335204489,0.7945893647734046,0.7999958873170372,0.8052966408193815,0.8104924687767232,0.8155840146714954,0.8205722558278018,0.8254579665922646,0.8302422585850887,0.8349259042208831,0.8395098641398434,0.8439953099950701,0.8483831669436546,0.8526747008716328,0.8568709310950277,0.8609728589113149,0.8649819522441828,0.8688991429103966,0.8727257561242086,0.8764630344645291,0.8801121278765459,0.883674338894979,0.887151095346171,0.8905434193913269,0.8938527686986558,0.8970804419161368,0.9002276454152793,0.9032958640033736,0.9062862404770664,0.9092003187213754,0.9120392547067362,0.9148044005169794,0.9174971260271865,0.9201188037050203,0.9226706533555881,0.9251541024406955,0.9275703904926326,0.9299208746454313,0.9322068751149036,0.9344296558152541,0.9365905223312433,0.9386907139727838,0.9407316086962219,0.9427144526030645,0.9446403718749218,0.9465108138153506,0.9483268343507576,0.950089692000105,0.9518006844262712,0.9534609032652517,0.9550715712721829,0.9566338631617438,0.9581489246895383,0.9596178120753566,0.9610418021893183,0.9624218198231858,0.9637590943010815,0.9650546034006774,0.9663094830537505,0.9675247136503389,0.9687013309625073,0.9698403415353458,0.9709427240281918,0.9720094901664512,0.9730415386534461,0.9740398371134299,0.9750053118911196,0.9759388296189297,0.9768412965321838,0.9777135801364111,0.9785565513038552,0.9793710050254069,0.9801577798653794,0.9809176506167554
A159,39.01384083,13.571428571428571,17.0,interval,0,0.5537478899917111,0.5607313194331581,0.5676404909873385,0.574475284074428,0.5812355929066957,0.5879210051132815,0.5945314726994512,0.6010670874256581,0.6075275852803268,0.6139129498380508,0.620223273703436,0.6264586460506445,0.6326190181292866,0.638704682850963,0.6447156686321263,0.6506520979622217,0.6565142977953446,0.6623024409699296,0.6680166573594288,0.6736573986269017,0.679224826264203,0.6847192913252658,0.6901412079546475,0.6954908232458934,0.7007686769771723,0.7059748977862259,0.7111101321615019,0.7161747348436547,0.7211691114052565,0.726093715542787,0.730949035864112,0.7357356144221847,0.7404537986887061,0.7451043416041495,0.7496875431916739,0.754203979843047,0.7586542711962164,0.7630388437388648,0.7673583696989695,0.7716133267712266,0.7758044422535423,0.779932158241123,0.7839970340190924,0.7879997611659862,0.7919408370162583,0.7958210149713687,0.7996408340738,0.803400749494714,0.8071016742118902,0.8107439755205554,0.8143284076761022,0.8178555604147237,0.8213260204408748,0.8247404437211059,0.828099588137221,0.8314038433682275,0.8346539906932331,0.8378506759800703,0.8409943973270426,0.8440859601268396,0.8471258467030273,0.850114857658727,0.8530534584673044,0.8559423268696448,0.8587821118061798,0.8615734831397696,0.8643169200557319,0.8670132157608583,0.8696628756729868,0.8722665543284701,0.8748248613466926,0.8773384092418979,0.8798078127960318,0.882233568335002,0.8846164606715415,0.8869570329422731,0.8892557298527304,0.8915133911839304,0.8937303915194785,0.8959073536285468,0.8980449676792233,0.9001436850637674,0.9022041247290334,0.9042268755996398,0.906212484575371,0.908161419352127,0.9100744085237771,0.9119517749526982,0.9137942534602423,0.9156022438776769,0.9173763960922915,0.9191171697442823,0.9208250730623282,0.922500635836282,0.9241443726336356,0.9257568408637333,0.9273384331077643,0.9288897124359292,0.9304111797634175,0.9319032774277471,0.9333664895228269,0.9348013069030239,0.9362082367441001,0.9375876771080806,0.9389401173525915,0.9402659609299638
A160,20.703125,13.142857142857142,16.285714285714285,interval,1,0.7577781197826964,0.7639905978066639,0.7700672720641518,0.7760102750816584,0.7818217633113362,0.7875035651299354,0.7930578109562741,0.7984867109466045,0.8037921541859191,0.8089762091171717,0.8140409786817305,0.81898858399999,0.8238209394369169,0.8285402641674098,0.8331484546638096,0.8376475389632976,0.8420396127584449,0.8463266423355632,0.8505105194375183,0.8545933298686887,0.8585769414809177,0.862463323934455,0.8662544422587968,0.8699521112994263,0.8735583302076073,0.877074759273736,0.8805034070062858,0.8838460353500981,0.8871044241074686,0.8902803233840355,0.8933754956394828,0.896391697839354,0.8993305549221134,0.9021938656420239,0.9049831725614625,0.9077001207878189,0.9103463568666467,0.9129233738077037,0.915432820189097,0.9178761540236806,0.9202549809188263,0.9225706844875654,0.9248247098251524,0.9270185330685015,0.9291535219176146,0.9312311074537666,0.9332526359390013,0.9352193317598526,0.9371326693980475,0.9389938087150671,0.9408040508129577,0.9425646367655031,0.9442767317225105,0.9459415428290072,0.947560312997711,0.9491340440319336,0.9506639252476169,0.952151070247083,0.9535964880852269,0.9550012913556629,0.9563664556010278,0.9576930703862958,0.9589820288188038,0.9602343209009594,0.9614509020164769,0.9626327237452285,0.9637806319169442,0.9648955441136362,0.9659783168440247,0.9670297903398419,0.968050788494306,0.9690421188268085,0.9700045850114367,0.970938899678295,0.9718458964741623,0.9727262690310958,0.9735806990982986,0.9744099794481709,0.975214704682413,0.9759955693693481,0.9767532615520963,0.9774883701068161,0.9782015238027227,0.9788933659379172,0.9795644562626442,0.980215343928948,0.980846657793134,0.981458875227127,0.9820525879498159,0.9826282690338928,0.9831864739146148,0.9837276695286572,0.9842523448197382,0.9847609537117157,0.9852539700033757,0.9857318620729557,0.9861950146827874,0.9866438823817368,0.9870788794226704,0.9875003965218361,0.9879088217774393,0.9883045461650504,0.9886879439648072,0.9890593678617676,0.9894191678542159,0.9897676794494938
A161,36.36363636,0.0,12.571428571428571,left,3,0.5385496532198144,0.5473293383456734,0.556029956968849,0.564649444326007,0.5731858266662087,0.581636787111641,0.5900005460857067,0.5982755563426676,0.6064598857529597,0.6145519720672286,0.6225504589942228,0.6304540404907102,0.6382613030445429,0.6459713245583745,0.6535829092618508,0.6610950367596189,0.6685070110216259,0.6758179952920549,0.6830271583421943,0.6901341319831331,0.6971382344838835,0.7040390819698753,0.7108364326752752,0.7175298720536349,0.7241194124666087,0.7306046058103646,0.7369857108311173,0.7432626510524176,0.7494354620791239,0.755504296801883,0.7614693995388536,0.7673311315923215,0.7730896443356302,0.7787456027061369,0.7842992062914758,0.7897510290963006,0.7951016925195937,0.8003516511268975,0.8055016840508484,0.8105523992047593,0.8155046780158068,0.8203591455492812,0.82511657455642,0.8297779219875315,0.834343944960952,0.8388157380443053,0.8431941408432191,0.8474799752514842,0.8516745358882409,0.855778626552335,0.8597933635513715,0.8637198468388637,0.8675590645781581,0.8713121679235898,0.8749804433888116,0.8785647371872453,0.8820664192203524,0.885486603404892,0.8888263554573508,0.8920870686613412,0.8952697465842886,0.8983757954654228,0.9014062414138324,0.9043623498819312,0.9072453813162212,0.9100565774257284,0.912797047481588,0.9154681651107116,0.918071017998304,0.9206069241972348,0.9230770687667614,0.9254826762229761,0.9278249490548314,0.9301050130828541,0.9323242605622868,0.9344838007949239,0.9365846844983167,0.9386283581111451,0.9406158021044742,0.9425481835574786,0.9444267783814941,0.9462526206916203,0.9480268748429405,0.9497507125632831,0.9514252225806478,0.953051434967944,0.9546305603607619,0.956163526567782,0.9576515354234284,0.9590955310172321,0.9604966381227144,0.9618558126580203,0.9631740768117824,0.9644524246378341,0.9656918233819471,0.9668932954673791,0.9680576867040553,0.9691860055882902,0.9702791647028202,0.9713380267266352,0.9723635034302607,0.9733564784394196,0.9743177974153449,0.9752483036207582,0.9761488149845611,0.9770201253844816
A162,31.40495868,0.0,12.142857142857142,left,2,0.8305161087447275,0.8359629107822756,0.8412554827761886,0.8463973319065952,0.8513919119376274,0.8562423849307379,0.8609521259681441,0.8655245211631966,0.8699626891954393,0.8742698062320255,0.8784491089654437,0.882503731657785,0.886436648439249,0.8902510273859102,0.89394976601316,0.8975357732731235,0.9010120301581908,0.9043813350593294,0.9076464193252897,0.9108101274003689,0.9138750843457218,0.9168439454265502,0.9197193506879521,0.9225037782814318,0.9251998094409312,0.9278097608627255,0.9303361271957279,0.9327812315630071,0.9351473436926854,0.9374366904094267,0.9396514749519198,0.9417938838023532,0.9438659478534314,0.9458698181120095,0.9478073788251237,0.9496806137377132,0.9514914844452583,0.9532417566818411,0.9549333349580443,0.956567932254839,0.9581473413294042,0.9596731884382553,0.9611470992516037,0.9625707236853137,0.9639455565801754,0.9652731750779435,0.9665550474809329,0.9677925423252018,0.9689871424646108,0.9701401508796306,0.9712529163574801,0.9723267168776284,0.9733627992072976,0.9743623789831763,0.9753266735132311,0.9762567598048935,0.9771538161725828,0.9780188946670058,0.978853041342378,0.9796573124822335,0.980432650177177,0.9811800729660369,0.9819004799305949,0.9825947732188065,0.9832638381759763,0.9839085424810194,0.9845296815739831,0.985128097875739,0.9857045261884891,0.9862597467254047,0.9867944735324569,0.9873094273069485,0.9878052804233943,0.9882826799673712,0.9887423091994408,0.9891847744417399,0.9896106478328157,0.9900205579283052,0.9904150353778776,0.9907946333326122,0.991159892009828,0.9915113045628196,0.9918493735466283,0.9921745848044338,0.9924873903821203,0.9927882287277434,0.9930775577933669,0.9933557626417792,0.993623272627958,0.9938804597579015,0.9941277142613641,0.9943653948234478,0.9945938487117388,0.994813415299606,0.995024428942492,0.9952272091100084,0.9954220465545722,0.9956092492034114,0.9957890995636248,0.9959618680514132,0.9961278213839146,0.9962872169784203,0.996440303226202,0.9965873151398597,0.9967284843356453,0.9968640298563958
A163,33.30612245,20.0,23.428571428571427,interval,3,0.5400914401369665,0.5488792934358879,0.5575872790492538,0.5662133365338755,0.5747554918489663,0.5832114500503549,0.5915794221074877,0.5998578710571552,0.6080448810892787,0.6161388893872061,0.624138554822341,0.6320425803741291,0.6398495632459138,0.6475585930899238,0.6551684861605108,0.6626782360803207,0.6700871571522133,0.6773944275844119,0.6845992302572459,0.6917012112685703,0.6986997037952831,0.7055943390752603,0.712384890684516,0.7190709599471865,0.7256525749679417,0.7321293042518613,0.7385014225595066,0.7447688597179504,0.7509316889765696,0.7569900696208155,0.7629442730260437,0.7687946569088743,0.7745414002914898,0.7801851846069574,0.7857262270219333,0.7911651086753695,0.7965024970209246,0.8017388346648981,0.8068749269814725,0.8119113988323453,0.8168491478152022,0.8216888158779659,0.8264311922123486,0.8310772316550095,0.835627761401113,0.8400838374308008,0.8444463331360343,0.8487160862904892,0.852894405473029,0.8569821101409846,0.8609803308995374,0.8648901818600299,0.8687126656326207,0.8724489469247656,0.8761003249345655,0.8796676603625281,0.8831523349293575,0.8865554753046255,0.8898781599735339,0.8931217930387835,0.8962873906184208,0.8993763690737685,0.9023897663968857,0.9053288583198831,0.9081949152591275,0.9109891886649658,0.9137127980352504,0.9163671252710641,0.9189532677667789,0.9214725514864996,0.9239261698972329,0.9263153553144606,0.9286413178176938,0.9309051910100223,0.9331083726605507,0.9352519792169874,0.937337068662719,0.9393650913463195,0.9413370347894211,0.9432540713564429,0.9451174809745845,0.9469283033305332,0.9486877069325892,0.9503968671984558,0.9520568768597208,0.9536687701441634,0.9552337598711045,0.9567527781731953,0.9582270283607348,0.9596574579773035,0.9610451931964767,0.962391192555708,0.9636964798699631,0.9649620507209915,0.9661888737853416,0.9673779719832931,0.9685301930799751,0.9696465454895936,0.9707279423466852,0.9717752470779035,0.97278937132637,0.9737711985442193,0.9747215743013573,0.9756413306748588,0.9765313175155967,0.9773922958582723
A164,30.85399449,0.0,13.0,left,1,0.7577781197826964,0.7639905978066639,0.7700672720641518,0.7760102750816584,0.7818217633113362,0.7875035651299354,0.7930578109562741,0.7984867109466045,0.8037921541859191,0.8089762091171717,0.8140409786817305,0.81898858399999,0.8238209394369169,0.8285402641674098,0.8331484546638096,0.8376475389632976,0.8420396127584449,0.8463266423355632,0.8505105194375183,0.8545933298686887,0.8585769414809177,0.862463323934455,0.8662544422587968,0.8699521112994263,0.8735583302076073,0.877074759273736,0.8805034070062858,0.8838460353500981,0.8871044241074686,0.8902803233840355,0.8933754956394828,0.896391697839354,0.8993305549221134,0.9021938656420239,0.9049831725614625,0.9077001207878189,0.9103463568666467,0.9129233738077037,0.915432820189097,0.9178761540236806,0.9202549809188263,0.9225706844875654,0.9248247098251524,0.9270185330685015,0.9291535219176146,0.9312311074537666,0.9332526359390013,0.9352193317598526,0.9371326693980475,0.9389938087150671,0.9408040508129577,0.9425646367655031,0.9442767317225105,0.9459415428290072,0.947560312997711,0.9491340440319336,0.9506639252476169,0.952151070247083,0.9535964880852269,0.9550012913556629,0.9563664556010278,0.9576930703862958,0.9589820288188038,0.9602343209009594,0.9614509020164769,0.9626327237452285,0.9637806319169442,0.9648955441136362,0.9659783168440247,0.9670297903398419,0.968050788494306,0.9690421188268085,0.9700045850114367,0.970938899678295,0.9718458964741623,0.9727262690310958,0.9735806990982986,0.9744099794481709,0.975214704682413,0.9759955693693481,0.9767532615520963,0.9774883701068161,0.9782015238027227,0.9788933659379172,0.9795644562626442,0.980215343928948,0.980846657793134,0.981458875227127,0.9820525879498159,0.9826282690338928,0.9831864739146148,0.9837276695286572,0.9842523448197382,0.9847609537117157,0.9852539700033757,0.9857318620729557,0.9861950146827874,0.9866438823817368,0.9870788794226704,0.9875003965218361,0.9879088217774393,0.9883045461650504,0.9886879439648072,0.9890593678617676,0.9894191678542159,0.9897676794494938
A165,33.203125,16.0,19.142857142857142,interval,1,0.7767254365944897,0.7827764111915411,0.7886862774651349,0.7944574804426767,0.8000924615357987,0.805593356728826,0.810962615957081,0.8162026920192429,0.8213157860378102,0.826304227484389,0.831170380625634,0.8359166191564589,0.8405451281535707,0.8450583071223653,0.8494583604317014,0.8537474896772336,0.8579280217193079,0.8620021185708465,0.865971912918631,0.8698396644091622,0.8736074345933587,0.8772773736751082,0.8808516193928847,0.8843321600788047,0.8877211498044585,0.8910204164450508,0.8942321072552293,0.8973581442858514,0.9004004032286784,0.9033608081900363,0.9062412316693143,0.9090435474600131,0.911769499422589,0.9144209979462344,0.9169996586418565,0.9195072604553125,0.9219455263319285,0.9243160550438067,0.9266205351658402,0.9288605431893904,0.9310377377226517,0.9331535791030813,0.9352095671906857,0.9372072659769407,0.9391480607641322,0.9410334711852681,0.9428648718820324,0.9446435420805779,0.9463709719492907,0.9480483622014574,0.9496770810867358,0.9512583813216725,0.9527934606875486,0.9542835493179456,0.9557299037615651,0.9571335599157528,0.9584957161550074,0.9598174980691082,0.9610999334478468,0.962344137186626,0.9635510979124878,0.9647219003995203,0.9658574513500744,0.9669587386394891,0.9680267151704065,0.9690623260819632,0.9700664196464223,0.9710399029057419,0.9719836254080109,0.9728984185875376,0.9737850958031945,0.9746444524008664,0.9754772766386478,0.976284274435885,0.977066252718478,0.9778238940011563,0.9785578674224447,0.9792689340962695,0.9799576911631257,0.9806247810749734,0.9812708934727941,0.9818965930129219,0.9825024848622287,0.9830891835272089,0.9836572297741382,0.9842071528364439,0.9847395465551135,0.9852548743105379,0.9857536933223562,0.986236458524874,0.9867036915678706,0.987155837535855,0.987593357683864,0.9880166818246353,0.9884262541438703,0.9888225120702455,0.9892058216454218,0.9895766047571782,0.9899352479007781,0.9902821162556047,0.9906175710172873,0.9909419739022024,0.9912556711096463,0.9915589894395087,0.9918522518427606,0.9921357678340781
A166,33.21799308,0.0,11.714285714285714,left,3,0.5573550395702228,0.5662254350221063,0.5750068261113548,0.5836972084087542,0.5922946811671636,0.600797018747523,0.6092025297830391,0.6175097757235133,0.6257169382012309,0.6338225766035374,0.6418254674127521,0.6497244437422807,0.6575182417875782,0.6652060888423347,0.6727869520524723,0.6802599771952529,0.6876246430646039,0.6948802929222888,0.7020262722869224,0.709062407323376,0.7159882077395419,0.7228034857263647,0.7295081980073674,0.7361021350332462,0.7425855169953577,0.7489580989719902,0.7552203500676679,0.7613723972196031,0.7674145110085037,0.773347048708301,0.7791704792888514,0.7848853477988766,0.7904920559589887,0.795991467166133,0.8013840125277798,0.8066704499279403,0.8118516407876798,0.8169282470724081,0.8219012636046746,0.826771482782075,0.8315400331387659,0.8362077050113926,0.8407754762791042,0.8452445349514726,0.8496158232843622,0.8538906228280863,0.8580699693148524,0.8621548803982715,0.8661468382051984,0.8700467907811087,0.8738560776625393,0.8775759558369938,0.8812075898414918,0.8847522958205302,0.8882115142641711,0.8915862817468335,0.8948780678412315,0.8980881835722505,0.9012178478839017,0.9042685562673376,0.9072414637879058,0.9101381239169032,0.9129596914616656,0.915707566490889,0.9183830903643058,0.9209876572743618,0.9235224849799344,0.9259890440067363,0.9283885474986733,0.9307223718730616,0.9329918339501543,0.9351982374292921,0.9373428621953804,0.9394269651264799,0.9414519294635999,0.9434190071673186,0.9453293308437887,0.9471843511986219,0.9489851303261391,0.9507329308437593,0.9524290537182417,0.9540745952436126,0.9556707812775965,0.9572187896273535,0.9587197689808024,0.9601747789214228,0.9615850971736587,0.9629516523284366,0.964275674160212,0.9655581429455135,0.966800195131867,0.9680028127915337,0.9691670324211024,0.9702938611933465,0.9713842782997847,0.9724392952414511,0.9734598113513959,0.9744467937444748,0.9754011683304237,0.9763238016240352,0.9772155989199837,0.9780774268665365,0.9789101550721787,0.9797145778308218,0.9804915321319734,0.9812417916402463
A167,28.164039265,0.0,13.0,left,3,0.7109713668995181,0.7197462309463695,0.728341099842158,0.7367559417480749,0.7449909039525435,0.7530459113426959,0.7609214859661675,0.7686184213457502,0.7761372536263558,0.7834789323599436,0.7906446285351054,0.7976356600627761,0.8044532509222129,0.8110991445698819,0.8175748543372294,0.8238821234167705,0.8300229426821074,0.8359992824668219,0.8418130918325701,0.8474667263014536,0.8529623074981237,0.8583022028969562,0.8634888893720709,0.8685247341603114,0.8734123926613888,0.8781541825729172,0.8827529533400285,0.8872112975416357,0.8915318317674166,0.8957172900656233,0.899770426133943,0.9036940345152172,0.9074907584844157,0.911163565064771,0.9147150780416371,0.9181480896593521,0.9214654655057044,0.9246698634809494,0.9277641391491427,0.9307509745050274,0.9336332056350823,0.9364134630285256,0.9390943753859629,0.9416787326747159,0.9441690643497589,0.9465680789465772,0.9488783248983264,0.9511022410850115,0.9532425078414859,0.955301458488545,0.9572815882229714,0.9591852901419512,0.9610148929621216,0.9627727073266927,0.964461077813205,0.9660821233540325,0.967638082696214,0.9691310961370856,0.9705632006886694,0.9719365305694635,0.9732530046030617,0.9745146548035284,0.9757233306490729,0.9768808982174889,0.9779891898267302,0.9790500017740515,0.9800649899987434,0.981035893245754,0.9819643035088332,0.9828518338055906,0.9837000268078904,0.9845103673873065,0.9852843226793931,0.9860232666683737,0.9867286338497588,0.9874017228941003,0.9880437777493327,0.988656124739057,0.9892399109422183,0.9897963045160908,0.990326468152272,0.9908314606835763,0.9913123442834165,0.9917701491716227,0.9922058507875728,0.9926203787598956,0.9930146781140321,0.9933895930641723,0.9937460067533568,0.9940847115389345,0.9944065155394889,0.9947121610293964,0.9950023802148177,0.9952778740570835,0.9955393137153558,0.9957873583932366,0.9960226082958574,0.9962456753030059,0.9964571304518746,0.9966575150559893,0.9968473602923161,0.9970271727946343,0.997197433931185,0.9973586070528231,0.9975111340930386,0.9976554366437711
A168,30.604446794130197,0.0,11.428571428571429,left,0,0.807441282344044,0.8135434054855218,0.8194820176040334,0.8252602260889086,0.830881156898524,0.8363476527454716,0.8416627722633422,0.8468297325331101,0.8518513662040675,0.8567307243748687,0.8614708405586523,0.8660747891214962,0.8705454065867427,0.8748858010830067,0.8790988200760239,0.8831873504739854,0.8871543678112986,0.8910026769338372,0.8947350484643115,0.8983543685569628,0.9018633093740059,0.9052646364200179,0.9085610631650853,0.9117551861632204,0.9148496910305323,0.9178470069354272,0.9207497825923305,0.923560482579806,0.9262815153319396,0.9289152784350548,0.9314641432794337,0.9339304629185362,0.9363164428179138,0.9386243969871961,0.9408564209111332,0.943014683626077,0.9451013189087456,0.9471183124776131,0.9490677311544216,0.9509514962370967,0.952771601929554,0.9545298664638681,0.9562281280381512,0.9578682055516667,0.9594518027784652,0.9609807140463474,0.9624565577451981,0.9638809367633927,0.9652555054602727,0.966581754778657,0.9678612395965226,0.9690953990137091,0.9702856791281591,0.9714334669911515,0.9725401646074486,0.9736070221053348,0.9746353875959356,0.9756265058260456,0.976581538459411,0.977501754951421,0.978388236405558,0.9792421665830364,0.9800645899058479,0.9808565537636982,0.9816191131950798,0.9823532578840203,0.983059934294081,0.9837401123359913,0.9843946698572787,0.9850245227856583,0.9856304996553391,0.9862134498726912,0.9867741622357712,0.9873134170823932,0.9878319908549538,0.9883306100965537,0.9888099499975356,0.9892707555850955,0.9897136481581091,0.9901392720271729,0.9905482830837614,0.9909412525912162,0.9913187761884366,0.9916814200040567,0.9920297319322803,0.9923642243022036,0.9926854330292096,0.9929938160466191,0.9932898798658625,0.9935740688638349,0.9938468404458164,0.9941086138975622,0.994359805948935,0.9946008191447341,0.9948320357340921,0.9950538410908988,0.9952665789798206,0.9954706063567871,0.9956662612959929,0.9958538589921931,0.99603371235092,0.9962061282898753,0.9963713974280464,0.996529792989948,0.9966815859321837,0.9968270374029933
A169,31.511524091641498,0.0,12.571428571428571,left,2,0.7669454442490293,0.7731091926789914,0.7791336900967856,0.7850212359860143,0.7907741217967675,0.7963943048149411,0.8018840870429698,0.8072457982857064,0.8124814699597025,0.8175933170976116,0.8225835583251722,0.8274544553969384,0.8322080464886612,0.8368466660887725,0.8413723650445181,0.8457872672631382,0.8500935609228347,0.8542933728470092,0.8583886692960375,0.8623816697771312,0.8662743285226145,0.870068728511012,0.8737669285474075,0.877370838468379,0.8808825438759305,0.8843038283579847,0.8876367640825451,0.8908831819529267,0.8940449563002485,0.897123928613687,0.9001219481210103,0.9030408140014976,0.9058822365315615,0.9086480760759273,0.9113399431316886,0.9139595562237415,0.9165086185986902,0.9189886950838716,0.9214014478223406,0.9237484376186426,0.9260312793581971,0.9282514200974235,0.9304103727776247,0.9325096316276307,0.9345506178982319,0.9365348196216688,0.9384635677079503,0.940338188665069,0.9421601304019451,0.9439306202324266,0.9456509857978697,0.9473224763549449,0.9489463223124865,0.9505237346850035,0.9520559566947995,0.9535440369187175,0.9549892130772284,0.9563925481558911,0.9577551213944481,0.9590780556188789,0.9603623119191936,0.9616090179487505,0.9628190684254343,0.9639934761368496,0.965133189772718,0.9662391668430057,0.9673122772142668,0.9683534409969108,0.9693634936417252,0.9703433177341744,0.9712937141960699,0.9722155163173254,0.9731094914195254,0.9739763804138795,0.9748170096400193,0.9756320847995696,0.9764222661433044,0.9771883367347376,0.9779309153317649,0.9786506794794912,0.9793482997144308,0.9800243733635091,0.9806795316491277,0.9813143897444614,0.9819295210656919,0.9825254523086207,0.9831028157314583,0.9836620782302176,0.984203817860553,0.9847285108532906,0.9852366836787542,0.9857288114655932,0.9862053581845868,0.9866667904989256,0.9871135493809555,0.9875460976428427,0.9879648207130748,0.9883701587802182,0.9887625084447814,0.9891422504414846,0.9895097676677227,0.9898654326964682,0.9902096079732288,0.9905426355045212,0.9908648640370966,0.9911766023416406
A170,29.852525434879702,0.0,11.714285714285714,left,2,0.7093451308334805,0.7158797859733863,0.7222928863571745,0.7285858751746459,0.7347602146274773,0.740817059794164,0.7467578881804879,0.7525842676439196,0.7582974483452262,0.7638988859913476,0.7693901088202866,0.774772609942657,0.78004776454604,0.7852172044771738,0.7902823351044231,0.795244611801935,0.8001056398415054,0.80486686956032,0.8095297129593529,0.8140958128813885,0.8185665673407435,0.8229434857151463,0.8272281081585614,0.83142187599043,0.835526346617161,0.8395427997478944,0.8434729078222856,0.8473180447032549,0.8510796212902179,0.8547590813512005,0.8583578644716751,0.8618774204537587,0.8653190617011123,0.8686843352400004,0.8719744569474066,0.875190841524262,0.8783348893962446,0.8814078348988449,0.8844111123150102,0.887345944795474,0.8902137472059812,0.8930156978026715,0.8957530339115036,0.8984270878322675,0.9010390190587936,0.9035901207616852,0.9060815833065339,0.9085144870264539,0.9108901557519931,0.9132096310592163,0.9154741027921758,0.9176846879701833,0.9198424588904122,0.9219485044786303,0.9240039975638901,0.9260098420076027,0.9279671785312199,0.9298770087595644,0.9317402813811749,0.933558099227605,0.9353313249569013,0.937061025046297,0.9387480739882518,0.9403933694532114,0.9419978980331519,0.943562532720857,0.9450880982611501,0.9465755420887151,0.9480256656608013,0.9494392978626349,0.9508172913702733,0.9521604324754741,0.9534694797807887,0.954745215646027,0.9559884592001969,0.9571999329418637,0.9583802861262283,0.9595303636348257,0.9606507766205858,0.9617422357665202,0.9628054532948039,0.963841041352116,0.9648496747890786,0.9658320152933835,0.9667886574979978,0.967720187243998,0.96862728505458,0.9695104365233815,0.9703702985543871,0.9712073647737731,0.972022266995538,0.9728154799398898,0.9735875533768035,0.9743390028102119,0.9750703338629956,0.9757820638007598,0.9764746246811704,0.9771485359574789,0.9778042534765352,0.9784422046476239,0.9790628581420696,0.9796666431463511,0.9802539987750292,0.9808253088604121,0.9813809954236572,0.9819214446227277
A171,32.79068441762545,0.0,12.285714285714286,left,3,0.7180568199001397,0.7267850638019654,0.7353289678326801,0.7436886671984246,0.7518645146884771,0.7598565832738815,0.7676655731678999,0.7752924759189395,0.7827380093985546,0.7900032736040927,0.7970896578584483,0.8039986194244455,0.8107316005257931,0.8172904713211165,0.8236769866500365,0.8298929893260399,0.8359407113264372,0.8418222368886077,0.8475396999555733,0.8530956146203293,0.8584922630044968,0.8637321666532828,0.8688179518594579,0.8737521346795015,0.878537495350007,0.8831765414058188,0.8876722058844049,0.8920272278466438,0.8962443510074846,0.9003264299379818,0.9042763342562485,0.9080969690985634,0.9117910880270556,0.9153617551519523,0.9188116839670716,0.9221437958202698,0.9253610054314103,0.9284660698028343,0.9314619095432755,0.934351315893308,0.9371371687658352,0.9398221363746677,0.9424089816700418,0.9449004673318497,0.9472992378703189,0.9496080447346438,0.9518294276905083,0.9539659238232411,0.9560202251665656,0.9579947032296449,0.9598918797848672,0.9617141883776466,0.9634639362635679,0.9651434977176341,0.9667552282108692,0.9683012237101042,0.9697837705891068,0.9712050024193856,0.9725669749200023,0.9738717957841733,0.975121388394288,0.9763178106382525,0.9774628667069682,0.978558456709907,0.9796063722443364,0.9806083980560341,0.9815661995553892,0.9824814881344318,0.9833558502271476,0.9841908634024915,0.9849880525321094,0.9857489059287459,0.9864748394660089,0.9871672357883756,0.9878274750902357,0.9884568539971906,0.989056593901922,0.989627978533814,0.9901721337429314,0.9906902123278638,0.9911833421495259,0.9916525570723951,0.9920988912114712,0.9925233505113334,0.9929268740716404,0.9933103654190705,0.9936747511439148,0.9940208381812038,0.9943494829807452,0.9946614485513586,0.9949575203107672,0.9952384135984865,0.9955048266429495,0.9957574335449365,0.9959968843255801,0.9962238075692975,0.996438781320282,0.9966423852378006,0.9968351651768256,0.9970176444195005,0.9971903223980804,0.9973536814752556,0.9975081848890217,0.9976542651771108,0.9977923467439922,0.9979228271428505
A172,33.320684163219696,0.0,13.571428571428571,left,3,0.724713088633148,0.7333935210712428,0.7418855670898715,0.7501895315531523,0.7583059077042371,0.7662349860734933,0.7739776106197498,0.7815349568408017,0.7889079106638567,0.7960977773051225,0.8031060905056221,0.8099344907597154,0.8165845849897532,0.8230584489724699,0.8293579429053054,0.8354851499527142,0.8414423919830352,0.8472319682170782,0.8528561546238277,0.858317616925048,0.8636187904743166,0.8687623435806134,0.8737510445695829,0.8785875507079286,0.8832747900841951,0.8878153605893603,0.8922123772099524,0.896468644211865,0.9005870675108183,0.9045706001176621,0.9084222198142655,0.9121449346366899,0.9157416005648286,0.9192153714078384,0.9225690668710498,0.9258056570050319,0.92892817129937,0.931939434062939,0.9348424458179875,0.9376400238536532,0.9403351610866929,0.942930586036536,0.9454290571611529,0.947833462686288,0.9501464380440039,0.9523707749812863,0.9545091062664387,0.9565639534425072,0.9585380509910076,0.9604338028372027,0.9622537522844095,0.9640003385309163,0.9656759318275783,0.9672828761138604,0.9688235363945431,0.9703000620497274,0.9717147023263633,0.973069607264522,0.974366823967159,0.9756084783932644,0.9767964925272612,0.977932881717872,0.9790194879371475,0.9800581596860035,0.9810507066319925,0.9819988977192999,0.9829043683326847,0.9837688198621922,0.9845938150440143,0.9853809351022534,0.9861316618092597,0.9868474626695286,0.9875297529362297,0.9881798661684877,0.9887991823412731,0.9893889553178347,0.9899503847812768,0.9904847361147316,0.9909931119503073,0.9914766275700472,0.9919363876070755,0.9923734009250748,0.9927886739299482,0.9931831800528965,0.9935578403323327,0.9939135315054307,0.994251138684113,0.9945714559426743,0.9948753093821842,0.9951634303512515,0.9954365787594991,0.9956954415933148,0.9959406966417891,0.9961729914567305,0.9963929447838906,0.9966011617356444,0.9967981944784979,0.9969846017146204,0.9971609047705474,0.9973275971609624,0.9974851610492564,0.9976340553709585,0.997774715416293,0.9979075589855181,0.9980329837176868,0.9981513681284172
A173,33.251438960252756,0.0,12.428571428571429,left,3,0.5400914401369665,0.5488792934358879,0.5575872790492538,0.5662133365338755,0.5747554918489663,0.5832114500503549,0.5915794221074877,0.5998578710571552,0.6080448810892787,0.6161388893872061,0.624138554822341,0.6320425803741291,0.6398495632459138,0.6475585930899238,0.6551684861605108,0.6626782360803207,0.6700871571522133,0.6773944275844119,0.6845992302572459,0.6917012112685703,0.6986997037952831,0.7055943390752603,0.712384890684516,0.7190709599471865,0.7256525749679417,0.7321293042518613,0.7385014225595066,0.7447688597179504,0.7509316889765696,0.7569900696208155,0.7629442730260437,0.7687946569088743,0.7745414002914898,0.7801851846069574,0.7857262270219333,0.7911651086753695,0.7965024970209246,0.8017388346648981,0.8068749269814725,0.8119113988323453,0.8168491478152022,0.8216888158779659,0.8264311922123486,0.8310772316550095,0.835627761401113,0.8400838374308008,0.8444463331360343,0.8487160862904892,0.852894405473029,0.8569821101409846,0.8609803308995374,0.8648901818600299,0.8687126656326207,0.8724489469247656,0.8761003249345655,0.8796676603625281,0.8831523349293575,0.8865554753046255,0.8898781599735339,0.8931217930387835,0.8962873906184208,0.8993763690737685,0.9023897663968857,0.9053288583198831,0.9081949152591275,0.9109891886649658,0.9137127980352504,0.9163671252710641,0.9189532677667789,0.9214725514864996,0.9239261698972329,0.9263153553144606,0.9286413178176938,0.9309051910100223,0.9331083726605507,0.9352519792169874,0.937337068662719,0.9393650913463195,0.9413370347894211,0.9432540713564429,0.9451174809745845,0.9469283033305332,0.9486877069325892,0.9503968671984558,0.9520568768597208,0.9536687701441634,0.9552337598711045,0.9567527781731953,0.9582270283607348,0.9596574579773035,0.9610451931964767,0.962391192555708,0.9636964798699631,0.9649620507209915,0.9661888737853416,0.9673779719832931,0.9685301930799751,0.9696465454895936,0.9707279423466852,0.9717752470779035,0.97278937132637,0.9737711985442193,0.9747215743013573,0.9756413306748588,0.9765313175155967,0.9773922958582723
A174,29.728749059213,0.0,11.142857142857142,left,3,0.7109713668995181,0.7197462309463695,0.728341099842158,0.7367559417480749,0.7449909039525435,0.7530459113426959,0.7609214859661675,0.7686184213457502,0.7761372536263558,0.7834789323599436,0.7906446285351054,0.7976356600627761,0.8044532509222129,0.8110991445698819,0.8175748543372294,0.8238821234167705,0.8300229426821074,0.8359992824668219,0.8418130918325701,0.8474667263014536,0.8529623074981237,0.8583022028969562,0.8634888893720709,0.8685247341603114,0.8734123926613888,0.8781541825729172,0.8827529533400285,0.8872112975416357,0.8915318317674166,0.8957172900656233,0.899770426133943,0.9036940345152172,0.9074907584844157,0.911163565064771,0.9147150780416371,0.9181480896593521,0.9214654655057044,0.9246698634809494,0.9277641391491427,0.9307509745050274,0.9336332056350823,0.9364134630285256,0.9390943753859629,0.9416787326747159,0.9441690643497589,0.9465680789465772,0.9488783248983264,0.9511022410850115,0.9532425078414859,0.955301458488545,0.9572815882229714,0.9591852901419512,0.9610148929621216,0.9627727073266927,0.964461077813205,0.9660821233540325,0.967638082696214,0.9691310961370856,0.9705632006886694,0.9719365305694635,0.9732530046030617,0.9745146548035284,0.9757233306490729,0.9768808982174889,0.9779891898267302,0.9790500017740515,0.9800649899987434,0.981035893245754,0.9819643035088332,0.9828518338055906,0.9837000268078904,0.9845103673873065,0.9852843226793931,0.9860232666683737,0.9867286338497588,0.9874017228941003,0.9880437777493327,0.988656124739057,0.9892399109422183,0.9897963045160908,0.990326468152272,0.9908314606835763,0.9913123442834165,0.9917701491716227,0.9922058507875728,0.9926203787598956,0.9930146781140321,0.9933895930641723,0.9937460067533568,0.9940847115389345,0.9944065155394889,0.9947121610293964,0.9950023802148177,0.9952778740570835,0.9955393137153558,0.9957873583932366,0.9960226082958574,0.9962456753030059,0.9964571304518746,0.9966575150559893,0.9968473602923161,0.9970271727946343,0.997197433931185,0.9973586070528231,0.9975111340930386,0.9976554366437711
A175,31.9410087973409,0.0,13.0,left,1,0.7577781197826964,0.7639905978066639,0.7700672720641518,0.7760102750816584,0.7818217633113362,0.7875035651299354,0.7930578109562741,0.7984867109466045,0.8037921541859191,0.8089762091171717,0.8140409786817305,0.81898858399999,0.8238209394369169,0.8285402641674098,0.8331484546638096,0.8376475389632976,0.8420396127584449,0.8463266423355632,0.8505105194375183,0.8545933298686887,0.8585769414809177,0.862463323934455,0.8662544422587968,0.8699521112994263,0.8735583302076073,0.877074759273736,0.8805034070062858,0.8838460353500981,0.8871044241074686,0.8902803233840355,0.8933754956394828,0.896391697839354,0.8993305549221134,0.9021938656420239,0.9049831725614625,0.9077001207878189,0.9103463568666467,0.9129233738077037,0.915432820189097,0.9178761540236806,0.9202549809188263,0.9225706844875654,0.9248247098251524,0.9270185330685015,0.9291535219176146,0.9312311074537666,0.9332526359390013,0.9352193317598526,0.9371326693980475,0.9389938087150671,0.9408040508129577,0.9425646367655031,0.9442767317225105,0.9459415428290072,0.947560312997711,0.9491340440319336,0.9506639252476169,0.952151070247083,0.9535964880852269,0.9550012913556629,0.9563664556010278,0.9576930703862958,0.9589820288188038,0.9602343209009594,0.9614509020164769,0.9626327237452285,0.9637806319169442,0.9648955441136362,0.9659783168440247,0.9670297903398419,0.968050788494306,0.9690421188268085,0.9700045850114367,0.970938899678295,0.9718458964741623,0.9727262690310958,0.9735806990982986,0.9744099794481709,0.975214704682413,0.9759955693693481,0.9767532615520963,0.9774883701068161,0.9782015238027227,0.9788933659379172,0.9795644562626442,0.980215343928948,0.980846657793134,0.981458875227127,0.9820525879498159,0.9826282690338928,0.9831864739146148,0.9837276695286572,0.9842523448197382,0.9847609537117157,0.9852539700033757,0.9857318620729557,0.9861950146827874,0.9866438823817368,0.9870788794226704,0.9875003965218361,0.9879088217774393,0.9883045461650504,0.9886879439648072,0.9890593678617676,0.9894191678542159,0.9897676794494938
A176,30.0373009427821,0.0,11.571428571428571,left,2,0.7889859738880727,0.7949420529124993,0.8007529176712542,0.806421252160772,0.811949722394053,0.8173406730847761,0.8225967244765087,0.8277206048580811,0.8327146642975425,0.8375814200083196,0.8423234705355453,0.8469433131381457,0.851443361657499,0.8558261799690154,0.8600941216316935,0.8642495659902683,0.8682950070750985,0.8722327579936162,0.8760650831383412,0.8797944101124269,0.8834229389630212,0.886952934808993,0.8903866606162724,0.8937262735412446,0.8969739969586008,0.9001318089334973,0.9032019712606019,0.9061864847772345,0.9090873548385227,0.9119065872178116,0.9146461591933136,0.9173080305285868,0.919894032694975,0.9224061490593598,0.9248460909825093,0.9272156950746551,0.9295167629376689,0.9317509515386115,0.9339200407233798,0.9360256345062177,0.9380694522899868,0.9400530221351626,0.9419778936256238,0.9438456518510794,0.9456577782542158,0.9474157688146413,0.9491210750738149,0.9507749994817807,0.9523790886349915,0.9539345629141048,0.9554427946958115,0.9569050628255222,0.9583226228746449,0.9596967067802176,0.9610285677724515,0.9623192834632044,0.9635700750311087,0.9647820634077018,0.9659562914143244,0.9670938908835599,0.968195834293901,0.9692632186268703,0.9702969866403646,0.9712980881315687,0.9722675123522077,0.9732061650890549,0.9741149099126855,0.9749946809653219,0.9758462682300816,0.9766705313307088,0.977468286939928,0.9782403116585915,0.9789873641061478,0.9797101661860025,0.9804095066824192,0.9810860695733653,0.9817404973183624,0.9823735301319679,0.9829857683532903,0.9835778572531148,0.9841504325141325,0.9847040661152017,0.9852393543901832,0.9857568770160888,0.9862571692250983,0.9867407532595599,0.987208191688844,0.9876599380524137,0.9880965258401574,0.9885183972953674,0.9889260567473978,0.9893199219973808,0.9897004468567078,0.990068038423894,0.9904231257155421,0.9907661140254734,0.9910973666831157,0.9914172826175631,0.991726223943889,0.9920245380980169,0.9923125676156929,0.9925906583163744,0.9928591365836846,0.9931183027148777,0.9933684692207949,0.9936099272329456
A177,32.093731677810254,0.0,11.0,left,0,0.7910847525423916,0.7973825527412433,0.8035213896404927,0.8095040335096733,0.8153332268542607,0.8210114663116892,0.8265414726043664,0.831926142170722,0.8371679816030322,0.8422697354522035,0.84723415804334,0.852063989380683,0.8567618337236543,0.8613305233465537,0.8657726450457812,0.8700908381876797,0.8742878473861632,0.8783662485016357,0.8823285923407238,0.8861775639848036,0.8899156327600743,0.893545378770138,0.8970693384667114,0.9004899348740287,0.9038096979050904,0.9070308938084268,0.9101560358857452,0.9131874510691718,0.916127416812286,0.9189782098609336,0.9217420897296691,0.9244213072314538,0.9270179523590684,0.9295342783623268,0.9319722873244604,0.934334050569511,0.936621644707034,0.93883698317868,0.9409820785148738,0.9430587933098018,0.9450690804242331,0.9470147268520253,0.9488974767568652,0.9507191737893059,0.95248146879197,0.9541861411078671,0.9558347996317995,0.957428978742065,0.9589703777517765,0.9604604557330143,0.9619007682409335,0.9632927488733072,0.9646378470668195,0.965937453495195,0.9671929836252534,0.9684056882302539,0.9695769367188551,0.9707079883920283,0.9718000266520364,0.9728543171416334,0.9738720001260974,0.9748542468504086,0.97580215516525,0.9767167870616048,0.9775992310270637,0.9784505061847109,0.9792715874081925,0.9800634826408521,0.9808271074456211,0.9815633911423289,0.9822732206335322,0.982957476311569,0.9836169897090873,0.9842525552203347,0.9848650158039479,0.9854551282451258,0.9860236010745362,0.9865712301822069,0.9870986690250833,0.9876066024909369,0.9880957335943212,0.9885666682978971,0.9890200455816411,0.9894564729200688,0.9898765396073375,0.9902807956408333,0.9906698230630415,0.9910441129375624,0.9914042185190354,0.991750620864186,0.9920838200077308,0.9924042725228348,0.9927124347650077,0.9930087485917272,0.9932936337021031,0.9935675163800088,0.9938307741799491,0.9940838034630296,0.9943269797258982,0.9945606524161668,0.9947851704065384,0.9950008773835239,0.995208098874222,0.99540714069281,0.9955983078186247,0.9957818948829807
A178,34.45545385750495,0.0,11.571428571428571,left,3,0.5070301793716343,0.5156152591483403,0.5241370707688799,0.5325934992678101,0.5409824994497909,0.5493016951315091,0.5575491888066312,0.5657233309671592,0.573822054217317,0.5818436614207115,0.5897866386813084,0.5976495025017015,0.6054306642014865,0.6131290043147967,0.620743117854881,0.6282717699786464,0.6357140338720741,0.6430688344633979,0.6503350957271561,0.6575121882037784,0.6645991686466342,0.6715953796905083,0.6785003017380487,0.6853132319850119,0.6920339000930178,0.6986615429591481,0.7051961234734053,0.7116372617819904,0.717984686591371,0.7242382362543588,0.7303978280121612,0.7364635118109601,0.7424351108502787,0.7483129771428734,0.7540969765405033,0.7597873608587545,0.7653844295907096,0.7708883055578866,0.7762994497961029,0.7816181426288301,0.7868449613440531,0.7919801829103469,0.7970242592750898,0.8019778475620882,0.806841402341615,0.8116156813695534,0.8163012570658119,0.8208985710643508,0.8254087129721863,0.8298321009018311,0.8341696185392165,0.8384220624729357,0.8425901291219344,0.8466747117030138,0.8506767866039229,0.8545969730021401,0.858436346796698,0.8621957763753383,0.8658760638274918,0.8694783769454557,0.8730034428514748,0.8764524863233463,0.8798262838311556,0.8831258527568022,0.8863522423268818,0.8895065305355044,0.8925895640193179,0.895602537644614,0.89854637204553,0.9014221562724211,0.9042309463836796,0.9069737408566061,0.9096516140550266,0.9122655183046412,0.9148166811365037,0.9173060893661349,0.919734629298312,0.9221036284362737,0.9244139077113609,0.9266665336895571,0.9288626725830871,0.931003227787434,0.9330892622153613,0.935121855585451,0.9371020184643366,0.9390306162461766,0.9409088806076626,0.9427375522043776,0.944517865218827,0.9462505977016167,0.9479368865289727,0.9495776150299458,0.9511737186697362,0.9527261441835712,0.9542358470651475,0.9557038056192301,0.957130823699569,0.9585178472782263,0.9598658092937429,0.9611755391067237,0.9624479047431824,0.9636837785516152,0.9648840211365721,0.9660494536784108,0.9671808876368343,0.9682791113618685
A179,30.736290772378602,0.0,12.0,left,2,0.8173461334797683,0.8229725537738182,0.8284472074137386,0.8337733267456817,0.8389541003030643,0.8439924249591734,0.8488914294021495,0.8536542821203025,0.8582838172147114,0.8627830561828214,0.8671549788665802,0.8714025196406011,0.8755285023747145,0.879535855800478,0.8834273443921944,0.887205707965924,0.8908737443206172,0.8944341140817457,0.8978894024162845,0.901242324705396,0.9044953611211282,0.9076510743441963,0.9107119806243433,0.9136804476293833,0.9165589752075818,0.919349741259309,0.9220552094047229,0.9246775727080023,0.9272190597788905,0.9296818149153336,0.9320679889284594,0.9343797015123928,0.9366188934896164,0.9387877285174339,0.940888015936065,0.9429217023022213,0.944890718703114,0.9467967914143313,0.9486418056832328,0.9504274459514744,0.952155491452572,0.9538275469573819,0.9554452237363342,0.9570101670162713,0.9585238587455044,0.9599878937113296,0.9614036923541103,0.9627726635157087,0.9640962875678915,0.9653758675624652,0.9666127634692593,0.9678082759561959,0.9689636241375871,0.9700800773631345,0.9711588599188326,0.972201057871452,0.9732078761097054,0.9741803833338458,0.9751196465409899,0.9760267493868221,0.9769026517048648,0.9777484145409774,0.9785649282621488,0.9793531516914576,0.9801139886729655,0.9808483374880287,0.9815570271450407,0.9822409092462691,0.9829007691828768,0.9835374130166328,0.9841515836242622,0.9847440352068518,0.9853154700205994,0.9858665645930439,0.9863980406783847,0.986910534552168,0.9874046459731463,0.9878810432964148,0.9883402842802873,0.9887829557133813,0.9892096322675452,0.9896208364556422,0.9900171044601851,0.9903989555939278,0.9907668772287761,0.9911213225422768,0.9914628010973785,0.9917917181941553,0.9921085388576554,0.9924136624902228,0.9927075122190605,0.9929904758254228,0.9932629294845853,0.9935252457904724,0.9937777777079626,0.9940208856182664,0.9942548816740577,0.9944801042436399,0.9946968628561281,0.994905454073083,0.9951061715511762,0.9952992992424122,0.9954851116580907,0.9956638685044801,0.9958358294585905,0.9960012319784705
A180,33.665617768217245,0.0,11.857142857142858,left,2,0.8277623005405965,0.8332481498982574,0.8385802480332452,0.8437620436338772,0.848796934096788,0.8536880251711446,0.8584386232424224,0.8630521143431024,0.867531518158466,0.8718799807074848,0.8761006950613819,0.8801967533289211,0.8841710882208904,0.8880268308139911,0.8917668411329039,0.8953939930431386,0.8989112356363832,0.9023213356193212,0.9056269940765496,0.9088310288648612,0.9119360379560348,0.9149446520919132,0.917859488815939,0.9206830037294558,0.9234177590905194,0.9260660509371664,0.9286303578985204,0.9311129866220057,0.9335161807859308,0.9358421749144704,0.938093169332667,0.9402712982036472,0.9423786019294268,0.9444172047640196,0.9463890193141796,0.9482960210551241,0.9501401112890854,0.9519231205185215,0.953646879657553,0.9553131653199701,0.9569237173880477,0.9584801754594772,0.959984163055931,0.9614373150057166,0.9628411546183652,0.9641972592184005,0.9655070549337418,0.9667719525660174,0.9679934242627033,0.9691727738329294,0.9703113531973965,0.9714104552238929,0.9724712935974891,0.973495124019013,0.9744831566352814,0.9754364819470005,0.9763562519666906,0.9772435657561531,0.9780994327954944,0.9789249465358437,0.9797210526073381,0.9804887578279979,0.9812289672210318,0.9819426071033677,0.9826305602251287,0.983293709374211,0.9839328392044218,0.9845488007877418,0.9851423501242347,0.9857142672406286,0.9862652797243778,0.9867960946750056,0.9873074122349018,0.9877998854799562,0.9882741930975077,0.9887309486661499,0.9891707427457539,0.9895942119956541,0.990001881616219,0.9903943126491592,0.9907720636337666,0.9911356287011951,0.9914855225641644,0.9918222238258032,0.9921462101701163,0.9924579125688087,0.9927578014288306,0.9930462632727495,0.9933237434693473,0.9935906157270302,0.9938472773305761,0.9940940932382129,0.9943314169396227,0.9945595974838997,0.9947789655540349,0.9949898570133741,0.9951925677340002,0.9953874029316504,0.9955746600554594,0.995754612040107,0.9959275313275525,0.9960936809666844,0.9962533148854192,0.9964066757472075,0.9965539956222408,0.9966955011167299
A181,30.6081740602096,0.0,12.0,left,2,0.8179470500048998,0.8235656598901357,0.8290323816045955,0.834350459761406,0.8395230947524269,0.8445531953189866,0.8494439012063961,0.8541983746800991,0.858819510678012,0.8633102903580159,0.8676737038161919,0.8719127423800505,0.8760301755030424,0.8800290023440227,0.8839119491827532,0.8876817789611162,0.8913412822229554,0.894893169705732,0.8983399901891216,0.9016844794113655,0.9049291236766251,0.9080764911665444,0.9111291033208101,0.9140893329814839,0.9169596720740366,0.9197423403474616,0.9224397681484525,0.9250541649206365,0.92758775151403,0.9300426985766296,0.9324211592456084,0.9347252234198924,0.9369568882439736,0.9391182460814742,0.9412111713107755,0.9432376110401167,0.945199439727476,0.9470984624373497,0.9489365086020068,0.9507152831544462,0.9524365661654622,0.9541019636046343,0.9557130876183584,0.9572715678060998,0.9587789351003393,0.9602367208681793,0.9616463930524014,0.9630093451027624,0.9643270712532465,0.9656008322347405,0.9668320302364856,0.9680219514571269,0.9691718276393189,0.9702828891361052,0.9713563979250714,0.9723934388785976,0.9733951804132228,0.9743627372898026,0.975297130322685,0.9761994756798857,0.9770707316807067,0.9779119270387522,0.9787239824231844,0.9795078451260357,0.9802644178930732,0.9809946067340902,0.9816992126869174,0.9823791129557493,0.9830350910793014,0.9836679269838633,0.9842783948757706,0.9848672159545198,0.9854351145817134,0.9859827654067308,0.9865108740610766,0.9870200829049736,0.9875109840197055,0.9879842636084214,0.9884404587177475,0.9888801552514888,0.9893039384981257,0.9897123291846341,0.9901058506415258,0.9904850212336461,0.9908503377139865,0.9912022515832194,0.9915412606224178,0.9918677695365643,0.9921822557680112,0.9924850991543734,0.9927767349332844,0.9930575450884236,0.9933279045242879,0.9935881845101456,0.993838740496997,0.994079920263545,0.9943120496004919,0.9945354546551672,0.9947504440903281,0.9949573199808734,0.9951563713865067,0.9953478810720582,0.9955321252602846,0.9957093566950957,0.9958798341718358,0.9960437996042131
A182,31.139763461764502,0.0,12.714285714285714,left,1,0.7577781197826964,0.7639905978066639,0.7700672720641518,0.7760102750816584,0.7818217633113362,0.7875035651299354,0.7930578109562741,0.7984867109466045,0.8037921541859191,0.8089762091171717,0.8140409786817305,0.81898858399999,0.8238209394369169,0.8285402641674098,0.8331484546638096,0.8376475389632976,0.8420396127584449,0.8463266423355632,0.8505105194375183,0.8545933298686887,0.8585769414809177,0.862463323934455,0.8662544422587968,0.8699521112994263,0.8735583302076073,0.877074759273736,0.8805034070062858,0.8838460353500981,0.8871044241074686,0.8902803233840355,0.8933754956394828,0.896391697839354,0.8993305549221134,0.9021938656420239,0.9049831725614625,0.9077001207878189,0.9103463568666467,0.9129233738077037,0.915432820189097,0.9178761540236806,0.9202549809188263,0.9225706844875654,0.9248247098251524,0.9270185330685015,0.9291535219176146,0.9312311074537666,0.9332526359390013,0.9352193317598526,0.9371326693980475,0.9389938087150671,0.9408040508129577,0.9425646367655031,0.9442767317225105,0.9459415428290072,0.947560312997711,0.9491340440319336,0.9506639252476169,0.952151070247083,0.9535964880852269,0.9550012913556629,0.9563664556010278,0.9576930703862958,0.9589820288188038,0.9602343209009594,0.9614509020164769,0.9626327237452285,0.9637806319169442,0.9648955441136362,0.9659783168440247,0.9670297903398419,0.968050788494306,0.9690421188268085,0.9700045850114367,0.970938899678295,0.9718458964741623,0.9727262690310958,0.9735806990982986,0.9744099794481709,0.975214704682413,0.9759955693693481,0.9767532615520963,0.9774883701068161,0.9782015238027227,0.9788933659379172,0.9795644562626442,0.980215343928948,0.980846657793134,0.981458875227127,0.9820525879498159,0.9826282690338928,0.9831864739146148,0.9837276695286572,0.9842523448197382,0.9847609537117157,0.9852539700033757,0.9857318620729557,0.9861950146827874,0.9866438823817368,0.9870788794226704,0.9875003965218361,0.9879088217774393,0.9883045461650504,0.9886879439648072,0.9890593678617676,0.9894191678542159,0.9897676794494938
A183,32.95230090603155,0.0,12.571428571428571,left,1,0.6888485502412602,0.6954344892475016,0.7019061432108686,0.7082647366228758,0.7145114823319374,0.7206473088785137,0.7266734521704252,0.732591273955878,0.7384017872124706,0.7441062214896097,0.749705872486139,0.7552020336073642,0.7605958588023165,0.7658887783330839,0.7710819623201477,0.7761766755284031,0.7811743201259322,0.7860761517372526,0.7908833891200598,0.7955974642583484,0.8002195983084668,0.8047511213652628,0.8091933992581557,0.8135476613264834,0.8178153463183606,0.8219975225408016,0.8260956921724218,0.830111103878664,0.8340449762832066,0.8378986207118052,0.841673312761225,0.8453703610646528,0.8489909334703722,0.8525364499734294,0.8560079681004411,0.8594067935065297,0.8627341880986131,0.8659912744621301,0.8691793280370098,0.8722995001550125,0.8753530869801088,0.8783411371164089,0.8812647973139871,0.8841252752790413,0.8869236579911723,0.8896611500118066,0.8923388069203726,0.8949576425018647,0.8975189226363801,0.9000235704237719,0.902472702374107,0.9048673604640616,0.9072085553949241,0.9094972934769909,0.9117346906718184,0.9139215606492735,0.9160590181808327,0.9181479797624813,0.9201893452312794,0.9221841756234358,0.9241332482945303,0.9260376283049025,0.9278981028280274,0.929715557218062,0.9314909007658205,0.9332250097539843,0.9349186334277847,0.9365727158698197,0.9381879793166247,0.9397652838165257,0.9413054166552945,0.9428091166141387,0.9442771728599813,0.9457102877592436,0.9471093055054836,0.9484749076317966,0.9498077150762515,0.951108591616095,0.9523780862086704,0.9536169174210908,0.9548258078764351,0.9560053188931106,0.957156153285129,0.9582789366317414,0.9593742850870984,0.9604427443620577,0.9614850344634832,0.9625015779753178,0.9634931023323999,0.9644600457308923,0.965403054284536,0.9663226218052611,0.9672192765022368,0.9680935508401112,0.968945941714277,0.9697769885846101,0.9705871325822346,0.9713768704994942,0.9721466893311516,0.9728970313657499,0.973628343401213,0.9743410867969412,0.97503570232653,0.9757125898318569,0.9763721853525793,0.9770148741616723
A184,30.81034436536575,0.0,11.285714285714286,left,2,0.8232513109770705,0.8287993848320395,0.8341945704215639,0.8394401677511311,0.8445395009183336,0.8494955843992326,0.854311639599119,0.8589909726660931,0.8635365220662807,0.8679513580669751,0.8722386025656041,0.8764012634132948,0.8804422518109575,0.8843645919830385,0.8881710978860924,0.8918645857500699,0.8954479521349098,0.8989239115350086,0.9022951150828882,0.9055643365944601,0.908734129164841,0.9118070827830453,0.9147857649822524,0.9176726312855489,0.9204701745974833,0.9231806571383245,0.9258065657205676,0.9283501439202857,0.9308136209572566,0.9331992080366809,0.9355090738850149,0.937745354269747,0.9399100595854042,0.942005300104532,0.944032971531156,0.9459950369906918,0.9478933861389851,0.9497298384819586,0.9515062341271641,0.9532242899289076,0.954885792461394,0.9564923573953898,0.9580456037261451,0.9595471645781297,0.9609985753407664,0.9624013692610298,0.9637570303473828,0.9650669112247676,0.9663325449533032,0.9675551938481189,0.9687362280081603,0.9698769318166577,0.9709785597513085,0.9720423363803186,0.9730694912261393,0.9740611073971409,0.9750183679182383,0.9759423680361227,0.9768341334121693,0.9776947473923264,0.978525162845873,0.9793264171060081,0.9800994220883459,0.9808450863660054,0.9815643390175902,0.9822580383428247,0.9829270033299677,0.9835720967569833,0.9841940676072107,0.9847937083305678,0.9853717723757404,0.985928976840651,0.9864660119138062,0.9869835624129369,0.9874823125884313,0.9879628928432865,0.9884258911658147,0.9888719585652764,0.9893016412186477,0.9897155113336884,0.9901141286046939,0.9904980028723401,0.9908676556753113,0.991223591731546,0.9915662801495124,0.9918961764359653,0.9922137587999225,0.9925194267166857,0.9928136294994397,0.9930967505165574,0.9933692106959849,0.9936313689364651,0.9938836006157955,0.9941262611640279,0.9943596945436117,0.9945842402764913,0.994800203300106,0.9950079084874002,0.9952076534274609,0.995399720176856,0.9955843964540227,0.9957619513909266,0.9959326505726265,0.9960967373250196,0.9962544600953858,0.9964060512310577
A185,29.000307197559103,0.0,12.0,left,0,0.8004193856922567,0.8066086736247559,0.8126363350893235,0.8185053546007114,0.8242186562447296,0.8297789280304678,0.8351891350077294,0.840452283175707,0.8455711334945021,0.8505485344792839,0.8553874592297289,0.8600907921884506,0.8646612970140496,0.8691019533193652,0.8734155115604813,0.8776047204381514,0.8816724719754503,0.8856214725708096,0.8894543839862256,0.8931740355918888,0.896783011963707,0.9002839713046201,0.9036795659556781,0.9069723186856199,0.9101648491496939,0.9132595048326047,0.9162589153448852,0.9191654493941241,0.9219814611864182,0.9247093217271145,0.927351355009344,0.9299098487059615,0.932386965846795,0.9347850080328897,0.9371060214620266,0.9393521443594195,0.941525482890786,0.9436279934720256,0.9456617213967208,0.9476285645463015,0.9495305191628898,0.9513693475461341,0.9531468745797329,0.9548649423521036,0.956525240450139,0.9581295098623375,0.9596794238795918,0.9611765164235054,0.9626224881169099,0.9640188239227956,0.9653670380183629,0.9666686252278989,0.9679249800377809,0.9691375333422021,0.970307681110558,0.9714366875758869,0.9725258870822704,0.9735765332642919,0.9745898279416148,0.9755670215706685,0.9765092133602251,0.9774176029313855,0.9782932346141473,0.9791371884958106,0.9799505251479129,0.9807342482625433,0.9814893178488788,0.9822167214041487,0.9829173586638467,0.983592139260751,0.984241939017657,0.9848675939627475,0.9854699396365932,0.9860497440345692,0.9866078247986494,0.9871449185699382,0.9876617158625703,0.9881589843577191,0.9886373601152836,0.9890975115852555,0.9895400980158561,0.9899657240220089,0.9903749986916882,0.9907685117607935,0.9911468190845352,0.991510450340871,0.9918599716033251,0.9921958507044922,0.9925186190584689,0.9928287242497524,0.9931266555341461,0.9934128482707617,0.9936877286063662,0.9939517167583347,0.994205218935992,0.994448634576482,0.9946823223334204,0.9949066563515553,0.9951219910402807,0.9953286565875408,0.9955269844580358,0.9957172888920525,0.9958998843399474,0.9960750553341292,0.9962430900892675,0.9964042567576883
A186,34.5723891245865,0.0,13.285714285714286,left,3,0.5557979044517276,0.5646615341145524,0.573437002030244,0.5821222809789522,0.5907154817952314,0.5992143571996256,0.6076172176168801,0.6159226050315287,0.6241286960012785,0.6322340372008117,0.6402373929998038,0.6481375839004425,0.6559333313727875,0.6636238516210127,0.6712080959585428,0.6786851951820483,0.6860546127700065,0.6933156761157919,0.7004677197413909,0.7075105372516448,0.7144436373943891,0.7212668150745505,0.7279799937180735,0.734582961772207,0.7410759164741825,0.7474585942849106,0.7537314465240478,0.7598945815975293,0.7659482515717895,0.7718927951789019,0.7777286629177255,0.7834563912872177,0.7890763335204489,0.7945893647734046,0.7999958873170372,0.8052966408193815,0.8104924687767232,0.8155840146714954,0.8205722558278018,0.8254579665922646,0.8302422585850887,0.8349259042208831,0.8395098641398434,0.8439953099950701,0.8483831669436546,0.8526747008716328,0.8568709310950277,0.8609728589113149,0.8649819522441828,0.8688991429103966,0.8727257561242086,0.8764630344645291,0.8801121278765459,0.883674338894979,0.887151095346171,0.8905434193913269,0.8938527686986558,0.8970804419161368,0.9002276454152793,0.9032958640033736,0.9062862404770664,0.9092003187213754,0.9120392547067362,0.9148044005169794,0.9174971260271865,0.9201188037050203,0.9226706533555881,0.9251541024406955,0.9275703904926326,0.9299208746454313,0.9322068751149036,0.9344296558152541,0.9365905223312433,0.9386907139727838,0.9407316086962219,0.9427144526030645,0.9446403718749218,0.9465108138153506,0.9483268343507576,0.950089692000105,0.9518006844262712,0.9534609032652517,0.9550715712721829,0.9566338631617438,0.9581489246895383,0.9596178120753566,0.9610418021893183,0.9624218198231858,0.9637590943010815,0.9650546034006774,0.9663094830537505,0.9675247136503389,0.9687013309625073,0.9698403415353458,0.9709427240281918,0.9720094901664512,0.9730415386534461,0.9740398371134299,0.9750053118911196,0.9759388296189297,0.9768412965321838,0.9777135801364111,0.9785565513038552,0.9793710050254069,0.9801577798653794,0.9809176506167554
A187,32.56963922140575,0.0,13.428571428571429,left,2,0.7705135989965388,0.7766463953637261,0.7826389545852375,0.7884936060088021,0.7942126997228492,0.7997982810602466,0.8052526689912289,0.8105782853080901,0.8157771779904035,0.8208516419331204,0.8258039546565239,0.8306363717352363,0.8353510519895023,0.8399503032301465,0.8444362920373923,0.8488111161240139,0.8530770733442187,0.8572362629750865,0.8612907417984419,0.8652427486150382,0.8690942907199322,0.8728474378401252,0.8765043293797525,0.8800668924428326,0.8835372571488787,0.8869171939159948,0.8902088463490072,0.8934140584802617,0.8965347446865357,0.8995727432413635,0.9025299274794539,0.9054081464678598,0.908209119142797,0.9109347375425025,0.9135866072657925,0.9161664779649552,0.9186760697445838,0.9211169531157893,0.9234908408029197,0.9257992612943168,0.9280438774222945,0.9302261498657873,0.93234757025751,0.9344096769835051,0.9364139016308617,0.9383616991750179,0.9402544827428996,0.9420935068412966,0.9438803044304737,0.9456160524493145,0.9473020852719622,0.9489397135861073,0.9505301175795849,0.952074513957423,0.9535741838062466,0.9550301804726844,0.9564436925900903,0.9578158524947824,0.9591476928446679,0.9604403377515417,0.9616947969790053,0.9629121360976135,0.9640933114510213,0.9652392772441417,0.9663510381568994,0.9674295085025187,0.9684755589608565,0.9694901337204122,0.9704740664606566,0.9714281996830438,0.9723533817772209,0.9732503949825614,0.9741200399312452,0.9749630545590211,0.975780237684958,0.9765723036459759,0.977339900465729,0.978083835718727,0.9788046953393185,0.9795031531496363,0.9801799032786525,0.9808355112231958,0.9814706127603259,0.98208581799796,0.9826816876212063,0.9832587700192583,0.9838176650078873,0.9843588452585568,0.9848828821465212,0.9853902406515944,0.9858814632922176,0.9863569913071044,0.9868173052677159,0.9872628592057081,0.9876940955133667,0.9881114576908363,0.9885153338357556,0.9889061578392327,0.9892843211349814,0.9896501938362934,0.9900041648285998,0.9903465954463311,0.9906778478903437,0.990998248604178,0.9913081411233988,0.9916078445275028
A188,31.029344106509498,0.0,12.571428571428571,left,1,0.7577781197826964,0.7639905978066639,0.7700672720641518,0.7760102750816584,0.7818217633113362,0.7875035651299354,0.7930578109562741,0.7984867109466045,0.8037921541859191,0.8089762091171717,0.8140409786817305,0.81898858399999,0.8238209394369169,0.8285402641674098,0.8331484546638096,0.8376475389632976,0.8420396127584449,0.8463266423355632,0.8505105194375183,0.8545933298686887,0.8585769414809177,0.862463323934455,0.8662544422587968,0.8699521112994263,0.8735583302076073,0.877074759273736,0.8805034070062858,0.8838460353500981,0.8871044241074686,0.8902803233840355,0.8933754956394828,0.896391697839354,0.8993305549221134,0.9021938656420239,0.9049831725614625,0.9077001207878189,0.9103463568666467,0.9129233738077037,0.915432820189097,0.9178761540236806,0.9202549809188263,0.9225706844875654,0.9248247098251524,0.9270185330685015,0.9291535219176146,0.9312311074537666,0.9332526359390013,0.9352193317598526,0.9371326693980475,0.9389938087150671,0.9408040508129577,0.9425646367655031,0.9442767317225105,0.9459415428290072,0.947560312997711,0.9491340440319336,0.9506639252476169,0.952151070247083,0.9535964880852269,0.9550012913556629,0.9563664556010278,0.9576930703862958,0.9589820288188038,0.9602343209009594,0.9614509020164769,0.9626327237452285,0.9637806319169442,0.9648955441136362,0.9659783168440247,0.9670297903398419,0.968050788494306,0.9690421188268085,0.9700045850114367,0.970938899678295,0.9718458964741623,0.9727262690310958,0.9735806990982986,0.9744099794481709,0.975214704682413,0.9759955693693481,0.9767532615520963,0.9774883701068161,0.9782015238027227,0.9788933659379172,0.9795644562626442,0.980215343928948,0.980846657793134,0.981458875227127,0.9820525879498159,0.9826282690338928,0.9831864739146148,0.9837276695286572,0.9842523448197382,0.9847609537117157,0.9852539700033757,0.9857318620729557,0.9861950146827874,0.9866438823817368,0.9870788794226704,0.9875003965218361,0.9879088217774393,0.9883045461650504,0.9886879439648072,0.9890593678617676,0.9894191678542159,0.9897676794494938
A189,28.21116807291965,0.0,12.714285714285714,left,0,0.8084830514658862,0.8145718167582071,0.8204968082016796,0.826261166043186,0.8318680031349066,0.837320186372132,0.8426208493980588,0.8477731603785605,0.8527800421334657,0.8576444979621644,0.8623696473452456,0.8669585173812018,0.8714140117583579,0.8757392390131103,0.8799370785598271,0.8840104025728083,0.8879622167883581,0.8917953406580734,0.8955125447141187,0.8991167562383526,0.9026106593858128,0.9059970039986731,0.9092785284211186,0.9124578273330196,0.9155376341292446,0.9185203377810912,0.9214086445411046,0.9242049792315549,0.9269117940136167,0.9295314818702317,0.9320664317995073,0.9345189809120499,0.9368913312241854,0.9391858436782798,0.9414046177377552,0.943549786666761,0.9456235083987171,0.9476277727599897,0.9495646315614557,0.9514360632070288,0.9532440101363936,0.954990311193294,0.9566768064956631,0.9583053005939249,0.9598775463045348,0.9613952910074923,0.9628601700130852,0.9642737727227737,0.9656377958267105,0.9669536881652134,0.9682230051919786,0.9694472250477614,0.9706277539258076,0.9717659792140086,0.9728633376004874,0.9739210426688966,0.9749404527200981,0.9759228004184578,0.976869278435191,0.9777811216618936,0.978659420700868,0.9795053567682825,0.9803199634164639,0.9811043136247527,0.9818594235991761,0.9825863159950232,0.9832859090779033,0.9839591786567985,0.9846070003941902,0.9852302798890675,0.9858298656134641,0.9864065818502296,0.9869612222971209,0.9874945580353659,0.9880073821254215,0.9885003988016388,0.988974287383822,0.9894297894345522,0.9898675239412688,0.9902881323974724,0.9906922674889219,0.9910804980393502,0.991453411879484,0.9918115868685173,0.9921555535260677,0.9924858220682695,0.9928029342346901,0.9931073411338786,0.9933995501236762,0.9936799950574094,0.9939491345930452,0.9942073855097175,0.9944551618988677,0.9946928636946211,0.9949208706557054,0.995139565467473,0.9953492896399934,0.9955503975476035,0.9957432220395965,0.9959280816921559,0.9961052867625612,0.9962751365328669,0.996437919626892,0.996593912015473,0.9967433821899271,0.9968865824626624
A190,35.66794980855845,0.0,12.714285714285714,left,1,0.6883583297264055,0.6949458394893485,0.7014192347580371,0.707779712957834,0.7140285029469234,0.7201665063843206,0.7261949698355146,0.7321152444898977,0.7379283380243297,0.7436354748363934,0.7492379455769993,0.7547370386806751,0.7601339031241086,0.7654299644285252,0.7706263879049162,0.7757244336391943,0.7807254992962167,0.785630835987659,0.7904416580109224,0.7951593931356479,0.799785258234817,0.8043205792924594,0.8087667275808695,0.8131249094866294,0.8173965510352892,0.8215827720772744,0.825685015793091,0.8297045277695333,0.8336425769764152,0.8375003998657756,0.8412793220808064,0.8449806485227684,0.8486055091627036,0.8521553217225724,0.8556311910857983,0.8590343695880984,0.8623661169788032,0.8656275857543358,0.8688200482528966,0.8719446212570874,0.8750026147186538,0.8779950746966452,0.8809231305232411,0.8837880330904387,0.8865908071406865,0.8893327000293175,0.8920147646795815,0.8946379839743601,0.8972036367745106,0.8997126304091255,0.9021661074689032,0.9045651077139544,0.9069106001461151,0.9092036296380552,0.9114452975581023,0.9136364284659286,0.9157780982567424,0.9178712721354688,0.9199168113724111,0.9219157766697271,0.9238689795974655,0.9257774489090091,0.9276419711100613,0.9294634646100319,0.931242803933834,0.9329808651160357,0.9346784287994245,0.9363364062118473,0.9379555294811103,0.9395366581500851,0.9410805590140262,0.9425880298692542,0.9440597997644443,0.945496590353036,0.9468992456632951,0.948268446717043,0.9496048138415697,0.9509091932817808,0.9521821862393477,0.9534244582147404,0.9546367326758781,0.9558196206635041,0.9569737748172217,0.958099837292139,0.9591984241252526,0.9602700807589267,0.9613155125155985,0.9623351864478618,0.9633297710044855,0.9642997623594911,0.9652457636019492,0.9661682829007113,0.9670678485307102,0.9679449930896044,0.9688002135414979,0.9696340496084342,0.9704469299984335,0.9712393889413747,0.9720118764480381,0.9727648356434969,0.9734987486107669,0.9742140419008712,0.9749111682471127,0.9755905276481698,0.976252556475067,0.97689764018826
A191,38.67497427971435,0.0,11.285714285714286,left,3,0.5385496532198144,0.5473293383456734,0.556029956968849,0.564649444326007,0.5731858266662087,0.581636787111641,0.5900005460857067,0.5982755563426676,0.6064598857529597,0.6145519720672286,0.6225504589942228,0.6304540404907102,0.6382613030445429,0.6459713245583745,0.6535829092618508,0.6610950367596189,0.6685070110216259,0.6758179952920549,0.6830271583421943,0.6901341319831331,0.6971382344838835,0.7040390819698753,0.7108364326752752,0.7175298720536349,0.7241194124666087,0.7306046058103646,0.7369857108311173,0.7432626510524176,0.7494354620791239,0.755504296801883,0.7614693995388536,0.7673311315923215,0.7730896443356302,0.7787456027061369,0.7842992062914758,0.7897510290963006,0.7951016925195937,0.8003516511268975,0.8055016840508484,0.8105523992047593,0.8155046780158068,0.8203591455492812,0.82511657455642,0.8297779219875315,0.834343944960952,0.8388157380443053,0.8431941408432191,0.8474799752514842,0.8516745358882409,0.855778626552335,0.8597933635513715,0.8637198468388637,0.8675590645781581,0.8713121679235898,0.8749804433888116,0.8785647371872453,0.8820664192203524,0.885486603404892,0.8888263554573508,0.8920870686613412,0.8952697465842886,0.8983757954654228,0.9014062414138324,0.9043623498819312,0.9072453813162212,0.9100565774257284,0.912797047481588,0.9154681651107116,0.918071017998304,0.9206069241972348,0.9230770687667614,0.9254826762229761,0.9278249490548314,0.9301050130828541,0.9323242605622868,0.9344838007949239,0.9365846844983167,0.9386283581111451,0.9406158021044742,0.9425481835574786,0.9444267783814941,0.9462526206916203,0.9480268748429405,0.9497507125632831,0.9514252225806478,0.953051434967944,0.9546305603607619,0.956163526567782,0.9576515354234284,0.9590955310172321,0.9604966381227144,0.9618558126580203,0.9631740768117824,0.9644524246378341,0.9656918233819471,0.9668932954673791,0.9680576867040553,0.9691860055882902,0.9702791647028202,0.9713380267266352,0.9723635034302607,0.9733564784394196,0.9743177974153449,0.9752483036207582,0.9761488149845611,0.9770201253844816
A192,32.73017966935325,0.0,11.428571428571429,left,2,0.7550700591833633,0.7613296900053137,0.7674535132139766,0.773443635987816,0.7793021618508438,0.7850308581275548,0.7906318473868292,0.7961072853639811,0.80145902759392,0.8066891119725219,0.8117996319755467,0.8167926265126005,0.821670050289489,0.8264340365489474,0.8310865063834019,0.8356294242860792,0.8400648965175647,0.8443948477676713,0.8486211646419266,0.8527459299678305,0.8567709916911409,0.8606982855785271,0.8645297615135384,0.8682672676459087,0.8719127423800505,0.875467880052869,0.8789346481294535,0.8823148291502878,0.8856101640619476,0.888822425271231,0.891953368440881,0.8950047449502921,0.8979781743685629,0.9008754661895473,0.9036981316991362,0.9064478411838612,0.9091262396583043,0.9117348183782494,0.9142752263518223,0.9167489214092331,0.9191575110514836,0.9215023917110082,0.9237849983606728,0.9260068333533673,0.928169243658593,0.9302736868237786,0.9323214795719506,0.934313904060595,0.936252386731696,0.938138123333266,0.939972420094717,0.941756523244086,0.9434915835714074,0.9451788531984744,0.9468195434087935,0.9484146985180903,0.949965495983452,0.9514730562465501,0.9529383774649034,0.9543626312808231,0.955746748462793,0.9570918599306287,0.9583988485445137,0.9596687275295641,0.9609024439220956,0.9621009573013041,0.9632651351824825,0.9643959023770773,0.9654940945831239,0.9665606014551075,0.9675962397536452,0.9686018111231227,0.9695781273520752,0.9705259331951744,0.9714460451624082,0.9723391762124337,0.9732060147929222,0.9740473616666634,0.9748638175384157,0.9756560734562484,0.9764248360702005,0.977170700659794,0.9778943129634909,0.9785963031306488,0.9792772571795387,0.9799377206109499,0.9805783295869221,0.9811995583728415,0.9818020237759038,0.9823862041076201,0.9829526444362398,0.9835018343880395,0.9840342527656097,0.9845503830038919,0.9850506814112092,0.9855356303481885,0.9860056340794107,0.9864611312673182,0.9869025558612036,0.9873302968595539,0.9877447541812712,0.988146317473851,0.9885353662899641,0.9889122643156857,0.9892773603166175,0.9896310003296725
A193,33.7672645358385,0.0,11.285714285714286,left,3,0.7903360658218147,0.7983160194551612,0.8060698874048453,0.8136001281359454,0.8209093662397429,0.828000075846714,0.8348752458041007,0.8415381230718743,0.8479917065272163,0.8542393690863496,0.8602846877886035,0.8661312907314351,0.8717827687197695,0.8772430898205299,0.8825160134960967,0.8876054601651556,0.8925155310474395,0.8972502159242989,0.9018135360071812,0.9062097326308278,0.9104428327085616,0.9145170070439672,0.9184364707030604,0.9222052547627478,0.9258276252966005,0.929307504989893,0.9326491297069711,0.9358565203852905,0.9389336454848211,0.9418844871175512,0.9447130084863774,0.9474231167266136,0.9500185338111296,0.9525031589286009,0.9548806097102723,0.957154528250022,0.9593285484467536,0.9614061032018378,0.9633906901449572,0.9652856374039049,0.9670942792651795,0.9688197983534965,0.9704652999123976,0.9720338829844352,0.9735285002665723,0.9749521022847188,0.9763074955105526,0.9775973644986629,0.9788244756131684,0.9799913375064473,0.9811004959841473,0.9821543920158442,0.983155342817041,0.9841056545221621,0.9850075647928508,0.9858631484644914,0.9866744952782143,0.987443594413625,0.9881723352382382,0.9888626107618727,0.9895161605010525,0.9901347373110666,0.9907199617366367,0.9912734222780417,0.9917966560577529,0.9922911254121253,0.9927582183485111,0.9931993065495035,0.9936156642645214,0.994008545436453,0.9943791252718017,0.9947285475958344,0.9950578905088378,0.9953681867805342,0.995660453184764,0.9959356256969225,0.9961945925426976,0.9964382499629614,0.9966673981172345,0.9968828230272655,0.997085286041959,0.997275487292885,0.9974541080476828,0.9976217978810162,0.9977791674102212,0.9979267929556513,0.9980652391187942,0.9981950185555215,0.998316643175952,0.9984305735538318,0.9985372690975133,0.9986371495361714,0.998730616453147,0.9988180513178953,0.9988998161092271,0.9989762548005697,0.9990476842923335,0.9991144118332613,0.9991767273617419,0.9992349004351626,0.9992891871734734,0.9993398322647816,0.999387063345753,0.9994310941253833,0.9994721286570333,0.9995103562647024
A194,34.2856988590181,0.0,12.714285714285714,left,2,0.8553217314503385,0.8603785384545279,0.8652778414821443,0.870023697225423,0.8746200866740742,0.8790706972617752,0.8833793876268452,0.8875500151497279,0.8915861094604843,0.8954913305239077,0.8992692673282005,0.9029234351956351,0.9064572208641221,0.9098740676107785,0.9131772451257093,0.9163699701453912,0.919455476085265,0.9224368486988536,0.9253170798305127,0.928099238935666,0.9307861692979629,0.9333807529366178,0.9358858140936908,0.9383039844401194,0.9406380278331007,0.9428904267374113,0.9450637789792732,0.947160535374951,0.9491831002809249,0.9511337947942123,0.9530149113158776,0.9548287266634472,0.95657730178301,0.9582628820370029,0.9598874047959891,0.9614528919058153,0.9629613303490441,0.9644145284203655,0.9658143947296228,0.9671626641900691,0.9684611231692827,0.9697114068199462,0.9709151364941335,0.9720739398137986,0.9731893049963143,0.9742627856843534,0.9752957898096497,0.9762897005234061,0.9772459362310248,0.9781657707992063,0.9790505037840503,0.9799013768379276,0.980719558982054,0.9815062406156873,0.9822625659215631,0.9829895687878786,0.9836883531277179,0.9843599150903638,0.9850052375558669,0.985625302630903,0.9862209960165749,0.9867932609812783,0.9873429140070663,0.9878708074312567,0.9883777461933623,0.9888645214095051,0.9893318685240561,0.9897805285639683,0.9902111899100622,0.9906245456456686,0.9910212391531015,0.9914019128943354,0.9917671678547705,0.9921175810074645,0.9924537504732545,0.9927762127202852,0.9930854745181403,0.9933820787812144,0.993666492734878,0.9939391954921611,0.9942006524079886,0.9944512909142903,0.9946915411486247,0.9949218173445591,0.9951425090691809,0.9953539803765604,0.9955566239425736,0.9957507655840592,0.9959367619108837,0.9961149263703583,0.9962855820159878,0.9964490270918683,0.9966055491738871,0.9967554299090395,0.9968989359634733,0.9970363345573898,0.997167862147519,0.9972937666581528,0.9974142765439252,0.9975296099714801,0.9976399805238464,0.9977455935261843,0.9978466463261378,0.9979433255337187,0.9980358151592112,0.9981242847697747
A195,30.4758298591061,0.0,13.285714285714286,left,3,0.6936294128769576,0.7025005128181137,0.71120228770687,0.7197343208116527,0.7280963892683459,0.7362879876264895,0.7443092357031084,0.7521605443364816,0.7598420348099757,0.767354214284223,0.7746978836410721,0.7818739104539266,0.7888831333661235,0.7957268831133819,0.8024062630114283,0.8089226031638252,0.815277537258021,0.8214725948580408,0.8275093509112255,0.8333897861573295,0.8391156418825153,0.8446889190533939,0.8501117378442333,0.8553860924787848,0.8605143350633937,0.8654984351960459,0.8703408962028573,0.8750439926413552,0.879610077393155,0.8840415426009371,0.8883408720896869,0.8925105868942252,0.8965530566660287,0.9004710056092611,0.9042667891005454,0.9079430058728171,0.9115022640014571,0.914947013442689,0.918279902058724,0.9215034394469286,0.9246202876322445,0.9276328645190095,0.9305436892380065,0.9333553334595499,0.9360702421392941,0.9386909996343251,0.9412199687712743,0.943659526853669,0.946012246961437,0.948280354182154,0.9504662639009074,0.9525723089389541,0.9546006943899918,0.9565537210707308,0.9584336870292844,0.9602426057151269,0.9619827307079576,0.9636561550353404,0.9652648975785192,0.9668110562503711,0.968296528198141,0.9697233876726736,0.9710934239382282,0.9724085572477073,0.9736705946439472,0.9748813513910691,0.9760425147706425,0.9771558436190773,0.978222960798625,0.9792454935508961,0.9802250198583704,0.9811630877695452,0.9820611706495244,0.9829207065908158,0.9837431780056451,0.9845299275943734,0.9852822503205196,0.9860015242448399,0.9866889419413728,0.9873457421361644,0.9879731445907198,0.9885722616139927,0.9891442173006211,0.9896901113047828,0.9902109685589451,0.9907077786640649,0.9911815717889266,0.991633232979438,0.9920637216306927,0.9924738847188341,0.9928646080183301,0.9932366942307969,0.9935909321167486,0.9939280869835517,0.9942489004342816,0.994554093602828,0.9948443275153285,0.9951202697756267,0.9953825620661236,0.9956318039215396,0.9958685815838855,0.996093461473621,0.9963069877454421,0.9965096782300664,0.9967020306484473,0.9968845210246758
A196,31.29760414506355,0.0,12.0,left,0,0.7961035749215648,0.8023440579837917,0.8084241263477241,0.8143466687885673,0.8201145157167714,0.8257302616584123,0.831196783362344,0.8365170017443049,0.8416935927502132,0.8467293234352077,0.8516270896933358,0.8563897006085405,0.8610198457577113,0.8655204363519603,0.8698941543552299,0.8741436827493152,0.8782718528480531,0.8822813106196327,0.8861746595607042,0.8899546763851539,0.8936238920836361,0.8971849153693454,0.9006403519944043,0.9039926654031483,0.9072444742460465,0.9103980423947504,0.9134559776904592,0.9164205992416897,0.9192942635900943,0.9220792730465829,0.924777934232784,0.9273925071254465,0.929925127060019,0.9323780737814816,0.9347533791635095,0.9370531397417009,0.9392794542596293,0.9414342399940114,0.9435195677333036,0.9455373182220135,0.9474894203213035,0.9493776786497713,0.9512039063813343,0.952969885424162,0.9546773487206651,0.9563280303751716,0.9579235495278271,0.9594654818224343,0.9609555266507154,0.9623951193437169,0.9637858179503077,0.9651291022684721,0.9664263792459001,0.967679041045266,0.9688885401348633,0.9700560888993626,0.9711830648459685,0.9722707123674076,0.9733202368451134,0.9743328957965225,0.9753097917368848,0.9762521329355346,0.9771609682491469,0.9780373951752653,0.978882452548033,0.9796971910645155,0.9804825489134111,0.9812395331685998,0.9819690426710814,0.9826720140689365,0.983349323741709,0.9840018246752793,0.9846303390757248,0.985235667227862,0.985818638106992,0.9863799833922802,0.9869204096817853,0.9874406979710812,0.9879414926805415,0.9884234669842675,0.9888873100874634,0.989333618034169,0.9897630115386866,0.9901761027752644,0.9905734521435378,0.990955599191604,0.9913231225961684,0.9916764985954718,0.9920162711113351,0.992342901090945,0.9926568806373378,0.9929586553107705,0.9932486696830795,0.9935273538998545,0.9937951165149944,0.9940523715358711,0.994299486486834,0.994536845879672,0.9947648106901086,0.9949837267789322,0.9951939318567182,0.9953957522783915,0.9955895033464229,0.9957754868578034,0.9959539971934601,0.9961253108585894
A197,28.48468275948035,0.0,11.428571428571429,left,2,0.6908688457316536,0.6974759779545827,0.7039675802407515,0.7103448727968664,0.7166090979399542,0.7227611887980847,0.7288023975649603,0.7347341032690312,0.7405573431952395,0.7462733458614688,0.7518834381824466,0.7573889454005152,0.7627910135138971,0.7680910959599219,0.7732904074653826,0.7783902173453792,0.783391952709451,0.788296885224031,0.7931062505492792,0.7978215262983636,0.8024439318885147,0.8069748342943668,0.8114156264424655,0.8157675375784299,0.8200320340242357,0.8242102407902864,0.8283036412565024,0.8323135217953344,0.8362411384011893,0.8400878037106527,0.843854830258724,0.8475435627103596,0.8511551544334325,0.8546910442073249,0.8581523603354082,0.8615403935815855,0.8648564410672299,0.8681016448427818,0.871277298501442,0.874384572340724,0.8774247954139217,0.8803990048993191,0.8833083964448346,0.8861542095134435,0.8889375192455957,0.8916595615741457,0.8943214237918221,0.8969241089003418,0.8994689256543831,0.9019568009837913,0.9043888669862099,0.9067662211945353,0.9090898235918144,0.9113607484922448,0.9135801119820662,0.9157487567431669,0.9178677849658717,0.9199381643356443,0.9219607722908072,0.9239366821062336,0.9258667327437132,0.9277519643083361,0.9295931780277724,0.9313912824409281,0.9331471976775966,0.9348618108409898,0.9365358834996089,0.9381703582719705,0.9397659898956974,0.9413236470262295,0.9428441067408656,0.9443281376326395,0.9457765371699141,0.9471900170617631,0.9485694096176056,0.9499154060428273,0.9512286727638815,0.9525100597247473,0.9537601257216799,0.9549795788263848,0.9561691644218941,0.9573294841856418,0.9584611811088728,0.9595649194713132,0.9606413363512851,0.9616909685326193,0.962714523950213,0.9637124633331453,0.9646854865255413,0.9656340813928109,0.9665588540553673,0.967460330982765,0.9683390306525377,0.9691954890512137,0.9700302070198297,0.970843738742916,0.9716365170546484,0.9724090414092164,0.9731618128410819,0.9738952648148842,0.974609857949424,0.9753060439288933,0.9759842655589027,0.9766449463690043,0.9772884917438798,0.977915310084881
A198,30.7274840213424,0.0,12.571428571428571,left,3,0.7109713668995181,0.7197462309463695,0.728341099842158,0.7367559417480749,0.7449909039525435,0.7530459113426959,0.7609214859661675,0.7686184213457502,0.7761372536263558,0.7834789323599436,0.7906446285351054,0.7976356600627761,0.8044532509222129,0.8110991445698819,0.8175748543372294,0.8238821234167705,0.8300229426821074,0.8359992824668219,0.8418130918325701,0.8474667263014536,0.8529623074981237,0.8583022028969562,0.8634888893720709,0.8685247341603114,0.8734123926613888,0.8781541825729172,0.8827529533400285,0.8872112975416357,0.8915318317674166,0.8957172900656233,0.899770426133943,0.9036940345152172,0.9074907584844157,0.911163565064771,0.9147150780416371,0.9181480896593521,0.9214654655057044,0.9246698634809494,0.9277641391491427,0.9307509745050274,0.9336332056350823,0.9364134630285256,0.9390943753859629,0.9416787326747159,0.9441690643497589,0.9465680789465772,0.9488783248983264,0.9511022410850115,0.9532425078414859,0.955301458488545,0.9572815882229714,0.9591852901419512,0.9610148929621216,0.9627727073266927,0.964461077813205,0.9660821233540325,0.967638082696214,0.9691310961370856,0.9705632006886694,0.9719365305694635,0.9732530046030617,0.9745146548035284,0.9757233306490729,0.9768808982174889,0.9779891898267302,0.9790500017740515,0.9800649899987434,0.981035893245754,0.9819643035088332,0.9828518338055906,0.9837000268078904,0.9845103673873065,0.9852843226793931,0.9860232666683737,0.9867286338497588,0.9874017228941003,0.9880437777493327,0.988656124739057,0.9892399109422183,0.9897963045160908,0.990326468152272,0.9908314606835763,0.9913123442834165,0.9917701491716227,0.9922058507875728,0.9926203787598956,0.9930146781140321,0.9933895930641723,0.9937460067533568,0.9940847115389345,0.9944065155394889,0.9947121610293964,0.9950023802148177,0.9952778740570835,0.9955393137153558,0.9957873583932366,0.9960226082958574,0.9962456753030059,0.9964571304518746,0.9966575150559893,0.9968473602923161,0.9970271727946343,0.997197433931185,0.9973586070528231,0.9975111340930386,0.9976554366437711
A199,33.404748603253296,0.0,13.571428571428571,left,1,0.7428728131720995,0.7491932660741834,0.7553823472159258,0.7614419609110418,0.7673740205407596,0.7731801297996321,0.7788622251033048,0.7844222994267874,0.7898620320261218,0.7951832905260177,0.8003879926777798,0.8054780419184726,0.8104551916192967,0.8153214758970339,0.8200786296565957,0.8247284549727691,0.8292729397378853,0.8337138699593505,0.8380529779785764,0.842292202773392,0.8464332626743719,0.8504779871165065,0.8544282063790458,0.8582855997196261,0.8620520440984554,0.8657290680238141,0.8693185692795523,0.8728221933829365,0.8762416097891954,0.8795784620972048,0.8828344122118978,0.8860111217014865,0.8891101183425801,0.8921331327772575,0.8950815733088346,0.8979570474122828,0.9007611121043035,0.9034951945545253,0.9061608381522037,0.9087594697391319,0.911292624268998,0.9137616188094746,0.9161678405114002,0.9185127145372866,0.9207975549858014,0.9230237602336947,0.925192595511871,0.9273052815892731,0.9293632310716082,0.9313675692050066,0.9333195658718263,0.935220430743794,0.9370712957472713,0.9388733423310754,0.9406277750846241,0.9423356017158302,0.9439979956749999,0.945616014695964,0.947190646577349,0.9487230501409107,0.9502141275362946,0.9516649657932406,0.9530764750666381,0.9544496386817878,0.9557853728363525,0.9570846441530161,0.9583482735235397,0.9595772272061301,0.9607722977401048,0.9619343718008527,0.9630642738786849,0.9641627850755012,0.9652307156207632,0.966268804915648,0.9672778874050786,0.9682586721661781,0.9692118182250983,0.9701381510699133,0.971038264383955,0.971912866091997,0.972762647941005,0.9735882284363343,0.9743902488383406,0.9751693365623305,0.9759260945808632,0.976661071370695,0.9773749292072339,0.9780681205879723,0.9787413006574192,0.9793949219656648,0.9800295725977306,0.9806457322559572,0.981243898770805,0.9818245676090221,0.9823882055273646,0.9829353024069553,0.9834662784881467,0.9839815860472187,0.9844816661524323,0.9849669262739988,0.9854377725373347,0.9858946160787293,0.9863378504531707,0.9867678390277338,0.9871849642244684,0.9875895723740975
A200,31.619831582914998,0.0,13.857142857142858,left,0,0.7449389158260097,0.7516608345843562,0.7582387623279405,0.7646745759266166,0.7709701508268498,0.7771270637256829,0.7831472508268887,0.7890327501276946,0.7947852828524857,0.8004067711977119,0.805899237456865,0.8112646712760025,0.8165049426401068,0.8216221979506606,0.8266183503805362,0.8314953394515965,0.8362553020756307,0.8409001899018087,0.8454319317715142,0.8498526861857779,0.8541643534825422,0.8583689526054207,0.8624685281655506,0.8664649846876656,0.8703604406234167,0.8741566183143044,0.8778556817514808,0.8814594765832231,0.8849699218135615,0.8883888989548513,0.8917183236371288,0.8949600832588054,0.8981159389750133,0.9011878604452855,0.904177522839447,0.9070867500123949,0.9099173567008768,0.9126709937977707,0.9153494590154421,0.9179543872948533,0.9204875625663472,0.9229505360471667,0.9253448989126585,0.9276723439349298,0.9299343641266224,0.93213260633241,0.9342685441197264,0.9363435962379116,0.9383593855174351,0.9403172742965415,0.9422186920359694,0.944065068265365,0.9458577167545837,0.9475980290100984,0.949287373351064,0.9509269532635207,0.9525180983027459,0.9540620456199861,0.9555599800888227,0.957013182625467,0.9584227331919815,0.9597898846785359,0.9611156798517465,0.9624012369173243,0.9636476669042789,0.9648560156993169,0.9660272826234793,0.9671625304626247,0.9682627059280101,0.9693287908756789,0.9703617337376615,0.9713624389134767,0.9723318288891604,0.9732707359025637,0.9741800907064758,0.9750607108010184,0.9759133546118322,0.9767389250030316,0.9775381239452402,0.9783117227788916,0.9790604938588037,0.9797851330079698,0.9804863586876261,0.9811648715309614,0.9818213284949378,0.9824563549700163,0.9830706541142753,0.9836647704561893,0.984239373790094,0.9847949982788974,0.9853322651096788,0.9858517041391818,0.9863538689588177,0.9868392709849325,0.9873084363187349,0.9877618829078441,0.9882000637186901,0.9886234711642323,0.9890325712753114,0.9894277942218302,0.9898095823774415,0.9901783547641166,0.9905345404010324,0.9908785192838794,0.9912106873891579,0.9915314098082543
A201,31.835204530762503,0.0,11.0,left,2,0.8212183451488578,0.8267938014387298,0.832216722661434,0.8374904206723319,0.8426181781789959,0.8476029168898034,0.8524478891003175,0.8571563139491744,0.8617310943335073,0.8661753154851908,0.870492018437591,0.8746841963024525,0.8787547301663527,0.8827066165937438,0.8865426419448167,0.8902655964293028,0.8938783528408974,0.8973836020377775,0.9007839725083436,0.9040822180433894,0.9072808713308173,0.9103824908936582,0.9133896656583992,0.9163047832874399,0.919130371704825,0.9218686401467545,0.9245220756521989,0.9270929085773796,0.9295833561236909,0.9319956186437951,0.9343318548965179,0.936594191650881,0.938784630145504,0.9409052739704863,0.9429580108355966,0.9449447979125358,0.9468675192185835,0.9487279889121353,0.9505280431991281,0.9522693945540464,0.9539538272497631,0.9555829534285019,0.9571583896507943,0.9586817678799299,0.9601546219857858,0.9615784846823291,0.9629548397207068,0.964285038415565,0.9655706162697609,0.9668128347551396,0.9680130525944176,0.9691725948249147,0.97029267819384,0.9713745302696684,0.9724194080797742,0.9734283949881095,0.9744026544636462,0.9753432965460165,0.9762513493728098,0.97712789025139,0.977973905529099,0.978790406491439,0.9795783185306494,0.9803385539698215,0.981072046692972,0.9817796590549621,0.9824622139111964,0.9831205711852895,0.9837555081128916,0.9843677975717545,0.9849582060382818,0.985527447881129,0.9860762397212877,0.9866052493500644,0.9871151737154343,0.9876066478977402,0.9880802640501671,0.9885366792456425,0.9889764437537548,0.9894001291490344,0.9898083176056298,0.9902015061812923,0.9905802272820519,0.9909449907269093,0.9912962702146747,0.9916345258504227,0.9919602413715737,0.9922738201093069,0.9925757168388849,0.9928663189946992,0.9931460528674944,0.9934152813723094,0.9936743846264824,0.9939237225427159,0.9941636435233104,0.9943944916741501,0.9946165758003511,0.99483022545062,0.9950357423584502,0.9952334125040817,0.9954235279182904,0.9956063617212885,0.9957821835934193,0.9959512404919929,0.9961137848449017,0.9962700526820164
A202,31.7390617668824,0.0,11.857142857142858,left,0,0.7549720995683257,0.7616166837228123,0.7681138316724682,0.774465567681463,0.780673972433173,0.7867407891390608,0.7926681230249059,0.7984581859610203,0.8041128366321608,0.8096341862820927,0.8150244027031671,0.8202856277793603,0.8254198827315837,0.8304294561374033,0.8353164044611964,0.840082806540171,0.8447309303797819,0.8492628591021831,0.8536806499596639,0.8579865801830528,0.8621826714321612,0.8662710570136839,0.8702538910805718,0.8741332031933787,0.8779111642989899,0.8815896503945563,0.8851708993832856,0.8886568666417253,0.8920495163169759,0.8953508596561948,0.8985628784842968,0.9016875377739889,0.9047266768001222,0.9076823315638769,0.910556250534951,0.9133503339467128,0.9160664185860043,0.9187062558390844,0.9212716834489457,0.9237643918649145,0.926186210191976,0.928538741066348,0.9308236217144052,0.9330425824657548,0.9351971593454533,0.9372890312365498,0.9393196981695682,0.9412906352635809,0.9432034964540907,0.9450596173951095,0.9468605105806212,0.9486076073786311,0.9503022634278531,0.951945833431987,0.9535397704254835,0.9550852295525957,0.9565836014886578,0.9580361186204699,0.9594439781152193,0.9608084643191874,0.9621306698224058,0.9634118465408295,0.9646530605347344,0.9658554032099881,0.9670199858939682,0.9681478954585473,0.969240092191453,0.9702976465652204,0.971321492696433,0.9723126316564976,0.9732719938549449,0.9742004900646672,0.9750990004518706,0.9759683866838221,0.9768095647635203,0.9776233232982678,0.9784104259927773,0.9791717570377856,0.9799080131110973,0.9806199437838615,0.9813083339096892,0.981973841306601,0.9826171707407061,0.9832390249893664,0.9838400392896844,0.9844208268744975,0.984982070309518,0.9855243054590382,0.986048180919302,0.9865542268156199,0.9870430300750554,0.9875151140071341,0.9879710085750014,0.9884112293191963,0.9888362656390286,0.9892466234339695,0.989642742086482,0.9900250953494977,0.9903941317886369,0.990750261193035,0.9910939187816432,0.9914255065981664,0.9917454203427107,0.9920540397082895,0.9923517381881347,0.9926388653720852
A203,28.5281463732537,0.0,11.571428571428571,left,3,0.7109713668995181,0.7197462309463695,0.728341099842158,0.7367559417480749,0.7449909039525435,0.7530459113426959,0.7609214859661675,0.7686184213457502,0.7761372536263558,0.7834789323599436,0.7906446285351054,0.7976356600627761,0.8044532509222129,0.8110991445698819,0.8175748543372294,0.8238821234167705,0.8300229426821074,0.8359992824668219,0.8418130918325701,0.8474667263014536,0.8529623074981237,0.8583022028969562,0.8634888893720709,0.8685247341603114,0.8734123926613888,0.8781541825729172,0.8827529533400285,0.8872112975416357,0.8915318317674166,0.8957172900656233,0.899770426133943,0.9036940345152172,0.9074907584844157,0.911163565064771,0.9147150780416371,0.9181480896593521,0.9214654655057044,0.9246698634809494,0.9277641391491427,0.9307509745050274,0.9336332056350823,0.9364134630285256,0.9390943753859629,0.9416787326747159,0.9441690643497589,0.9465680789465772,0.9488783248983264,0.9511022410850115,0.9532425078414859,0.955301458488545,0.9572815882229714,0.9591852901419512,0.9610148929621216,0.9627727073266927,0.964461077813205,0.9660821233540325,0.967638082696214,0.9691310961370856,0.9705632006886694,0.9719365305694635,0.9732530046030617,0.9745146548035284,0.9757233306490729,0.9768808982174889,0.9779891898267302,0.9790500017740515,0.9800649899987434,0.981035893245754,0.9819643035088332,0.9828518338055906,0.9837000268078904,0.9845103673873065,0.9852843226793931,0.9860232666683737,0.9867286338497588,0.9874017228941003,0.9880437777493327,0.988656124739057,0.9892399109422183,0.9897963045160908,0.990326468152272,0.9908314606835763,0.9913123442834165,0.9917701491716227,0.9922058507875728,0.9926203787598956,0.9930146781140321,0.9933895930641723,0.9937460067533568,0.9940847115389345,0.9944065155394889,0.9947121610293964,0.9950023802148177,0.9952778740570835,0.9955393137153558,0.9957873583932366,0.9960226082958574,0.9962456753030059,0.9964571304518746,0.9966575150559893,0.9968473602923161,0.9970271727946343,0.997197433931185,0.9973586070528231,0.9975111340930386,0.9976554366437711
A204,33.7235699567846,0.0,11.571428571428571,left,2,0.8495333645766849,0.854687602687017,0.8596849486106851,0.8645292772752184,0.8692244604777596,0.8737740604288834,0.8781818058306197,0.8824514774604795,0.8865864958275905,0.8905903783246711,0.8944666648001747,0.8982187675109493,0.901849988088101,0.9053637061964587,0.9087630894866658,0.9120512852237661,0.9152314892123943,0.9183067126971056,0.9212798892128589,0.9241540385701343,0.9269319644846616,0.9296164821453434,0.9322103659150468,0.9347162612293359,0.9371368577562446,0.9394746136364042,0.9417321012128412,0.9439117456286878,0.946015928975922,0.9480469518731877,0.9500071079517096,0.9518986082401923,0.9537235675709954,0.9554841587348354,0.9571823571988887,0.9588201632772428,0.9603995623348129,0.9619223718320974,0.9633904591958847,0.9648056169958992,0.9661695939895645,0.9674840285682074,0.9687505870527541,0.9699708539357029,0.9711463617368256,0.9722786638446949,0.9733691764405163,0.9744192928371048,0.9754304469426226,0.976403923121478,0.9773410359976514,0.9782430419738334,0.9791111233991695,0.9799464881696219,0.9807502980096775,0.9815236089212622,0.9822675188305097,0.9829830746139474,0.9836712432438853,0.9843330517079202,0.9849693934239976,0.9855812338528417,0.9861694051848177,0.9867347800625489,0.9872781825073427,0.9878004237756784,0.9883022573776366,0.9887844447150409,0.9892476924818662,0.9896927142214559,0.990120177172614,0.9905307275108968,0.9909250009593444,0.9913035920377093,0.9916671101851398,0.9920161102076582,0.992351125009725,0.992672718231669,0.992981364572368,0.9932775620545491,0.993561802765299,0.9938345264854161,0.9940961812484299,0.9943471989320934,0.9945879856377624,0.9948189239158679,0.9950404187432519,0.9952528099971104,0.9954564779903524,0.9956517474292371,0.9958389575664484,0.9960184213231279,0.9961904407297849,0.9963553121044669,0.9965133160674118,0.9966647346083946,0.9968098187290712,0.9969488240192121,0.9970819983826446,0.9972095702533196,0.9973317658028743,0.9974488026698236,0.9975608902399474,0.9976682282354825,0.9977710072941064,0.9978694126343584
A205,29.201728077691,0.0,11.714285714285714,left,1,0.7577781197826964,0.7639905978066639,0.7700672720641518,0.7760102750816584,0.7818217633113362,0.7875035651299354,0.7930578109562741,0.7984867109466045,0.8037921541859191,0.8089762091171717,0.8140409786817305,0.81898858399999,0.8238209394369169,0.8285402641674098,0.8331484546638096,0.8376475389632976,0.8420396127584449,0.8463266423355632,0.8505105194375183,0.8545933298686887,0.8585769414809177,0.862463323934455,0.8662544422587968,0.8699521112994263,0.8735583302076073,0.877074759273736,0.8805034070062858,0.8838460353500981,0.8871044241074686,0.8902803233840355,0.8933754956394828,0.896391697839354,0.8993305549221134,0.9021938656420239,0.9049831725614625,0.9077001207878189,0.9103463568666467,0.9129233738077037,0.915432820189097,0.9178761540236806,0.9202549809188263,0.9225706844875654,0.9248247098251524,0.9270185330685015,0.9291535219176146,0.9312311074537666,0.9332526359390013,0.9352193317598526,0.9371326693980475,0.9389938087150671,0.9408040508129577,0.9425646367655031,0.9442767317225105,0.9459415428290072,0.947560312997711,0.9491340440319336,0.9506639252476169,0.952151070247083,0.9535964880852269,0.9550012913556629,0.9563664556010278,0.9576930703862958,0.9589820288188038,0.9602343209009594,0.9614509020164769,0.9626327237452285,0.9637806319169442,0.9648955441136362,0.9659783168440247,0.9670297903398419,0.968050788494306,0.9690421188268085,0.9700045850114367,0.970938899678295,0.9718458964741623,0.9727262690310958,0.9735806990982986,0.9744099794481709,0.975214704682413,0.9759955693693481,0.9767532615520963,0.9774883701068161,0.9782015238027227,0.9788933659379172,0.9795644562626442,0.980215343928948,0.980846657793134,0.981458875227127,0.9820525879498159,0.9826282690338928,0.9831864739146148,0.9837276695286572,0.9842523448197382,0.9847609537117157,0.9852539700033757,0.9857318620729557,0.9861950146827874,0.9866438823817368,0.9870788794226704,0.9875003965218361,0.9879088217774393,0.9883045461650504,0.9886879439648072,0.9890593678617676,0.9894191678542159,0.9897676794494938
A206,31.748841189250953,0.0,11.0,left,0,0.8118534767282102,0.8178983035188057,0.8237784918590004,0.829497260819407,0.8350577998930206,0.840463052360095,0.8457162237010327,0.8508205510649216,0.8557790260525955,0.8605947176120626,0.8652708071781131,0.8698103821356445,0.8742164052643846,0.8784920393539459,0.8826402180313566,0.8866638652701163,0.8905660343679934,0.8943495920061293,0.8980173540615414,0.9015722884739098,0.9050171207251528,0.9083546385530049,0.9115876157569722,0.9147186945545797,0.9177506011765633,0.9206857953486018,0.9235269965536231,0.9262766688090056,0.9289372547988045,0.9315112053689171,0.9340009192217774,0.9364087427099717,0.9387369392133285,0.9409878322706003,0.94316353998648,0.9452662493302865,0.9472981099753486,0.9492611245918287,0.9511573720329317,0.9529887868117111,0.9547573883185869,0.9564649717349974,0.9581133842181124,0.9597044824209706,0.9612399754547176,0.9627216139570922,0.9641510799148781,0.9655299210479875,0.966859832926385,0.9681423068902336,0.9693788557873682,0.9705709692605624,0.9717200397809984,0.9728274880258393,0.9738946975623706,0.9749229268970485,0.9759134936977287,0.9768676374054661,0.9777865458776666,0.9786714465609898,0.9795234254991071,0.9803436553291024,0.9811331641833368,0.9818930085291258,0.9826242232247068,0.9833277880756156,0.9840046399759129,0.9846557368021003,0.9852819542510762,0.9858841734618288,0.9864632419829095,0.9870199686283465,0.9875551585945584,0.9880695539724964,0.9885639378905723,0.9890390186695135,0.9894954610972776,0.9899339953459033,0.9903552327112459,0.9907598105450385,0.9911483555190819,0.9915214438591504,0.9918796533680354,0.9922235425590353,0.9925536380866782,0.9928704416492014,0.9931744845234358,0.9934662104457348,0.9937461164665127,0.9940146249591891,0.9942721925700567,0.9945192274860939,0.9947561282530281,0.9949832866366614,0.9952010807048872,0.9954098811020218,0.9956100219673685,0.9958018492717409,0.9959856906425477,0.9961618516568652,0.9963306376692577,0.9964923380774829,0.9966472412000916,0.9967956087606932,0.996937704464787,0.997073773928332
A207,30.92920120405215,0.0,12.571428571428571,left,3,0.6936294128769576,0.7025005128181137,0.71120228770687,0.7197343208116527,0.7280963892683459,0.7362879876264895,0.7443092357031084,0.7521605443364816,0.7598420348099757,0.767354214284223,0.7746978836410721,0.7818739104539266,0.7888831333661235,0.7957268831133819,0.8024062630114283,0.8089226031638252,0.815277537258021,0.8214725948580408,0.8275093509112255,0.8333897861573295,0.8391156418825153,0.8446889190533939,0.8501117378442333,0.8553860924787848,0.8605143350633937,0.8654984351960459,0.8703408962028573,0.8750439926413552,0.879610077393155,0.8840415426009371,0.8883408720896869,0.8925105868942252,0.8965530566660287,0.9004710056092611,0.9042667891005454,0.9079430058728171,0.9115022640014571,0.914947013442689,0.918279902058724,0.9215034394469286,0.9246202876322445,0.9276328645190095,0.9305436892380065,0.9333553334595499,0.9360702421392941,0.9386909996343251,0.9412199687712743,0.943659526853669,0.946012246961437,0.948280354182154,0.9504662639009074,0.9525723089389541,0.9546006943899918,0.9565537210707308,0.9584336870292844,0.9602426057151269,0.9619827307079576,0.9636561550353404,0.9652648975785192,0.9668110562503711,0.968296528198141,0.9697233876726736,0.9710934239382282,0.9724085572477073,0.9736705946439472,0.9748813513910691,0.9760425147706425,0.9771558436190773,0.978222960798625,0.9792454935508961,0.9802250198583704,0.9811630877695452,0.9820611706495244,0.9829207065908158,0.9837431780056451,0.9845299275943734,0.9852822503205196,0.9860015242448399,0.9866889419413728,0.9873457421361644,0.9879731445907198,0.9885722616139927,0.9891442173006211,0.9896901113047828,0.9902109685589451,0.9907077786640649,0.9911815717889266,0.991633232979438,0.9920637216306927,0.9924738847188341,0.9928646080183301,0.9932366942307969,0.9935909321167486,0.9939280869835517,0.9942489004342816,0.994554093602828,0.9948443275153285,0.9951202697756267,0.9953825620661236,0.9956318039215396,0.9958685815838855,0.996093461473621,0.9963069877454421,0.9965096782300664,0.9967020306484473,0.9968845210246758
A208,31.7791255941719,0.0,12.571428571428571,left,2,0.7544567706425493,0.7607210530376456,0.7668497195684704,0.7728448574835187,0.77870856086248,0.7844425973378983,0.790049050865375,0.7955300979741009,0.8008875754660791,0.8061235127508923,0.8112400044812103,0.8162390626683527,0.8211226435748482,0.8258928548298874,0.8305516465020882,0.8351009752064367,0.8395429047449312,0.8438793709015953,0.8481122536081211,0.8522436295546776,0.856275323796837,0.8602092996565693,0.8640475007037557,0.8677917209923084,0.8714439579642361,0.8750058372158331,0.8784793839618823,0.8818663144365883,0.8851684255490873,0.8883874402240879,0.8915251249945042,0.894583227289733,0.897563362659666,0.9004673235413081,0.9032966584549071,0.9060529933710388,0.9087379708823118,0.9113531180591685,0.9139000296083765,0.9163802112146073,0.9187952302996503,0.9211464932045493,0.9234354325210031,0.9256635370945693,0.9278321749082571,0.9299427900668913,0.9319967082602842,0.933995177105804,0.9359396754955212,0.9378313441712379,0.9396714893336606,0.9414613967610687,0.9432022147125781,0.9448951361904738,0.9465414299279097,0.9481421196049581,0.9496983820827917,0.951211337179203,0.9526819821476331,0.9541114885137241,0.9555008027138896,0.9568510061945871,0.9581630306170644,0.9594378726070756,0.9606764941727366,0.9618798242290243,0.9630487310278818,0.964184168886058,0.9652869724667628,0.9663579899657094,0.9673980799498234,0.9684080303022129,0.9693886531257212,0.9703406933157466,0.971264967963955,0.9721622021503659,0.9730330489005549,0.9738783455008808,0.9746986808173218,0.9754947464701633,0.9762672498692301,0.9770167969558178,0.9777440132213611,0.978449540094121,0.9791339545388216,0.9797978219912269,0.9804417697718406,0.9810662813662495,0.9816719565615872,0.982259274773546,0.9828288075493409,0.983381011500668,0.9839163910924321,0.984435422246614,0.9849385695371866,0.9854263010298288,0.9858990221345587,0.9863571938566281,0.9868012227441113,0.9872315194510215,0.9876484777443223,0.9880524881086141,0.9884439370820096,0.9888231707221606,0.9891905570024794,0.9895464366298106
A209,34.97491244911275,0.0,13.285714285714286,left,0,0.660736920886072,0.6678307106014993,0.6748114703012197,0.6816798896543295,0.6884366994292094,0.6950823009057943,0.7016174926288199,0.7080431969375721,0.7143600026400813,0.7205687288541981,0.7266703141309393,0.7326657030739808,0.7385556738176546,0.7443413681462131,0.7500236620601715,0.7556035083175886,0.7610820629599471,0.7664603408064696,0.7717392971994139,0.7769201862466922,0.7820039923829079,0.7869918795855748,0.7918850355848986,0.7966845233500081,0.8013916475100673,0.8060073250859013,0.8105329555214211,0.8149696613861458,0.8193185662470954,0.8235808931479282,0.8277578585053482,0.8318506883597908,0.8358604745573461,0.8397885998793228,0.8436360980244307,0.8474042352814195,0.8510942256710751,0.8547071987804806,0.8582444342678037,0.8617070416556085,0.8650963555561094,0.868413427332615,0.8716594022740578,0.8748355280747179,0.8779429020229781,0.8809827963448642,0.8839562877955551,0.8868644013818815,0.8897084896209768,0.89248949424196,0.8952086211096957,0.8978669595980616,0.9004655440756023,0.9030054780417949,0.9054879545060973,0.9079138421028312,0.9102843008868399,0.9126003786541967,0.9148630053704813,0.9170733209838189,0.9192322219502242,0.921340819855775,0.9233999775980606,0.9254106970272669,0.9273739478879742,0.9292907025568099,0.9311617917681352,0.9329882605664149,0.9347708929932845,0.9365106602753226,0.9382084271807692,0.9398650503467383,0.9414813580211328,0.9430581708311379,0.9445964351105911,0.9460968915284738,0.9475602577094961,0.9489875008896325,0.9503792636183923,0.9517363101249574,0.9530594973892077,0.9543494629799961,0.9556069571443391,0.9568327506406605,0.9580275046190233,0.9591918574968131,0.9603266093585507,0.9614323013391035,0.9625096647134234,0.9635592996366409,0.9645818840503626,0.9655779992019131,0.9665482599117147,0.9674932704997841,0.968413598733461,0.9693098676659413,0.9701825742520368,0.9710323088974835,0.971859625380885,0.9726650082533007,0.9734490168078062,0.9742121528266012,0.9749549204898387,0.9756778036518056,0.9763812881166619,0.9770658192363908
A210,31.0008513417669,0.0,13.0,left,3,0.7109713668995181,0.7197462309463695,0.728341099842158,0.7367559417480749,0.7449909039525435,0.7530459113426959,0.7609214859661675,0.7686184213457502,0.7761372536263558,0.7834789323599436,0.7906446285351054,0.7976356600627761,0.8044532509222129,0.8110991445698819,0.8175748543372294,0.8238821234167705,0.8300229426821074,0.8359992824668219,0.8418130918325701,0.8474667263014536,0.8529623074981237,0.8583022028969562,0.8634888893720709,0.8685247341603114,0.8734123926613888,0.8781541825729172,0.8827529533400285,0.8872112975416357,0.8915318317674166,0.8957172900656233,0.899770426133943,0.9036940345152172,0.9074907584844157,0.911163565064771,0.9147150780416371,0.9181480896593521,0.9214654655057044,0.9246698634809494,0.9277641391491427,0.9307509745050274,0.9336332056350823,0.9364134630285256,0.9390943753859629,0.9416787326747159,0.9441690643497589,0.9465680789465772,0.9488783248983264,0.9511022410850115,0.9532425078414859,0.955301458488545,0.9572815882229714,0.9591852901419512,0.9610148929621216,0.9627727073266927,0.964461077813205,0.9660821233540325,0.967638082696214,0.9691310961370856,0.9705632006886694,0.9719365305694635,0.9732530046030617,0.9745146548035284,0.9757233306490729,0.9768808982174889,0.9779891898267302,0.9790500017740515,0.9800649899987434,0.981035893245754,0.9819643035088332,0.9828518338055906,0.9837000268078904,0.9845103673873065,0.9852843226793931,0.9860232666683737,0.9867286338497588,0.9874017228941003,0.9880437777493327,0.988656124739057,0.9892399109422183,0.9897963045160908,0.990326468152272,0.9908314606835763,0.9913123442834165,0.9917701491716227,0.9922058507875728,0.9926203787598956,0.9930146781140321,0.9933895930641723,0.9937460067533568,0.9940847115389345,0.9944065155394889,0.9947121610293964,0.9950023802148177,0.9952778740570835,0.9955393137153558,0.9957873583932366,0.9960226082958574,0.9962456753030059,0.9964571304518746,0.9966575150559893,0.9968473602923161,0.9970271727946343,0.997197433931185,0.9973586070528231,0.9975111340930386,0.9976554366437711
A211,30.5374649421416,0.0,12.142857142857142,left,1,0.7074783785820336,0.7139937531097671,0.7203888241360588,0.7266650100858425,0.7328237734174945,0.7388662410155065,0.7447938720115747,0.7506082252357639,0.7563105295091848,0.7619022083954472,0.7673847878851137,0.7727597272601121,0.7780283870042372,0.7831923741825295,0.7882530779288143,0.793211917255173,0.7980704807931646,0.8028302010228565,0.8074924618199054,0.8120588880130399,0.8165308302776881,0.8209098068533617,0.825197338174937,0.8293947910814079,0.8335037578483598,0.8375254610342081,0.841461536834121,0.845313356295394,0.8490823267905503,0.852769837460723,0.856377308042453,0.8599061686004728,0.8633577108998901,0.8667334470840875,0.870034604093586,0.8732625452420102,0.8764186521072794,0.8795041390341929,0.8825204221942091,0.885468705109254,0.888350384985813,0.8911666062242998,0.8939186022777813,0.8966076600864249,0.8992349492102075,0.9018017458317211,0.9043091825531906,0.906758349447562,0.9091505685927942,0.9114868379828908,0.9137683201525315,0.9159961548345199,0.9181713613782496,0.9202950508453931,0.9223683347205753,0.9243921370524993,0.9263675742597423,0.9282956231199869,0.9301772301206661,0.9320134869696666,0.9338052208825107,0.9355535310381585,0.9372592159261893,0.9389232244449055,0.9405464721030024,0.9421298817300748,0.9436742462191664,0.9451804661510448,0.9466493715116914,0.9480817813955982,0.9494785037244684,0.9508403349941803,0.9521680773834106,0.9534624178464437,0.9547242213453416,0.9559541691989785,0.9571529353529996,0.958321359793938,0.9594600136841521,0.9605696181943759,0.9616508954511427,0.962704435519048,0.9637308941667773,0.9647309575658755,0.9657052002769916,0.966654189446353,0.9675786171867888,0.9684789625765129,0.9693558805347879,0.970209859293026,0.9710415169069336,0.9718513478824083,0.9726398869288841,0.9734076235907103,0.9741550846810285,0.9748827965155142,0.9755911650540197,0.9762807094348966,0.9769518942677412,0.9776051544669779,0.9782409272426724,0.978859660778437,0.9794617836814604,0.9800476968110168,0.9806178026987487,0.981172486770191
A212,28.90676520977285,0.0,12.0,left,2,0.7048663081754807,0.7114204587777426,0.7178545006611685,0.724169831656327,0.7303678534294356,0.7364496653478181,0.7424166911216337,0.7482704460781563,0.7540121271609892,0.7596431385613536,0.7651649582524244,0.7705790298018674,0.7758866790147941,0.7810894908276333,0.786188823229078,0.7911860854113605,0.7960828384981945,0.8008804885727963,0.8055804040017598,0.810184186830418,0.8146931933335774,0.819108893060033,0.823432787677605,0.8276662801761203,0.831810891786453,0.8358678643556684,0.8398388374347497,0.8437251500837071,0.8475281797863852,0.8512493383061843,0.8548900342631567,0.8584516877155393,0.8619355807396227,0.8653432339918068,0.8686758339282998,0.871934769361971,0.8751214157723943,0.8782369813525627,0.881282878047301,0.8842603047766352,0.8871706559985724,0.8900150871451517,0.8927948145587544,0.8955111520789499,0.8981652390656668,0.9007583653753881,0.903291662773879,0.9057662340821292,0.9081833761133636,0.9105441132243204,0.9128496215904206,0.9151010042549717,0.9172993196557281,0.919445644096735,0.9215411403837779,0.9235866980611244,0.9255834490687728,0.9275323844362875,0.9294344420274614,0.9312907179573473,0.9331020640057421,0.9348695515872578,0.9365940040185015,0.9382763846466462,0.9399175925822728,0.9415185557826891,0.9430800910820498,0.9446031035050357,0.9460883897100264,0.9475368304705956,0.9489492191094111,0.9503263389861175,0.9516689981325538,0.9529779229943334,0.9542539496214026,0.9554977813529492,0.9567100968075468,0.9578917419666906,0.9590432922406983,0.9601654589349214,0.9612589856397911,0.9623244671707364,0.9633625790654559,0.9643739839791949,0.9653592900400346,0.9663190549575355,0.96725397681908,0.9681645261649127,0.9690513902000708,0.9699150611230212,0.970756137331528,0.9715751431262352,0.972372594084337,0.9731490201905223,0.9739049180809922,0.9746408312053146,0.9753571917827115,0.9760544909595424,0.9767332198588717,0.9773938073140213,0.9780367053627151,0.9786623566869391,0.979271194695602,0.9798636248642554,0.980440072703112,0.9810009090164901
A213,30.56413335769415,0.0,11.142857142857142,left,1,0.7767254365944897,0.7827764111915411,0.7886862774651349,0.7944574804426767,0.8000924615357987,0.805593356728826,0.810962615957081,0.8162026920192429,0.8213157860378102,0.826304227484389,0.831170380625634,0.8359166191564589,0.8405451281535707,0.8450583071223653,0.8494583604317014,0.8537474896772336,0.8579280217193079,0.8620021185708465,0.865971912918631,0.8698396644091622,0.8736074345933587,0.8772773736751082,0.8808516193928847,0.8843321600788047,0.8877211498044585,0.8910204164450508,0.8942321072552293,0.8973581442858514,0.9004004032286784,0.9033608081900363,0.9062412316693143,0.9090435474600131,0.911769499422589,0.9144209979462344,0.9169996586418565,0.9195072604553125,0.9219455263319285,0.9243160550438067,0.9266205351658402,0.9288605431893904,0.9310377377226517,0.9331535791030813,0.9352095671906857,0.9372072659769407,0.9391480607641322,0.9410334711852681,0.9428648718820324,0.9446435420805779,0.9463709719492907,0.9480483622014574,0.9496770810867358,0.9512583813216725,0.9527934606875486,0.9542835493179456,0.9557299037615651,0.9571335599157528,0.9584957161550074,0.9598174980691082,0.9610999334478468,0.962344137186626,0.9635510979124878,0.9647219003995203,0.9658574513500744,0.9669587386394891,0.9680267151704065,0.9690623260819632,0.9700664196464223,0.9710399029057419,0.9719836254080109,0.9728984185875376,0.9737850958031945,0.9746444524008664,0.9754772766386478,0.976284274435885,0.977066252718478,0.9778238940011563,0.9785578674224447,0.9792689340962695,0.9799576911631257,0.9806247810749734,0.9812708934727941,0.9818965930129219,0.9825024848622287,0.9830891835272089,0.9836572297741382,0.9842071528364439,0.9847395465551135,0.9852548743105379,0.9857536933223562,0.986236458524874,0.9867036915678706,0.987155837535855,0.987593357683864,0.9880166818246353,0.9884262541438703,0.9888225120702455,0.9892058216454218,0.9895766047571782,0.9899352479007781,0.9902821162556047,0.9906175710172873,0.9909419739022024,0.9912556711096463,0.9915589894395087,0.9918522518427606,0.9921357678340781
A214,29.9188873761143,0.0,11.0,left,3,0.7109713668995181,0.7197462309463695,0.728341099842158,0.7367559417480749,0.7449909039525435,0.7530459113426959,0.7609214859661675,0.7686184213457502,0.7761372536263558,0.7834789323599436,0.7906446285351054,0.7976356600627761,0.8044532509222129,0.8110991445698819,0.8175748543372294,0.8238821234167705,0.8300229426821074,0.8359992824668219,0.8418130918325701,0.8474667263014536,0.8529623074981237,0.8583022028969562,0.8634888893720709,0.8685247341603114,0.8734123926613888,0.8781541825729172,0.8827529533400285,0.8872112975416357,0.8915318317674166,0.8957172900656233,0.899770426133943,0.9036940345152172,0.9074907584844157,0.911163565064771,0.9147150780416371,0.9181480896593521,0.9214654655057044,0.9246698634809494,0.9277641391491427,0.9307509745050274,0.9336332056350823,0.9364134630285256,0.9390943753859629,0.9416787326747159,0.9441690643497589,0.9465680789465772,0.9488783248983264,0.9511022410850115,0.9532425078414859,0.955301458488545,0.9572815882229714,0.9591852901419512,0.9610148929621216,0.9627727073266927,0.964461077813205,0.9660821233540325,0.967638082696214,0.9691310961370856,0.9705632006886694,0.9719365305694635,0.9732530046030617,0.9745146548035284,0.9757233306490729,0.9768808982174889,0.9779891898267302,0.9790500017740515,0.9800649899987434,0.981035893245754,0.9819643035088332,0.9828518338055906,0.9837000268078904,0.9845103673873065,0.9852843226793931,0.9860232666683737,0.9867286338497588,0.9874017228941003,0.9880437777493327,0.988656124739057,0.9892399109422183,0.9897963045160908,0.990326468152272,0.9908314606835763,0.9913123442834165,0.9917701491716227,0.9922058507875728,0.9926203787598956,0.9930146781140321,0.9933895930641723,0.9937460067533568,0.9940847115389345,0.9944065155394889,0.9947121610293964,0.9950023802148177,0.9952778740570835,0.9955393137153558,0.9957873583932366,0.9960226082958574,0.9962456753030059,0.9964571304518746,0.9966575150559893,0.9968473602923161,0.9970271727946343,0.997197433931185,0.9973586070528231,0.9975111340930386,0.9976554366437711
A215,32.75326348821415,0.0,13.142857142857142,left,0,0.7653455322338556,0.771901777333795,0.7783071138634479,0.7845637696015503,0.7906739948406099,0.7966397343737563,0.8024632761023386,0.8081470088315843,0.8136929709671501,0.819103436080614,0.824380756936878,0.8295272289233042,0.8345450524927702,0.8394366318078144,0.8442041763620692,0.8488499474979382,0.8533763342661439,0.8577855585529013,0.862079829113982,0.8662615148827113,0.8703327654072212,0.8742958652466106,0.878153066567014,0.8819065122315106,0.8855584772495747,0.8891109614197427,0.8925662513837455,0.895926443386658,0.8991935933188662,0.9023697707564686,0.9054570408065449,0.9084574737635956,0.9113729743047029,0.9142056447759371,0.9169573195642179,0.919629924782804,0.9222253951207102,0.9247455299621171,0.9271922190395621,0.9295672182850304,0.9318723668157873,0.9341093399030348,0.9362798503369807,0.938385610533022,0.9404282087717274,0.9424093735986812,0.9443306294844079,0.9461935025142112,0.9479996087599274,0.94975037217391,0.9514473049243227,0.9530918575161195,0.9546854054611879,0.9562293361458402,0.9577250602619498,0.9591738033060692,0.9605769429869534,0.9619357362787807,0.9632513446152071,0.9645250965292025,0.9657580788960416,0.9669515388617541,0.9681065471488879,0.9692241951527104,0.9703055897429654,0.9713518119852906,0.9723638226445164,0.9733426818089462,0.9742893204795853,0.9752047288885919,0.9760898292350143,0.9769455230025577,0.9777726809312348,0.9785721640830258,0.9793448416868462,0.980091522341236,0.9808129503477572,0.9815099879277518,0.9821833232465615,0.9828336908288803,0.9834618552020846,0.9840684628201781,0.9846542086433494,0.9852197531868823,0.9857657394004553,0.9862927648836902,0.9868014746814677,0.9872924004488232,0.9877661605914373,0.9882232840237557,0.9886643297159485,0.9890898041700911,0.989500218337885,0.9898960686253128,0.9902778264280002,0.9906459764803391,0.9910009424021987,0.9913431772742002,0.9916731102262506,0.9919911390314141,0.9922976644831838,0.9925930841519734,0.9928777745159633,0.9931520844474593,0.9934163813552901,0.9936709973518311
A216,30.129913320340698,0.0,11.857142857142858,left,2,0.8189076217558952,0.8245136717441031,0.8299676410282104,0.8352727938851535,0.8404323497118968,0.8454492362680753,0.8503266110121235,0.8550676530909037,0.8596752743309636,0.8641524556568206,0.8685022508184365,0.8727276170564947,0.8768313543749195,0.8808164748316883,0.8846857177894051,0.888441843860506,0.892087698768956,0.895625946440682,0.8990591895397497,0.9023901589757916,0.905621364117231,0.9087553551044082,0.9117946751877672,0.9147417054567809,0.9175989448898503,0.920368620869081,0.9230531579946691,0.925654807403957,0.9281757603927906,0.9306182047328956,0.9329842876000534,0.9352761252743813,0.937495708324596,0.93964513247,0.9417262958088758,0.9437410892241934,0.9456914492825026,0.9475791640329702,0.9494060649590264,0.9511738592700916,0.9528843283335503,0.9545390799936647,0.9561397277554132,0.9576879019747312,0.9591851345086173,0.9606329571813201,0.9620328531700304,0.9633861720191774,0.9646944517343881,0.9659589525534449,0.9671810480462647,0.9683620250534317,0.9695031413135301,0.9706056254095848,0.9716707128794996,0.9726994891775977,0.9736931564770979,0.9746527819432009,0.9755794305165512,0.9764741830165192,0.9773379975886229,0.9781719217256043,0.9789768739126696,0.979753770526271,0.9805035507154133,0.9812270812470156,0.9819251891778439,0.9825987485578659,0.9832485159037836,0.9838753022557123,0.984479847381617,0.985062901798607,0.9856251645085642,0.9861673088295403,0.9866900521972507,0.9871940275962321,0.9876798317699303,0.9881481285661635,0.9885994727718234,0.9890344473998205,0.9894536232367238,0.989857519523023,0.9902466686385202,0.9906215861028616,0.9909827507330325,0.9913306277660355,0.9916657071467835,0.9919883964933432,0.9922991567220731,0.992598384134083,0.9928864980704707,0.9931638829852729,0.9934309117416407,0.9936879496710511,0.9939353579104244,0.9941734817925449,0.9944026344622434,0.9946231507452622,0.9948353370429516,0.9950394868902005,0.9952358877745854,0.995424829667596,0.9956065749249753,0.9957813834134216,0.9959495091255015,0.9961111922528046
A217,32.633984613025845,0.0,12.571428571428571,left,0,0.7765005706951805,0.7829518928802831,0.7892487082759558,0.7953934541284213,0.8013886145793754,0.8072363407599106,0.8129391260519786,0.8184995577763007,0.823919875779125,0.8292025634963636,0.8343501224856993,0.8393650476246941,0.8442497008342079,0.8490066892786763,0.8536383731480726,0.8581471754594264,0.8625356377307982,0.8668061338251534,0.8709610196622483,0.8750028006331249,0.878933779666569,0.8827563237212872,0.8864728689023189,0.8900856205839982,0.8935970093254619,0.8970091366080636,0.9003243887601262,0.903544963530797,0.9066730145639358,0.9097107031875086,0.9126601809345186,0.9155235987025814,0.918302943913884,0.9210003870555306,0.9236178379084661,0.9261572884480986,0.9286207446497158,0.9310100448784249,0.9333271314461551,0.9355738357870966,0.9377520302203283,0.9398634583064945,0.9419098136327855,0.9438929054095021,0.9458143405294076,0.9476758732215156,0.9494790790727476,0.951225458878538,0.9529167010745679,0.9545542376892717,0.9561396133168236,0.9576742450818552,0.9591595739822651,0.9605969825829787,0.9619878872633219,0.9633335425896513,0.9646352828640197,0.965894412966253,0.9671121011541668,0.9682896275078893,0.9694281378912556,0.9705288306505786,0.971592777854745,0.9726210907780503,0.9736148661361472,0.9745751401243734,0.9755029038901277,0.9763991908007819,0.9772649345113126,0.9781010888173127,0.9789085639257162,0.9796882670911053,0.9804410542643616,0.9811677431212905,0.981869211028843,0.9825462408903708,0.9831995639996921,0.9838300159033138,0.9844382721144594,0.9850250477997612,0.985591082758089,0.9861370080419215,0.9866634962277563,0.9871711866953734,0.9876607009188255,0.988132617675654,0.9885875562117494,0.9890260323862976,0.989448637707227,0.9898558819029339,0.990248299706099,0.9906263773757623,0.9909906034539749,0.9913414518936966,0.9916793728638191,0.9920048267512739,0.9923182183742579,0.9926199771240378,0.9929105097746477,0.9931901940931539,0.9934594091751495,0.9937185299373094,0.9939679114764708,0.9942078870371577,0.9944387906572361,0.9946609456749783
A218,34.769862329126354,15.142857142857142,16.142857142857142,interval,2,0.8554724188867339,0.8605266174345715,0.86542333140045,0.8701665718003246,0.874760339297776,0.8792083246043862,0.883514374426523,0.8876823790933797,0.8917158701875816,0.8956184671915451,0.8993938045601056,0.9030453855594724,0.906576599132243,0.9099909034606568,0.913291544058114,0.9164817403137573,0.9195647522642421,0.9225436546023436,0.9254214406644804,0.9282011811694673,0.9308857317057436,0.9334779531245303,0.9359806714544733,0.9383965406279283,0.9407283145124181,0.9429784764538527,0.9451496249046261,0.9472442113120304,0.9492646405741788,0.9512132342828852,0.9530922852331609,0.9549040705215993,0.956650667706932,0.9583342735569784,0.9599568743911473,0.961520475916855,0.963027065119835,0.964478464536949,0.9658765402538254,0.9672230829236481,0.9685198375076789,0.9697684401979504,0.9709705500049483,0.9721277445497138,0.9732415486146917,0.9743135032300868,0.9753450160786785,0.9763374700136375,0.9772922830045399,0.9782107286126108,0.9790941059707325,0.9799436563169864,0.9807605482957473,0.9815459718223141,0.9823010705950821,0.9830268863750142,0.9837244977765188,0.9843949329854995,0.9850391429326552,0.9856581323953206,0.986252778895851,0.98682402510366,0.9873726870695317,0.9878996165819129,0.9884056180637024,0.9888914820879653,0.9893579436100746,0.989805743109418,0.9902355684729308,0.9906481122357159,0.991044022319337,0.9914239255470301,0.9917884375134998,0.9921381342149411,0.9924736039681366,0.9927953832282939,0.9931039869347964,0.9933999570045493,0.9936837521928152,0.9939558515326898,0.9942167273770639,0.9944668029059964,0.9947065077836166,0.9949362557771516,0.9951564360162618,0.9953674151191055,0.9955695792225726,0.9957632540973413,0.9959488015110622,0.9961265316688047,0.9962967671987822,0.9964598059590174,0.996615935145507,0.9967654360204106,0.9969085748837466,0.9970456185694689,0.9971768051851161,0.9973023763570432,0.9974225661292365,0.997537590367182,0.9976476623253118,0.9977529870076074,0.9978537614479399,0.9979501719583953,0.99804240224535,0.998130621599816
A219,29.1974333030037,0.0,11.285714285714286,left,3,0.7838153324853726,0.7918852108246914,0.7997324534887358,0.8073592649275588,0.8147680366557257,0.8219609518508681,0.8289407549050195,0.8357104896680468,0.842272895550523,0.8486311128859153,0.8547884931001601,0.8607484435608572,0.8665143377175291,0.8720899385350617,0.8774788012546165,0.8826846507930752,0.8877114029253225,0.8925628799627723,0.8972428995162904,0.9017555417708967,0.9061047005350673,0.9102943960407925,0.9143286641608607,0.9182114365593335,0.9219468433694674,0.9255386817387443,0.9289910801528043,0.9323079429447608,0.9354931614996316,0.938550637048791,0.9414842092697807,0.9442977119941824,0.94699483261095,0.9495794106320011,0.9520549670702473,0.9544251120809872,0.9566934376239724,0.958863334760768,0.9609382707975904,0.9629215300485194,0.964816470117617,0.9666261974155728,0.9683538448363477,0.9700025034761487,0.9715750948672074,0.9730745849705885,0.974503783103585,0.975865377756476,0.9771621412383094,0.9783966224358435,0.9795713551069205,0.9806888014873065,0.9817513257781553,0.9827612328472399,0.9837207981392961,0.9846321138258071,0.985497324979996,0.9863184300219638,0.9870973575822853,0.9878360385907426,0.988536245677838,0.9891997714410564,0.9898282721891168,0.9904233751354836,0.9909866524683505,0.9915196164063778,0.9920236882764828,0.9925002862294474,0.992950714462286,0.9933762692272499,0.9937781770841944,0.9941576073512554,0.9945156921785427,0.9948534928128681,0.9951720711782894,0.9954723982872467,0.9957554080751864,0.9960220290989442,0.9962730972160859,0.9965094428160877,0.9967318550721039,0.9969410755138791,0.9971378201889489,0.9973227691221928,0.9974965681004555,0.9976598236047554,0.9978131382109368,0.9979570490389177,0.9980920997971946,0.9982187832240111,0.9983375841102382,0.9984489494248316,0.9985533098594341,0.9986510726429291,0.9987426228211155,0.9988283301174007,0.998908533321574,0.9989835652892326,0.9990537354049848,0.9991193341563684,0.9991806401122558,0.9992379149717115,0.999291407172195,0.9993413476027988,0.999387957849239,0.9994314446880507
A220,30.37482923510775,0.0,12.571428571428571,left,1,0.7577781197826964,0.7639905978066639,0.7700672720641518,0.7760102750816584,0.7818217633113362,0.7875035651299354,0.7930578109562741,0.7984867109466045,0.8037921541859191,0.8089762091171717,0.8140409786817305,0.81898858399999,0.8238209394369169,0.8285402641674098,0.8331484546638096,0.8376475389632976,0.8420396127584449,0.8463266423355632,0.8505105194375183,0.8545933298686887,0.8585769414809177,0.862463323934455,0.8662544422587968,0.8699521112994263,0.8735583302076073,0.877074759273736,0.8805034070062858,0.8838460353500981,0.8871044241074686,0.8902803233840355,0.8933754956394828,0.896391697839354,0.8993305549221134,0.9021938656420239,0.9049831725614625,0.9077001207878189,0.9103463568666467,0.9129233738077037,0.915432820189097,0.9178761540236806,0.9202549809188263,0.9225706844875654,0.9248247098251524,0.9270185330685015,0.9291535219176146,0.9312311074537666,0.9332526359390013,0.9352193317598526,0.9371326693980475,0.9389938087150671,0.9408040508129577,0.9425646367655031,0.9442767317225105,0.9459415428290072,0.947560312997711,0.9491340440319336,0.9506639252476169,0.952151070247083,0.9535964880852269,0.9550012913556629,0.9563664556010278,0.9576930703862958,0.9589820288188038,0.9602343209009594,0.9614509020164769,0.9626327237452285,0.9637806319169442,0.9648955441136362,0.9659783168440247,0.9670297903398419,0.968050788494306,0.9690421188268085,0.9700045850114367,0.970938899678295,0.9718458964741623,0.9727262690310958,0.9735806990982986,0.9744099794481709,0.975214704682413,0.9759955693693481,0.9767532615520963,0.9774883701068161,0.9782015238027227,0.9788933659379172,0.9795644562626442,0.980215343928948,0.980846657793134,0.981458875227127,0.9820525879498159,0.9826282690338928,0.9831864739146148,0.9837276695286572,0.9842523448197382,0.9847609537117157,0.9852539700033757,0.9857318620729557,0.9861950146827874,0.9866438823817368,0.9870788794226704,0.9875003965218361,0.9879088217774393,0.9883045461650504,0.9886879439648072,0.9890593678617676,0.9894191678542159,0.9897676794494938
A221,34.024742357270355,0.0,12.142857142857142,left,3,0.5573550395702228,0.5662254350221063,0.5750068261113548,0.5836972084087542,0.5922946811671636,0.600797018747523,0.6092025297830391,0.6175097757235133,0.6257169382012309,0.6338225766035374,0.6418254674127521,0.6497244437422807,0.6575182417875782,0.6652060888423347,0.6727869520524723,0.6802599771952529,0.6876246430646039,0.6948802929222888,0.7020262722869224,0.709062407323376,0.7159882077395419,0.7228034857263647,0.7295081980073674,0.7361021350332462,0.7425855169953577,0.7489580989719902,0.7552203500676679,0.7613723972196031,0.7674145110085037,0.773347048708301,0.7791704792888514,0.7848853477988766,0.7904920559589887,0.795991467166133,0.8013840125277798,0.8066704499279403,0.8118516407876798,0.8169282470724081,0.8219012636046746,0.826771482782075,0.8315400331387659,0.8362077050113926,0.8407754762791042,0.8452445349514726,0.8496158232843622,0.8538906228280863,0.8580699693148524,0.8621548803982715,0.8661468382051984,0.8700467907811087,0.8738560776625393,0.8775759558369938,0.8812075898414918,0.8847522958205302,0.8882115142641711,0.8915862817468335,0.8948780678412315,0.8980881835722505,0.9012178478839017,0.9042685562673376,0.9072414637879058,0.9101381239169032,0.9129596914616656,0.915707566490889,0.9183830903643058,0.9209876572743618,0.9235224849799344,0.9259890440067363,0.9283885474986733,0.9307223718730616,0.9329918339501543,0.9351982374292921,0.9373428621953804,0.9394269651264799,0.9414519294635999,0.9434190071673186,0.9453293308437887,0.9471843511986219,0.9489851303261391,0.9507329308437593,0.9524290537182417,0.9540745952436126,0.9556707812775965,0.9572187896273535,0.9587197689808024,0.9601747789214228,0.9615850971736587,0.9629516523284366,0.964275674160212,0.9655581429455135,0.966800195131867,0.9680028127915337,0.9691670324211024,0.9702938611933465,0.9713842782997847,0.9724392952414511,0.9734598113513959,0.9744467937444748,0.9754011683304237,0.9763238016240352,0.9772155989199837,0.9780774268665365,0.9789101550721787,0.9797145778308218,0.9804915321319734,0.9812417916402463
A222,33.63928165724415,0.0,12.857142857142858,left,2,0.8049348861657202,0.8107147557421798,0.8163455411932425,0.8218302274784098,0.8271717635997046,0.8323728064885685,0.8374362607031076,0.84236506388335,0.8471618860249633,0.8518294786964021,0.8563706796341768,0.860788236318188,0.8650847418312809,0.8692630213493926,0.8733256245891404,0.8772751332539531,0.8811142286816704,0.884845411020212,0.8884711254194664,0.8919939623190881,0.895416287881487,0.8987405209059238,0.9019690826642988,0.905104231729602,0.9081483614741794,0.9111035852947411,0.9139722359786896,0.9167564704585928,0.9194583904717161,0.9220801027467431,0.9246236792621924,0.9270911789174185,0.9294844993819188,0.931805694710252,0.9340565810549897,0.9362390600895498,0.9383549627957954,0.9404060525670559,0.9423941262972559,0.9443208533401326,0.9461879913842396,0.9479971162265456,0.9497498167984799,0.9514477076326479,0.9530922852331609,0.9546851213187818,0.9562276219322414,0.957721185998346,0.959167296226414,0.9605672473132814,0.9619224015015116,0.9632340615174302,0.9645034598740373,0.9657318328089818,0.9669204569558351,0.9680704180751926,0.9691828993658793,0.9702590295430534,0.9712998375717083,0.9723064633065499,0.9732798752781826,0.974221125033845,0.9751311477003156,0.9760109124073885,0.9768613425364532,0.9776833692836951,0.9784778096369586,0.9792455702486592,0.9799874466163274,0.9807042710805335,0.9813968171569494,0.9820658390994749,0.9827120888130277,0.9833362649682867,0.9839391048105441,0.9845212689629633,0.985083394269601,0.985626182228314,0.9861501971421951,0.9866560543644286,0.9871443714331276,0.9876156942613689,0.9880705743007635,0.9885095598447801,0.9889331767144933,0.9893419006293125,0.9897362633987812,0.9901166908971254,0.9904836959018152,0.9908376795470878,0.9911791097261377,0.9915083941383437,0.9918259341042551,0.9921321285912712,0.9924273554411478,0.9927120029186705,0.9929864086547444,0.9932509260092208,0.9935059009970806,0.9937516493008518,0.9939884887986952,0.9942167273770639,0.9944366631819801,0.9946485815312662,0.9948527556780149,0.9950494537934593
A223,36.09405608794965,0.0,13.142857142857142,left,2,0.599525315441239,0.6062131120040988,0.612815409526489,0.6193326106498382,0.6257651443809176,0.6321131167868024,0.6383769833086106,0.6445573159220119,0.6506543467178378,0.6566685219001056,0.6626003938197307,0.668450487145464,0.6742192017911601,0.6799072404335125,0.6855150456882776,0.6910431452725365,0.6964922554125209,0.7018629172639465,0.7071556463328672,0.7123712345223865,0.7175102050803928,0.7225732335384341,0.7275610684781131,0.7324742647452167,0.7373136720245249,0.7420797229799516,0.7467733428618005,0.7513951622097824,0.7559458711073795,0.7604261649926762,0.7648367936444601,0.7691785379206244,0.7734519867374925,0.777658089429015,0.7817974007751457,0.7858706920566272,0.7898787671093671,0.7938222756066553,0.7977020447580405,0.8015187468192577,0.8052732738483095,0.8089662385590228,0.8125983484262083,0.8161704569948093,0.8196832074268497,0.8231374599170744,0.8265338836396774,0.8298731252958819,0.8331561121336775,0.8363834213288539,0.8395558541405924,0.8426741306644443,0.8457389269869414,0.8487509616379654,0.851711094226618,0.8546198167868055,0.8574779820374062,0.8602862612351141,0.8630452657165603,0.8657558545932137,0.8684185492262285,0.87103421069486,0.8736033520272406,0.8761267104483752,0.8786049454568543,0.8810387931885166,0.8834287780041843,0.8857756663880654,0.8880800297378347,0.8903425432974132,0.892563837109406,0.8947445403126566,0.8968852666980034,0.8989865598406012,0.901049183158224,0.9030736752341714,0.9050605220893799,0.9070105285718185,0.9089240965893437,0.9108018395548705,0.9126444171066702,0.9144523060179264,0.9162260832071126,0.917966345849743,0.9196736250589347,0.9213483775522315,0.9229912959255097,0.924602712379838,0.9261833320917998,0.9277335185875702,0.9292538959864324,0.9307449239284968,0.9322070708636957,0.9336408345696148,0.9350467080363987,0.9364252210814875,0.9377767519730357,0.9391017911820981,0.9404008432840214,0.9416743069184119,0.9429226374745253,0.9441462851904684,0.9453456950577731,0.9465212693955648,0.9476734624511804,0.9488026312091916
A224,32.25013581155175,0.0,12.285714285714286,left,3,0.7180568199001397,0.7267850638019654,0.7353289678326801,0.7436886671984246,0.7518645146884771,0.7598565832738815,0.7676655731678999,0.7752924759189395,0.7827380093985546,0.7900032736040927,0.7970896578584483,0.8039986194244455,0.8107316005257931,0.8172904713211165,0.8236769866500365,0.8298929893260399,0.8359407113264372,0.8418222368886077,0.8475396999555733,0.8530956146203293,0.8584922630044968,0.8637321666532828,0.8688179518594579,0.8737521346795015,0.878537495350007,0.8831765414058188,0.8876722058844049,0.8920272278466438,0.8962443510074846,0.9003264299379818,0.9042763342562485,0.9080969690985634,0.9117910880270556,0.9153617551519523,0.9188116839670716,0.9221437958202698,0.9253610054314103,0.9284660698028343,0.9314619095432755,0.934351315893308,0.9371371687658352,0.9398221363746677,0.9424089816700418,0.9449004673318497,0.9472992378703189,0.9496080447346438,0.9518294276905083,0.9539659238232411,0.9560202251665656,0.9579947032296449,0.9598918797848672,0.9617141883776466,0.9634639362635679,0.9651434977176341,0.9667552282108692,0.9683012237101042,0.9697837705891068,0.9712050024193856,0.9725669749200023,0.9738717957841733,0.975121388394288,0.9763178106382525,0.9774628667069682,0.978558456709907,0.9796063722443364,0.9806083980560341,0.9815661995553892,0.9824814881344318,0.9833558502271476,0.9841908634024915,0.9849880525321094,0.9857489059287459,0.9864748394660089,0.9871672357883756,0.9878274750902357,0.9884568539971906,0.989056593901922,0.989627978533814,0.9901721337429314,0.9906902123278638,0.9911833421495259,0.9916525570723951,0.9920988912114712,0.9925233505113334,0.9929268740716404,0.9933103654190705,0.9936747511439148,0.9940208381812038,0.9943494829807452,0.9946614485513586,0.9949575203107672,0.9952384135984865,0.9955048266429495,0.9957574335449365,0.9959968843255801,0.9962238075692975,0.996438781320282,0.9966423852378006,0.9968351651768256,0.9970176444195005,0.9971903223980804,0.9973536814752556,0.9975081848890217,0.9976542651771108,0.9977923467439922,0.9979228271428505
A225,29.14835810350105,0.0,13.714285714285714,left,1,0.7577781197826964,0.7639905978066639,0.7700672720641518,0.7760102750816584,0.7818217633113362,0.7875035651299354,0.7930578109562741,0.7984867109466045,0.8037921541859191,0.8089762091171717,0.8140409786817305,0.81898858399999,0.8238209394369169,0.8285402641674098,0.8331484546638096,0.8376475389632976,0.8420396127584449,0.8463266423355632,0.8505105194375183,0.8545933298686887,0.8585769414809177,0.862463323934455,0.8662544422587968,0.8699521112994263,0.8735583302076073,0.877074759273736,0.8805034070062858,0.8838460353500981,0.8871044241074686,0.8902803233840355,0.8933754956394828,0.896391697839354,0.8993305549221134,0.9021938656420239,0.9049831725614625,0.9077001207878189,0.9103463568666467,0.9129233738077037,0.915432820189097,0.9178761540236806,0.9202549809188263,0.9225706844875654,0.9248247098251524,0.9270185330685015,0.9291535219176146,0.9312311074537666,0.9332526359390013,0.9352193317598526,0.9371326693980475,0.9389938087150671,0.9408040508129577,0.9425646367655031,0.9442767317225105,0.9459415428290072,0.947560312997711,0.9491340440319336,0.9506639252476169,0.952151070247083,0.9535964880852269,0.9550012913556629,0.9563664556010278,0.9576930703862958,0.9589820288188038,0.9602343209009594,0.9614509020164769,0.9626327237452285,0.9637806319169442,0.9648955441136362,0.9659783168440247,0.9670297903398419,0.968050788494306,0.9690421188268085,0.9700045850114367,0.970938899678295,0.9718458964741623,0.9727262690310958,0.9735806990982986,0.9744099794481709,0.975214704682413,0.9759955693693481,0.9767532615520963,0.9774883701068161,0.9782015238027227,0.9788933659379172,0.9795644562626442,0.980215343928948,0.980846657793134,0.981458875227127,0.9820525879498159,0.9826282690338928,0.9831864739146148,0.9837276695286572,0.9842523448197382,0.9847609537117157,0.9852539700033757,0.9857318620729557,0.9861950146827874,0.9866438823817368,0.9870788794226704,0.9875003965218361,0.9879088217774393,0.9883045461650504,0.9886879439648072,0.9890593678617676,0.9894191678542159,0.9897676794494938
A226,30.3855709296992,0.0,13.857142857142858,left,2,0.8154695677025721,0.8211201296514876,0.8266193282368126,0.8319703390798079,0.8371763314503863,0.8422401124598177,0.8471648292318781,0.8519535999159596,0.8566092254945892,0.8611346967432199,0.8655329639812853,0.8698069332190939,0.8739594006752062,0.8779932848017036,0.8819112939764463,0.8857161447542647,0.889410642495119,0.8929974109455578,0.8964790142002352,0.8998581489124273,0.9031372895343306,0.9063189410736324,0.9094056439386381,0.9123997360897005,0.9153037035701932,0.9181197089028352,0.9208502041299388,0.9234973812551731,0.9260634224704908,0.9285504963684246,0.9309607324143155,0.9332962307906835,0.9355589656950679,0.9377510206152276,0.9398742594643688,0.9419306213471826,0.9439219730971725,0.9458501125041092,0.9477168634769364,0.9495239248449782,0.9512730730995124,0.9529659091415332,0.9546040413788083,0.9561890972252122,0.9577226049954998,0.9592060946455914,0.960641047958304,0.9620288113048558,0.9633709258876348,0.9646686495782975,0.9659233442623089,0.9671363392073141,0.9683088528635088,0.9694421173345332,0.970537398000136,0.9715957805227935,0.9726184367292641,0.9736064846244479,0.9745609582975149,0.9754829564150997,0.9763734406953534,0.9772334661136997,0.9780639557830849,0.9788658317037918,0.9796400404741851,0.9803874550411038,0.9811089083333017,0.9818052741613257,0.9824773405806058,0.9831258926102825,0.9837517100776535,0.9843555268759748,0.9849380497482073,0.9854999815791847,0.9860420266258298,0.9865648325594721,0.9870690026702633,0.9875552106542804,0.9880240177541608,0.9884760152198365,0.9889117823205207,0.9893318454267167,0.9897367452243503,0.9901270055211848,0.9905031125517729,0.9908655390001937,0.9912147838946014,0.9915512610404362,0.9918754403559675,0.9921877203979599,0.9924885423573706,0.9927782801678039,0.9930573270818464,0.9933260554228771,0.9935848258995924,0.9938339953631995,0.9940738833012085,0.9943048323135933,0.9945271556592925,0.9947411502192994,0.9949471200756503,0.9951453494742194,0.995336119551385,0.9955196873845508,0.9956963165580234,0.9958662534049453
A227,32.9320218173639,0.0,12.285714285714286,left,1,0.7577781197826964,0.7639905978066639,0.7700672720641518,0.7760102750816584,0.7818217633113362,0.7875035651299354,0.7930578109562741,0.7984867109466045,0.8037921541859191,0.8089762091171717,0.8140409786817305,0.81898858399999,0.8238209394369169,0.8285402641674098,0.8331484546638096,0.8376475389632976,0.8420396127584449,0.8463266423355632,0.8505105194375183,0.8545933298686887,0.8585769414809177,0.862463323934455,0.8662544422587968,0.8699521112994263,0.8735583302076073,0.877074759273736,0.8805034070062858,0.8838460353500981,0.8871044241074686,0.8902803233840355,0.8933754956394828,0.896391697839354,0.8993305549221134,0.9021938656420239,0.9049831725614625,0.9077001207878189,0.9103463568666467,0.9129233738077037,0.915432820189097,0.9178761540236806,0.9202549809188263,0.9225706844875654,0.9248247098251524,0.9270185330685015,0.9291535219176146,0.9312311074537666,0.9332526359390013,0.9352193317598526,0.9371326693980475,0.9389938087150671,0.9408040508129577,0.9425646367655031,0.9442767317225105,0.9459415428290072,0.947560312997711,0.9491340440319336,0.9506639252476169,0.952151070247083,0.9535964880852269,0.9550012913556629,0.9563664556010278,0.9576930703862958,0.9589820288188038,0.9602343209009594,0.9614509020164769,0.9626327237452285,0.9637806319169442,0.9648955441136362,0.9659783168440247,0.9670297903398419,0.968050788494306,0.9690421188268085,0.9700045850114367,0.970938899678295,0.9718458964741623,0.9727262690310958,0.9735806990982986,0.9744099794481709,0.975214704682413,0.9759955693693481,0.9767532615520963,0.9774883701068161,0.9782015238027227,0.9788933659379172,0.9795644562626442,0.980215343928948,0.980846657793134,0.981458875227127,0.9820525879498159,0.9826282690338928,0.9831864739146148,0.9837276695286572,0.9842523448197382,0.9847609537117157,0.9852539700033757,0.9857318620729557,0.9861950146827874,0.9866438823817368,0.9870788794226704,0.9875003965218361,0.9879088217774393,0.9883045461650504,0.9886879439648072,0.9890593678617676,0.9894191678542159,0.9897676794494938
A228,35.71154710919035,0.0,12.571428571428571,left,1,0.6695633343766416,0.6762008549075365,0.6827304006725445,0.6891529896176019,0.6954696300731531,0.7016810445420772,0.707788273445376,0.7137924658323664,0.7196944513528718,0.7254952546498661,0.7311959913782116,0.7367977721384851,0.7423015417542786,0.7477085507948948,0.7530198180005557,0.7582363992503389,0.7633595355698986,0.7683903106372229,0.7733297630405234,0.7781791936582185,0.7829396198471842,0.787612243999888,0.792198278721162,0.7966987797600502,0.801115042463686,0.8054480107167543,0.8096990235876197,0.8138691808433554,0.8179596193282772,0.8219714637297804,0.8259058797955137,0.8297640527033135,0.8335470242489691,0.8372560857002491,0.8408922233708898,0.8444565809584803,0.8479503306534637,0.8513744674285422,0.8547302179702868,0.8580185807787253,0.8612407782537961,0.8643977584286715,0.8674905602510713,0.8705203546829848,0.8734880927305511,0.876394902128441,0.8792418017898896,0.8820296769713577,0.884759746524518,0.8874328376979259,0.8900500314194356,0.8926123025769274,0.8951205537042104,0.8975757716547023,0.8999790073734044,0.9023310183257109,0.9046328346706003,0.9068853711743895,0.9090894337912614,0.9112460464986298,0.9133559678453775,0.9154201939820372,0.9174394745974535,0.9194146559013068,0.9213466133344352,0.9232361779507322,0.9250840922902257,0.9268912439468487,0.9286583283259264,0.9303861825991412,0.9320755564736777,0.9337271928071683,0.9353418378029842,0.9369201567340437,0.9384629950251776,0.9399709909217058,0.941444778818151,0.9428852033138966,0.9442927838204395,0.9456682300008042,0.9470122588976099,0.9483254290328335,0.9496083857653157,0.9508618182177869,0.952086281173684,0.9532823247350459,0.9544506618274664,0.9555917415252023,0.9567062403034339,0.9577946280915729,0.9588575448879888,0.9598954779799908,0.9609089705759906,0.9618985124307464,0.9628646458113765,0.963807917241037,0.9647287215536964,0.9656276046226459,0.9665050459783358,0.9673614904830599,0.9681973899753933,0.9690132148482213,0.9698094138785076,0.9705864030820118,0.971344604442651,0.9720844209342115
A229,32.3781250287451,0.0,13.714285714285714,left,0,0.7846211784110161,0.7909893693648042,0.7972005377505906,0.8032572878307287,0.8091622758113572,0.8149177980438267,0.8205265037345295,0.8259911485480605,0.8313141149309888,0.8364980302301102,0.8415455354293301,0.8464592607283923,0.8512417019179459,0.8558955906752074,0.8604234125864308,0.8648277105145821,0.8691111386195153,0.8732761828623763,0.8773253074206124,0.8812611176530267,0.8850860171608453,0.8888024674915985,0.8924129927961199,0.8959198885208602,0.8993256642617498,0.9026325058801657,0.905842870982181,0.9089590298494377,0.9119832057326248,0.9149176249700719,0.9177645000303387,0.9205260383178832,0.9232042852608818,0.9258014584202543,0.9283195199554516,0.9307605070740181,0.9331264661746757,0.9354192785286382,0.9376409314721321,0.939793260645284,0.9418781987254119,0.9438975098935465,0.9458529171237076,0.9477462500527034,0.9495791412944048,0.9513533603260261,0.9530705025446246,0.9547320887170649,0.9563398146029742,0.9578951285613163,0.9593995825511016,0.9608546041327426,0.9622616402542559,0.9636220792412251,0.9649373381876204,0.966208678028187,0.9674374320786262,0.968624902758027,0.969772260708035,0.9708807791086645,0.9719516018583098,0.9729859194645206,0.9739848010308986,0.9749493499082413,0.9758806531294086,0.9767797384220683,0.9776475888992413,0.9784852247380601,0.9792935705034668,0.9800735672963701,0.9808261132683725,0.981552101597917,0.9822523755150251,0.982927740596708,0.9835790558234336,0.9842070903593723,0.9848125636327707,0.9853962897766074,0.9859589327953471,0.9865011916890055,0.987023786392768,0.9875273346778549,0.9880124910130145,0.9884798776028145,0.9889300985682142,0.9893637172358127,0.9897813326104448,0.9901834473135838,0.9905706319714802,0.9909433808364324,0.9913022097271866,0.9916475888088441,0.9919799890897406,0.9922998670185641,0.9926076561615406,0.9929037982167278,0.9931886831790283,0.9934627223177175,0.9937263052592534,0.9939797942858049,0.9942235519047726,0.9944579358497514,0.9946832849593126,0.9948999174195982,0.9951081512625565,0.9953082940011355
A230,34.163886451479144,0.0,12.142857142857142,left,2,0.8088210295727525,0.8145544213952786,0.8201378924719104,0.8255744481153338,0.8308671298368675,0.8360186686219726,0.8410320208940953,0.8459102428398093,0.8506560185837433,0.8552721802115015,0.8597616249931358,0.8641271421282972,0.8683714303566586,0.8724973181324409,0.8765074238986227,0.8804043790470553,0.8841909106937197,0.8878695646327356,0.8914428299916651,0.8949133365757659,0.8982834906880671,0.9015557480610267,0.9047325510177624,0.9078162327563397,0.9108091765697042,0.9137135288925603,0.9165316865500087,0.9192657955789508,0.9219179959689267,0.924490417778206,0.9269851547223511,0.9294042742999199,0.931749717479766,0.9340235531279634,0.9362275939922302,0.9383637466131667,0.9404339172394487,0.9424398211560315,0.9443832671795827,0.9462659936429529,0.9480897083535804,0.9498559982798531,0.9515665138595638,0.9532228213604262,0.9548264416810406,0.9563789494296017,0.9578817559924513,0.9593362642331572,0.9607439569529305,0.9621061322871127,0.9634241525773184,0.964699320708216,0.9659328560939464,0.9671260352292482,0.9682800900159371,0.9693961205038502,0.9704753062746118,0.9715187726624472,0.9725275469873211,0.9735027627710414,0.9744453750855051,0.9753564628873512,0.9762369242003983,0.9770877334961365,0.9779098086757929,0.9787040642942615,0.9794713425644206,0.9802125126365099,0.9809283743757097,0.9816197524402871,0.9822874137503922,0.9829321057177631,0.9835545725611062,0.9841555063190387,0.9847356352835717,0.9852956131223907,0.9858360698288238,0.9863576967282305,0.9868610524787,0.9873467440603169,0.987815379767513,0.9882674921901254,0.9887036373793905,0.9891243545055292,0.9895301491589064,0.9899214962280232,0.9902989176387224,0.9906628333013481,0.9910137406297391,0.9913520498707665,0.9916782042478046,0.9919926090940242,0.992295658087469,0.9925877421450174,0.9928692315257446,0.9931405059307115,0.9934018963256322,0.9936537482184947,0.9938963996644092,0.9941301594150087,0.994355337900088,0.994572235637834,0.994781143490398,0.9949823397496387,0.9951760908852307,0.9953626581885531
A231,33.4212717275011,0.0,13.571428571428571,left,1,0.7428728131720995,0.7491932660741834,0.7553823472159258,0.7614419609110418,0.7673740205407596,0.7731801297996321,0.7788622251033048,0.7844222994267874,0.7898620320261218,0.7951832905260177,0.8003879926777798,0.8054780419184726,0.8104551916192967,0.8153214758970339,0.8200786296565957,0.8247284549727691,0.8292729397378853,0.8337138699593505,0.8380529779785764,0.842292202773392,0.8464332626743719,0.8504779871165065,0.8544282063790458,0.8582855997196261,0.8620520440984554,0.8657290680238141,0.8693185692795523,0.8728221933829365,0.8762416097891954,0.8795784620972048,0.8828344122118978,0.8860111217014865,0.8891101183425801,0.8921331327772575,0.8950815733088346,0.8979570474122828,0.9007611121043035,0.9034951945545253,0.9061608381522037,0.9087594697391319,0.911292624268998,0.9137616188094746,0.9161678405114002,0.9185127145372866,0.9207975549858014,0.9230237602336947,0.925192595511871,0.9273052815892731,0.9293632310716082,0.9313675692050066,0.9333195658718263,0.935220430743794,0.9370712957472713,0.9388733423310754,0.9406277750846241,0.9423356017158302,0.9439979956749999,0.945616014695964,0.947190646577349,0.9487230501409107,0.9502141275362946,0.9516649657932406,0.9530764750666381,0.9544496386817878,0.9557853728363525,0.9570846441530161,0.9583482735235397,0.9595772272061301,0.9607722977401048,0.9619343718008527,0.9630642738786849,0.9641627850755012,0.9652307156207632,0.966268804915648,0.9672778874050786,0.9682586721661781,0.9692118182250983,0.9701381510699133,0.971038264383955,0.971912866091997,0.972762647941005,0.9735882284363343,0.9743902488383406,0.9751693365623305,0.9759260945808632,0.976661071370695,0.9773749292072339,0.9780681205879723,0.9787413006574192,0.9793949219656648,0.9800295725977306,0.9806457322559572,0.981243898770805,0.9818245676090221,0.9823882055273646,0.9829353024069553,0.9834662784881467,0.9839815860472187,0.9844816661524323,0.9849669262739988,0.9854377725373347,0.9858946160787293,0.9863378504531707,0.9867678390277338,0.9871849642244684,0.9875895723740975
A232,29.84282552030815,0.0,13.571428571428571,left,0,0.8004193856922567,0.8066086736247559,0.8126363350893235,0.8185053546007114,0.8242186562447296,0.8297789280304678,0.8351891350077294,0.840452283175707,0.8455711334945021,0.8505485344792839,0.8553874592297289,0.8600907921884506,0.8646612970140496,0.8691019533193652,0.8734155115604813,0.8776047204381514,0.8816724719754503,0.8856214725708096,0.8894543839862256,0.8931740355918888,0.896783011963707,0.9002839713046201,0.9036795659556781,0.9069723186856199,0.9101648491496939,0.9132595048326047,0.9162589153448852,0.9191654493941241,0.9219814611864182,0.9247093217271145,0.927351355009344,0.9299098487059615,0.932386965846795,0.9347850080328897,0.9371060214620266,0.9393521443594195,0.941525482890786,0.9436279934720256,0.9456617213967208,0.9476285645463015,0.9495305191628898,0.9513693475461341,0.9531468745797329,0.9548649423521036,0.956525240450139,0.9581295098623375,0.9596794238795918,0.9611765164235054,0.9626224881169099,0.9640188239227956,0.9653670380183629,0.9666686252278989,0.9679249800377809,0.9691375333422021,0.970307681110558,0.9714366875758869,0.9725258870822704,0.9735765332642919,0.9745898279416148,0.9755670215706685,0.9765092133602251,0.9774176029313855,0.9782932346141473,0.9791371884958106,0.9799505251479129,0.9807342482625433,0.9814893178488788,0.9822167214041487,0.9829173586638467,0.983592139260751,0.984241939017657,0.9848675939627475,0.9854699396365932,0.9860497440345692,0.9866078247986494,0.9871449185699382,0.9876617158625703,0.9881589843577191,0.9886373601152836,0.9890975115852555,0.9895400980158561,0.9899657240220089,0.9903749986916882,0.9907685117607935,0.9911468190845352,0.991510450340871,0.9918599716033251,0.9921958507044922,0.9925186190584689,0.9928287242497524,0.9931266555341461,0.9934128482707617,0.9936877286063662,0.9939517167583347,0.994205218935992,0.994448634576482,0.9946823223334204,0.9949066563515553,0.9951219910402807,0.9953286565875408,0.9955269844580358,0.9957172888920525,0.9958998843399474,0.9960750553341292,0.9962430900892675,0.9964042567576883
A233,32.032679334536056,0.0,12.714285714285714,left,3,0.7180568199001397,0.7267850638019654,0.7353289678326801,0.7436886671984246,0.7518645146884771,0.7598565832738815,0.7676655731678999,0.7752924759189395,0.7827380093985546,0.7900032736040927,0.7970896578584483,0.8039986194244455,0.8107316005257931,0.8172904713211165,0.8236769866500365,0.8298929893260399,0.8359407113264372,0.8418222368886077,0.8475396999555733,0.8530956146203293,0.8584922630044968,0.8637321666532828,0.8688179518594579,0.8737521346795015,0.878537495350007,0.8831765414058188,0.8876722058844049,0.8920272278466438,0.8962443510074846,0.9003264299379818,0.9042763342562485,0.9080969690985634,0.9117910880270556,0.9153617551519523,0.9188116839670716,0.9221437958202698,0.9253610054314103,0.9284660698028343,0.9314619095432755,0.934351315893308,0.9371371687658352,0.9398221363746677,0.9424089816700418,0.9449004673318497,0.9472992378703189,0.9496080447346438,0.9518294276905083,0.9539659238232411,0.9560202251665656,0.9579947032296449,0.9598918797848672,0.9617141883776466,0.9634639362635679,0.9651434977176341,0.9667552282108692,0.9683012237101042,0.9697837705891068,0.9712050024193856,0.9725669749200023,0.9738717957841733,0.975121388394288,0.9763178106382525,0.9774628667069682,0.978558456709907,0.9796063722443364,0.9806083980560341,0.9815661995553892,0.9824814881344318,0.9833558502271476,0.9841908634024915,0.9849880525321094,0.9857489059287459,0.9864748394660089,0.9871672357883756,0.9878274750902357,0.9884568539971906,0.989056593901922,0.989627978533814,0.9901721337429314,0.9906902123278638,0.9911833421495259,0.9916525570723951,0.9920988912114712,0.9925233505113334,0.9929268740716404,0.9933103654190705,0.9936747511439148,0.9940208381812038,0.9943494829807452,0.9946614485513586,0.9949575203107672,0.9952384135984865,0.9955048266429495,0.9957574335449365,0.9959968843255801,0.9962238075692975,0.996438781320282,0.9966423852378006,0.9968351651768256,0.9970176444195005,0.9971903223980804,0.9973536814752556,0.9975081848890217,0.9976542651771108,0.9977923467439922,0.9979228271428505
A234,34.86608864151185,0.0,11.142857142857142,left,0,0.6470188722856984,0.6541316002554827,0.6611364373170864,0.6680339300739845,0.6748246650806803,0.6815089083527354,0.6880873086823185,0.6945606508299733,0.7009293811497941,0.7071941781279214,0.7133558466424199,0.7194151718243753,0.725372819168865,0.7312297959247775,0.7369868100335282,0.7426447110814793,0.7482045241965821,0.7536671120333361,0.7590333090848913,0.764304244487365,0.7694807746797251,0.7745639302504301,0.7795548078106354,0.7844543183636228,0.7892636516326796,0.7939836225391812,0.7986155210769325,0.8031603276036015,0.807619092429818,0.8119929122483763,0.816282870539318,0.8204901374500352,0.8246156818033068,0.8286607926959287,0.83262642000848,0.8365136840064394,0.8403237605132432,0.8440576691195182,0.84771660467187,0.8513016053951528,0.854813877424488,0.858254437316151,0.8616243335814884,0.8649247404412594,0.8681566943163186,0.8713213523878227,0.8744197665518852,0.8774528732595457,0.8804219690257492,0.8833279392504247,0.886171887788723,0.8889548890232322,0.891677902386231,0.8943419770909453,0.8969482589776814,0.8994975558526691,0.9019909975196266,0.9044295442059568,0.9068141158480282,0.9091458148123494,0.9114254508315575,0.9136541410948668,0.9158326905504424,0.9179620663235003,0.9200432040614425,0.9220770446824168,0.9240643927801466,0.9260062362069235,0.9279033691201792,0.9297567062654825,0.9315670864701405,0.9333353636394788,0.9350623304023225,0.9367488053281761,0.9383956605352282,0.9400036752523888,0.9415735225960792,0.9431061664930428,0.9446022246063065,0.9460624471467336,0.9474876863918993,0.9488785604751857,0.9502358286261822,0.9515602031922117,0.9528523869783792,0.9541130056325878,0.9553428287645802,0.9565423823353405,0.9577124321384446,0.9588535542445962,0.9599664276502627,0.9610516280129793,0.9621097692691712,0.9631414557113891,0.9641472534684021,0.9651277908477152,0.9660835599278251,0.9670151566817305,0.967923138707612,0.9688080020987432,0.9696702750221529,0.9705105014284677,0.9713291900062058,0.9721267929034357,0.97290383875199,0.9736607758118485
A235,33.79973360662695,0.0,13.142857142857142,left,1,0.7428728131720995,0.7491932660741834,0.7553823472159258,0.7614419609110418,0.7673740205407596,0.7731801297996321,0.7788622251033048,0.7844222994267874,0.7898620320261218,0.7951832905260177,0.8003879926777798,0.8054780419184726,0.8104551916192967,0.8153214758970339,0.8200786296565957,0.8247284549727691,0.8292729397378853,0.8337138699593505,0.8380529779785764,0.842292202773392,0.8464332626743719,0.8504779871165065,0.8544282063790458,0.8582855997196261,0.8620520440984554,0.8657290680238141,0.8693185692795523,0.8728221933829365,0.8762416097891954,0.8795784620972048,0.8828344122118978,0.8860111217014865,0.8891101183425801,0.8921331327772575,0.8950815733088346,0.8979570474122828,0.9007611121043035,0.9034951945545253,0.9061608381522037,0.9087594697391319,0.911292624268998,0.9137616188094746,0.9161678405114002,0.9185127145372866,0.9207975549858014,0.9230237602336947,0.925192595511871,0.9273052815892731,0.9293632310716082,0.9313675692050066,0.9333195658718263,0.935220430743794,0.9370712957472713,0.9388733423310754,0.9406277750846241,0.9423356017158302,0.9439979956749999,0.945616014695964,0.947190646577349,0.9487230501409107,0.9502141275362946,0.9516649657932406,0.9530764750666381,0.9544496386817878,0.9557853728363525,0.9570846441530161,0.9583482735235397,0.9595772272061301,0.9607722977401048,0.9619343718008527,0.9630642738786849,0.9641627850755012,0.9652307156207632,0.966268804915648,0.9672778874050786,0.9682586721661781,0.9692118182250983,0.9701381510699133,0.971038264383955,0.971912866091997,0.972762647941005,0.9735882284363343,0.9743902488383406,0.9751693365623305,0.9759260945808632,0.976661071370695,0.9773749292072339,0.9780681205879723,0.9787413006574192,0.9793949219656648,0.9800295725977306,0.9806457322559572,0.981243898770805,0.9818245676090221,0.9823882055273646,0.9829353024069553,0.9834662784881467,0.9839815860472187,0.9844816661524323,0.9849669262739988,0.9854377725373347,0.9858946160787293,0.9863378504531707,0.9867678390277338,0.9871849642244684,0.9875895723740975
A236,33.01364668339245,0.0,12.142857142857142,left,3,0.6080849979635667,0.6170982157202215,0.6259939191441635,0.6347704380025383,0.6434262476674685,0.6519595039079311,0.6603689447367451,0.6686535728913265,0.676812041958589,0.6848434078384937,0.6927469581973541,0.7005220698643901,0.7081680214211123,0.7156846192475008,0.7230714161912042,0.7303281669620745,0.7374549441888563,0.744451734670845,0.7513185265499915,0.758055772408292,0.7646636478921767,0.7711426238946647,0.7774933123831604,0.7837161912323771,0.789812136559877,0.795781598728694,0.8016257039046503,0.8073452615052459,0.8129412193802517,0.8184146088946435,0.8237665663727574,0.8289983076000809,0.8341108818078349,0.8391058126898625,0.8439841843317455,0.8487474197831069,0.8533969882118488,0.8579341854527264,0.8623606179775952,0.8666776979780821,0.870887114222588,0.8749902975651843,0.8789888063076765,0.8828843299637434,0.8866784414835842,0.8903728948605791,0.8939692815437985,0.8974691547880111,0.9008744419658252,0.9041866578830126,0.907407559006138,0.910538874447577,0.9135822308636442,0.9165393709030653,0.9194121276635724,0.9222019746979887,0.9249107798683642,0.9275401952179629,0.9300918212665419,0.9325674924830812,0.9349687299435605,0.9372973323606186,0.9395548368967055,0.9417428816826823,0.9438631147959973,0.9459171713368993,0.9479065617171486,0.9498329163976705,0.9516977242080402,0.9535025676547487,0.9552489591712364,0.9569383626077369,0.9585722748933014,0.9601520655164071,0.9616793027976585,0.9631553330133882,0.9645814468155404,0.9659591857390679,0.9672897580478372,0.9685744818640151,0.9698147296066255,0.9710116841419074,0.9721666468214979,0.9732808329353032,0.9743554360736313,0.9753915733978329,0.9763905042864253,0.9773532275388627,0.9782809423637189,0.9791746598595203,0.9800354880633422,0.9808644154460836,0.9816624564956613,0.9824305936782202,0.9831697788278495,0.9838809820634075,0.9845650548764648,0.9852229311017218,0.9858554742259411,0.986463505804598,0.9870478627272085,0.9876093526141053,0.9881487489256618,0.9886668054413914,0.989164273936434,0.98964184488631
A237,32.6838779870466,0.0,13.0,left,0,0.6627121900536332,0.6698023710487928,0.6767787811206909,0.6836421313616748,0.6903931684961355,0.6970323316953745,0.7035604246000088,0.7099783960541997,0.7162868562917615,0.7224866455373851,0.7285787231724903,0.7345640439867451,0.7404434384335807,0.7462180368743938,0.751888746169883,0.7574565391567396,0.7629225913209099,0.7682879370146151,0.7735535510737142,0.7787207061225877,0.7837904055600289,0.7887638218212976,0.7936421898930075,0.7984265613795375,0.8031182676540656,0.8077182436754076,0.8122278955640592,0.8166483813472329,0.8209808498631657,0.8252265029415462,0.8293865729249263,0.8334623369975847,0.837454884058258,0.8413656279274566,0.8451955820956294,0.8489460268703988,0.8526182406264019,0.8562133152555416,0.85973254326993,0.8631770962046253,0.866548270608208,0.8698471307727609,0.8730748653142645,0.8762327164409205,0.8793218076639312,0.8823433751833413,0.8852985517677943,0.8881883575855539,0.8910141530810878,0.8937769043343586,0.8964777827070382,0.8991179286242098,0.9016983707386174,0.904220220189558,0.9066846765837326,0.9090926171339316,0.9114452207866314,0.9137435034860639,0.9159884406728168,0.9181811767983772,0.9203225783405291,0.9224137980633617,0.9244557045162283,0.9264492693990221,0.9283955019967479,0.9302953673183444,0.9321497121534961,0.933959551823739,0.9357257184603238,0.937449154089969,0.9391307377075127,0.9407713092771341,0.9423717601522483,0.9439328540946688,0.9454555588026912,0.9469405995166456,0.948388752692263,0.9498009300424772,0.9511777783960215,0.9525201164287438,0.9538287318663081,0.9551043165202502,0.9563476206655825,0.9575593825996541,0.9587402814806513,0.9598909571349017,0.9610122088721466,0.9621045650575043,0.9631688008077548,0.9642054585134816,0.9652152591862259,0.9661987837533285,0.9671566193248124,0.9680893707850091,0.968997645184602,0.9698820252634545,0.9707430215111296,0.97158122329232,0.9723971717814173,0.9731913869045603,0.9739643912040103,0.9747166975358008,0.9754488090943015,0.9761612088276362,0.9768543813984042,0.9775287714090676
A238,31.0522087940614,0.0,12.714285714285714,left,1,0.7577781197826964,0.7639905978066639,0.7700672720641518,0.7760102750816584,0.7818217633113362,0.7875035651299354,0.7930578109562741,0.7984867109466045,0.8037921541859191,0.8089762091171717,0.8140409786817305,0.81898858399999,0.8238209394369169,0.8285402641674098,0.8331484546638096,0.8376475389632976,0.8420396127584449,0.8463266423355632,0.8505105194375183,0.8545933298686887,0.8585769414809177,0.862463323934455,0.8662544422587968,0.8699521112994263,0.8735583302076073,0.877074759273736,0.8805034070062858,0.8838460353500981,0.8871044241074686,0.8902803233840355,0.8933754956394828,0.896391697839354,0.8993305549221134,0.9021938656420239,0.9049831725614625,0.9077001207878189,0.9103463568666467,0.9129233738077037,0.915432820189097,0.9178761540236806,0.9202549809188263,0.9225706844875654,0.9248247098251524,0.9270185330685015,0.9291535219176146,0.9312311074537666,0.9332526359390013,0.9352193317598526,0.9371326693980475,0.9389938087150671,0.9408040508129577,0.9425646367655031,0.9442767317225105,0.9459415428290072,0.947560312997711,0.9491340440319336,0.9506639252476169,0.952151070247083,0.9535964880852269,0.9550012913556629,0.9563664556010278,0.9576930703862958,0.9589820288188038,0.9602343209009594,0.9614509020164769,0.9626327237452285,0.9637806319169442,0.9648955441136362,0.9659783168440247,0.9670297903398419,0.968050788494306,0.9690421188268085,0.9700045850114367,0.970938899678295,0.9718458964741623,0.9727262690310958,0.9735806990982986,0.9744099794481709,0.975214704682413,0.9759955693693481,0.9767532615520963,0.9774883701068161,0.9782015238027227,0.9788933659379172,0.9795644562626442,0.980215343928948,0.980846657793134,0.981458875227127,0.9820525879498159,0.9826282690338928,0.9831864739146148,0.9837276695286572,0.9842523448197382,0.9847609537117157,0.9852539700033757,0.9857318620729557,0.9861950146827874,0.9866438823817368,0.9870788794226704,0.9875003965218361,0.9879088217774393,0.9883045461650504,0.9886879439648072,0.9890593678617676,0.9894191678542159,0.9897676794494938
A239,29.4813354150318,0.0,13.428571428571429,left,3,0.7109713668995181,0.7197462309463695,0.728341099842158,0.7367559417480749,0.7449909039525435,0.7530459113426959,0.7609214859661675,0.7686184213457502,0.7761372536263558,0.7834789323599436,0.7906446285351054,0.7976356600627761,0.8044532509222129,0.8110991445698819,0.8175748543372294,0.8238821234167705,0.8300229426821074,0.8359992824668219,0.8418130918325701,0.8474667263014536,0.8529623074981237,0.8583022028969562,0.8634888893720709,0.8685247341603114,0.8734123926613888,0.8781541825729172,0.8827529533400285,0.8872112975416357,0.8915318317674166,0.8957172900656233,0.899770426133943,0.9036940345152172,0.9074907584844157,0.911163565064771,0.9147150780416371,0.9181480896593521,0.9214654655057044,0.9246698634809494,0.9277641391491427,0.9307509745050274,0.9336332056350823,0.9364134630285256,0.9390943753859629,0.9416787326747159,0.9441690643497589,0.9465680789465772,0.9488783248983264,0.9511022410850115,0.9532425078414859,0.955301458488545,0.9572815882229714,0.9591852901419512,0.9610148929621216,0.9627727073266927,0.964461077813205,0.9660821233540325,0.967638082696214,0.9691310961370856,0.9705632006886694,0.9719365305694635,0.9732530046030617,0.9745146548035284,0.9757233306490729,0.9768808982174889,0.9779891898267302,0.9790500017740515,0.9800649899987434,0.981035893245754,0.9819643035088332,0.9828518338055906,0.9837000268078904,0.9845103673873065,0.9852843226793931,0.9860232666683737,0.9867286338497588,0.9874017228941003,0.9880437777493327,0.988656124739057,0.9892399109422183,0.9897963045160908,0.990326468152272,0.9908314606835763,0.9913123442834165,0.9917701491716227,0.9922058507875728,0.9926203787598956,0.9930146781140321,0.9933895930641723,0.9937460067533568,0.9940847115389345,0.9944065155394889,0.9947121610293964,0.9950023802148177,0.9952778740570835,0.9955393137153558,0.9957873583932366,0.9960226082958574,0.9962456753030059,0.9964571304518746,0.9966575150559893,0.9968473602923161,0.9970271727946343,0.997197433931185,0.9973586070528231,0.9975111340930386,0.9976554366437711
A240,34.719758030974006,0.0,13.714285714285714,left,0,0.6614856860734806,0.6685781343119281,0.6755572716979998,0.6824237932768996,0.6891784433220249,0.6958216285740247,0.7023541610073472,0.7087769601601,0.7150906229987042,0.7212959926080121,0.7273939994192218,0.7333855906778229,0.7392715839068629,0.7450530969601319,0.750731013721315,0.7563063255003674,0.7617801647305092,0.7671535639375044,0.7724274858355543,0.7776031915362747,0.782681672647352,0.787664090242675,0.7925516682398215,0.7973454470000774,0.8020467378196744,0.8066564931738929,0.811176089910014,0.815606647872865,0.8199493525693399,0.8242053772353377,0.8283759626890618,0.8324623406466479,0.8364656087191894,0.8403871548511623,0.8442280183485509,0.8479894535215836,0.8516727306353404,0.8552789331335114,0.8588093623883178,0.8622651327532663,0.8656475830874202,0.868957769426183,0.8721968257426382,0.8753660507407035,0.8784664988704309,0.8814994616734585,0.8844660198432411,0.8873672023213861,0.89020436463457,0.8929784523649057,0.8956906744472458,0.8983421096158145,0.9009338233644959,0.9034669214925242,0.9059425724136498,0.9083616486177654,0.9107253516389453,0.9130346925953707,0.915290617200661,0.9174942673401683,0.9196465419962048,0.9217485426057147,0.9238011700854619,0.9258053924409935,0.9277621930703445,0.929672534846833,0.9315372838576621,0.9333574421211056,0.9351338495361107,0.9368674248258015,0.9385590556219405,0.9402095797371713,0.9418198868890383,0.9433907386184297,0.944923082845591,0.9464176998493807,0.9478752890649829,0.9492968178110472,0.9506829298898044,0.952034407559985,0.9533520558589512,0.9546365654119571,0.9558886858916272,0.9571091550972433,0.9582986514443492,0.9594578138933194,0.9605874422429244,0.9616880635032666,0.9627604534562317,0.963805153555116,0.9648228854128441,0.965814215877701,0.9667797732082137,0.9677201211860842,0.9686358680237106,0.9695276229195239,0.9703958829996495,0.9712412382823403,0.9720642422532614,0.9728653911149462,0.9736452200907871,0.9744042314211403,0.9751429624707614,0.9758618632056429,0.97656143018752,0.9772421084909637
A241,29.19109963269905,0.0,11.142857142857142,left,1,0.7767254365944897,0.7827764111915411,0.7886862774651349,0.7944574804426767,0.8000924615357987,0.805593356728826,0.810962615957081,0.8162026920192429,0.8213157860378102,0.826304227484389,0.831170380625634,0.8359166191564589,0.8405451281535707,0.8450583071223653,0.8494583604317014,0.8537474896772336,0.8579280217193079,0.8620021185708465,0.865971912918631,0.8698396644091622,0.8736074345933587,0.8772773736751082,0.8808516193928847,0.8843321600788047,0.8877211498044585,0.8910204164450508,0.8942321072552293,0.8973581442858514,0.9004004032286784,0.9033608081900363,0.9062412316693143,0.9090435474600131,0.911769499422589,0.9144209979462344,0.9169996586418565,0.9195072604553125,0.9219455263319285,0.9243160550438067,0.9266205351658402,0.9288605431893904,0.9310377377226517,0.9331535791030813,0.9352095671906857,0.9372072659769407,0.9391480607641322,0.9410334711852681,0.9428648718820324,0.9446435420805779,0.9463709719492907,0.9480483622014574,0.9496770810867358,0.9512583813216725,0.9527934606875486,0.9542835493179456,0.9557299037615651,0.9571335599157528,0.9584957161550074,0.9598174980691082,0.9610999334478468,0.962344137186626,0.9635510979124878,0.9647219003995203,0.9658574513500744,0.9669587386394891,0.9680267151704065,0.9690623260819632,0.9700664196464223,0.9710399029057419,0.9719836254080109,0.9728984185875376,0.9737850958031945,0.9746444524008664,0.9754772766386478,0.976284274435885,0.977066252718478,0.9778238940011563,0.9785578674224447,0.9792689340962695,0.9799576911631257,0.9806247810749734,0.9812708934727941,0.9818965930129219,0.9825024848622287,0.9830891835272089,0.9836572297741382,0.9842071528364439,0.9847395465551135,0.9852548743105379,0.9857536933223562,0.986236458524874,0.9867036915678706,0.987155837535855,0.987593357683864,0.9880166818246353,0.9884262541438703,0.9888225120702455,0.9892058216454218,0.9895766047571782,0.9899352479007781,0.9902821162556047,0.9906175710172873,0.9909419739022024,0.9912556711096463,0.9915589894395087,0.9918522518427606,0.9921357678340781
A242,30.16082648209865,0.0,13.285714285714286,left,2,0.7884335761517531,0.7943953551375572,0.8002120612963115,0.805886368543476,0.8114209330925922,0.816818089782952,0.8220804495655478,0.8272107318770114,0.8322112599089901,0.837084595895498,0.8418332767003839,0.846459809477861,0.8509666002863854,0.855356205743485,0.8596309721323417,0.8637932718508581,0.8678455924759876,0.8717902406636098,0.8756294745566304,0.8793657161008398,0.8830011595699684,0.8865380500016234,0.8899786894466449,0.8933251716910049,0.8965797729563851,0.8997444238242609,0.9028213964174581,0.9058126873921795,0.9087202982022649,0.9115462309950069,0.9142924596309575,0.9169609406884414,0.9195535024013679,0.9220721255498517,0.9245185184710261,0.9268945153277472,0.929201915442929,0.931442373356789,0.9336176670774147,0.9357293985284223,0.9377792855976411,0.9397688545050779,0.9416996532810459,0.9435732658020596,0.945391172203422,0.9471548674246166,0.9488658020452003,0.9505252772682199,0.9521348394722948,0.9536957079267044,0.9552092380305042,0.9566767578602523,0.958099472830473,0.9594786311591127,0.9608154860454682,0.9621111145954166,0.9633667382015105,0.9645834778097938,0.9657623761193905,0.9669045653631724,0.9680110179469237,0.9690828314491817,0.9701209487520513,0.9711263199544149,0.972099934932513,0.9730426998920231,0.9739554787790634,0.9748391955232035,0.9756946735707798,0.9765227401853755,0.9773242238010459,0.9780999016785245,0.9788505234153183,0.9795768407269455,0.9802796143248861,0.9809595386144209,0.9816172566624457,0.9822535098950935,0.982868899267822,0.9834640710001855,0.9840396617822632,0.9845962443676956,0.985134416091881,0.9856547576442564,0.9861578051228355,0.9866440816532492,0.9871141510047063,0.9875684673923443,0.9880075655181113,0.9884318883992644,0.9888419415794789,0.989238143648401,0.9896209438412592,0.9899907670836292,0.9903480265125811,0.9906931340786981,0.9910264539245359,0.9913483860798136,0.9916592935965953,0.9919595201935486,0.9922494232105291,0.9925293356147136,0.9927995893629876,0.9930604855861016,0.9933123377636686,0.9935554379063485
A243,33.29489922428375,0.0,11.714285714285714,left,2,0.8573868082012237,0.8624078440152018,0.8672712005951355,0.8719809820484704,0.8765412300355442,0.8809556308054691,0.8852281302710533,0.8893626088587272,0.8933626349017868,0.89723190345108,0.9009740366806093,0.9045925812784521,0.9080909541444736,0.9114726257170209,0.9147409047042799,0.9178989950319878,0.920950189843654,0.9238975838755416,0.9267441892995931,0.9294930927508199,0.9321471660387773,0.9347092735778918,0.9371822754806214,0.9395688477005568,0.941871712742758,0.9440933664888309,0.9462364541037399,0.9483034334212966,0.9502966612777082,0.9522185201436265,0.9540713062516828,0.9558572494629954,0.9575784825301508,0.9592371866575378,0.9608353510022243,0.9623749970591141,0.9638580675402622,0.9652864301018266,0.9666619485516141,0.9679863717329683,0.9692614832982658,0.9704889169799217,0.9716702916326732,0.9728072192353511,0.973901220426231,0.9749537976389314,0.9759663999491514,0.9769403628836136,0.9778771408246608,0.9787779722191475,0.9796441515952389,0.9804769339801481,0.9812774822273015,0.9820469533391248,0.9827865113712932,0.9834971841473295,0.984180043617298,0.9848361115141162,0.9854663405020101,0.9860717058177193,0.9866531083179029,0.9872114550321036,0.9877475834648679,0.988262312183759,0.988756464263426,0.9892308046347557,0.9896860625522079,0.9901229828971987,0.9905422466434411,0.9909445235263858,0.9913304707450192,0.991700703381174,0.9920558303105922,0.9923964213287902,0.9927230577450918,0.9930362740161137,0.993336570702363,0.9936244829897662,0.9939004721214835,0.9941650068731358,0.9944185565511381,0.9946615318053406,0.9948943598297366,0.9951174484358771,0.9953311781782157,0.9955359165031376,0.995732040298313,0.9959198733484422,0.9960997659338545,0.9962720237848453,0.9964369715660704,0.9965948924513575,0.9967460759778588,0.9968907961116773,0.9970293165496935,0.9971618950134088,0.997288765636687,0.9974101712494127,0.9975263356783244,0.9976374709178704,0.997743789515143,0.9978454906213821,0.9979427687999166,0.9980358034841756,0.9981247746940819,0.9982098510724786
A244,29.543497176563,0.0,12.714285714285714,left,0,0.8132644129311488,0.8192905014055883,0.8251515970984816,0.8308509344867396,0.8363917891892392,0.8417770829957618,0.8470100696103208,0.8520940152647989,0.8570319405444409,0.861826942038698,0.8664822272443962,0.8710009088901631,0.875385974581495,0.8796406098732777,0.8837677711307226,0.8877704040334491,0.8916515674306892,0.8954141908156784,0.8990610659570468,0.9025951921074243,0.9060193119842291,0.9093362291043506,0.9125487320099949,0.9156594649590188,0.9186712043121661,0.9215863860319877,0.9244077527409161,0.9271377684593856,0.9297789205043566,0.93233363501212,0.9348043202133871,0.9371933624298548,0.9395030009980688,0.9417355763773136,0.9438932136671849,0.9459781053246404,0.9479924058556854,0.9499381230994669,0.9518173394996764,0.9536319935381101,0.9553840903641345,0.9570754782775092,0.9587079570056739,0.9602834009780427,0.9618035211557462,0.9632700688108716,0.9646847264501753,0.9660490429424236,0.9673647126936227,0.9686332272880108,0.9698560988755031,0.9710348159342077,0.9721707701631784,0.9732653804697546,0.9743200283917399,0.9753359712269725,0.9763145241055139,0.9772569242410623,0.9781643572987169,0.9790380474408479,0.9798790786311888,0.980688619757698,0.9814676965209429,0.9822173620648942,0.9829386476808131,0.9836325298378663,0.9842999421958156,0.9849418386213118,0.9855590914847062,0.9861525780710516,0.9867231352716063,0.9872715887409838,0.9877987191095682,0.9883052718056399,0.9887920254327505,0.9892596845401027,0.9897089104638128,0.9901404285256068,0.9905548467049888,0.9909527982903223,0.9913349057246992,0.9917017415145626,0.9920538794085868,0.992391873884042,0.9927162478098849,0.9930274992531815,0.993326155061639,0.9936126558203999,0.9938874942227575,0.9941510893776188,0.9944038938020741,0.9946463088681031,0.994878739616086,0.9951015641886436,0.9953151604277062,0.9955198953467478,0.9957160999657455,0.9959041167152545,0.9960842698548973,0.9962568618568177,0.996422192400994,0.9965805549773794,0.9967322274394858,0.9968774710519296,0.9970165464682164,0.9971496964899145
A245,31.145959711264602,0.0,12.571428571428571,left,3,0.7109713668995181,0.7197462309463695,0.728341099842158,0.7367559417480749,0.7449909039525435,0.7530459113426959,0.7609214859661675,0.7686184213457502,0.7761372536263558,0.7834789323599436,0.7906446285351054,0.7976356600627761,0.8044532509222129,0.8110991445698819,0.8175748543372294,0.8238821234167705,0.8300229426821074,0.8359992824668219,0.8418130918325701,0.8474667263014536,0.8529623074981237,0.8583022028969562,0.8634888893720709,0.8685247341603114,0.8734123926613888,0.8781541825729172,0.8827529533400285,0.8872112975416357,0.8915318317674166,0.8957172900656233,0.899770426133943,0.9036940345152172,0.9074907584844157,0.911163565064771,0.9147150780416371,0.9181480896593521,0.9214654655057044,0.9246698634809494,0.9277641391491427,0.9307509745050274,0.9336332056350823,0.9364134630285256,0.9390943753859629,0.9416787326747159,0.9441690643497589,0.9465680789465772,0.9488783248983264,0.9511022410850115,0.9532425078414859,0.955301458488545,0.9572815882229714,0.9591852901419512,0.9610148929621216,0.9627727073266927,0.964461077813205,0.9660821233540325,0.967638082696214,0.9691310961370856,0.9705632006886694,0.9719365305694635,0.9732530046030617,0.9745146548035284,0.9757233306490729,0.9768808982174889,0.9779891898267302,0.9790500017740515,0.9800649899987434,0.981035893245754,0.9819643035088332,0.9828518338055906,0.9837000268078904,0.9845103673873065,0.9852843226793931,0.9860232666683737,0.9867286338497588,0.9874017228941003,0.9880437777493327,0.988656124739057,0.9892399109422183,0.9897963045160908,0.990326468152272,0.9908314606835763,0.9913123442834165,0.9917701491716227,0.9922058507875728,0.9926203787598956,0.9930146781140321,0.9933895930641723,0.9937460067533568,0.9940847115389345,0.9944065155394889,0.9947121610293964,0.9950023802148177,0.9952778740570835,0.9955393137153558,0.9957873583932366,0.9960226082958574,0.9962456753030059,0.9964571304518746,0.9966575150559893,0.9968473602923161,0.9970271727946343,0.997197433931185,0.9973586070528231,0.9975111340930386,0.9976554366437711
A246,29.81589415792335,0.0,13.285714285714286,left,0,0.8308611641507153,0.8366357674791792,0.8422413800844123,0.8476816858744002,0.8529603249244888,0.8580806885694466,0.8630464017564355,0.8678611029804251,0.8725281831082453,0.8770510905947635,0.8814333633870793,0.8856784346416287,0.8897896049938951,0.8937703455180598,0.8976238972181569,0.9013534764145954,0.9049624030289518,0.9084538078251432,0.9118307590380021,0.9150964488486367,0.9182538304157094,0.9213058985322979,0.924255619343207,0.927105823328571,0.9298594020652331,0.9325189899209674,0.9350874312711436,0.9375673663553689,0.9399613484631313,0.9422719357209881,0.9445016260091098,0.9466529130360107,0.9487281160087002,0.9507296421154644,0.9526596927657586,0.9545205176283522,0.9563143201336847,0.9580431612138574,0.9597091565648981,0.9613142826478974,0.962860578244783,0.9643498741674177,0.9657840355078379,0.9671649241256203,0.9684942626289355,0.9697737989018471,0.9710052107395185,0.9721900501490389,0.9733299861841923,0.9744265025912769,0.9754810921669326,0.9764952184272107,0.9774702530653379,0.9784075828749678,0.9793085542725675,0.9801743996313923,0.9810063930643759,0.9818057347421959,0.9825735738793486,0.9833110850895224,0.9840193176124554,0.9846993855448718,0.9853522759655511,0.9859789927864443,0.986580515337532,0.9871577711218181,0.9877116462594008,0.9882430379578425,0.9887527703562702,0.9892416663851392,0.9897105160820096,0.9901600727437012,0.99059108152699,0.9910042317142911,0.9914002406453627,0.9917797608012651,0.9921434054416582,0.9924918354428083,0.9928256127387294,0.9931453159261504,0.993451511026291,0.9937447203459076,0.9940254636937219,0.9942942420346882,0.9945515278737805,0.994797770917328,0.9950334405154161,0.9952589349042918,0.9954746905329707,0.9956810832117015,0.9958785122753258,0.9960673370347103,0.9962479068121607,0.9964205631866312,0.9965856348017407,0.9967434422200938,0.9968942760905268,0.9970384337858038,0.9971761966716871,0.9973078275132655,0.9974335869274584,0.997553721690196,0.997668475890762,0.9977780721020411,0.997882732661598,0.997982664911948
A247,33.444642202213245,0.0,12.428571428571429,left,1,0.7621713319318504,0.7683488439255397,0.7743892861988194,0.7802948614868429,0.7860677946745178,0.7917099832473158,0.7972236232293498,0.8026109880846688,0.8078740215767343,0.8130148723505966,0.8180357115328931,0.8229386621590457,0.8277257696526674,0.8323992335666867,0.8369610765587865,0.8414133245987416,0.8457581402119361,0.8499975213213603,0.8541334415910583,0.85816801347634,0.8621031657336562,0.8659408769328809,0.8696831685941618,0.8733318957533442,0.8768890782314407,0.8803564462210176,0.8837360399952725,0.8870296256040189,0.8902390158009148,0.8933660208871925,0.896412417852353,0.8993800050505416,0.9022704077666054,0.9050854623823743,0.9078267246464443,0.9104958890992945,0.9130946103350118,0.9156244163700443,0.9180869488972314,0.9204836987720559,0.9228162756901508,0.925086105701191,0.9272946379572616,0.9294433625523753,0.9315336619137852,0.933566989849197,0.9355446832994548,0.9374680016159266,0.9393384052367697,0.9411570770095428,0.9429253065573009,0.9446443823561327,0.9463154582693609,0.9479397477954243,0.9495184980282277,0.9510527197004602,0.9525436052450668,0.9539922720558894,0.9553997345474842,0.9567671068438947,0.9580953685253238,0.9593856090197936,0.960638725582664,0.9618557086890178,0.963037528634977,0.9641850928521122,0.9652992922819663,0.9663810420407163,0.9674311571442207,0.9684505174716453,0.9694399317587497,0.9704002179888808,0.9713321398434083,0.9722364465229283,0.9731139538351886,0.9739653536587187,0.9747913256283234,0.9755926558880087,0.9763699488224701,0.9771238727855274,0.9778551111287674,0.9785642703706312,0.9792519737700313,0.9799188298286334,0.980565423324486,0.9811922898640757,0.9818000507359065,0.9823891807334516,0.9829602640982178,0.9835137783781719,0.9840502553321635,0.9845701656607935,0.9850739849099954,0.9855621770784038,0.9860352089950366,0.9864935209617898,0.9869375152446574,0.9873676320966185,0.9877842861594824,0.9881878433983367,0.9885787113950374,0.9889572559424589,0.9893238514061475,0.9896788391935482,0.9900225747594116,0.9903553821284503
A248,32.6798904209325,0.0,12.285714285714286,left,0,0.7662557334095568,0.7728038088323139,0.779200676488997,0.7854485717648119,0.791549781824947,0.797506258758984,0.8033203068829387,0.8089943214565629,0.8145303945890708,0.8199307682215433,0.8251978288143491,0.8303338863172263,0.8353411378523017,0.8402220367803059,0.844978805440429,0.8496136835340844,0.8541290899079589,0.8585272587487989,0.8628103944965599,0.8669809099020429,0.871040964992235,0.8749928230203208,0.87883876221949,0.8825809354065752,0.886221626708723,0.8897628309635456,0.8932068864740333,0.8965558543642347,0.8998117993262005,0.902976826238057,0.9060530066144133,0.9090423907057649,0.9119469035471228,0.9147686531785081,0.91750946800313,0.9201713164567412,0.922756101478336,0.9252656399086225,0.9277018258784334,0.9300664087845923,0.9323612647926073,0.9345880506443572,0.9367484514624475,0.9388442357482589,0.9408769938009809,0.9428483966559061,0.9447600505485851,0.9466134069509545,0.9484101408472175,0.9501516772613012,0.9518394938251472,0.9534750607503658,0.9550597384674735,0.9565949491294125,0.9580820870724996,0.9595223946583278,0.9609172184633749,0.9622678171354752,0.963575397168776,0.9648412423803882,0.9660664550763985,0.9672522817940922,0.9683997804563117,0.9695100686208765,0.9705842515990918,0.9716233726694445,0.972628429547568,0.9736004688715415,0.9745404323301327,0.9754492864633388,0.9763279640182485,0.9771773552136657,0.9779983606517186,0.9787917996512303,0.979558570028967,0.9802994691642992,0.9810152404391603,0.9817067440171007,0.9823746671675047,0.9830197512092191,0.983642734013147,0.9842442856503565,0.9848250911134093,0.9853858166624835,0.9859270886654018,0.9864495039195003,0.98695371954899,0.9874402588725841,0.9879097445444787,0.988362684914291,0.9887996561435491,0.9892211626229621,0.9896277017368206,0.9900197686466418,0.9903978442131159,0.990762405595219,0.9911138749491233,0.9914527034776306,0.9917793185414576,0.992094116339125,0.9923975003659863,0.9926898531222074,0.9929715626518708,0.9932429759126424,0.9935044503197817,0.9937563168152799
A249,32.952519078235,0.0,13.285714285714286,left,0,0.7574863867801657,0.7641103551124402,0.7705860355765051,0.7769155084501055,0.7831008695635844,0.7891439474433656,0.7950468612121651,0.8008118652464006,0.8064408898495622,0.8119360491468077,0.8172995791424922,0.8225336512138289,0.8276403252522689,0.8326219439485791,0.8374805468076296,0.842218301639528,0.8468374919298047,0.8513402341831212,0.8557286348598565,0.8600049676833008,0.8641712857141077,0.8682297836816844,0.8721826269196498,0.8760318724132969,0.8797797163431337,0.8834280761328255,0.8869791673471514,0.890435013813856,0.8937975872703989,0.897068919981878,0.9002510139371848,0.9033458533142167,0.9063552967127283,0.9092813964444719,0.9121259190429447,0.9148907802269977,0.9175778318254443,0.9201888401223459,0.9227256557618652,0.9251899826693171,0.9275836608004223,0.9299083052101762,0.9321655750544634,0.9343571769240427,0.9364847001825554,0.9385497788031711,0.9405539935442337,0.9424987664010545,0.9443857574176725,0.9462163678619606,0.9479920576069432,0.9497142821960529,0.9513843849440081,0.9530037774762642,0.9545738455003885,0.9560958174797427,0.957571035055429,0.9590007501015916,0.9603861622884076,0.9617285562573601,0.96302902718611,0.9642888261943797,0.9655090069976252,0.9666906893849071,0.9678349829474407,0.9689429339608135,0.9700155427172561,0.9710538643248803,0.9720588444028565,0.9730314575826272,0.9739726448294199,0.9748833039494228,0.975764346228809,0.9766165980201844,0.9774409722426689,0.978238276168017,0.9790092610012454,0.9797548058580311,0.980475605638654,0.9811724154437468,0.9818459886891694,0.9824970074474351,0.9831261717858752,0.9837341633690195,0.9843216224186034,0.9848891587577056,0.9854374494906796,0.985967027942082,0.9864785371181729,0.9869724971571976,0.9874495036542998,0.9879100754545598,0.9883547251700774,0.9887839644087127,0.989198290545574,0.9895981983044169,0.9899841234046844,0.990356534714415,0.9907158762138595,0.9910625588237815,0.991397002675475,0.9917196059372483,0.9920307740496451,0.9923308681930681,0.99262026215773,0.9928993014851858
A250,33.09423173112215,0.0,13.142857142857142,left,2,0.8009143228352879,0.8067407674083913,0.8124190716369372,0.8179521332303098,0.8233428258360697,0.8285937308201357,0.8337076819301366,0.838687566547859,0.8435359340713607,0.8482555410829336,0.8528491123191233,0.8573193365324608,0.8616687977150929,0.8659002019639983,0.8700160937557518,0.874019002753359,0.8779115315876642,0.881696148979682,0.88537525451284,0.8889513977295371,0.8924268887868172,0.8958041368609977,0.8990855127727508,0.902273238993899,0.9053696907753563,0.9083769078107243,0.9112972479561744,0.9141327880850603,0.9168856536138199,0.9195578888732406,0.922151555322366,0.9246686791893404,0.9271111594956525,0.9294810217242623,0.9317800734464936,0.9340101679624897,0.9361731539750426,0.9382707694663258,0.9403047996220886,0.9422769011503851,0.9441888231364366,0.9460421303814609,0.9478384029532498,0.9495792490295581,0.9512661751785796,0.9529006967093752,0.954484282801375,0.9560182597007111,0.9575041755630355,0.9589432716404183,0.960336910450847,0.9616864247013708,0.9629930298994842,0.964257962508229,0.9654825021398739,0.9666677332569633,0.9678148421126757,0.9689249602406991,0.9699991301666013,0.9710384600318451,0.9720439576957355,0.9730166678553932,0.9739575287196182,0.9748675148442364,0.9757475654364787,0.9765985859695283,0.9774214293326182,0.9782169993596629,0.9789861062618734,0.9797295607842277,0.9804481717774857,0.9811426903965226,0.9818138760198053,0.9824624336985037,0.9830891095058639,0.9836945788110426,0.9842794611010026,0.9848444920257198,0.9853902332913969,0.985917308534438,0.986426344506486,0.9869178940972434,0.9873925167044164,0.9878507755664655,0.9882931856520922,0.9887202486182345,0.9891324998560629,0.9895303767738812,0.989914385531145,0.9902849502707065,0.9906425480521256,0.9909875783658719,0.9913204658437009,0.9916416123639179,0.9919514080336465,0.9922502404183682,0.9925384542490966,0.9928164239154014,0.9930844904489703,0.993342976917053,0.9935922168389659,0.9938325214935501,0.9940642000691262,0.9942875341516715,0.994502814781069,0.9947103135178254
A251,33.516868395390006,0.0,11.857142857142858,left,1,0.7621713319318504,0.7683488439255397,0.7743892861988194,0.7802948614868429,0.7860677946745178,0.7917099832473158,0.7972236232293498,0.8026109880846688,0.8078740215767343,0.8130148723505966,0.8180357115328931,0.8229386621590457,0.8277257696526674,0.8323992335666867,0.8369610765587865,0.8414133245987416,0.8457581402119361,0.8499975213213603,0.8541334415910583,0.85816801347634,0.8621031657336562,0.8659408769328809,0.8696831685941618,0.8733318957533442,0.8768890782314407,0.8803564462210176,0.8837360399952725,0.8870296256040189,0.8902390158009148,0.8933660208871925,0.896412417852353,0.8993800050505416,0.9022704077666054,0.9050854623823743,0.9078267246464443,0.9104958890992945,0.9130946103350118,0.9156244163700443,0.9180869488972314,0.9204836987720559,0.9228162756901508,0.925086105701191,0.9272946379572616,0.9294433625523753,0.9315336619137852,0.933566989849197,0.9355446832994548,0.9374680016159266,0.9393384052367697,0.9411570770095428,0.9429253065573009,0.9446443823561327,0.9463154582693609,0.9479397477954243,0.9495184980282277,0.9510527197004602,0.9525436052450668,0.9539922720558894,0.9553997345474842,0.9567671068438947,0.9580953685253238,0.9593856090197936,0.960638725582664,0.9618557086890178,0.963037528634977,0.9641850928521122,0.9652992922819663,0.9663810420407163,0.9674311571442207,0.9684505174716453,0.9694399317587497,0.9704002179888808,0.9713321398434083,0.9722364465229283,0.9731139538351886,0.9739653536587187,0.9747913256283234,0.9755926558880087,0.9763699488224701,0.9771238727855274,0.9778551111287674,0.9785642703706312,0.9792519737700313,0.9799188298286334,0.980565423324486,0.9811922898640757,0.9818000507359065,0.9823891807334516,0.9829602640982178,0.9835137783781719,0.9840502553321635,0.9845701656607935,0.9850739849099954,0.9855621770784038,0.9860352089950366,0.9864935209617898,0.9869375152446574,0.9873676320966185,0.9877842861594824,0.9881878433983367,0.9885787113950374,0.9889572559424589,0.9893238514061475,0.9896788391935482,0.9900225747594116,0.9903553821284503
A252,33.29128015052985,0.0,13.428571428571429,left,0,0.7852399080053761,0.7916015249074737,0.797805931521799,0.8038557546146636,0.8097536344447765,0.8155019086936932,0.8211032290963567,0.8265603628928715,0.8318757042951567,0.8370518917687488,0.8420915770580353,0.846997400795293,0.8517718690829413,0.8564177231729662,0.8609374582886905,0.8653336264908706,0.8696088905703447,0.8737657606430429,0.8778066624481002,0.8817342556893946,0.8855509360740162,0.889259172350312,0.8928614953583206,0.8963602073855066,0.8997578240107044,0.9030565374864765,0.9062588240204251,0.9093669196823767,0.9123830926411731,0.9153095608887617,0.9181485414566679,0.9209022459683983,0.9235727241832768,0.92616220861902,0.9286726309220221,0.9311060660475228,0.9334645518962094,0.935749962386013,0.9379643086047147,0.9401094181084856,0.9421872452380952,0.9441994975080632,0.9461479776996057,0.9480344409690101,0.9498605959184616,0.9516281581022498,0.953338725570234,0.9549938549895118,0.9565952413166499,0.958144301162938,0.9596425881146732,0.9610915767288148,0.9624926679503855,0.9638472515522667,0.9651567874837346,0.966422480529268,0.9676457188703819,0.9688277509755066,0.9699697872456384,0.9710730992033254,0.9721387938274108,0.9731680975679666,0.9741620669707844,0.975121815627741,0.9760483968631473,0.9769428808789772,0.9778062080312977,0.9786394382723749,0.979443455630417,0.9802192295251243,0.9809676562895148,0.9816896009744203,0.982385932715497,0.9830574470908832,0.9837050095978538,0.9843293642797163,0.9849312611046671,0.9855114892141326,0.9860707123232028,0.9866096494183259,0.9871289908888953,0.9876293740780847,0.9881114451280409,0.9885758309639995,0.9890231219594683,0.9894538807629284,0.9898687164098311,0.9902681245499845,0.9906526793818172,0.9910228583076364,0.9913791912828681,0.9917221467252334,0.9920521846548401,0.9923697605986004,0.992675320124283,0.9929692901698872,0.9932520639983008,0.993524051469621,0.9937856371115522,0.9940371896474842,0.9942790699265331,0.9945116271921802,0.9947351993703719,0.9949501101722101,0.9951566760635046,0.9953551941020478
A253,28.48326701231565,0.0,13.0,left,1,0.7767254365944897,0.7827764111915411,0.7886862774651349,0.7944574804426767,0.8000924615357987,0.805593356728826,0.810962615957081,0.8162026920192429,0.8213157860378102,0.826304227484389,0.831170380625634,0.8359166191564589,0.8405451281535707,0.8450583071223653,0.8494583604317014,0.8537474896772336,0.8579280217193079,0.8620021185708465,0.865971912918631,0.8698396644091622,0.8736074345933587,0.8772773736751082,0.8808516193928847,0.8843321600788047,0.8877211498044585,0.8910204164450508,0.8942321072552293,0.8973581442858514,0.9004004032286784,0.9033608081900363,0.9062412316693143,0.9090435474600131,0.911769499422589,0.9144209979462344,0.9169996586418565,0.9195072604553125,0.9219455263319285,0.9243160550438067,0.9266205351658402,0.9288605431893904,0.9310377377226517,0.9331535791030813,0.9352095671906857,0.9372072659769407,0.9391480607641322,0.9410334711852681,0.9428648718820324,0.9446435420805779,0.9463709719492907,0.9480483622014574,0.9496770810867358,0.9512583813216725,0.9527934606875486,0.9542835493179456,0.9557299037615651,0.9571335599157528,0.9584957161550074,0.9598174980691082,0.9610999334478468,0.962344137186626,0.9635510979124878,0.9647219003995203,0.9658574513500744,0.9669587386394891,0.9680267151704065,0.9690623260819632,0.9700664196464223,0.9710399029057419,0.9719836254080109,0.9728984185875376,0.9737850958031945,0.9746444524008664,0.9754772766386478,0.976284274435885,0.977066252718478,0.9778238940011563,0.9785578674224447,0.9792689340962695,0.9799576911631257,0.9806247810749734,0.9812708934727941,0.9818965930129219,0.9825024848622287,0.9830891835272089,0.9836572297741382,0.9842071528364439,0.9847395465551135,0.9852548743105379,0.9857536933223562,0.986236458524874,0.9867036915678706,0.987155837535855,0.987593357683864,0.9880166818246353,0.9884262541438703,0.9888225120702455,0.9892058216454218,0.9895766047571782,0.9899352479007781,0.9902821162556047,0.9906175710172873,0.9909419739022024,0.9912556711096463,0.9915589894395087,0.9918522518427606,0.9921357678340781
A254,31.948473407810198,0.0,13.285714285714286,left,2,0.808887239578687,0.8146198461190917,0.8202024800325297,0.8256382038150163,0.8309300416206183,0.8360807257050674,0.8410932311049207,0.8459705628656573,0.8507154585254983,0.85533073382439,0.859819287050552,0.8641839245583294,0.8684272975685279,0.8725522839146984,0.8765614867716445,0.8804575383785542,0.8842431666312767,0.8879209181013096,0.8914932826646828,0.8949628907956946,0.8983321494795291,0.9016035150755399,0.9047794438403848,0.9078622295074302,0.9108542959273765,0.9137577893321803,0.9165750691867283,0.9193083197848512,0.9219596689475534,0.9245312471256529,0.9270251483999012,0.9294434517540773,0.9317880650469521,0.9340610908536797,0.9362643310838956,0.9383997129881971,0.940469081622577,0.9424742139151714,0.9444169175388328,0.9462988735483902,0.9481218473419941,0.9498874247846748,0.9515972027707349,0.95325280132409,0.9548557235575312,0.9564075441220365,0.957909674488579,0.9593635175814299,0.9607705561970252,0.9621320885229621,0.9634494768962938,0.964724024198194,0.9659569635715372,0.9671495303166865,0.9683029974416238,0.9694184512755859,0.9704970713328022,0.9715399828842047,0.972548213216019,0.9735228957367805,0.9744649966446495,0.9753755612747819,0.9762555210968383,0.9771058393071884,0.9779274337087197,0.9787212285064909,0.9794880365229022,0.9802287560801496,0.9809441771747803,0.9816351243298951,0.9823023643489907,0.9829466445230732,0.9835687089359351,0.9841692495092204,0.9847489943788063,0.9853085970901491,0.9858486875162119,0.986369956805952,0.9868729635176865,0.9873583144857225,0.98782661784413,0.9882784060630835,0.9887142410782832,0.9891346438125773,0.9895401378192027,0.989931191829614,0.9903083275991735,0.990671964933947,0.9910226010741565,0.9913606461497,0.9916865432317044,0.9920006975211062,0.9923035025638834,0.9925953491380811,0.992876607371917,0.9931476568191909,0.9934088283303952,0.9936604672784279,0.9939029115815975,0.9941364698721284,0.9943614524518017,0.9945781597122323,0.9947868823905115,0.9949878986578613,0.9951814748674801,0.9953678721927387
A255,32.302920512276046,0.0,12.571428571428571,left,3,0.7007915679903933,0.7096259452571584,0.7182865823149863,0.726773220617174,0.735085771781609,0.7432239177519835,0.7511879387652363,0.7589783861334776,0.7665955473667201,0.7740401253619679,0.7813130453095255,0.78841537993315,0.7953481050973702,0.8021127144091232,0.808710495966552,0.8151429428457198,0.821411829354249,0.8275188547683321,0.8334657533225961,0.8392546406479623,0.8448874481759167,0.8503663085183577,0.8556935041511341,0.8608711417010549,0.8659017275879282,0.8707873737376373,0.8755307129981323,0.8801341511143919,0.8846001677499703,0.8889312779840368,0.8931300832849742,0.8971992040306651,0.9011411651670591,0.9049587500941142,0.9086544346252713,0.9122309139494822,0.9156908757440798,0.9190368874718161,0.9222716786822592,0.9253978172567016,0.9284180505920009,0.9313348729006747,0.9341508614976086,0.9368686722589942,0.9394908215831771,0.9420198859031812,0.9444583636675802,0.9468086239961435,0.9490732805072944,0.9512546596364168,0.9533551579365576,0.955377143550453,0.9573229054804658,0.959194720760613,0.9609949100128172,0.9627255459480903,0.9643888946142014,0.9659870364688384,0.9675220068567388,0.9689959377020974,0.9704107368322252,0.9717684404535809,0.9730708952662829,0.9743199723387821,0.97551751295369,0.9766653156345684,0.9777650651021226,0.9788185196077452,0.979827265778561,0.9807929489666908,0.9817171339580256,0.982601328380232,0.9834470262222239,0.9842556252677555,0.9850285950274933,0.9857672545324028,0.9864728966736154,0.987146866765107,0.9877903404996403,0.9884045399193634,0.9889906415278864,0.9895497553885186,0.9900829805226766,0.9905913746070726,0.9910759556557657,0.9915376843707859,0.9919775619565526,0.9923964522864717,0.9927952857820275,0.9931748902955662,0.993536114933445,0.9938797384785819,0.9942065317655107,0.9945172337854784,0.9948125531331891,0.9950931849283295,0.9953597729957975,0.9956129585943151,0.9958533519549934,0.9960815291081472,0.9962980571550041,0.996503475419611,0.9966983062533037,0.9968830374630704,0.9970581505553676,0.9972240968786382
A256,33.6053172397059,0.0,13.428571428571429,left,0,0.7653455322338556,0.771901777333795,0.7783071138634479,0.7845637696015503,0.7906739948406099,0.7966397343737563,0.8024632761023386,0.8081470088315843,0.8136929709671501,0.819103436080614,0.824380756936878,0.8295272289233042,0.8345450524927702,0.8394366318078144,0.8442041763620692,0.8488499474979382,0.8533763342661439,0.8577855585529013,0.862079829113982,0.8662615148827113,0.8703327654072212,0.8742958652466106,0.878153066567014,0.8819065122315106,0.8855584772495747,0.8891109614197427,0.8925662513837455,0.895926443386658,0.8991935933188662,0.9023697707564686,0.9054570408065449,0.9084574737635956,0.9113729743047029,0.9142056447759371,0.9169573195642179,0.919629924782804,0.9222253951207102,0.9247455299621171,0.9271922190395621,0.9295672182850304,0.9318723668157873,0.9341093399030348,0.9362798503369807,0.938385610533022,0.9404282087717274,0.9424093735986812,0.9443306294844079,0.9461935025142112,0.9479996087599274,0.94975037217391,0.9514473049243227,0.9530918575161195,0.9546854054611879,0.9562293361458402,0.9577250602619498,0.9591738033060692,0.9605769429869534,0.9619357362787807,0.9632513446152071,0.9645250965292025,0.9657580788960416,0.9669515388617541,0.9681065471488879,0.9692241951527104,0.9703055897429654,0.9713518119852906,0.9723638226445164,0.9733426818089462,0.9742893204795853,0.9752047288885919,0.9760898292350143,0.9769455230025577,0.9777726809312348,0.9785721640830258,0.9793448416868462,0.980091522341236,0.9808129503477572,0.9815099879277518,0.9821833232465615,0.9828336908288803,0.9834618552020846,0.9840684628201781,0.9846542086433494,0.9852197531868823,0.9857657394004553,0.9862927648836902,0.9868014746814677,0.9872924004488232,0.9877661605914373,0.9882232840237557,0.9886643297159485,0.9890898041700911,0.989500218337885,0.9898960686253128,0.9902778264280002,0.9906459764803391,0.9910009424021987,0.9913431772742002,0.9916731102262506,0.9919911390314141,0.9922976644831838,0.9925930841519734,0.9928777745159633,0.9931520844474593,0.9934163813552901,0.9936709973518311
A257,29.838881840526298,0.0,11.571428571428571,left,3,0.6786375107151619,0.6875721826856914,0.6963467807690498,0.7049605946886729,0.7134130804149914,0.7217034535211588,0.7298315059003064,0.7377973292189808,0.7456007157132942,0.7532418796392699,0.7607212570040389,0.7680394304516954,0.7751968780017283,0.7821946083025513,0.7890334251812083,0.7957143032654611,0.8022385673170026,0.8086074254225505,0.8148221321518814,0.8208843423134156,0.8267955209919945,0.8325573651214067,0.8381716624822778,0.8436401274869372,0.8489648308918358,0.854147450239508,0.859190221869096,0.8640951493155792,0.868864322649831,0.8734998783205555,0.8780040545599008,0.8823791200596294,0.8866272511171667,0.8907509134320821,0.8947522520891338,0.8986336605331333,0.9023975365843292,0.9060461596460488,0.9095819984268967,0.9130073582617706,0.9163247545459606,0.9195364384995524,0.9226447657831118,0.9256522044981569,0.9285610256718185,0.9313736952510162,0.9340924830523751,0.9367196175716646,0.9392575916872459,0.941708521833518,0.9440747391587881,0.9463584954233993,0.9485619133725295,0.9506872291446038,0.952736685984405,0.9547122264161859,0.9566160643221902,0.9584502479945377,0.9602167384763002,0.9619176393551649,0.9635548104314531,0.9651302880978577,0.9666458476624908,0.968103390125096,0.9695047527105046,0.9708517121506522,0.9721459640584762,0.9733892793556477,0.9745832748226292,0.9757296250045369,0.976829890913752,0.9778856527630159,0.9788984037174719,0.9798696049913952,0.9808007758746777,0.9816932854750954,0.9825484475821686,0.983367703488269,0.9841522726938511,0.9849034191470597,0.9856224163901518,0.9863104136288114,0.986968580129183,0.9875980572391042,0.9881999263258106,0.9887752200397286,0.9893250126772776,0.9898502291374904,0.9903519023708787,0.9908309068232843,0.9912881899026608,0.9917246017607723,0.9921409812982674,0.992538144918734,0.9929168860777446,0.9932779789523287,0.9936221312608607,0.993950062948521,0.9942624676537535,0.994559993102876,0.9948432752331078,0.9951129302969494,0.9953695517713806,0.9956137052756355,0.9958459358326252,0.9960667657761894
A258,30.9101181268883,0.0,11.714285714285714,left,3,0.7676988624644459,0.7759705937587649,0.784028581689796,0.7918744334778154,0.7995099573876574,0.8069367456611678,0.814156978553116,0.8211731207568252,0.8279873530806907,0.8346022663183703,0.8410206767446391,0.8472454662093261,0.8532794887752789,0.8591260150324943,0.8647881082920414,0.87026902042628,0.8755722009107597,0.8807010605282597,0.8856589711181614,0.8904496272355021,0.8950764975105806,0.8995432307517797,0.9038535359761819,0.908010998918147,0.9120194098838419,0.9158822474426491,0.9196034005749704,0.9231864617724214,0.9266350779694283,0.9299529025807584,0.9331435756166372,0.9362107272375513,0.939157827702281,0.941988565825127,0.9447062724209612,0.9473144721358168,0.9498165758763175,0.9522158697989144,0.954515708670798,0.9567193320210575,0.958829980554646,0.9608507026131365,0.9627845787806003,0.9646346488377417,0.9664038383496826,0.9680950576612231,0.9697111164095347,0.9712546799372908,0.9727285759428125,0.9741353128650279,0.9754774826015294,0.9767575768857713,0.9779779727580358,0.9791410283369447,0.9802490741311971,0.9813042456123113,0.9823087554708091,0.9832646623559459,0.9841739589303052,0.9850386557697254,0.985860593131868,0.9866416490102639,0.9873835552395399,0.9880880227850527,0.9887567108913926,0.9893912207149553,0.9899930577755711,0.9905637307644158,0.9911046449130793,0.9916171758221104,0.9921026474769429,0.9925623202790342,0.9929974159282335,0.9934090966505852,0.9937985067154761,0.9941667205368216,0.9945147493457055,0.9948436216960038,0.9951542566838474,0.995447571752538,0.9957244529359346,0.9959857170479509,0.9962321680963665,0.9964645691492966,0.9966836470582511,0.9968900856033099,0.9970845699186263,0.9972677081859737,0.9974401226469146,0.9976023761058451,0.9977550248187013,0.9978985881067823,0.9980335593368246,0.99816041273757,0.9982795965783989,0.9983915422316847,0.9984966496727591,0.9985953075481336,0.9986878823471808,0.9987747179190233,0.998856145700232,0.9989324779627592,0.9990040123859016,0.9990710261064716,0.9991337865458171,0.999192543161096
A259,30.39108784697835,0.0,13.714285714285714,left,3,0.7109713668995181,0.7197462309463695,0.728341099842158,0.7367559417480749,0.7449909039525435,0.7530459113426959,0.7609214859661675,0.7686184213457502,0.7761372536263558,0.7834789323599436,0.7906446285351054,0.7976356600627761,0.8044532509222129,0.8110991445698819,0.8175748543372294,0.8238821234167705,0.8300229426821074,0.8359992824668219,0.8418130918325701,0.8474667263014536,0.8529623074981237,0.8583022028969562,0.8634888893720709,0.8685247341603114,0.8734123926613888,0.8781541825729172,0.8827529533400285,0.8872112975416357,0.8915318317674166,0.8957172900656233,0.899770426133943,0.9036940345152172,0.9074907584844157,0.911163565064771,0.9147150780416371,0.9181480896593521,0.9214654655057044,0.9246698634809494,0.9277641391491427,0.9307509745050274,0.9336332056350823,0.9364134630285256,0.9390943753859629,0.9416787326747159,0.9441690643497589,0.9465680789465772,0.9488783248983264,0.9511022410850115,0.9532425078414859,0.955301458488545,0.9572815882229714,0.9591852901419512,0.9610148929621216,0.9627727073266927,0.964461077813205,0.9660821233540325,0.967638082696214,0.9691310961370856,0.9705632006886694,0.9719365305694635,0.9732530046030617,0.9745146548035284,0.9757233306490729,0.9768808982174889,0.9779891898267302,0.9790500017740515,0.9800649899987434,0.981035893245754,0.9819643035088332,0.9828518338055906,0.9837000268078904,0.9845103673873065,0.9852843226793931,0.9860232666683737,0.9867286338497588,0.9874017228941003,0.9880437777493327,0.988656124739057,0.9892399109422183,0.9897963045160908,0.990326468152272,0.9908314606835763,0.9913123442834165,0.9917701491716227,0.9922058507875728,0.9926203787598956,0.9930146781140321,0.9933895930641723,0.9937460067533568,0.9940847115389345,0.9944065155394889,0.9947121610293964,0.9950023802148177,0.9952778740570835,0.9955393137153558,0.9957873583932366,0.9960226082958574,0.9962456753030059,0.9964571304518746,0.9966575150559893,0.9968473602923161,0.9970271727946343,0.997197433931185,0.9973586070528231,0.9975111340930386,0.9976554366437711
A260,34.1266192080988,0.0,12.142857142857142,left,1,0.7428728131720995,0.7491932660741834,0.7553823472159258,0.7614419609110418,0.7673740205407596,0.7731801297996321,0.7788622251033048,0.7844222994267874,0.7898620320261218,0.7951832905260177,0.8003879926777798,0.8054780419184726,0.8104551916192967,0.8153214758970339,0.8200786296565957,0.8247284549727691,0.8292729397378853,0.8337138699593505,0.8380529779785764,0.842292202773392,0.8464332626743719,0.8504779871165065,0.8544282063790458,0.8582855997196261,0.8620520440984554,0.8657290680238141,0.8693185692795523,0.8728221933829365,0.8762416097891954,0.8795784620972048,0.8828344122118978,0.8860111217014865,0.8891101183425801,0.8921331327772575,0.8950815733088346,0.8979570474122828,0.9007611121043035,0.9034951945545253,0.9061608381522037,0.9087594697391319,0.911292624268998,0.9137616188094746,0.9161678405114002,0.9185127145372866,0.9207975549858014,0.9230237602336947,0.925192595511871,0.9273052815892731,0.9293632310716082,0.9313675692050066,0.9333195658718263,0.935220430743794,0.9370712957472713,0.9388733423310754,0.9406277750846241,0.9423356017158302,0.9439979956749999,0.945616014695964,0.947190646577349,0.9487230501409107,0.9502141275362946,0.9516649657932406,0.9530764750666381,0.9544496386817878,0.9557853728363525,0.9570846441530161,0.9583482735235397,0.9595772272061301,0.9607722977401048,0.9619343718008527,0.9630642738786849,0.9641627850755012,0.9652307156207632,0.966268804915648,0.9672778874050786,0.9682586721661781,0.9692118182250983,0.9701381510699133,0.971038264383955,0.971912866091997,0.972762647941005,0.9735882284363343,0.9743902488383406,0.9751693365623305,0.9759260945808632,0.976661071370695,0.9773749292072339,0.9780681205879723,0.9787413006574192,0.9793949219656648,0.9800295725977306,0.9806457322559572,0.981243898770805,0.9818245676090221,0.9823882055273646,0.9829353024069553,0.9834662784881467,0.9839815860472187,0.9844816661524323,0.9849669262739988,0.9854377725373347,0.9858946160787293,0.9863378504531707,0.9867678390277338,0.9871849642244684,0.9875895723740975
A261,34.424715162626455,0.0,12.571428571428571,left,1,0.6883583297264055,0.6949458394893485,0.7014192347580371,0.707779712957834,0.7140285029469234,0.7201665063843206,0.7261949698355146,0.7321152444898977,0.7379283380243297,0.7436354748363934,0.7492379455769993,0.7547370386806751,0.7601339031241086,0.7654299644285252,0.7706263879049162,0.7757244336391943,0.7807254992962167,0.785630835987659,0.7904416580109224,0.7951593931356479,0.799785258234817,0.8043205792924594,0.8087667275808695,0.8131249094866294,0.8173965510352892,0.8215827720772744,0.825685015793091,0.8297045277695333,0.8336425769764152,0.8375003998657756,0.8412793220808064,0.8449806485227684,0.8486055091627036,0.8521553217225724,0.8556311910857983,0.8590343695880984,0.8623661169788032,0.8656275857543358,0.8688200482528966,0.8719446212570874,0.8750026147186538,0.8779950746966452,0.8809231305232411,0.8837880330904387,0.8865908071406865,0.8893327000293175,0.8920147646795815,0.8946379839743601,0.8972036367745106,0.8997126304091255,0.9021661074689032,0.9045651077139544,0.9069106001461151,0.9092036296380552,0.9114452975581023,0.9136364284659286,0.9157780982567424,0.9178712721354688,0.9199168113724111,0.9219157766697271,0.9238689795974655,0.9257774489090091,0.9276419711100613,0.9294634646100319,0.931242803933834,0.9329808651160357,0.9346784287994245,0.9363364062118473,0.9379555294811103,0.9395366581500851,0.9410805590140262,0.9425880298692542,0.9440597997644443,0.945496590353036,0.9468992456632951,0.948268446717043,0.9496048138415697,0.9509091932817808,0.9521821862393477,0.9534244582147404,0.9546367326758781,0.9558196206635041,0.9569737748172217,0.958099837292139,0.9591984241252526,0.9602700807589267,0.9613155125155985,0.9623351864478618,0.9633297710044855,0.9642997623594911,0.9652457636019492,0.9661682829007113,0.9670678485307102,0.9679449930896044,0.9688002135414979,0.9696340496084342,0.9704469299984335,0.9712393889413747,0.9720118764480381,0.9727648356434969,0.9734987486107669,0.9742140419008712,0.9749111682471127,0.9755905276481698,0.976252556475067,0.97689764018826
A262,33.74019124610065,0.0,12.285714285714286,left,2,0.6517876996444536,0.6584827389832293,0.6650751670154891,0.6715657992339404,0.6779554799903713,0.6842447328672805,0.6904344179583168,0.696525527059237,0.7025186997647634,0.7084147914901344,0.7142147527048515,0.7199195212442037,0.7255298804104244,0.7310469424825495,0.7364715347161739,0.7418045828481146,0.7470471622154236,0.7522002223912658,0.7572646592074866,0.7622416087287691,0.7671319718043648,0.7719368006168887,0.7766571715406207,0.7812940331881434,0.7858485332015849,0.7903214914639246,0.7947141465141015,0.7990274744939627,0.8032624642461308,0.8074201623985147,0.8115016318043529,0.8155079305536618,0.8194399999713534,0.8232990516308558,0.8270859296423271,0.8308017172435995,0.8344474759997197,0.8380241574672289,0.8415328508056608,0.8449744819083489,0.8483501953691128,0.8516608696950017,0.8549074636398653,0.8580910606000599,0.8612125340599519,0.8642729939793441,0.8672733414184809,0.8702144052490304,0.8730973669855705,0.8759229833939238,0.8786922655973207,0.8814061318911406,0.8840654567683546,0.8866711461492777,0.8892242217514229,0.8917253825143631,0.8941756327374386,0.8965758147129256,0.8989267144722273,0.901229323526557,0.9034843405189357,0.9056927334194277,0.9078552234596899,0.909972623419336,0.9120457798531305,0.9140755070533604,0.9160624767100749,0.9180075936119998,0.9199115087492509,0.9217750518586021,0.9235989253872136,0.9253838741721572,0.9271306134113924,0.9288397963384942,0.9305122499239932,0.9321486131968143,0.9337494786867048,0.9353156803401604,0.9368477756786623,0.9383463829547621,0.9398122567173347,0.9412459391458626,0.9426480881150404,0.9440193522672988,0.9453603140676387,0.9466714755452457,0.9479535941211396,0.9492070843224057,0.9504326299514123,0.9516307080065054,0.9528019308450006,0.9539468149853492,0.9550658711818347,0.9561596369780072,0.9572286095754657,0.9582733590879556,0.9592943042940812,0.960291953622091,0.9612668220825582,0.9622193414483167,0.9631499826356374,0.9640592090768842,0.9649474767055447,0.9658152064339144,0.9666628541480696,0.9674908008553942
A263,29.6245423937216,0.0,12.571428571428571,left,1,0.7577781197826964,0.7639905978066639,0.7700672720641518,0.7760102750816584,0.7818217633113362,0.7875035651299354,0.7930578109562741,0.7984867109466045,0.8037921541859191,0.8089762091171717,0.8140409786817305,0.81898858399999,0.8238209394369169,0.8285402641674098,0.8331484546638096,0.8376475389632976,0.8420396127584449,0.8463266423355632,0.8505105194375183,0.8545933298686887,0.8585769414809177,0.862463323934455,0.8662544422587968,0.8699521112994263,0.8735583302076073,0.877074759273736,0.8805034070062858,0.8838460353500981,0.8871044241074686,0.8902803233840355,0.8933754956394828,0.896391697839354,0.8993305549221134,0.9021938656420239,0.9049831725614625,0.9077001207878189,0.9103463568666467,0.9129233738077037,0.915432820189097,0.9178761540236806,0.9202549809188263,0.9225706844875654,0.9248247098251524,0.9270185330685015,0.9291535219176146,0.9312311074537666,0.9332526359390013,0.9352193317598526,0.9371326693980475,0.9389938087150671,0.9408040508129577,0.9425646367655031,0.9442767317225105,0.9459415428290072,0.947560312997711,0.9491340440319336,0.9506639252476169,0.952151070247083,0.9535964880852269,0.9550012913556629,0.9563664556010278,0.9576930703862958,0.9589820288188038,0.9602343209009594,0.9614509020164769,0.9626327237452285,0.9637806319169442,0.9648955441136362,0.9659783168440247,0.9670297903398419,0.968050788494306,0.9690421188268085,0.9700045850114367,0.970938899678295,0.9718458964741623,0.9727262690310958,0.9735806990982986,0.9744099794481709,0.975214704682413,0.9759955693693481,0.9767532615520963,0.9774883701068161,0.9782015238027227,0.9788933659379172,0.9795644562626442,0.980215343928948,0.980846657793134,0.981458875227127,0.9820525879498159,0.9826282690338928,0.9831864739146148,0.9837276695286572,0.9842523448197382,0.9847609537117157,0.9852539700033757,0.9857318620729557,0.9861950146827874,0.9866438823817368,0.9870788794226704,0.9875003965218361,0.9879088217774393,0.9883045461650504,0.9886879439648072,0.9890593678617676,0.9894191678542159,0.9897676794494938
A264,32.93627435732185,0.0,11.714285714285714,left,0,0.6834122801156295,0.6904508125828708,0.6973678090709503,0.7041642294132715,0.7108410518619219,0.7173989610405795,0.723838998923934,0.7301623493537848,0.7363698613468638,0.742462609642667,0.7484417897033147,0.7543085749943435,0.7600640207846595,0.7657094995160731,0.7712461319099697,0.7766751114956005,0.781997836781925,0.7872155361512811,0.7923293978563506,0.7973409158575357,0.8022512999285536,0.807061901883751,0.8117741500487651,0.8163893201081709,0.8209088889078106,0.8253340221223858,0.8296662710787935,0.8339069812303936,0.8380574765815476,0.8421191283360382,0.8460933330460643,0.8499815260284466,0.853784959095711,0.8575051730953951,0.8611433899720172,0.864700982334208,0.8681793667926954,0.871579810648965,0.8749037343686908,0.8781524091911626,0.881327251833117,0.884429500612623,0.8874604165406416,0.8904213669175598,0.893313588351757,0.8961384187731884,0.8988970950147673,0.9015907449469205,0.9042208094116182,0.9067883575976002,0.9092946457662022,0.9117408970786827,0.9141282270422554,0.9164578235653627,0.9187309518547095,0.9209485756569931,0.9231119329649338,0.9252221074900348,0.927280141984179,0.9292872189506161,0.9312443070496128,0.9331525658618421,0.9350129361085702,0.9368264379019218,0.9385941114287293,0.9403169935345926,0.9419959489815718,0.9436320323969442,0.9452261092924779,0.9467791695597176,0.948292113761059,0.9497658314691999,0.9512011833226306,0.9525990368372659,0.9539602981698067,0.9552857909317093,0.956576246359059,0.9578326294108381,0.959055615363525,0.9602459834986581,0.9614045908188743,0.9625320986920364,0.9636292783892075,0.9646968581357739,0.9657355535874476,0.9667460137896132,0.9677289985108462,0.9686850680897,0.9696149698685613,0.9705192955198447,0.9713987140942123,0.972253808535685,0.973085187933715,0.9738934495753538,0.9746791567833478,0.9754429173684251,0.9761852290331143,0.9769066665673038,0.9776077709615704,0.97828903203605,0.9789509608414372,0.9795940768268576,0.9802188687437144,0.980825778854642,0.9814153043201319,0.981987877847455
A265,34.2202747815798,0.0,11.714285714285714,left,1,0.6731669490881714,0.6797964285461213,0.6863167592614146,0.6927289771764231,0.6990341489130513,0.7052330123120859,0.7113266600093067,0.7173162763993014,0.723202710978779,0.7289870446564469,0.7346704115579978,0.7402539510719315,0.7457386630104604,0.7511258303478481,0.7564164737974328,0.7616117125535569,0.7667128084461088,0.771720876405544,0.77663699600145,0.7814624674233147,0.7861983778650823,0.7908459286369237,0.7954063702303344,0.7998807866945872,0.804270499731899,0.80857647168532,0.8128000854760233,0.8169424756661775,0.821004748501772,0.8249881087376618,0.8288937272009801,0.8327228297356781,0.8364764279755992,0.8401559049231424,0.843762199221409,0.847296527709539,0.8507600649598348,0.8541538434579736,0.857479057811961,0.8607367926470121,0.8639282213958834,0.8670543600173412,0.8701162643137024,0.8731150733083985,0.8760518024897109,0.8789275936781753,0.8817434352403835,0.8845002742151291,0.8871993259834084,0.8898414478371361,0.8924277036444348,0.8949590956730916,0.8974365394771043,0.8998610333405772,0.9022336382061188,0.9045551113405965,0.9068265321205454,0.9090487722431515,0.911222688159529,0.9133493107266341,0.9154293835811396,0.9174639223390179,0.919453674212868,0.9213995175085679,0.9233023221465894,0.9251629376124105,0.9269820908670121,0.928760674985476,0.9304994264919871,0.9321991427535045,0.9338606122320687,0.9354845825303099,0.9370717729457451,0.9386228859997874,0.9401387586205905,0.9416200341982409,0.9430673519421727,0.9444815570145549,0.9458631936388624,0.9472129356422546,0.9485315024855694,0.9498194934471752,0.9510775549749962,0.9523063240938491,0.9535064112837837,0.9546783516872486,0.9558228571693596,0.9569403807013731,0.9580315976104207,0.959096980574561,0.9601371683882539,0.9611526499903948,0.9621439686909947,0.9631116151571255,0.9640561310573372,0.9649780618341587,0.9658778043363191,0.966755902695026,0.9676128358578792,0.9684490485907095,0.9692649921626193,0.9700611481533512,0.9708379266299514,0.9715957805227935,0.9723351182030501,0.9730563417354684
A266,32.36606027757795,0.0,13.714285714285714,left,1,0.7577781197826964,0.7639905978066639,0.7700672720641518,0.7760102750816584,0.7818217633113362,0.7875035651299354,0.7930578109562741,0.7984867109466045,0.8037921541859191,0.8089762091171717,0.8140409786817305,0.81898858399999,0.8238209394369169,0.8285402641674098,0.8331484546638096,0.8376475389632976,0.8420396127584449,0.8463266423355632,0.8505105194375183,0.8545933298686887,0.8585769414809177,0.862463323934455,0.8662544422587968,0.8699521112994263,0.8735583302076073,0.877074759273736,0.8805034070062858,0.8838460353500981,0.8871044241074686,0.8902803233840355,0.8933754956394828,0.896391697839354,0.8993305549221134,0.9021938656420239,0.9049831725614625,0.9077001207878189,0.9103463568666467,0.9129233738077037,0.915432820189097,0.9178761540236806,0.9202549809188263,0.9225706844875654,0.9248247098251524,0.9270185330685015,0.9291535219176146,0.9312311074537666,0.9332526359390013,0.9352193317598526,0.9371326693980475,0.9389938087150671,0.9408040508129577,0.9425646367655031,0.9442767317225105,0.9459415428290072,0.947560312997711,0.9491340440319336,0.9506639252476169,0.952151070247083,0.9535964880852269,0.9550012913556629,0.9563664556010278,0.9576930703862958,0.9589820288188038,0.9602343209009594,0.9614509020164769,0.9626327237452285,0.9637806319169442,0.9648955441136362,0.9659783168440247,0.9670297903398419,0.968050788494306,0.9690421188268085,0.9700045850114367,0.970938899678295,0.9718458964741623,0.9727262690310958,0.9735806990982986,0.9744099794481709,0.975214704682413,0.9759955693693481,0.9767532615520963,0.9774883701068161,0.9782015238027227,0.9788933659379172,0.9795644562626442,0.980215343928948,0.980846657793134,0.981458875227127,0.9820525879498159,0.9826282690338928,0.9831864739146148,0.9837276695286572,0.9842523448197382,0.9847609537117157,0.9852539700033757,0.9857318620729557,0.9861950146827874,0.9866438823817368,0.9870788794226704,0.9875003965218361,0.9879088217774393,0.9883045461650504,0.9886879439648072,0.9890593678617676,0.9894191678542159,0.9897676794494938
A267,30.966682409243802,0.0,11.571428571428571,left,1,0.7577781197826964,0.7639905978066639,0.7700672720641518,0.7760102750816584,0.7818217633113362,0.7875035651299354,0.7930578109562741,0.7984867109466045,0.8037921541859191,0.8089762091171717,0.8140409786817305,0.81898858399999,0.8238209394369169,0.8285402641674098,0.8331484546638096,0.8376475389632976,0.8420396127584449,0.8463266423355632,0.8505105194375183,0.8545933298686887,0.8585769414809177,0.862463323934455,0.8662544422587968,0.8699521112994263,0.8735583302076073,0.877074759273736,0.8805034070062858,0.8838460353500981,0.8871044241074686,0.8902803233840355,0.8933754956394828,0.896391697839354,0.8993305549221134,0.9021938656420239,0.9049831725614625,0.9077001207878189,0.9103463568666467,0.9129233738077037,0.915432820189097,0.9178761540236806,0.9202549809188263,0.9225706844875654,0.9248247098251524,0.9270185330685015,0.9291535219176146,0.9312311074537666,0.9332526359390013,0.9352193317598526,0.9371326693980475,0.9389938087150671,0.9408040508129577,0.9425646367655031,0.9442767317225105,0.9459415428290072,0.947560312997711,0.9491340440319336,0.9506639252476169,0.952151070247083,0.9535964880852269,0.9550012913556629,0.9563664556010278,0.9576930703862958,0.9589820288188038,0.9602343209009594,0.9614509020164769,0.9626327237452285,0.9637806319169442,0.9648955441136362,0.9659783168440247,0.9670297903398419,0.968050788494306,0.9690421188268085,0.9700045850114367,0.970938899678295,0.9718458964741623,0.9727262690310958,0.9735806990982986,0.9744099794481709,0.975214704682413,0.9759955693693481,0.9767532615520963,0.9774883701068161,0.9782015238027227,0.9788933659379172,0.9795644562626442,0.980215343928948,0.980846657793134,0.981458875227127,0.9820525879498159,0.9826282690338928,0.9831864739146148,0.9837276695286572,0.9842523448197382,0.9847609537117157,0.9852539700033757,0.9857318620729557,0.9861950146827874,0.9866438823817368,0.9870788794226704,0.9875003965218361,0.9879088217774393,0.9883045461650504,0.9886879439648072,0.9890593678617676,0.9894191678542159,0.9897676794494938
