outer_fold,label,source,threshold,sensitivity,specificity,f2
0,T13,xgb_inner_oof,0.015775667414906526,1.0,0.0,0.17142857142857143
0,T13,xgb_inner_oof,0.015798450172049994,1.0,0.0022988505747126436,0.1717557251908397
0,T13,xgb_inner_oof,0.01591404342908893,1.0,0.006896551724137931,0.1724137931034483
0,T13,xgb_inner_oof,0.016177135984304307,1.0,0.011494252873563218,0.17307692307692307
0,T13,xgb_inner_oof,0.01648888079395886,1.0,0.016091954022988506,0.17374517374517376
0,T13,xgb_inner_oof,0.016630818232940332,1.0,0.020689655172413793,0.1744186046511628
0,T13,xgb_inner_oof,0.016739185354056423,0.9444444444444444,0.020689655172413793,0.1650485436893204
0,T13,xgb_inner_oof,0.016852025563116158,0.9444444444444444,0.02528735632183908,0.16569200779727095
0,T13,xgb_inner_oof,0.016943632216432344,0.9444444444444444,0.029885057471264367,0.16634050880626222
0,T13,xgb_inner_oof,0.016978063002333177,0.8888888888888888,0.03218390804597701,0.15717092337917485
0,T13,xgb_inner_oof,0.017010655776002637,0.8888888888888888,0.0367816091954023,0.15779092702169625
0,T13,xgb_inner_oof,0.01712492499883474,0.8888888888888888,0.041379310344827586,0.15841584158415842
0,T13,xgb_inner_oof,0.01721003073610737,0.8888888888888888,0.04367816091954023,0.15873015873015872
0,T13,xgb_inner_oof,0.01734784046665748,0.8888888888888888,0.04827586206896552,0.1593625498007968
0,T13,xgb_inner_oof,0.017526582065669614,0.8888888888888888,0.052873563218390804,0.16
0,T13,xgb_inner_oof,0.017774688963411597,0.8333333333333334,0.05517241379310345,0.15060240963855423
0,T13,xgb_inner_oof,0.018075351176043038,0.8333333333333334,0.059770114942528735,0.15120967741935484
0,T13,xgb_inner_oof,0.018191227570516444,0.8333333333333334,0.06206896551724138,0.15151515151515152
0,T13,xgb_inner_oof,0.01832633466952507,0.8333333333333334,0.06666666666666667,0.15212981744421908
0,T13,xgb_inner_oof,0.018636522675766744,0.8333333333333334,0.07126436781609195,0.15274949083503056
0,T13,xgb_inner_oof,0.01891155084669503,0.8333333333333334,0.07586206896551724,0.15337423312883436
0,T13,xgb_inner_oof,0.018957262525050075,0.8333333333333334,0.08045977011494253,0.1540041067761807
0,T13,xgb_inner_oof,0.019298942498902627,0.8333333333333334,0.08505747126436781,0.15463917525773196
0,T13,xgb_inner_oof,0.01944902350925249,0.8333333333333334,0.08735632183908046,0.15495867768595042
0,T13,xgb_inner_oof,0.019688304486142685,0.8333333333333334,0.09195402298850575,0.15560165975103735
0,T13,xgb_inner_oof,0.01977173123783595,0.8333333333333334,0.09655172413793103,0.15625
0,T13,xgb_inner_oof,0.019827673970750852,0.8333333333333334,0.10114942528735632,0.15690376569037656
0,T13,xgb_inner_oof,0.01988982394302509,0.8333333333333334,0.10574712643678161,0.15756302521008403
0,T13,xgb_inner_oof,0.019933377949666098,0.8333333333333334,0.10804597701149425,0.15789473684210525
0,T13,xgb_inner_oof,0.020050795461928693,0.8333333333333334,0.11264367816091954,0.15856236786469344
0,T13,xgb_inner_oof,0.020267006305705257,0.8333333333333334,0.11724137931034483,0.1592356687898089
0,T13,xgb_inner_oof,0.02035572196587543,0.8333333333333334,0.12183908045977011,0.15991471215351813
0,T13,xgb_inner_oof,0.02050184976151714,0.8333333333333334,0.12643678160919541,0.16059957173447537
0,T13,xgb_inner_oof,0.02067019583699429,0.8333333333333334,0.1310344827586207,0.16129032258064516
0,T13,xgb_inner_oof,0.0206873248053803,0.8333333333333334,0.13333333333333333,0.16163793103448276
0,T13,xgb_inner_oof,0.020751364829430956,0.8333333333333334,0.13793103448275862,0.16233766233766234
0,T13,xgb_inner_oof,0.02090457053946878,0.8333333333333334,0.1425287356321839,0.16304347826086957
0,T13,xgb_inner_oof,0.020929042002986366,0.8333333333333334,0.1471264367816092,0.16375545851528384
0,T13,xgb_inner_oof,0.020950707949102518,0.8333333333333334,0.15172413793103448,0.16447368421052633
0,T13,xgb_inner_oof,0.021001606894097545,0.8333333333333334,0.15402298850574714,0.16483516483516483
0,T13,xgb_inner_oof,0.021085409020888218,0.8333333333333334,0.15862068965517243,0.16556291390728478
0,T13,xgb_inner_oof,0.02120500997830046,0.8333333333333334,0.1632183908045977,0.1662971175166297
0,T13,xgb_inner_oof,0.021291065984408882,0.8333333333333334,0.167816091954023,0.16703786191536749
0,T13,xgb_inner_oof,0.021514025545729794,0.8333333333333334,0.1724137931034483,0.16778523489932887
0,T13,xgb_inner_oof,0.02158641573025566,0.8333333333333334,0.17701149425287357,0.16853932584269662
0,T13,xgb_inner_oof,0.02160871557338097,0.8333333333333334,0.1793103448275862,0.16891891891891891
0,T13,xgb_inner_oof,0.02166271598253029,0.8333333333333334,0.1839080459770115,0.16968325791855204
0,T13,xgb_inner_oof,0.021760744046615373,0.8333333333333334,0.18850574712643678,0.17045454545454544
0,T13,xgb_inner_oof,0.021923801039786844,0.8333333333333334,0.19310344827586207,0.17123287671232876
0,T13,xgb_inner_oof,0.02205729041614762,0.8333333333333334,0.19770114942528735,0.1720183486238532
0,T13,xgb_inner_oof,0.02206869699818357,0.8333333333333334,0.2,0.1724137931034483
0,T13,xgb_inner_oof,0.0221044145071772,0.8333333333333334,0.2045977011494253,0.17321016166281755
0,T13,xgb_inner_oof,0.022362906674963177,0.8333333333333334,0.20919540229885059,0.1740139211136891
0,T13,xgb_inner_oof,0.022454617841858135,0.8333333333333334,0.21379310344827587,0.17482517482517482
0,T13,xgb_inner_oof,0.02260961875722753,0.8333333333333334,0.21839080459770116,0.1756440281030445
0,T13,xgb_inner_oof,0.02300421411204632,0.8333333333333334,0.22298850574712645,0.17647058823529413
0,T13,xgb_inner_oof,0.023327906136502777,0.8333333333333334,0.22528735632183908,0.17688679245283018
0,T13,xgb_inner_oof,0.023532737308639008,0.8333333333333334,0.22988505747126436,0.17772511848341233
0,T13,xgb_inner_oof,0.023625467095865813,0.8333333333333334,0.23448275862068965,0.17857142857142858
0,T13,xgb_inner_oof,0.023937153032009224,0.8333333333333334,0.23908045977011494,0.17942583732057416
0,T13,xgb_inner_oof,0.024316120998765095,0.8333333333333334,0.24367816091954023,0.18028846153846154
0,T13,xgb_inner_oof,0.02445753937188972,0.8333333333333334,0.24597701149425288,0.18072289156626506
0,T13,xgb_inner_oof,0.024571498344464496,0.8333333333333334,0.25057471264367814,0.18159806295399517
0,T13,xgb_inner_oof,0.024652540930741124,0.8333333333333334,0.25517241379310346,0.18248175182481752
0,T13,xgb_inner_oof,0.024795121473857776,0.8333333333333334,0.2597701149425287,0.18337408312958436
0,T13,xgb_inner_oof,0.024914067265266515,0.8333333333333334,0.26436781609195403,0.18427518427518427
0,T13,xgb_inner_oof,0.025022243850372255,0.8333333333333334,0.2689655172413793,0.18518518518518517
0,T13,xgb_inner_oof,0.025107479582091658,0.8333333333333334,0.271264367816092,0.18564356435643564
0,T13,xgb_inner_oof,0.025464130122016794,0.8333333333333334,0.27586206896551724,0.1865671641791045
0,T13,xgb_inner_oof,0.025651721720145865,0.8333333333333334,0.28045977011494255,0.1875
0,T13,xgb_inner_oof,0.025705368927428376,0.8333333333333334,0.2850574712643678,0.1884422110552764
0,T13,xgb_inner_oof,0.025848427943639663,0.8333333333333334,0.2896551724137931,0.1893939393939394
0,T13,xgb_inner_oof,0.025984274140257647,0.8333333333333334,0.29195402298850576,0.189873417721519
0,T13,xgb_inner_oof,0.02616274112072631,0.8333333333333334,0.296551724137931,0.19083969465648856
0,T13,xgb_inner_oof,0.026304031921158322,0.8333333333333334,0.30114942528735633,0.1918158567774936
0,T13,xgb_inner_oof,0.026397069823038403,0.8333333333333334,0.3057471264367816,0.1928020565552699
0,T13,xgb_inner_oof,0.02646661647418382,0.8333333333333334,0.3103448275862069,0.1937984496124031
0,T13,xgb_inner_oof,0.026630288655039608,0.8333333333333334,0.31494252873563217,0.19480519480519481
0,T13,xgb_inner_oof,0.02672795682472806,0.8333333333333334,0.31724137931034485,0.1953125
0,T13,xgb_inner_oof,0.02687513369251841,0.8333333333333334,0.3218390804597701,0.19633507853403143
0,T13,xgb_inner_oof,0.02695825699214775,0.8333333333333334,0.3264367816091954,0.19736842105263158
0,T13,xgb_inner_oof,0.02698462151118808,0.8333333333333334,0.3310344827586207,0.1984126984126984
0,T13,xgb_inner_oof,0.027041896498884083,0.8333333333333334,0.335632183908046,0.19946808510638298
0,T13,xgb_inner_oof,0.02722832542798801,0.8333333333333334,0.34022988505747126,0.20053475935828877
0,T13,xgb_inner_oof,0.02727225248247979,0.8333333333333334,0.3425287356321839,0.20107238605898123
0,T13,xgb_inner_oof,0.02733942506546535,0.8333333333333334,0.3471264367816092,0.20215633423180593
0,T13,xgb_inner_oof,0.027444420112380942,0.8333333333333334,0.35172413793103446,0.2032520325203252
0,T13,xgb_inner_oof,0.02761464160385988,0.8333333333333334,0.3563218390804598,0.20435967302452315
0,T13,xgb_inner_oof,0.02784486015652026,0.8333333333333334,0.36091954022988504,0.2054794520547945
0,T13,xgb_inner_oof,0.027915293876093837,0.8333333333333334,0.3632183908045977,0.20604395604395603
0,T13,xgb_inner_oof,0.027978358762614664,0.8333333333333334,0.367816091954023,0.20718232044198895
0,T13,xgb_inner_oof,0.028254338961911797,0.8333333333333334,0.3724137931034483,0.20833333333333334
0,T13,xgb_inner_oof,0.028563380705611346,0.8333333333333334,0.37701149425287356,0.20949720670391062
0,T13,xgb_inner_oof,0.028629133423173782,0.7777777777777778,0.3793103448275862,0.19662921348314608
0,T13,xgb_inner_oof,0.02872738779930172,0.7777777777777778,0.3839080459770115,0.1977401129943503
0,T13,xgb_inner_oof,0.028817988287307316,0.7777777777777778,0.38620689655172413,0.19830028328611898
0,T13,xgb_inner_oof,0.02898006233977772,0.7777777777777778,0.39080459770114945,0.19943019943019943
0,T13,xgb_inner_oof,0.029087875735957985,0.7777777777777778,0.3954022988505747,0.20057306590257878
0,T13,xgb_inner_oof,0.029305797295049098,0.7777777777777778,0.4,0.2017291066282421
0,T13,xgb_inner_oof,0.029353090563312915,0.7777777777777778,0.4045977011494253,0.2028985507246377
0,T13,xgb_inner_oof,0.029452169273680932,0.7777777777777778,0.4068965517241379,0.20348837209302326
0,T13,xgb_inner_oof,0.029597603963601664,0.7777777777777778,0.4114942528735632,0.2046783625730994
0,T13,xgb_inner_oof,0.02970156604899941,0.7777777777777778,0.4160919540229885,0.20588235294117646
0,T13,xgb_inner_oof,0.03015993053541599,0.7777777777777778,0.4206896551724138,0.20710059171597633
0,T13,xgb_inner_oof,0.030457392351990104,0.7777777777777778,0.42528735632183906,0.20833333333333334
0,T13,xgb_inner_oof,0.030791594772614537,0.7777777777777778,0.4298850574712644,0.20958083832335328
0,T13,xgb_inner_oof,0.030897318481537442,0.7777777777777778,0.432183908045977,0.21021021021021022
0,T13,xgb_inner_oof,0.030981140673190383,0.7777777777777778,0.4367816091954023,0.21148036253776434
0,T13,xgb_inner_oof,0.031110794314115967,0.7777777777777778,0.4413793103448276,0.2127659574468085
0,T13,xgb_inner_oof,0.03128018505140546,0.7777777777777778,0.4459770114942529,0.21406727828746178
0,T13,xgb_inner_oof,0.03152401276646292,0.7777777777777778,0.45057471264367815,0.2153846153846154
0,T13,xgb_inner_oof,0.031604299945970776,0.7777777777777778,0.4528735632183908,0.21604938271604937
0,T13,xgb_inner_oof,0.0316834103606968,0.7222222222222222,0.45517241379310347,0.20186335403726707
0,T13,xgb_inner_oof,0.03181345408827098,0.7222222222222222,0.45977011494252873,0.203125
0,T13,xgb_inner_oof,0.03186741720054635,0.7222222222222222,0.46436781609195404,0.20440251572327045
0,T13,xgb_inner_oof,0.031927091841095157,0.7222222222222222,0.4689655172413793,0.20569620253164558
0,T13,xgb_inner_oof,0.031970179883079035,0.7222222222222222,0.4735632183908046,0.2070063694267516
0,T13,xgb_inner_oof,0.031988090501603325,0.7222222222222222,0.47586206896551725,0.20766773162939298
0,T13,xgb_inner_oof,0.03218891743136493,0.7222222222222222,0.4804597701149425,0.2090032154340836
0,T13,xgb_inner_oof,0.03242058446259276,0.7222222222222222,0.4850574712643678,0.21035598705501618
0,T13,xgb_inner_oof,0.03243798701353629,0.7222222222222222,0.4896551724137931,0.21172638436482086
0,T13,xgb_inner_oof,0.032470997440172185,0.6666666666666666,0.49195402298850577,0.19672131147540983
0,T13,xgb_inner_oof,0.03263676100255564,0.6666666666666666,0.4942528735632184,0.19736842105263158
0,T13,xgb_inner_oof,0.03288059877063115,0.6666666666666666,0.49885057471264366,0.1986754966887417
0,T13,xgb_inner_oof,0.03300054306594396,0.6666666666666666,0.503448275862069,0.2
0,T13,xgb_inner_oof,0.03305048639251312,0.6666666666666666,0.5080459770114942,0.20134228187919462
0,T13,xgb_inner_oof,0.033403677351150365,0.6666666666666666,0.5126436781609195,0.20270270270270271
0,T13,xgb_inner_oof,0.033825539644234466,0.6666666666666666,0.5172413793103449,0.20408163265306123
0,T13,xgb_inner_oof,0.034122147953588755,0.6666666666666666,0.5195402298850574,0.20477815699658702
0,T13,xgb_inner_oof,0.03417574162947758,0.6111111111111112,0.5218390804597701,0.18900343642611683
0,T13,xgb_inner_oof,0.03435816867178541,0.6111111111111112,0.5264367816091954,0.1903114186851211
0,T13,xgb_inner_oof,0.03452419793456292,0.6111111111111112,0.5310344827586206,0.1916376306620209
0,T13,xgb_inner_oof,0.034663289697872926,0.6111111111111112,0.535632183908046,0.19298245614035087
0,T13,xgb_inner_oof,0.034714963792542346,0.6111111111111112,0.5379310344827586,0.1936619718309859
0,T13,xgb_inner_oof,0.03514157414513204,0.6111111111111112,0.542528735632184,0.1950354609929078
0,T13,xgb_inner_oof,0.03524625344007903,0.6111111111111112,0.5471264367816092,0.19642857142857142
0,T13,xgb_inner_oof,0.03536048848017706,0.6111111111111112,0.5517241379310345,0.19784172661870503
0,T13,xgb_inner_oof,0.03568543887649439,0.6111111111111112,0.5563218390804597,0.19927536231884058
0,T13,xgb_inner_oof,0.03582141793468397,0.6111111111111112,0.5609195402298851,0.20072992700729927
0,T13,xgb_inner_oof,0.03589600187037502,0.6111111111111112,0.5632183908045977,0.20146520146520147
0,T13,xgb_inner_oof,0.03644501052850245,0.6111111111111112,0.5678160919540229,0.2029520295202952
0,T13,xgb_inner_oof,0.036797088487619284,0.6111111111111112,0.5724137931034483,0.20446096654275092
0,T13,xgb_inner_oof,0.03709923902360206,0.6111111111111112,0.5770114942528736,0.20599250936329588
0,T13,xgb_inner_oof,0.037205056855256366,0.6111111111111112,0.5816091954022988,0.20754716981132076
0,T13,xgb_inner_oof,0.037370781262765045,0.6111111111111112,0.5839080459770115,0.20833333333333334
0,T13,xgb_inner_oof,0.03773088409104054,0.6111111111111112,0.5885057471264368,0.2099236641221374
0,T13,xgb_inner_oof,0.03801964378692227,0.6111111111111112,0.593103448275862,0.21153846153846154
0,T13,xgb_inner_oof,0.038159334986223856,0.6111111111111112,0.5977011494252874,0.2131782945736434
0,T13,xgb_inner_oof,0.03864917453260289,0.6111111111111112,0.6022988505747127,0.21484375
0,T13,xgb_inner_oof,0.03879895166451423,0.6111111111111112,0.6068965517241379,0.21653543307086615
0,T13,xgb_inner_oof,0.03888662261197286,0.6111111111111112,0.6091954022988506,0.21739130434782608
0,T13,xgb_inner_oof,0.03933682186430337,0.6111111111111112,0.6137931034482759,0.21912350597609562
0,T13,xgb_inner_oof,0.04001551984914332,0.6111111111111112,0.6183908045977011,0.22088353413654618
0,T13,xgb_inner_oof,0.04055446324859038,0.6111111111111112,0.6229885057471264,0.22267206477732793
0,T13,xgb_inner_oof,0.04102584716446722,0.6111111111111112,0.6275862068965518,0.22448979591836735
0,T13,xgb_inner_oof,0.04136800916638901,0.6111111111111112,0.6298850574712643,0.22540983606557377
0,T13,xgb_inner_oof,0.04162619020356745,0.6111111111111112,0.6344827586206897,0.22727272727272727
0,T13,xgb_inner_oof,0.041781198117653476,0.6111111111111112,0.639080459770115,0.22916666666666666
0,T13,xgb_inner_oof,0.041883377487970004,0.6111111111111112,0.6436781609195402,0.23109243697478993
0,T13,xgb_inner_oof,0.042029801597963545,0.5555555555555556,0.6459770114942529,0.211864406779661
0,T13,xgb_inner_oof,0.042302019295202616,0.5555555555555556,0.6505747126436782,0.21367521367521367
0,T13,xgb_inner_oof,0.04239615393651912,0.5555555555555556,0.6528735632183909,0.2145922746781116
0,T13,xgb_inner_oof,0.04266338757466309,0.5555555555555556,0.6574712643678161,0.21645021645021645
0,T13,xgb_inner_oof,0.04314466446854059,0.5555555555555556,0.6620689655172414,0.2183406113537118
0,T13,xgb_inner_oof,0.04341070044931811,0.5555555555555556,0.6666666666666666,0.22026431718061673
0,T13,xgb_inner_oof,0.04357141231286768,0.5555555555555556,0.671264367816092,0.2222222222222222
0,T13,xgb_inner_oof,0.04372726153519517,0.5555555555555556,0.6758620689655173,0.2242152466367713
0,T13,xgb_inner_oof,0.04401187701013143,0.5555555555555556,0.6781609195402298,0.22522522522522523
0,T13,xgb_inner_oof,0.044381309612658175,0.5555555555555556,0.6827586206896552,0.22727272727272727
0,T13,xgb_inner_oof,0.04466803884009575,0.5555555555555556,0.6873563218390805,0.22935779816513763
0,T13,xgb_inner_oof,0.04489454051426498,0.5555555555555556,0.6919540229885057,0.23148148148148148
0,T13,xgb_inner_oof,0.04520478834047459,0.5555555555555556,0.696551724137931,0.2336448598130841
0,T13,xgb_inner_oof,0.04539590864231435,0.5555555555555556,0.6988505747126437,0.2347417840375587
0,T13,xgb_inner_oof,0.045576860224428264,0.5555555555555556,0.7034482758620689,0.23696682464454977
0,T13,xgb_inner_oof,0.04581473977924961,0.5555555555555556,0.7080459770114943,0.23923444976076555
0,T13,xgb_inner_oof,0.04597004571816472,0.5555555555555556,0.7126436781609196,0.24154589371980675
0,T13,xgb_inner_oof,0.046210692892207264,0.5555555555555556,0.7172413793103448,0.24390243902439024
0,T13,xgb_inner_oof,0.046292442681826834,0.5555555555555556,0.7218390804597701,0.24630541871921183
0,T13,xgb_inner_oof,0.046526626899175236,0.5555555555555556,0.7241379310344828,0.24752475247524752
0,T13,xgb_inner_oof,0.04691761230083255,0.5555555555555556,0.728735632183908,0.25
0,T13,xgb_inner_oof,0.04700801386950994,0.5555555555555556,0.7333333333333333,0.25252525252525254
0,T13,xgb_inner_oof,0.047209547466825166,0.5555555555555556,0.7379310344827587,0.25510204081632654
0,T13,xgb_inner_oof,0.04751031276794702,0.5555555555555556,0.7425287356321839,0.25773195876288657
0,T13,xgb_inner_oof,0.04765132773771935,0.5555555555555556,0.7448275862068966,0.25906735751295334
0,T13,xgb_inner_oof,0.04809834041999732,0.5555555555555556,0.7494252873563219,0.2617801047120419
0,T13,xgb_inner_oof,0.04833665183756733,0.5555555555555556,0.7540229885057471,0.26455026455026454
0,T13,xgb_inner_oof,0.048437826531166475,0.5555555555555556,0.7586206896551724,0.26737967914438504
0,T13,xgb_inner_oof,0.04877367250379212,0.5555555555555556,0.7632183908045977,0.2702702702702703
0,T13,xgb_inner_oof,0.04906922132232618,0.5,0.7655172413793103,0.2459016393442623
0,T13,xgb_inner_oof,0.04917725326249731,0.5,0.767816091954023,0.24725274725274726
0,T13,xgb_inner_oof,0.049641054489721406,0.5,0.7724137931034483,0.25
0,T13,xgb_inner_oof,0.04991029381889908,0.5,0.7770114942528735,0.25280898876404495
0,T13,xgb_inner_oof,0.050193612775246366,0.5,0.7816091954022989,0.2556818181818182
0,T13,xgb_inner_oof,0.05070992434472606,0.5,0.7862068965517242,0.25862068965517243
0,T13,xgb_inner_oof,0.05093045028502956,0.5,0.7885057471264367,0.26011560693641617
0,T13,xgb_inner_oof,0.051217411040909336,0.5,0.7931034482758621,0.2631578947368421
0,T13,xgb_inner_oof,0.05189000134326064,0.5,0.7977011494252874,0.26627218934911245
0,T13,xgb_inner_oof,0.05225529319702146,0.5,0.8022988505747126,0.2694610778443114
0,T13,xgb_inner_oof,0.052902544560691364,0.4444444444444444,0.8045977011494253,0.24242424242424243
0,T13,xgb_inner_oof,0.05358445858288359,0.4444444444444444,0.8091954022988506,0.24539877300613497
0,T13,xgb_inner_oof,0.05387978925550936,0.4444444444444444,0.8114942528735632,0.24691358024691357
0,T13,xgb_inner_oof,0.054315199570273295,0.4444444444444444,0.8160919540229885,0.25
0,T13,xgb_inner_oof,0.054951290340482295,0.4444444444444444,0.8206896551724138,0.25316455696202533
0,T13,xgb_inner_oof,0.05596389855592015,0.4444444444444444,0.825287356321839,0.2564102564102564
0,T13,xgb_inner_oof,0.05623607206749949,0.4444444444444444,0.8298850574712644,0.2597402597402597
0,T13,xgb_inner_oof,0.05682178657793139,0.4444444444444444,0.832183908045977,0.26143790849673204
0,T13,xgb_inner_oof,0.05768925734854792,0.4444444444444444,0.8367816091954023,0.26490066225165565
0,T13,xgb_inner_oof,0.05811018947952282,0.4444444444444444,0.8413793103448276,0.2684563758389262
0,T13,xgb_inner_oof,0.05865378540149771,0.4444444444444444,0.8459770114942529,0.272108843537415
0,T13,xgb_inner_oof,0.05901787208355912,0.4444444444444444,0.8505747126436781,0.27586206896551724
0,T13,xgb_inner_oof,0.05940529435140529,0.4444444444444444,0.8551724137931035,0.27972027972027974
0,T13,xgb_inner_oof,0.059523855432289025,0.4444444444444444,0.8574712643678161,0.28169014084507044
0,T13,xgb_inner_oof,0.060009685581550745,0.3888888888888889,0.8597701149425288,0.25
0,T13,xgb_inner_oof,0.06034205513747518,0.3888888888888889,0.864367816091954,0.2536231884057971
0,T13,xgb_inner_oof,0.06078215927825857,0.3888888888888889,0.8689655172413793,0.25735294117647056
0,T13,xgb_inner_oof,0.06153465260150552,0.3888888888888889,0.8735632183908046,0.26119402985074625
0,T13,xgb_inner_oof,0.06171983706441991,0.3333333333333333,0.8735632183908046,0.22556390977443608
0,T13,xgb_inner_oof,0.06212445883169516,0.3333333333333333,0.8781609195402299,0.22900763358778625
0,T13,xgb_inner_oof,0.06281244534058276,0.3333333333333333,0.8827586206896552,0.23255813953488372
0,T13,xgb_inner_oof,0.06332745595439873,0.2777777777777778,0.8850574712643678,0.1968503937007874
0,T13,xgb_inner_oof,0.06370874827178637,0.2777777777777778,0.8896551724137931,0.2
0,T13,xgb_inner_oof,0.06425507656567163,0.2222222222222222,0.8919540229885058,0.16260162601626016
0,T13,xgb_inner_oof,0.06530579834410453,0.2222222222222222,0.8942528735632184,0.16393442622950818
0,T13,xgb_inner_oof,0.06700249500622832,0.2222222222222222,0.8988505747126436,0.16666666666666666
0,T13,xgb_inner_oof,0.06712501629874272,0.16666666666666666,0.9011494252873563,0.1271186440677966
0,T13,xgb_inner_oof,0.06778724386923722,0.16666666666666666,0.9057471264367816,0.12931034482758622
0,T13,xgb_inner_oof,0.06888658345184255,0.16666666666666666,0.9103448275862069,0.13157894736842105
0,T13,xgb_inner_oof,0.06910474037813297,0.16666666666666666,0.9126436781609195,0.13274336283185842
0,T13,xgb_inner_oof,0.06951184740034155,0.16666666666666666,0.9172413793103448,0.13513513513513514
0,T13,xgb_inner_oof,0.07044735829074932,0.16666666666666666,0.9218390804597701,0.13761467889908258
0,T13,xgb_inner_oof,0.07265731279280922,0.16666666666666666,0.9264367816091954,0.14018691588785046
0,T13,xgb_inner_oof,0.07389737183301326,0.16666666666666666,0.9310344827586207,0.14285714285714285
0,T13,xgb_inner_oof,0.07559263394684003,0.16666666666666666,0.9356321839080459,0.14563106796116504
0,T13,xgb_inner_oof,0.0759370738735159,0.16666666666666666,0.9379310344827586,0.14705882352941177
0,T13,xgb_inner_oof,0.07713176595743731,0.16666666666666666,0.9425287356321839,0.15
0,T13,xgb_inner_oof,0.07779098086251762,0.16666666666666666,0.9471264367816092,0.15306122448979592
0,T13,xgb_inner_oof,0.08149483575738495,0.16666666666666666,0.9517241379310345,0.15625
0,T13,xgb_inner_oof,0.08257554381739982,0.16666666666666666,0.9563218390804598,0.1595744680851064
0,T13,xgb_inner_oof,0.08310359007719335,0.16666666666666666,0.9586206896551724,0.16129032258064516
0,T13,xgb_inner_oof,0.0849270523574116,0.1111111111111111,0.960919540229885,0.10989010989010989
0,T13,xgb_inner_oof,0.08668822323301298,0.1111111111111111,0.9655172413793104,0.11235955056179775
0,T13,xgb_inner_oof,0.09287307722043864,0.1111111111111111,0.9701149425287356,0.11494252873563218
0,T13,xgb_inner_oof,0.0939648516394272,0.1111111111111111,0.9747126436781609,0.11764705882352941
0,T13,xgb_inner_oof,0.09481426708275947,0.1111111111111111,0.9793103448275862,0.12048192771084337
0,T13,xgb_inner_oof,0.09574805822164126,0.1111111111111111,0.9816091954022989,0.12195121951219512
0,T13,xgb_inner_oof,0.10092597985460436,0.1111111111111111,0.9862068965517241,0.125
0,T13,xgb_inner_oof,0.10640955244811336,0.05555555555555555,0.9885057471264368,0.0641025641025641
0,T13,xgb_inner_oof,0.1131757127025718,0.05555555555555555,0.993103448275862,0.06578947368421052
0,T13,xgb_inner_oof,0.1289882850143474,0.05555555555555555,0.9977011494252873,0.06756756756756757
0,T13,xgb_inner_oof,0.15783646656366793,0.0,1.0,0.0
0,T18,xgb_inner_oof,0.003557886196269882,1.0,0.0,0.2951096121416526
0,T18,xgb_inner_oof,0.0038778071159287627,1.0,0.0023923444976076554,0.2956081081081081
0,T18,xgb_inner_oof,0.0043017830734242415,1.0,0.007177033492822967,0.2966101694915254
0,T18,xgb_inner_oof,0.004444912225543919,1.0,0.011961722488038277,0.2976190476190476
0,T18,xgb_inner_oof,0.0046224155888530665,1.0,0.014354066985645933,0.2981260647359455
0,T18,xgb_inner_oof,0.004978438960348662,1.0,0.019138755980861243,0.29914529914529914
0,T18,xgb_inner_oof,0.005190635141330238,0.9714285714285714,0.0215311004784689,0.2915951972555746
0,T18,xgb_inner_oof,0.005215523193173725,0.9714285714285714,0.023923444976076555,0.2920962199312715
0,T18,xgb_inner_oof,0.005401868243745365,0.9714285714285714,0.03110047846889952,0.29360967184801384
0,T18,xgb_inner_oof,0.0055100523664848074,0.9714285714285714,0.03827751196172249,0.2951388888888889
0,T18,xgb_inner_oof,0.00572701504315727,0.9714285714285714,0.0430622009569378,0.2961672473867596
0,T18,xgb_inner_oof,0.00580824681229075,0.9714285714285714,0.045454545454545456,0.29668411867364747
0,T18,xgb_inner_oof,0.00611993075519759,0.9714285714285714,0.050239234449760764,0.29772329246935203
0,T18,xgb_inner_oof,0.006259521518793545,0.9714285714285714,0.05741626794258373,0.2992957746478873
0,T18,xgb_inner_oof,0.006282021305269727,0.9714285714285714,0.05980861244019139,0.2998236331569665
0,T18,xgb_inner_oof,0.006443316532073216,0.9714285714285714,0.0645933014354067,0.3008849557522124
0,T18,xgb_inner_oof,0.006607693990627224,0.9714285714285714,0.06937799043062201,0.3019538188277087
0,T18,xgb_inner_oof,0.006831234125235664,0.9714285714285714,0.07416267942583732,0.30303030303030304
0,T18,xgb_inner_oof,0.007013164039564493,0.9714285714285714,0.07655502392344497,0.30357142857142855
0,T18,xgb_inner_oof,0.0074050908071821055,0.9714285714285714,0.08133971291866028,0.3046594982078853
0,T18,xgb_inner_oof,0.00755297348753956,0.9714285714285714,0.0861244019138756,0.3057553956834532
0,T18,xgb_inner_oof,0.0076334544711565006,0.9714285714285714,0.08851674641148326,0.3063063063063063
0,T18,xgb_inner_oof,0.007751838116487511,0.9714285714285714,0.09808612440191387,0.308529945553539
0,T18,xgb_inner_oof,0.008149151290675645,0.9714285714285714,0.10287081339712918,0.30965391621129323
0,T18,xgb_inner_oof,0.008416978554392199,0.9714285714285714,0.1076555023923445,0.31078610603290674
0,T18,xgb_inner_oof,0.008494972370006102,0.9714285714285714,0.11004784688995216,0.31135531135531136
0,T18,xgb_inner_oof,0.008539080162062852,0.9714285714285714,0.11483253588516747,0.3125
0,T18,xgb_inner_oof,0.008738342575756338,0.9714285714285714,0.11961722488038277,0.31365313653136534
0,T18,xgb_inner_oof,0.008887843306919909,0.9714285714285714,0.12200956937799043,0.3142329020332717
0,T18,xgb_inner_oof,0.00928369190072463,0.9714285714285714,0.12679425837320574,0.31539888682745826
0,T18,xgb_inner_oof,0.009554235610815696,0.9714285714285714,0.13157894736842105,0.3165735567970205
0,T18,xgb_inner_oof,0.009665813873204794,0.9714285714285714,0.13875598086124402,0.31835205992509363
0,T18,xgb_inner_oof,0.009708523049522765,0.9714285714285714,0.14114832535885166,0.31894934333958724
0,T18,xgb_inner_oof,0.010042061271846248,0.9714285714285714,0.145933014354067,0.32015065913371
0,T18,xgb_inner_oof,0.010365744959783362,0.9714285714285714,0.15550239234449761,0.3225806451612903
0,T18,xgb_inner_oof,0.010467529325572579,0.9714285714285714,0.15789473684210525,0.3231939163498099
0,T18,xgb_inner_oof,0.010651730813286566,0.9714285714285714,0.16267942583732056,0.3244274809160305
0,T18,xgb_inner_oof,0.011240954302841857,0.9714285714285714,0.1674641148325359,0.32567049808429116
0,T18,xgb_inner_oof,0.01160335849396136,0.9714285714285714,0.17703349282296652,0.3281853281853282
0,T18,xgb_inner_oof,0.011838414017157847,0.9714285714285714,0.17942583732057416,0.3288201160541586
0,T18,xgb_inner_oof,0.012139074938771154,0.9714285714285714,0.18421052631578946,0.3300970873786408
0,T18,xgb_inner_oof,0.012368728200509877,0.9714285714285714,0.18899521531100477,0.3313840155945419
0,T18,xgb_inner_oof,0.012451992317082768,0.9714285714285714,0.19138755980861244,0.33203125
0,T18,xgb_inner_oof,0.012647522637505688,0.9714285714285714,0.19617224880382775,0.3333333333333333
0,T18,xgb_inner_oof,0.012670467645767293,0.9714285714285714,0.20095693779904306,0.3346456692913386
0,T18,xgb_inner_oof,0.012758075327047721,0.9714285714285714,0.20574162679425836,0.3359683794466403
0,T18,xgb_inner_oof,0.013033993447070335,0.9714285714285714,0.21052631578947367,0.3373015873015873
0,T18,xgb_inner_oof,0.013365773557416033,0.9714285714285714,0.215311004784689,0.3386454183266932
0,T18,xgb_inner_oof,0.013867197185430589,0.9714285714285714,0.22009569377990432,0.34
0,T18,xgb_inner_oof,0.013924475874039673,0.9714285714285714,0.22248803827751196,0.3406813627254509
0,T18,xgb_inner_oof,0.014081128252384827,0.9714285714285714,0.22727272727272727,0.3420523138832998
0,T18,xgb_inner_oof,0.014141479655326208,0.9428571428571428,0.22966507177033493,0.3333333333333333
0,T18,xgb_inner_oof,0.014188841699278441,0.9428571428571428,0.23205741626794257,0.3340080971659919
0,T18,xgb_inner_oof,0.014418516287691183,0.9142857142857143,0.23444976076555024,0.3252032520325203
0,T18,xgb_inner_oof,0.014501883131086291,0.9142857142857143,0.23923444976076555,0.32653061224489793
0,T18,xgb_inner_oof,0.015001962601958534,0.9142857142857143,0.24401913875598086,0.32786885245901637
0,T18,xgb_inner_oof,0.015456495111864674,0.9142857142857143,0.24641148325358853,0.32854209445585214
0,T18,xgb_inner_oof,0.015692769405764022,0.9142857142857143,0.2511961722488038,0.32989690721649484
0,T18,xgb_inner_oof,0.01594941764965816,0.9142857142857143,0.2607655502392344,0.33264033264033266
0,T18,xgb_inner_oof,0.016045397956202002,0.9142857142857143,0.2631578947368421,0.3333333333333333
0,T18,xgb_inner_oof,0.01620046004320882,0.9142857142857143,0.2679425837320574,0.33472803347280333
0,T18,xgb_inner_oof,0.016237635407374884,0.9142857142857143,0.2727272727272727,0.33613445378151263
0,T18,xgb_inner_oof,0.016310132649216935,0.9142857142857143,0.27751196172248804,0.33755274261603374
0,T18,xgb_inner_oof,0.016381974770190957,0.9142857142857143,0.2799043062200957,0.3382663847780127
0,T18,xgb_inner_oof,0.016471916386208686,0.9142857142857143,0.284688995215311,0.33970276008492567
0,T18,xgb_inner_oof,0.016692533392858377,0.9142857142857143,0.2894736842105263,0.3411513859275053
0,T18,xgb_inner_oof,0.016856920923233133,0.9142857142857143,0.2942583732057416,0.3426124197002141
0,T18,xgb_inner_oof,0.016983539708286005,0.9142857142857143,0.29904306220095694,0.34408602150537637
0,T18,xgb_inner_oof,0.017103977622088373,0.9142857142857143,0.3038277511961722,0.34557235421166305
0,T18,xgb_inner_oof,0.017390507084361927,0.9142857142857143,0.30861244019138756,0.3470715835140998
0,T18,xgb_inner_oof,0.017589640453356387,0.9142857142857143,0.3133971291866029,0.3485838779956427
0,T18,xgb_inner_oof,0.017819877009678863,0.9142857142857143,0.3181818181818182,0.350109409190372
0,T18,xgb_inner_oof,0.017994576690523165,0.9142857142857143,0.3229665071770335,0.3516483516483517
0,T18,xgb_inner_oof,0.01803689430038713,0.9142857142857143,0.3253588516746411,0.3524229074889868
0,T18,xgb_inner_oof,0.018265427095423753,0.9142857142857143,0.33014354066985646,0.35398230088495575
0,T18,xgb_inner_oof,0.018378000214483308,0.9142857142857143,0.3349282296650718,0.35555555555555557
0,T18,xgb_inner_oof,0.01855497689843847,0.9142857142857143,0.34210526315789475,0.3579418344519016
0,T18,xgb_inner_oof,0.018607077993567717,0.9142857142857143,0.34688995215311,0.3595505617977528
0,T18,xgb_inner_oof,0.01871557678799666,0.9142857142857143,0.35167464114832536,0.3611738148984199
0,T18,xgb_inner_oof,0.019173764410162344,0.9142857142857143,0.35645933014354064,0.36281179138321995
0,T18,xgb_inner_oof,0.01942850146416166,0.9142857142857143,0.3588516746411483,0.36363636363636365
0,T18,xgb_inner_oof,0.019649737990543682,0.9142857142857143,0.36363636363636365,0.365296803652968
0,T18,xgb_inner_oof,0.01985587366303182,0.9142857142857143,0.3684210526315789,0.3669724770642202
0,T18,xgb_inner_oof,0.02055978988703447,0.9142857142857143,0.37320574162679426,0.3686635944700461
0,T18,xgb_inner_oof,0.02084014552578757,0.9142857142857143,0.37559808612440193,0.3695150115473441
0,T18,xgb_inner_oof,0.021269578861379593,0.9142857142857143,0.3803827751196172,0.37122969837587005
0,T18,xgb_inner_oof,0.021461153156148327,0.9142857142857143,0.38516746411483255,0.372960372960373
0,T18,xgb_inner_oof,0.021633216773080173,0.9142857142857143,0.3875598086124402,0.37383177570093457
0,T18,xgb_inner_oof,0.021886601702836454,0.9142857142857143,0.3923444976076555,0.3755868544600939
0,T18,xgb_inner_oof,0.02249907402538181,0.9142857142857143,0.39712918660287083,0.37735849056603776
0,T18,xgb_inner_oof,0.02285826581860923,0.9142857142857143,0.39952153110047844,0.37825059101654845
0,T18,xgb_inner_oof,0.022991950836788556,0.9142857142857143,0.4043062200956938,0.38004750593824227
0,T18,xgb_inner_oof,0.023398947463947002,0.9142857142857143,0.41148325358851673,0.3827751196172249
0,T18,xgb_inner_oof,0.023640666655809106,0.9142857142857143,0.41626794258373206,0.38461538461538464
0,T18,xgb_inner_oof,0.02378760711626092,0.9142857142857143,0.41866028708133973,0.3855421686746988
0,T18,xgb_inner_oof,0.02394309555533083,0.9142857142857143,0.423444976076555,0.387409200968523
0,T18,xgb_inner_oof,0.024115340079457315,0.9142857142857143,0.42822966507177035,0.38929440389294406
0,T18,xgb_inner_oof,0.0243494769463204,0.9142857142857143,0.430622009569378,0.3902439024390244
0,T18,xgb_inner_oof,0.024830178060636948,0.9142857142857143,0.4354066985645933,0.39215686274509803
0,T18,xgb_inner_oof,0.02493248627093622,0.9142857142857143,0.44019138755980863,0.39408866995073893
0,T18,xgb_inner_oof,0.02499059557861863,0.9142857142857143,0.4449760765550239,0.39603960396039606
0,T18,xgb_inner_oof,0.025105087807978564,0.9142857142857143,0.4473684210526316,0.3970223325062035
0,T18,xgb_inner_oof,0.025503387634888235,0.9142857142857143,0.45215311004784686,0.39900249376558605
0,T18,xgb_inner_oof,0.025915924878443367,0.9142857142857143,0.45933014354066987,0.4020100502512563
0,T18,xgb_inner_oof,0.0260287551064233,0.9142857142857143,0.46172248803827753,0.40302267002518893
0,T18,xgb_inner_oof,0.02636017353454577,0.9142857142857143,0.4665071770334928,0.4050632911392405
0,T18,xgb_inner_oof,0.026728545807563432,0.9142857142857143,0.47607655502392343,0.4092071611253197
0,T18,xgb_inner_oof,0.02689192594269394,0.9142857142857143,0.48086124401913877,0.41131105398457585
0,T18,xgb_inner_oof,0.02696179708531611,0.9142857142857143,0.48325358851674644,0.41237113402061853
0,T18,xgb_inner_oof,0.027165589627245152,0.9142857142857143,0.4880382775119617,0.41450777202072536
0,T18,xgb_inner_oof,0.02762124419877979,0.9142857142857143,0.49282296650717705,0.4166666666666667
0,T18,xgb_inner_oof,0.02775905054285765,0.9142857142857143,0.49521531100478466,0.4177545691906005
0,T18,xgb_inner_oof,0.02816228676398698,0.9142857142857143,0.5023923444976076,0.42105263157894735
0,T18,xgb_inner_oof,0.028507045371203375,0.9142857142857143,0.507177033492823,0.42328042328042326
0,T18,xgb_inner_oof,0.02918754896777149,0.9142857142857143,0.5119617224880383,0.425531914893617
0,T18,xgb_inner_oof,0.029333728018340666,0.9142857142857143,0.5143540669856459,0.4266666666666667
0,T18,xgb_inner_oof,0.02948392840489752,0.9142857142857143,0.5191387559808612,0.4289544235924933
0,T18,xgb_inner_oof,0.029625203019163236,0.9142857142857143,0.5239234449760766,0.431266846361186
0,T18,xgb_inner_oof,0.02970544036370463,0.9142857142857143,0.5263157894736842,0.43243243243243246
0,T18,xgb_inner_oof,0.030445230177685384,0.9142857142857143,0.5311004784688995,0.43478260869565216
0,T18,xgb_inner_oof,0.030625632357823444,0.9142857142857143,0.5358851674641149,0.4371584699453552
0,T18,xgb_inner_oof,0.030842008502565167,0.9142857142857143,0.5406698564593302,0.43956043956043955
0,T18,xgb_inner_oof,0.030943404870494642,0.9142857142857143,0.5430622009569378,0.44077134986225897
0,T18,xgb_inner_oof,0.031259096620915645,0.9142857142857143,0.5478468899521531,0.44321329639889195
0,T18,xgb_inner_oof,0.03156926273839174,0.9142857142857143,0.5526315789473685,0.4456824512534819
0,T18,xgb_inner_oof,0.03175755938085013,0.9142857142857143,0.5550239234449761,0.44692737430167595
0,T18,xgb_inner_oof,0.031925898736278296,0.9142857142857143,0.5598086124401914,0.449438202247191
0,T18,xgb_inner_oof,0.0321994636328244,0.9142857142857143,0.5645933014354066,0.4519774011299435
0,T18,xgb_inner_oof,0.032369196263818165,0.9142857142857143,0.5669856459330144,0.45325779036827196
0,T18,xgb_inner_oof,0.03333110013998908,0.9142857142857143,0.5717703349282297,0.45584045584045585
0,T18,xgb_inner_oof,0.033677011719822056,0.9142857142857143,0.5765550239234449,0.4584527220630373
0,T18,xgb_inner_oof,0.03461566175759605,0.9142857142857143,0.5813397129186603,0.4610951008645533
0,T18,xgb_inner_oof,0.03529581372946109,0.9142857142857143,0.583732057416268,0.4624277456647399
0,T18,xgb_inner_oof,0.036438184284855867,0.9142857142857143,0.5885167464114832,0.46511627906976744
0,T18,xgb_inner_oof,0.03707573066388741,0.9142857142857143,0.5933014354066986,0.4678362573099415
0,T18,xgb_inner_oof,0.03719993784521894,0.9142857142857143,0.5956937799043063,0.46920821114369504
0,T18,xgb_inner_oof,0.037574385295278026,0.9142857142857143,0.6004784688995215,0.471976401179941
0,T18,xgb_inner_oof,0.038090436842317735,0.9142857142857143,0.6076555023923444,0.47619047619047616
0,T18,xgb_inner_oof,0.03956291767143474,0.9142857142857143,0.6124401913875598,0.47904191616766467
0,T18,xgb_inner_oof,0.040038712257383355,0.9142857142857143,0.6148325358851675,0.4804804804804805
0,T18,xgb_inner_oof,0.04028451038518932,0.9142857142857143,0.6196172248803827,0.48338368580060426
0,T18,xgb_inner_oof,0.040570072323054054,0.9142857142857143,0.6244019138755981,0.48632218844984804
0,T18,xgb_inner_oof,0.04095730449660409,0.9142857142857143,0.6267942583732058,0.4878048780487805
0,T18,xgb_inner_oof,0.041915415126629975,0.8857142857142857,0.631578947368421,0.47692307692307695
0,T18,xgb_inner_oof,0.04234488793733701,0.8857142857142857,0.6363636363636364,0.47987616099071206
0,T18,xgb_inner_oof,0.04264789949812188,0.8857142857142857,0.6411483253588517,0.48286604361370716
0,T18,xgb_inner_oof,0.043121944653869246,0.8571428571428571,0.6411483253588517,0.46875
0,T18,xgb_inner_oof,0.044064735242708715,0.8571428571428571,0.645933014354067,0.4716981132075472
0,T18,xgb_inner_oof,0.0442847976003536,0.8571428571428571,0.6507177033492823,0.47468354430379744
0,T18,xgb_inner_oof,0.044383964363132314,0.8571428571428571,0.65311004784689,0.47619047619047616
0,T18,xgb_inner_oof,0.04503158718971492,0.8571428571428571,0.6578947368421053,0.4792332268370607
0,T18,xgb_inner_oof,0.045742866914727995,0.8285714285714286,0.6602870813397129,0.4662379421221865
0,T18,xgb_inner_oof,0.047270943096934886,0.8285714285714286,0.6650717703349283,0.4692556634304207
0,T18,xgb_inner_oof,0.04744491558417535,0.8,0.6650717703349283,0.45454545454545453
0,T18,xgb_inner_oof,0.047599485003630065,0.8,0.6698564593301436,0.45751633986928103
0,T18,xgb_inner_oof,0.04859390834396342,0.8,0.6746411483253588,0.4605263157894737
0,T18,xgb_inner_oof,0.04905390391616436,0.8,0.6770334928229665,0.46204620462046203
0,T18,xgb_inner_oof,0.051124739915155884,0.8,0.6818181818181818,0.46511627906976744
0,T18,xgb_inner_oof,0.051716051385871736,0.8,0.6866028708133971,0.4682274247491639
0,T18,xgb_inner_oof,0.052880430462974776,0.8,0.6913875598086124,0.4713804713804714
0,T18,xgb_inner_oof,0.05443685264537064,0.8,0.69377990430622,0.47297297297297297
0,T18,xgb_inner_oof,0.055834437019738656,0.8,0.6985645933014354,0.47619047619047616
0,T18,xgb_inner_oof,0.05796583471349316,0.8,0.7033492822966507,0.4794520547945205
0,T18,xgb_inner_oof,0.05860081532629711,0.8,0.7057416267942583,0.48109965635738833
0,T18,xgb_inner_oof,0.060051622174220304,0.8,0.7105263157894737,0.4844290657439446
0,T18,xgb_inner_oof,0.06250245523686376,0.8,0.715311004784689,0.4878048780487805
0,T18,xgb_inner_oof,0.06330377107017997,0.8,0.7200956937799043,0.49122807017543857
0,T18,xgb_inner_oof,0.06340005232967814,0.8,0.722488038277512,0.49295774647887325
0,T18,xgb_inner_oof,0.06521429437875062,0.8,0.7272727272727273,0.49645390070921985
0,T18,xgb_inner_oof,0.06576849323014156,0.8,0.7320574162679426,0.5
0,T18,xgb_inner_oof,0.06631410493291648,0.8,0.7344497607655502,0.5017921146953405
0,T18,xgb_inner_oof,0.06767384598175638,0.8,0.7392344497607656,0.5054151624548736
0,T18,xgb_inner_oof,0.07135929429297946,0.8,0.7440191387559809,0.509090909090909
0,T18,xgb_inner_oof,0.07257724372736643,0.7714285714285715,0.7440191387559809,0.4927007299270073
0,T18,xgb_inner_oof,0.07461398500081584,0.7428571428571429,0.7464114832535885,0.47794117647058826
0,T18,xgb_inner_oof,0.07656960492322161,0.7428571428571429,0.7511961722488039,0.48148148148148145
0,T18,xgb_inner_oof,0.07901211052628623,0.7428571428571429,0.7559808612440191,0.48507462686567165
0,T18,xgb_inner_oof,0.07972324286359547,0.7428571428571429,0.7583732057416268,0.4868913857677903
0,T18,xgb_inner_oof,0.0826392717103421,0.7428571428571429,0.7631578947368421,0.49056603773584906
0,T18,xgb_inner_oof,0.08562388937795243,0.7428571428571429,0.7679425837320574,0.49429657794676807
0,T18,xgb_inner_oof,0.08757416721835709,0.7428571428571429,0.7703349282296651,0.4961832061068702
0,T18,xgb_inner_oof,0.0892391836385954,0.7428571428571429,0.7751196172248804,0.5
0,T18,xgb_inner_oof,0.09706502376080572,0.7428571428571429,0.7822966507177034,0.5058365758754864
0,T18,xgb_inner_oof,0.09933172437595969,0.7428571428571429,0.7870813397129187,0.5098039215686274
0,T18,xgb_inner_oof,0.10026343011512899,0.7428571428571429,0.7894736842105263,0.5118110236220472
0,T18,xgb_inner_oof,0.10149834884316458,0.7428571428571429,0.7942583732057417,0.5158730158730159
0,T18,xgb_inner_oof,0.10320196014516937,0.7142857142857143,0.7966507177033493,0.5
0,T18,xgb_inner_oof,0.10433817640681592,0.7142857142857143,0.7990430622009569,0.5020080321285141
0,T18,xgb_inner_oof,0.105672548869947,0.7142857142857143,0.8038277511961722,0.5060728744939271
0,T18,xgb_inner_oof,0.10968236530269962,0.7142857142857143,0.8086124401913876,0.5102040816326531
0,T18,xgb_inner_oof,0.11522172328049615,0.6571428571428571,0.8086124401913876,0.4732510288065844
0,T18,xgb_inner_oof,0.11642014037747678,0.6571428571428571,0.8110047846889952,0.47520661157024796
0,T18,xgb_inner_oof,0.11818732025966125,0.6285714285714286,0.8133971291866029,0.4583333333333333
0,T18,xgb_inner_oof,0.12225215002042122,0.6285714285714286,0.8181818181818182,0.46218487394957986
0,T18,xgb_inner_oof,0.12447605617673213,0.6285714285714286,0.8205741626794258,0.4641350210970464
0,T18,xgb_inner_oof,0.12594761783898423,0.6,0.8229665071770335,0.44680851063829785
0,T18,xgb_inner_oof,0.12698707974891713,0.6,0.8277511961722488,0.45064377682403434
0,T18,xgb_inner_oof,0.12792674584634017,0.6,0.8325358851674641,0.45454545454545453
0,T18,xgb_inner_oof,0.12865927539159883,0.5714285714285714,0.8325358851674641,0.43478260869565216
0,T18,xgb_inner_oof,0.13026845577905638,0.5714285714285714,0.8373205741626795,0.43859649122807015
0,T18,xgb_inner_oof,0.13513033563218207,0.5714285714285714,0.8421052631578947,0.4424778761061947
0,T18,xgb_inner_oof,0.1403585287385789,0.5714285714285714,0.8444976076555024,0.4444444444444444
0,T18,xgb_inner_oof,0.14329339738278135,0.5714285714285714,0.8516746411483254,0.45045045045045046
0,T18,xgb_inner_oof,0.1465057967731589,0.5714285714285714,0.8564593301435407,0.45454545454545453
0,T18,xgb_inner_oof,0.14838269660768189,0.5714285714285714,0.861244019138756,0.45871559633027525
0,T18,xgb_inner_oof,0.14966306676681068,0.5714285714285714,0.8636363636363636,0.4608294930875576
0,T18,xgb_inner_oof,0.1595221986441408,0.5428571428571428,0.8660287081339713,0.4418604651162791
0,T18,xgb_inner_oof,0.1611752223222318,0.5142857142857142,0.868421052631579,0.4225352112676056
0,T18,xgb_inner_oof,0.16246257980626527,0.5142857142857142,0.8708133971291866,0.42452830188679247
0,T18,xgb_inner_oof,0.1650708398478043,0.5142857142857142,0.8779904306220095,0.430622009569378
0,T18,xgb_inner_oof,0.16674962310777314,0.5142857142857142,0.8827751196172249,0.43478260869565216
0,T18,xgb_inner_oof,0.16719273531683065,0.4857142857142857,0.8827751196172249,0.41262135922330095
0,T18,xgb_inner_oof,0.16837679379123102,0.4857142857142857,0.8875598086124402,0.4166666666666667
0,T18,xgb_inner_oof,0.17507200968517792,0.45714285714285713,0.8899521531100478,0.39603960396039606
0,T18,xgb_inner_oof,0.17874689579100403,0.42857142857142855,0.8923444976076556,0.375
0,T18,xgb_inner_oof,0.17898848966978922,0.42857142857142855,0.8947368421052632,0.3768844221105528
0,T18,xgb_inner_oof,0.1799361162503979,0.42857142857142855,0.8995215311004785,0.38071065989847713
0,T18,xgb_inner_oof,0.18410496775368299,0.42857142857142855,0.9043062200956937,0.38461538461538464
0,T18,xgb_inner_oof,0.18575736929432085,0.42857142857142855,0.9066985645933014,0.3865979381443299
0,T18,xgb_inner_oof,0.18866516669458552,0.42857142857142855,0.9114832535885168,0.390625
0,T18,xgb_inner_oof,0.19488355156432355,0.42857142857142855,0.916267942583732,0.39473684210526316
0,T18,xgb_inner_oof,0.1997129598801069,0.42857142857142855,0.9210526315789473,0.39893617021276595
0,T18,xgb_inner_oof,0.2012758735664696,0.42857142857142855,0.9234449760765551,0.40106951871657753
0,T18,xgb_inner_oof,0.21380347354781126,0.42857142857142855,0.9282296650717703,0.40540540540540543
0,T18,xgb_inner_oof,0.21699148832063453,0.42857142857142855,0.9330143540669856,0.4098360655737705
0,T18,xgb_inner_oof,0.21863323534637213,0.42857142857142855,0.9354066985645934,0.41208791208791207
0,T18,xgb_inner_oof,0.2198943670152951,0.42857142857142855,0.9401913875598086,0.4166666666666667
0,T18,xgb_inner_oof,0.2274727267039951,0.42857142857142855,0.9449760765550239,0.42134831460674155
0,T18,xgb_inner_oof,0.23822228443868182,0.42857142857142855,0.9497607655502392,0.42613636363636365
0,T18,xgb_inner_oof,0.24243123651776421,0.42857142857142855,0.9521531100478469,0.42857142857142855
0,T18,xgb_inner_oof,0.2524453299409618,0.42857142857142855,0.9569377990430622,0.43352601156069365
0,T18,xgb_inner_oof,0.261315175719981,0.4,0.9593301435406698,0.4093567251461988
0,T18,xgb_inner_oof,0.26346482944391103,0.4,0.9617224880382775,0.4117647058823529
0,T18,xgb_inner_oof,0.273839481741286,0.4,0.9665071770334929,0.4166666666666667
0,T18,xgb_inner_oof,0.2790862573572891,0.37142857142857144,0.9688995215311005,0.39156626506024095
0,T18,xgb_inner_oof,0.28265472941350067,0.34285714285714286,0.9712918660287081,0.36585365853658536
0,T18,xgb_inner_oof,0.28487356920346874,0.34285714285714286,0.9736842105263158,0.36809815950920244
0,T18,xgb_inner_oof,0.2921338316975346,0.34285714285714286,0.9784688995215312,0.37267080745341613
0,T18,xgb_inner_oof,0.2945672157901016,0.34285714285714286,0.9832535885167464,0.37735849056603776
0,T18,xgb_inner_oof,0.2960062124478575,0.34285714285714286,0.9856459330143541,0.379746835443038
0,T18,xgb_inner_oof,0.3165644562800795,0.3142857142857143,0.9880382775119617,0.3525641025641026
0,T18,xgb_inner_oof,0.3599413084444033,0.2857142857142857,0.9904306220095693,0.3246753246753247
0,T18,xgb_inner_oof,0.3908041092818496,0.22857142857142856,0.9904306220095693,0.2631578947368421
0,T18,xgb_inner_oof,0.3987629002091043,0.22857142857142856,0.992822966507177,0.26490066225165565
0,T18,xgb_inner_oof,0.4227038129046353,0.2,0.9952153110047847,0.2348993288590604
0,T18,xgb_inner_oof,0.4363425416534711,0.14285714285714285,0.9952153110047847,0.17006802721088435
0,T18,xgb_inner_oof,0.4452928471419324,0.14285714285714285,0.9976076555023924,0.17123287671232876
0,T18,xgb_inner_oof,0.5203865491810227,0.11428571428571428,1.0,0.1388888888888889
0,T18,xgb_inner_oof,0.7142969166287023,0.05714285714285714,1.0,0.07042253521126761
0,T18,xgb_inner_oof,0.8014760560424312,0.0,1.0,0.0
0,T21,xgb_inner_oof,0.016223404076849163,1.0,0.0,0.10141987829614604
0,T21,xgb_inner_oof,0.016360395664512854,1.0,0.002257336343115124,0.1016260162601626
0,T21,xgb_inner_oof,0.016593955847200116,1.0,0.006772009029345372,0.10204081632653061
0,T21,xgb_inner_oof,0.01676932769998768,1.0,0.011286681715575621,0.10245901639344263
0,T21,xgb_inner_oof,0.017139499039280214,1.0,0.01580135440180587,0.102880658436214
0,T21,xgb_inner_oof,0.01726563438284249,1.0,0.020316027088036117,0.10330578512396695
0,T21,xgb_inner_oof,0.017351811895932545,1.0,0.022573363431151242,0.10351966873706005
0,T21,xgb_inner_oof,0.01755158998422309,1.0,0.02708803611738149,0.10395010395010396
0,T21,xgb_inner_oof,0.017668219405671343,1.0,0.03160270880361174,0.10438413361169102
0,T21,xgb_inner_oof,0.017736852000534917,1.0,0.03611738148984198,0.10482180293501048
0,T21,xgb_inner_oof,0.017813865096689842,1.0,0.040632054176072234,0.10526315789473684
0,T21,xgb_inner_oof,0.01801452055800629,1.0,0.045146726862302484,0.10570824524312897
0,T21,xgb_inner_oof,0.018060957042070516,1.0,0.04740406320541761,0.1059322033898305
0,T21,xgb_inner_oof,0.018122253302574942,1.0,0.05191873589164785,0.10638297872340426
0,T21,xgb_inner_oof,0.018182163616790432,1.0,0.056433408577878104,0.10683760683760683
0,T21,xgb_inner_oof,0.01825397941291338,1.0,0.060948081264108354,0.1072961373390558
0,T21,xgb_inner_oof,0.018352255207456508,1.0,0.0654627539503386,0.10775862068965517
0,T21,xgb_inner_oof,0.018390565014831085,1.0,0.06772009029345373,0.1079913606911447
0,T21,xgb_inner_oof,0.018493907461418827,1.0,0.07223476297968397,0.10845986984815618
0,T21,xgb_inner_oof,0.018605051977039502,1.0,0.07674943566591422,0.10893246187363835
0,T21,xgb_inner_oof,0.018764272105130677,0.9,0.07900677200902935,0.09846827133479212
0,T21,xgb_inner_oof,0.01899025880888018,0.9,0.0835214446952596,0.0989010989010989
0,T21,xgb_inner_oof,0.01906149703561196,0.9,0.08803611738148984,0.09933774834437085
0,T21,xgb_inner_oof,0.019072971822432103,0.9,0.09029345372460497,0.09955752212389381
0,T21,xgb_inner_oof,0.019132755196429742,0.9,0.09480812641083522,0.1
0,T21,xgb_inner_oof,0.019158331953615278,0.9,0.09932279909706546,0.10044642857142858
0,T21,xgb_inner_oof,0.019207266743149203,0.9,0.1038374717832957,0.10089686098654709
0,T21,xgb_inner_oof,0.01924930496105586,0.9,0.10835214446952596,0.10135135135135136
0,T21,xgb_inner_oof,0.019274208027043507,0.9,0.11060948081264109,0.10158013544018059
0,T21,xgb_inner_oof,0.019287454910224343,0.9,0.11512415349887133,0.10204081632653061
0,T21,xgb_inner_oof,0.01929972690960283,0.9,0.11963882618510158,0.10250569476082004
0,T21,xgb_inner_oof,0.019336482779860303,0.9,0.12415349887133183,0.10297482837528604
0,T21,xgb_inner_oof,0.01936688848713039,0.9,0.12866817155756208,0.10344827586206896
0,T21,xgb_inner_oof,0.01940198907517593,0.9,0.13318284424379231,0.10392609699769054
0,T21,xgb_inner_oof,0.01940811537752249,0.9,0.13544018058690746,0.10416666666666667
0,T21,xgb_inner_oof,0.019427925025032745,0.9,0.1399548532731377,0.10465116279069768
0,T21,xgb_inner_oof,0.019453450412928022,0.9,0.14446952595936793,0.10514018691588785
0,T21,xgb_inner_oof,0.019501019843228447,0.9,0.1489841986455982,0.1056338028169014
0,T21,xgb_inner_oof,0.01952476991692287,0.9,0.15349887133182843,0.10613207547169812
0,T21,xgb_inner_oof,0.019530151692469987,0.9,0.15575620767494355,0.10638297872340426
0,T21,xgb_inner_oof,0.019617909763085545,0.9,0.16027088036117382,0.10688836104513064
0,T21,xgb_inner_oof,0.019630602408341965,0.9,0.16478555304740405,0.10739856801909307
0,T21,xgb_inner_oof,0.019645478202560254,0.9,0.16930022573363432,0.1079136690647482
0,T21,xgb_inner_oof,0.01968371352300915,0.9,0.17381489841986456,0.10843373493975904
0,T21,xgb_inner_oof,0.019724637228836165,0.9,0.17832957110609482,0.1089588377723971
0,T21,xgb_inner_oof,0.019730117869300644,0.9,0.18058690744920994,0.10922330097087378
0,T21,xgb_inner_oof,0.019766896181459923,0.9,0.18510158013544017,0.10975609756097561
0,T21,xgb_inner_oof,0.019786689769881086,0.9,0.18961625282167044,0.11029411764705882
0,T21,xgb_inner_oof,0.019820301759786038,0.9,0.19413092550790068,0.11083743842364532
0,T21,xgb_inner_oof,0.01984732188056779,0.9,0.1986455981941309,0.11138613861386139
0,T21,xgb_inner_oof,0.019863305492601784,0.9,0.20090293453724606,0.11166253101736973
0,T21,xgb_inner_oof,0.019951220440105756,0.9,0.2054176072234763,0.11221945137157108
0,T21,xgb_inner_oof,0.02002296797767058,0.9,0.20993227990970656,0.11278195488721804
0,T21,xgb_inner_oof,0.020037657093008157,0.9,0.2144469525959368,0.11335012594458438
0,T21,xgb_inner_oof,0.020104214980381334,0.9,0.21896162528216703,0.11392405063291139
0,T21,xgb_inner_oof,0.020172429651669384,0.9,0.2234762979683973,0.11450381679389313
0,T21,xgb_inner_oof,0.0201747263944373,0.8,0.2234762979683973,0.10204081632653061
0,T21,xgb_inner_oof,0.02023759027189704,0.8,0.22799097065462753,0.10256410256410256
0,T21,xgb_inner_oof,0.02026362155153307,0.8,0.2325056433408578,0.10309278350515463
0,T21,xgb_inner_oof,0.02037670977799745,0.8,0.23702031602708803,0.10362694300518134
0,T21,xgb_inner_oof,0.02041088196940586,0.8,0.24153498871331827,0.10416666666666667
0,T21,xgb_inner_oof,0.020427017443568358,0.8,0.24379232505643342,0.10443864229765012
0,T21,xgb_inner_oof,0.020433863105046603,0.7,0.24604966139954854,0.09186351706036745
0,T21,xgb_inner_oof,0.02044904560079673,0.7,0.2505643340857788,0.09234828496042216
0,T21,xgb_inner_oof,0.02047004280159993,0.7,0.255079006772009,0.09283819628647215
0,T21,xgb_inner_oof,0.020479420156251947,0.7,0.2595936794582393,0.09333333333333334
0,T21,xgb_inner_oof,0.020495239371576532,0.6,0.2618510158013544,0.08042895442359249
0,T21,xgb_inner_oof,0.02050067993755249,0.6,0.26410835214446954,0.08064516129032258
0,T21,xgb_inner_oof,0.020549389356613733,0.6,0.2686230248306998,0.08108108108108109
0,T21,xgb_inner_oof,0.020607007171642294,0.6,0.27313769751693,0.08152173913043478
0,T21,xgb_inner_oof,0.0206256619128622,0.6,0.27765237020316025,0.08196721311475409
0,T21,xgb_inner_oof,0.020657155316617402,0.6,0.28216704288939054,0.08241758241758242
0,T21,xgb_inner_oof,0.020667370809623976,0.6,0.28442437923250563,0.08264462809917356
0,T21,xgb_inner_oof,0.020676757591616954,0.6,0.28893905191873587,0.08310249307479224
0,T21,xgb_inner_oof,0.020699094399771148,0.6,0.29345372460496616,0.08356545961002786
0,T21,xgb_inner_oof,0.02072103236114915,0.6,0.2979683972911964,0.08403361344537816
0,T21,xgb_inner_oof,0.020743308408989927,0.6,0.30248306997742663,0.08450704225352113
0,T21,xgb_inner_oof,0.020754218304317073,0.6,0.30699774266365687,0.08498583569405099
0,T21,xgb_inner_oof,0.020760341530885566,0.6,0.309255079006772,0.08522727272727272
0,T21,xgb_inner_oof,0.020772360720563376,0.6,0.31376975169300225,0.08571428571428572
0,T21,xgb_inner_oof,0.02078954375488882,0.6,0.3182844243792325,0.08620689655172414
0,T21,xgb_inner_oof,0.020829695883318587,0.6,0.3227990970654628,0.08670520231213873
0,T21,xgb_inner_oof,0.020884361429856786,0.6,0.327313769751693,0.0872093023255814
0,T21,xgb_inner_oof,0.02090143682193241,0.6,0.33182844243792325,0.08771929824561403
0,T21,xgb_inner_oof,0.020909424033268544,0.6,0.3340857787810384,0.08797653958944282
0,T21,xgb_inner_oof,0.020937904444935623,0.6,0.33860045146726864,0.08849557522123894
0,T21,xgb_inner_oof,0.02098472504523013,0.6,0.3431151241534989,0.08902077151335312
0,T21,xgb_inner_oof,0.021048403603333578,0.6,0.3476297968397291,0.08955223880597014
0,T21,xgb_inner_oof,0.02113584493306713,0.6,0.35214446952595935,0.09009009009009009
0,T21,xgb_inner_oof,0.021183529530073658,0.6,0.3544018058690745,0.09036144578313253
0,T21,xgb_inner_oof,0.0212096090137666,0.6,0.35891647855530473,0.09090909090909091
0,T21,xgb_inner_oof,0.021234061141074644,0.6,0.36343115124153497,0.09146341463414634
0,T21,xgb_inner_oof,0.021252646225996284,0.6,0.36794582392776526,0.09202453987730061
0,T21,xgb_inner_oof,0.021323620060566956,0.6,0.3724604966139955,0.09259259259259259
0,T21,xgb_inner_oof,0.021375656812582793,0.6,0.37697516930022573,0.09316770186335403
0,T21,xgb_inner_oof,0.021387892015855434,0.6,0.3792325056433409,0.09345794392523364
0,T21,xgb_inner_oof,0.021401568274695346,0.6,0.3837471783295711,0.09404388714733543
0,T21,xgb_inner_oof,0.021418470785619575,0.6,0.38826185101580135,0.0946372239747634
0,T21,xgb_inner_oof,0.02149293089781916,0.6,0.3927765237020316,0.09523809523809523
0,T21,xgb_inner_oof,0.02153943650465327,0.6,0.3972911963882618,0.09584664536741214
0,T21,xgb_inner_oof,0.02155911950497902,0.6,0.39954853273137697,0.09615384615384616
0,T21,xgb_inner_oof,0.02161090085913016,0.6,0.4040632054176072,0.0967741935483871
0,T21,xgb_inner_oof,0.02163138416073928,0.6,0.40857787810383744,0.09740259740259741
0,T21,xgb_inner_oof,0.021677175214019885,0.6,0.41309255079006774,0.09803921568627451
0,T21,xgb_inner_oof,0.021728282761405423,0.6,0.417607223476298,0.09868421052631579
0,T21,xgb_inner_oof,0.021758817220448066,0.6,0.4221218961625282,0.09933774834437085
0,T21,xgb_inner_oof,0.02178885438364378,0.6,0.42437923250564336,0.09966777408637874
0,T21,xgb_inner_oof,0.021818615423616933,0.6,0.4288939051918736,0.10033444816053512
0,T21,xgb_inner_oof,0.021856959130727084,0.6,0.43340857787810383,0.10101010101010101
0,T21,xgb_inner_oof,0.021908967541404263,0.6,0.43792325056433407,0.1016949152542373
0,T21,xgb_inner_oof,0.021931773787851255,0.6,0.44243792325056436,0.10238907849829351
0,T21,xgb_inner_oof,0.0219341069956014,0.6,0.44469525959367945,0.10273972602739725
0,T21,xgb_inner_oof,0.021943492250500705,0.6,0.4492099322799097,0.10344827586206896
0,T21,xgb_inner_oof,0.021979684947304973,0.6,0.45372460496614,0.10416666666666667
0,T21,xgb_inner_oof,0.021993512589445784,0.6,0.4582392776523702,0.1048951048951049
0,T21,xgb_inner_oof,0.022017274902056974,0.6,0.46275395033860045,0.1056338028169014
0,T21,xgb_inner_oof,0.02206915443833311,0.6,0.4672686230248307,0.10638297872340426
0,T21,xgb_inner_oof,0.02210052186453553,0.6,0.46952595936794583,0.10676156583629894
0,T21,xgb_inner_oof,0.02215350660782426,0.6,0.47404063205417607,0.10752688172043011
0,T21,xgb_inner_oof,0.022207114419030418,0.6,0.4785553047404063,0.10830324909747292
0,T21,xgb_inner_oof,0.0222389122792371,0.6,0.48306997742663654,0.10909090909090909
0,T21,xgb_inner_oof,0.022268637867153697,0.6,0.48758465011286684,0.10989010989010989
0,T21,xgb_inner_oof,0.022272591163988664,0.6,0.4898419864559819,0.11029411764705882
0,T21,xgb_inner_oof,0.02228097489755977,0.6,0.49435665914221216,0.1111111111111111
0,T21,xgb_inner_oof,0.022320153634231836,0.6,0.49887133182844245,0.11194029850746269
0,T21,xgb_inner_oof,0.0223385213609223,0.6,0.5033860045146726,0.11278195488721804
0,T21,xgb_inner_oof,0.02235220945312458,0.6,0.5079006772009029,0.11363636363636363
0,T21,xgb_inner_oof,0.022384352962242716,0.6,0.5124153498871332,0.11450381679389313
0,T21,xgb_inner_oof,0.022386022679471568,0.5,0.5124153498871332,0.09578544061302682
0,T21,xgb_inner_oof,0.022428765024651597,0.5,0.5169300225733634,0.09652509652509653
0,T21,xgb_inner_oof,0.022477490440004626,0.5,0.5214446952595937,0.09727626459143969
0,T21,xgb_inner_oof,0.022515501494465705,0.5,0.5259593679458239,0.09803921568627451
0,T21,xgb_inner_oof,0.022534851168992655,0.5,0.5304740406320542,0.09881422924901186
0,T21,xgb_inner_oof,0.022538176759200803,0.5,0.5327313769751693,0.0992063492063492
0,T21,xgb_inner_oof,0.022561569248676056,0.5,0.5372460496613995,0.1
0,T21,xgb_inner_oof,0.022570524776727708,0.5,0.5417607223476298,0.10080645161290322
0,T21,xgb_inner_oof,0.022602657237422732,0.5,0.54627539503386,0.1016260162601626
0,T21,xgb_inner_oof,0.022628386695190718,0.5,0.5507900677200903,0.10245901639344263
0,T21,xgb_inner_oof,0.02264363199702751,0.5,0.5553047404063205,0.10330578512396695
0,T21,xgb_inner_oof,0.02265637180505757,0.5,0.5575620767494357,0.1037344398340249
0,T21,xgb_inner_oof,0.022691250067724336,0.5,0.5620767494356659,0.10460251046025104
0,T21,xgb_inner_oof,0.022707155106397234,0.5,0.5665914221218962,0.10548523206751055
0,T21,xgb_inner_oof,0.022730284184695394,0.5,0.5711060948081265,0.10638297872340426
0,T21,xgb_inner_oof,0.022752563782284456,0.5,0.5756207674943566,0.1072961373390558
0,T21,xgb_inner_oof,0.02276315267966137,0.5,0.5778781038374717,0.10775862068965517
0,T21,xgb_inner_oof,0.022805371220846242,0.5,0.582392776523702,0.10869565217391304
0,T21,xgb_inner_oof,0.022829523209897326,0.5,0.5869074492099323,0.10964912280701754
0,T21,xgb_inner_oof,0.02285808091898484,0.5,0.5914221218961625,0.11061946902654868
0,T21,xgb_inner_oof,0.02287784512784537,0.5,0.5959367945823928,0.11160714285714286
0,T21,xgb_inner_oof,0.022888365683432665,0.5,0.600451467268623,0.11261261261261261
0,T21,xgb_inner_oof,0.022900092890897124,0.5,0.6027088036117382,0.11312217194570136
0,T21,xgb_inner_oof,0.0229810331453513,0.5,0.6072234762979684,0.1141552511415525
0,T21,xgb_inner_oof,0.02299686283668387,0.5,0.6117381489841986,0.1152073732718894
0,T21,xgb_inner_oof,0.023003335178291857,0.5,0.6162528216704289,0.11627906976744186
0,T21,xgb_inner_oof,0.023030498944116146,0.5,0.6207674943566591,0.11737089201877934
0,T21,xgb_inner_oof,0.02303771303614134,0.5,0.6230248306997742,0.1179245283018868
0,T21,xgb_inner_oof,0.023062170614985743,0.5,0.6275395033860045,0.11904761904761904
0,T21,xgb_inner_oof,0.023104559944054318,0.5,0.6320541760722348,0.1201923076923077
0,T21,xgb_inner_oof,0.023152453921130717,0.5,0.636568848758465,0.12135922330097088
0,T21,xgb_inner_oof,0.023176728980418254,0.5,0.6410835214446953,0.12254901960784313
0,T21,xgb_inner_oof,0.023196957485197116,0.5,0.6455981941309256,0.12376237623762376
0,T21,xgb_inner_oof,0.023202227739973033,0.5,0.6478555304740407,0.12437810945273632
0,T21,xgb_inner_oof,0.02321509458381739,0.5,0.6523702031602708,0.12562814070351758
0,T21,xgb_inner_oof,0.023226194336184378,0.4,0.654627539503386,0.10152284263959391
0,T21,xgb_inner_oof,0.023240936368519722,0.4,0.6591422121896162,0.10256410256410256
0,T21,xgb_inner_oof,0.023245906110686533,0.4,0.6636568848758465,0.10362694300518134
0,T21,xgb_inner_oof,0.023260626383786266,0.4,0.6681715575620768,0.10471204188481675
0,T21,xgb_inner_oof,0.023306376123568298,0.4,0.6704288939051919,0.10526315789473684
0,T21,xgb_inner_oof,0.023368908880206617,0.4,0.6749435665914221,0.10638297872340426
0,T21,xgb_inner_oof,0.023398332276897436,0.4,0.6794582392776524,0.10752688172043011
0,T21,xgb_inner_oof,0.023415413592964743,0.4,0.6839729119638827,0.10869565217391304
0,T21,xgb_inner_oof,0.02343362991578011,0.4,0.6884875846501128,0.10989010989010989
0,T21,xgb_inner_oof,0.0234438987702276,0.4,0.690744920993228,0.11049723756906077
0,T21,xgb_inner_oof,0.023458855679952505,0.4,0.6952595936794582,0.11173184357541899
0,T21,xgb_inner_oof,0.023524081296767776,0.4,0.6997742663656885,0.11299435028248588
0,T21,xgb_inner_oof,0.023571562761604676,0.4,0.7042889390519187,0.11428571428571428
0,T21,xgb_inner_oof,0.023590811129782625,0.4,0.708803611738149,0.11560693641618497
0,T21,xgb_inner_oof,0.023612872917272994,0.4,0.7133182844243793,0.11695906432748537
0,T21,xgb_inner_oof,0.02363110300200874,0.4,0.7155756207674944,0.11764705882352941
0,T21,xgb_inner_oof,0.023652287788818498,0.4,0.7200902934537246,0.11904761904761904
0,T21,xgb_inner_oof,0.02366347664920393,0.4,0.7246049661399548,0.12048192771084337
0,T21,xgb_inner_oof,0.02367903068537793,0.4,0.7291196388261851,0.12195121951219512
0,T21,xgb_inner_oof,0.023694262909919456,0.4,0.7336343115124153,0.12345679012345678
0,T21,xgb_inner_oof,0.023703208449421184,0.4,0.7358916478555305,0.12422360248447205
0,T21,xgb_inner_oof,0.023706041479307775,0.4,0.7404063205417607,0.12578616352201258
0,T21,xgb_inner_oof,0.023779345415703118,0.4,0.744920993227991,0.12738853503184713
0,T21,xgb_inner_oof,0.023789968462140508,0.4,0.7494356659142212,0.12903225806451613
0,T21,xgb_inner_oof,0.023796871890422816,0.4,0.7539503386004515,0.13071895424836602
0,T21,xgb_inner_oof,0.023830908508128693,0.4,0.7584650112866818,0.13245033112582782
0,T21,xgb_inner_oof,0.023838876555210723,0.4,0.7607223476297968,0.13333333333333333
0,T21,xgb_inner_oof,0.023891465252457673,0.4,0.7652370203160271,0.13513513513513514
0,T21,xgb_inner_oof,0.0239593740311457,0.4,0.7697516930022573,0.136986301369863
0,T21,xgb_inner_oof,0.02396620042570253,0.4,0.7742663656884876,0.1388888888888889
0,T21,xgb_inner_oof,0.023975765002207973,0.3,0.7765237020316027,0.1056338028169014
0,T21,xgb_inner_oof,0.023979735856741985,0.3,0.7787810383747178,0.10638297872340426
0,T21,xgb_inner_oof,0.023983940803891487,0.3,0.7832957110609481,0.1079136690647482
0,T21,xgb_inner_oof,0.023995946092827375,0.3,0.7878103837471784,0.10948905109489052
0,T21,xgb_inner_oof,0.02404274315205847,0.3,0.7923250564334086,0.1111111111111111
0,T21,xgb_inner_oof,0.024094142562804732,0.3,0.7968397291196389,0.11278195488721804
0,T21,xgb_inner_oof,0.02413360606203101,0.3,0.801354401805869,0.11450381679389313
0,T21,xgb_inner_oof,0.024155049160474035,0.3,0.8036117381489842,0.11538461538461539
0,T21,xgb_inner_oof,0.02419310447241991,0.3,0.8081264108352144,0.1171875
0,T21,xgb_inner_oof,0.024240359848950038,0.3,0.8126410835214447,0.11904761904761904
0,T21,xgb_inner_oof,0.024252505832206256,0.3,0.8171557562076749,0.12096774193548387
0,T21,xgb_inner_oof,0.024266119458233357,0.3,0.8216704288939052,0.12295081967213115
0,T21,xgb_inner_oof,0.024270005014558275,0.3,0.8239277652370203,0.12396694214876033
0,T21,xgb_inner_oof,0.024275343409717164,0.3,0.8284424379232506,0.12605042016806722
0,T21,xgb_inner_oof,0.02429056387591878,0.3,0.8329571106094809,0.1282051282051282
0,T21,xgb_inner_oof,0.024329828450651465,0.3,0.837471783295711,0.13043478260869565
0,T21,xgb_inner_oof,0.024347962798068834,0.2,0.8397291196388262,0.08849557522123894
0,T21,xgb_inner_oof,0.02436341484823225,0.2,0.8442437923250564,0.09009009009009009
0,T21,xgb_inner_oof,0.02437832144361848,0.2,0.8465011286681715,0.09090909090909091
0,T21,xgb_inner_oof,0.024404834488483743,0.2,0.8510158013544018,0.09259259259259259
0,T21,xgb_inner_oof,0.024440192546533603,0.2,0.8555304740406321,0.09433962264150944
0,T21,xgb_inner_oof,0.024481320012611364,0.2,0.8600451467268623,0.09615384615384616
0,T21,xgb_inner_oof,0.02452710492478153,0.2,0.8645598194130926,0.09803921568627451
0,T21,xgb_inner_oof,0.024547331997217148,0.2,0.8668171557562077,0.09900990099009901
0,T21,xgb_inner_oof,0.02468158975951538,0.2,0.871331828442438,0.10101010101010101
0,T21,xgb_inner_oof,0.024716017741743583,0.1,0.873589164785553,0.05154639175257732
0,T21,xgb_inner_oof,0.024733642541986532,0.1,0.8781038374717833,0.05263157894736842
0,T21,xgb_inner_oof,0.024749458803211326,0.1,0.8826185101580135,0.053763440860215055
0,T21,xgb_inner_oof,0.024757556482286378,0.1,0.8871331828442438,0.054945054945054944
0,T21,xgb_inner_oof,0.024839901026472225,0.1,0.8893905191873589,0.05555555555555555
0,T21,xgb_inner_oof,0.02493870764624103,0.1,0.8939051918735892,0.056818181818181816
0,T21,xgb_inner_oof,0.024947150236519083,0.0,0.8961625282167043,0.0
0,T21,xgb_inner_oof,0.025028569124186967,0.0,0.9006772009029346,0.0
0,T21,xgb_inner_oof,0.02507532969774086,0.0,0.9051918735891648,0.0
0,T21,xgb_inner_oof,0.02510372916276423,0.0,0.90744920993228,0.0
0,T21,xgb_inner_oof,0.02517045687491465,0.0,0.9119638826185101,0.0
0,T21,xgb_inner_oof,0.02521418268715337,0.0,0.9164785553047404,0.0
0,T21,xgb_inner_oof,0.02526797958381104,0.0,0.9209932279909706,0.0
0,T21,xgb_inner_oof,0.025276601133891116,0.0,0.9255079006772009,0.0
0,T21,xgb_inner_oof,0.025348425364212075,0.0,0.9300225733634312,0.0
0,T21,xgb_inner_oof,0.02536814996001268,0.0,0.9322799097065463,0.0
0,T21,xgb_inner_oof,0.025422531788509076,0.0,0.9367945823927766,0.0
0,T21,xgb_inner_oof,0.025461957934784,0.0,0.9413092550790068,0.0
0,T21,xgb_inner_oof,0.025525522951976548,0.0,0.945823927765237,0.0
0,T21,xgb_inner_oof,0.025640717699200406,0.0,0.9503386004514672,0.0
0,T21,xgb_inner_oof,0.025658314276826286,0.0,0.9525959367945824,0.0
0,T21,xgb_inner_oof,0.02568806254664379,0.0,0.9571106094808126,0.0
0,T21,xgb_inner_oof,0.02576953354541823,0.0,0.9616252821670429,0.0
0,T21,xgb_inner_oof,0.025842508656476325,0.0,0.9661399548532731,0.0
0,T21,xgb_inner_oof,0.02589103933452891,0.0,0.9706546275395034,0.0
0,T21,xgb_inner_oof,0.025934584467675603,0.0,0.9751693002257337,0.0
0,T21,xgb_inner_oof,0.026000244423866732,0.0,0.9774266365688488,0.0
0,T21,xgb_inner_oof,0.026070476749782433,0.0,0.981941309255079,0.0
0,T21,xgb_inner_oof,0.026186168842418096,0.0,0.9864559819413092,0.0
0,T21,xgb_inner_oof,0.026484382160042313,0.0,0.9909706546275395,0.0
0,T21,xgb_inner_oof,0.02671773307170747,0.0,0.9954853273137697,0.0
0,T21,xgb_inner_oof,0.02699880868147599,0.0,1.0,0.0
0,any,xgb_inner_oof,0.01107444653986747,1.0,0.0,0.39334341906202724
0,any,xgb_inner_oof,0.011101871915893614,1.0,0.0024937655860349127,0.3939393939393939
0,any,xgb_inner_oof,0.01202197672980655,1.0,0.007481296758104738,0.3951367781155015
0,any,xgb_inner_oof,0.013319693255736488,1.0,0.012468827930174564,0.39634146341463417
0,any,xgb_inner_oof,0.014277537077768594,0.9807692307692307,0.014962593516209476,0.38990825688073394
0,any,xgb_inner_oof,0.01491509611262011,0.9807692307692307,0.0199501246882793,0.3911042944785276
0,any,xgb_inner_oof,0.015066023261054905,0.9807692307692307,0.022443890274314215,0.391705069124424
0,any,xgb_inner_oof,0.01539474379387478,0.9807692307692307,0.02743142144638404,0.3929121725731895
0,any,xgb_inner_oof,0.01594146124385972,0.9807692307692307,0.032418952618453865,0.3941267387944359
0,any,xgb_inner_oof,0.016590167736076952,0.9807692307692307,0.03740648379052369,0.3953488372093023
0,any,xgb_inner_oof,0.017107849392113628,0.9807692307692307,0.04239401496259352,0.3965785381026439
0,any,xgb_inner_oof,0.01740539257846814,0.9807692307692307,0.04738154613466334,0.39781591263650545
0,any,xgb_inner_oof,0.017564410830847945,0.9807692307692307,0.04987531172069826,0.3984375
0,any,xgb_inner_oof,0.017912115961636603,0.9807692307692307,0.05486284289276808,0.3996865203761755
0,any,xgb_inner_oof,0.018540279093373503,0.9807692307692307,0.059850374064837904,0.4009433962264151
0,any,xgb_inner_oof,0.01910773433699277,0.9807692307692307,0.06483790523690773,0.4022082018927445
0,any,xgb_inner_oof,0.01925390458998321,0.9807692307692307,0.06982543640897755,0.40348101265822783
0,any,xgb_inner_oof,0.019377959540196006,0.9807692307692307,0.07231920199501247,0.4041204437400951
0,any,xgb_inner_oof,0.01969490346521026,0.9807692307692307,0.0773067331670823,0.40540540540540543
0,any,xgb_inner_oof,0.02017529001871497,0.9615384615384616,0.0798004987531172,0.39872408293460926
0,any,xgb_inner_oof,0.02047103609427157,0.9615384615384616,0.08478802992518704,0.4
0,any,xgb_inner_oof,0.020654557734904887,0.9615384615384616,0.08977556109725686,0.4012841091492777
0,any,xgb_inner_oof,0.020816842231947755,0.9615384615384616,0.09476309226932668,0.4025764895330113
0,any,xgb_inner_oof,0.02090043371289023,0.9615384615384616,0.09725685785536159,0.4032258064516129
0,any,xgb_inner_oof,0.02119599881193013,0.9615384615384616,0.10224438902743142,0.4045307443365696
0,any,xgb_inner_oof,0.02166355876640195,0.9615384615384616,0.10723192019950124,0.40584415584415584
0,any,xgb_inner_oof,0.021728415747185873,0.9615384615384616,0.11221945137157108,0.40716612377850164
0,any,xgb_inner_oof,0.021795253687268715,0.9615384615384616,0.1172069825436409,0.4084967320261438
0,any,xgb_inner_oof,0.021846316648955373,0.9615384615384616,0.11970074812967581,0.40916530278232405
0,any,xgb_inner_oof,0.022014119773244172,0.9615384615384616,0.12468827930174564,0.41050903119868637
0,any,xgb_inner_oof,0.02226985868615724,0.9615384615384616,0.12967581047381546,0.41186161449752884
0,any,xgb_inner_oof,0.022504135863227425,0.9615384615384616,0.13466334164588528,0.4132231404958678
0,any,xgb_inner_oof,0.023513370114879174,0.9615384615384616,0.1396508728179551,0.41459369817578773
0,any,xgb_inner_oof,0.02398157750477501,0.9615384615384616,0.14463840399002495,0.415973377703827
0,any,xgb_inner_oof,0.024061240410303712,0.9615384615384616,0.14713216957605985,0.4166666666666667
0,any,xgb_inner_oof,0.024214319308199728,0.9615384615384616,0.15211970074812967,0.4180602006688963
0,any,xgb_inner_oof,0.02426883844798928,0.9615384615384616,0.1571072319201995,0.41946308724832215
0,any,xgb_inner_oof,0.024615428046199893,0.9615384615384616,0.16209476309226933,0.4208754208754209
0,any,xgb_inner_oof,0.025274228781367994,0.9615384615384616,0.16708229426433915,0.4222972972972973
0,any,xgb_inner_oof,0.02561753864955677,0.9615384615384616,0.16957605985037408,0.4230118443316413
0,any,xgb_inner_oof,0.025679702031081053,0.9615384615384616,0.1745635910224439,0.4244482173174873
0,any,xgb_inner_oof,0.02600555771769785,0.9615384615384616,0.17955112219451372,0.42589437819420783
0,any,xgb_inner_oof,0.02613966727118399,0.9423076923076923,0.18204488778054864,0.4188034188034188
0,any,xgb_inner_oof,0.026393931555880584,0.9423076923076923,0.18703241895261846,0.4202401372212693
0,any,xgb_inner_oof,0.02659178432519891,0.9423076923076923,0.19201995012468828,0.42168674698795183
0,any,xgb_inner_oof,0.026626666864235808,0.9423076923076923,0.19451371571072318,0.4224137931034483
0,any,xgb_inner_oof,0.026847631172818943,0.9423076923076923,0.19950124688279303,0.42387543252595156
0,any,xgb_inner_oof,0.027071965007246273,0.9423076923076923,0.20448877805486285,0.4253472222222222
0,any,xgb_inner_oof,0.027653255919577856,0.9423076923076923,0.20947630922693267,0.4268292682926829
0,any,xgb_inner_oof,0.028908865106063393,0.9423076923076923,0.2144638403990025,0.42832167832167833
0,any,xgb_inner_oof,0.02947457688119747,0.9423076923076923,0.2169576059850374,0.4290718038528897
0,any,xgb_inner_oof,0.029536751699115092,0.9423076923076923,0.22194513715710723,0.4305799648506151
0,any,xgb_inner_oof,0.02968863677381731,0.9423076923076923,0.22693266832917705,0.43209876543209874
0,any,xgb_inner_oof,0.029792597037035594,0.9423076923076923,0.23192019950124687,0.4336283185840708
0,any,xgb_inner_oof,0.030059789948463665,0.9423076923076923,0.23690773067331672,0.4351687388987567
0,any,xgb_inner_oof,0.03025992033849873,0.9423076923076923,0.24189526184538654,0.43672014260249553
0,any,xgb_inner_oof,0.030491181587429958,0.9423076923076923,0.24438902743142144,0.4375
0,any,xgb_inner_oof,0.03078908804805882,0.9230769230769231,0.24688279301745636,0.43010752688172044
0,any,xgb_inner_oof,0.030948993509872628,0.9230769230769231,0.2518703241895262,0.4316546762589928
0,any,xgb_inner_oof,0.03119592278549954,0.9230769230769231,0.256857855361596,0.4332129963898917
0,any,xgb_inner_oof,0.03158990281804207,0.9230769230769231,0.26184538653366585,0.43478260869565216
0,any,xgb_inner_oof,0.031646983856242455,0.9230769230769231,0.26433915211970077,0.4355716878402904
0,any,xgb_inner_oof,0.03179888683192843,0.9230769230769231,0.26932668329177056,0.4371584699453552
0,any,xgb_inner_oof,0.03234221020138021,0.9230769230769231,0.2743142144638404,0.43875685557586835
0,any,xgb_inner_oof,0.03253313839563567,0.9230769230769231,0.2793017456359102,0.44036697247706424
0,any,xgb_inner_oof,0.032910230641031796,0.9230769230769231,0.28428927680798005,0.4419889502762431
0,any,xgb_inner_oof,0.03339299345590416,0.9230769230769231,0.2892768079800499,0.4436229205175601
0,any,xgb_inner_oof,0.033632087014700454,0.9230769230769231,0.29177057356608477,0.4444444444444444
0,any,xgb_inner_oof,0.03411437763495473,0.9230769230769231,0.2967581047381546,0.44609665427509293
0,any,xgb_inner_oof,0.034601923104097584,0.9038461538461539,0.29925187032418954,0.43843283582089554
0,any,xgb_inner_oof,0.03511760360913861,0.9038461538461539,0.30423940149625933,0.4400749063670412
0,any,xgb_inner_oof,0.03567701950835493,0.9038461538461539,0.3092269326683292,0.4417293233082707
0,any,xgb_inner_oof,0.03596525774529917,0.9038461538461539,0.3117206982543641,0.4425612052730697
0,any,xgb_inner_oof,0.03607435916396467,0.9038461538461539,0.3167082294264339,0.444234404536862
0,any,xgb_inner_oof,0.03629996933198529,0.9038461538461539,0.32169576059850374,0.4459203036053131
0,any,xgb_inner_oof,0.03651441873330162,0.9038461538461539,0.3266832917705736,0.44761904761904764
0,any,xgb_inner_oof,0.03664113106525602,0.9038461538461539,0.3316708229426434,0.44933078393881454
0,any,xgb_inner_oof,0.037025553464585415,0.9038461538461539,0.33665835411471323,0.4510556621880998
0,any,xgb_inner_oof,0.037388900569935976,0.9038461538461539,0.33915211970074816,0.4519230769230769
0,any,xgb_inner_oof,0.03794328344405517,0.9038461538461539,0.34413965087281795,0.45366795366795365
0,any,xgb_inner_oof,0.038558136593006,0.9038461538461539,0.3491271820448878,0.45542635658914726
0,any,xgb_inner_oof,0.0390181267721716,0.9038461538461539,0.3541147132169576,0.4571984435797665
0,any,xgb_inner_oof,0.039300701714775316,0.9038461538461539,0.35910224438902744,0.458984375
0,any,xgb_inner_oof,0.03961406691192687,0.9038461538461539,0.3640897755610973,0.46078431372549017
0,any,xgb_inner_oof,0.040049105265749244,0.9038461538461539,0.36658354114713215,0.46168958742632615
0,any,xgb_inner_oof,0.04051266946250271,0.9038461538461539,0.371571072319202,0.4635108481262327
0,any,xgb_inner_oof,0.041047531549151674,0.9038461538461539,0.3765586034912718,0.46534653465346537
0,any,xgb_inner_oof,0.04175064997401415,0.9038461538461539,0.38154613466334164,0.4671968190854871
0,any,xgb_inner_oof,0.04249928442649264,0.9038461538461539,0.3865336658354115,0.469061876247505
0,any,xgb_inner_oof,0.0425384732026453,0.9038461538461539,0.38902743142144636,0.47
0,any,xgb_inner_oof,0.04261534571510167,0.9038461538461539,0.3940149625935162,0.4718875502008032
0,any,xgb_inner_oof,0.04273270969566141,0.9038461538461539,0.39900249376558605,0.4737903225806452
0,any,xgb_inner_oof,0.043028013695857015,0.9038461538461539,0.40399002493765584,0.4757085020242915
0,any,xgb_inner_oof,0.043503291006165346,0.9038461538461539,0.4089775561097257,0.47764227642276424
0,any,xgb_inner_oof,0.04392280496656663,0.9038461538461539,0.4139650872817955,0.47959183673469385
0,any,xgb_inner_oof,0.04424073049050323,0.8846153846153846,0.4139650872817955,0.4703476482617587
0,any,xgb_inner_oof,0.045332133122339635,0.8846153846153846,0.41895261845386533,0.4722792607802875
0,any,xgb_inner_oof,0.04626114837458546,0.8846153846153846,0.4239401496259352,0.4742268041237113
0,any,xgb_inner_oof,0.046820743745372616,0.8846153846153846,0.428927680798005,0.47619047619047616
0,any,xgb_inner_oof,0.047637653750674046,0.8846153846153846,0.4339152119700748,0.4781704781704782
0,any,xgb_inner_oof,0.04787651739996874,0.8846153846153846,0.43640897755610975,0.4791666666666667
0,any,xgb_inner_oof,0.04836508218079065,0.8846153846153846,0.44139650872817954,0.4811715481171548
0,any,xgb_inner_oof,0.048453249504558496,0.8846153846153846,0.4463840399002494,0.4831932773109244
0,any,xgb_inner_oof,0.048884771901492416,0.8846153846153846,0.4513715710723192,0.48523206751054854
0,any,xgb_inner_oof,0.04935951988339408,0.8846153846153846,0.456359102244389,0.4872881355932203
0,any,xgb_inner_oof,0.04958062848698751,0.8846153846153846,0.4613466334164589,0.48936170212765956
0,any,xgb_inner_oof,0.04970005590410878,0.8846153846153846,0.46384039900249374,0.4904051172707889
0,any,xgb_inner_oof,0.0508752653564071,0.8653846153846154,0.46633416458852867,0.4817987152034261
0,any,xgb_inner_oof,0.05192157891194178,0.8653846153846154,0.4713216957605985,0.4838709677419355
0,any,xgb_inner_oof,0.052630629645031166,0.8653846153846154,0.4763092269326683,0.48596112311015116
0,any,xgb_inner_oof,0.053303737013922214,0.8653846153846154,0.48129675810473815,0.4880694143167028
0,any,xgb_inner_oof,0.05372054430360422,0.8653846153846154,0.4837905236907731,0.4891304347826087
0,any,xgb_inner_oof,0.05431594044551525,0.8653846153846154,0.48877805486284287,0.4912663755458515
0,any,xgb_inner_oof,0.05500153194363594,0.8653846153846154,0.4937655860349127,0.4934210526315789
0,any,xgb_inner_oof,0.055186331871111355,0.8653846153846154,0.49875311720698257,0.4955947136563877
0,any,xgb_inner_oof,0.05720989612585162,0.8653846153846154,0.5037406483790524,0.497787610619469
0,any,xgb_inner_oof,0.05740820083264391,0.8653846153846154,0.5087281795511222,0.5
0,any,xgb_inner_oof,0.05774071260907074,0.8653846153846154,0.5112219451371571,0.5011135857461024
0,any,xgb_inner_oof,0.05912111612507045,0.8653846153846154,0.516209476309227,0.5033557046979866
0,any,xgb_inner_oof,0.06100302111563568,0.8653846153846154,0.5211970074812967,0.5056179775280899
0,any,xgb_inner_oof,0.061951913738228934,0.8653846153846154,0.5261845386533666,0.5079006772009029
0,any,xgb_inner_oof,0.0632630831446922,0.8653846153846154,0.5311720698254364,0.5102040816326531
0,any,xgb_inner_oof,0.06358655037661667,0.8653846153846154,0.5336658354114713,0.5113636363636364
0,any,xgb_inner_oof,0.06495011030062392,0.8653846153846154,0.5386533665835411,0.5136986301369864
0,any,xgb_inner_oof,0.06561419143942236,0.8653846153846154,0.543640897755611,0.5160550458715596
0,any,xgb_inner_oof,0.0667017631355658,0.8653846153846154,0.5486284289276808,0.5184331797235023
0,any,xgb_inner_oof,0.06744392936122487,0.8653846153846154,0.5536159600997507,0.5208333333333334
0,any,xgb_inner_oof,0.0682023448174292,0.8653846153846154,0.5586034912718204,0.5232558139534884
0,any,xgb_inner_oof,0.06903750790034416,0.8461538461538461,0.5586034912718204,0.5128205128205128
0,any,xgb_inner_oof,0.07333322910730083,0.8461538461538461,0.5635910224438903,0.5152224824355972
0,any,xgb_inner_oof,0.07470031637260799,0.8461538461538461,0.5685785536159601,0.5176470588235295
0,any,xgb_inner_oof,0.07555251757838052,0.8461538461538461,0.57356608478803,0.5200945626477541
0,any,xgb_inner_oof,0.07605441329599415,0.8269230769230769,0.5760598503740648,0.5106888361045131
0,any,xgb_inner_oof,0.07671160609852129,0.8269230769230769,0.5785536159600998,0.5119047619047619
0,any,xgb_inner_oof,0.07749603831790924,0.8269230769230769,0.5835411471321695,0.5143540669856459
0,any,xgb_inner_oof,0.07814194349298753,0.8269230769230769,0.5885286783042394,0.5168269230769231
0,any,xgb_inner_oof,0.07882560233693678,0.8269230769230769,0.5935162094763092,0.5193236714975845
0,any,xgb_inner_oof,0.07928299695503684,0.8269230769230769,0.5985037406483791,0.5218446601941747
0,any,xgb_inner_oof,0.08163210227371283,0.8269230769230769,0.6034912718204489,0.524390243902439
0,any,xgb_inner_oof,0.08179109060497426,0.8269230769230769,0.6059850374064838,0.5256723716381418
0,any,xgb_inner_oof,0.08265510941517856,0.8269230769230769,0.6109725685785536,0.5282555282555282
0,any,xgb_inner_oof,0.08399652254937495,0.8269230769230769,0.6159600997506235,0.5308641975308642
0,any,xgb_inner_oof,0.08479917017200542,0.8269230769230769,0.6209476309226932,0.533498759305211
0,any,xgb_inner_oof,0.0854055320023539,0.8269230769230769,0.6259351620947631,0.5361596009975063
0,any,xgb_inner_oof,0.08563537145111864,0.8076923076923077,0.6259351620947631,0.525
0,any,xgb_inner_oof,0.08644168903264604,0.8076923076923077,0.6309226932668329,0.5276381909547738
0,any,xgb_inner_oof,0.08875152474778719,0.8076923076923077,0.6359102244389028,0.5303030303030303
0,any,xgb_inner_oof,0.09018571421648675,0.8076923076923077,0.6408977556109726,0.5329949238578681
0,any,xgb_inner_oof,0.09190072191279636,0.7884615384615384,0.6433915211970075,0.5229591836734694
0,any,xgb_inner_oof,0.09268587910623918,0.7692307692307693,0.6458852867830424,0.5128205128205128
0,any,xgb_inner_oof,0.0941296929455432,0.7692307692307693,0.6483790523690773,0.5141388174807198
0,any,xgb_inner_oof,0.09706734221717017,0.7692307692307693,0.6533665835411472,0.5167958656330749
0,any,xgb_inner_oof,0.09870558120181186,0.7692307692307693,0.6583541147132169,0.5194805194805194
0,any,xgb_inner_oof,0.1001940199321753,0.75,0.6608478802992519,0.5091383812010444
0,any,xgb_inner_oof,0.10380186131081218,0.75,0.6658354114713217,0.5118110236220472
0,any,xgb_inner_oof,0.10554293363979886,0.75,0.6683291770573566,0.5131578947368421
0,any,xgb_inner_oof,0.10935523528581569,0.7307692307692307,0.6708229426433915,0.5026455026455027
0,any,xgb_inner_oof,0.11016213380907555,0.7307692307692307,0.6758104738154613,0.5053191489361702
0,any,xgb_inner_oof,0.11048917029467714,0.7307692307692307,0.6807980049875312,0.5080213903743316
0,any,xgb_inner_oof,0.11170193442651406,0.7307692307692307,0.685785536159601,0.510752688172043
0,any,xgb_inner_oof,0.11310240320352873,0.7307692307692307,0.6907730673316709,0.5135135135135135
0,any,xgb_inner_oof,0.11342709780052718,0.7307692307692307,0.6932668329177057,0.5149051490514905
0,any,xgb_inner_oof,0.11427475079990396,0.7115384615384616,0.6957605985037406,0.5040871934604905
0,any,xgb_inner_oof,0.1152180447725483,0.7115384615384616,0.7007481296758105,0.5068493150684932
0,any,xgb_inner_oof,0.11617293950930681,0.7115384615384616,0.7057356608478803,0.509641873278237
0,any,xgb_inner_oof,0.11693400900108802,0.6923076923076923,0.7082294264339152,0.4986149584487535
0,any,xgb_inner_oof,0.11822638373088926,0.6923076923076923,0.713216957605985,0.5013927576601671
0,any,xgb_inner_oof,0.11906337417434967,0.6923076923076923,0.71571072319202,0.5027932960893855
0,any,xgb_inner_oof,0.12028512727246236,0.6923076923076923,0.7206982543640897,0.5056179775280899
0,any,xgb_inner_oof,0.12167267901034498,0.6923076923076923,0.7256857855361596,0.5084745762711864
0,any,xgb_inner_oof,0.12443878782365476,0.6923076923076923,0.7306733167082294,0.5113636363636364
0,any,xgb_inner_oof,0.12641912131413613,0.6923076923076923,0.7356608478802993,0.5142857142857142
0,any,xgb_inner_oof,0.1271180624392212,0.6923076923076923,0.7381546134663342,0.5157593123209169
0,any,xgb_inner_oof,0.12800194919722427,0.6923076923076923,0.743142144638404,0.5187319884726225
0,any,xgb_inner_oof,0.12860940186347986,0.6923076923076923,0.7481296758104738,0.5217391304347826
0,any,xgb_inner_oof,0.13027589169729076,0.6730769230769231,0.7506234413965087,0.5102040816326531
0,any,xgb_inner_oof,0.1324352600975774,0.6538461538461539,0.7531172069825436,0.49853372434017595
0,any,xgb_inner_oof,0.13455930336465335,0.6538461538461539,0.7581047381546134,0.5014749262536873
0,any,xgb_inner_oof,0.1353392325082716,0.6538461538461539,0.7605985037406484,0.5029585798816568
0,any,xgb_inner_oof,0.13674238377502118,0.6538461538461539,0.7655860349127181,0.5059523809523809
0,any,xgb_inner_oof,0.13974280183284263,0.6538461538461539,0.770573566084788,0.5089820359281437
0,any,xgb_inner_oof,0.14182506870851075,0.6346153846153846,0.773067331670823,0.49698795180722893
0,any,xgb_inner_oof,0.1448923050825377,0.6346153846153846,0.7780548628428927,0.5
0,any,xgb_inner_oof,0.14607527394463335,0.6346153846153846,0.7805486284289277,0.5015197568389058
0,any,xgb_inner_oof,0.1493338377379949,0.6153846153846154,0.7830423940149626,0.4892966360856269
0,any,xgb_inner_oof,0.15047673977334053,0.6153846153846154,0.7880299251870324,0.49230769230769234
0,any,xgb_inner_oof,0.15274002374886136,0.5961538461538461,0.7905236907730673,0.47987616099071206
0,any,xgb_inner_oof,0.15505103752866128,0.5961538461538461,0.7955112219451371,0.48286604361370716
0,any,xgb_inner_oof,0.15653738833965603,0.5961538461538461,0.800498753117207,0.48589341692789967
0,any,xgb_inner_oof,0.1593625849606035,0.5961538461538461,0.8029925187032418,0.48742138364779874
0,any,xgb_inner_oof,0.16294880887877522,0.5961538461538461,0.8079800498753117,0.49050632911392406
0,any,xgb_inner_oof,0.1639715490618975,0.5961538461538461,0.8129675810473815,0.49363057324840764
0,any,xgb_inner_oof,0.16783621742584803,0.5769230769230769,0.8154613466334164,0.4807692307692308
0,any,xgb_inner_oof,0.17161041767823587,0.5769230769230769,0.8204488778054863,0.4838709677419355
0,any,xgb_inner_oof,0.17230230677667555,0.5576923076923077,0.8204488778054863,0.4692556634304207
0,any,xgb_inner_oof,0.17674297159097113,0.5576923076923077,0.8254364089775561,0.4723127035830619
0,any,xgb_inner_oof,0.18561794339007703,0.5576923076923077,0.830423940149626,0.47540983606557374
0,any,xgb_inner_oof,0.19022632136882534,0.5576923076923077,0.8354114713216958,0.47854785478547857
0,any,xgb_inner_oof,0.1986306188167228,0.5384615384615384,0.8379052369077307,0.46511627906976744
0,any,xgb_inner_oof,0.20119579724255,0.5384615384615384,0.8428927680798005,0.4682274247491639
0,any,xgb_inner_oof,0.20191225786320913,0.5384615384615384,0.8453865336658354,0.4697986577181208
0,any,xgb_inner_oof,0.20428696118033748,0.5192307692307693,0.8478802992518704,0.4560810810810811
0,any,xgb_inner_oof,0.2074847554585033,0.5192307692307693,0.8528678304239401,0.45918367346938777
0,any,xgb_inner_oof,0.20906742702824327,0.5,0.8553615960099751,0.4452054794520548
0,any,xgb_inner_oof,0.209857913687908,0.5,0.8603491271820449,0.4482758620689655
0,any,xgb_inner_oof,0.2103292600412185,0.5,0.8628428927680798,0.44982698961937717
0,any,xgb_inner_oof,0.21286107666537285,0.5,0.8678304239401496,0.4529616724738676
0,any,xgb_inner_oof,0.21657531292909638,0.5,0.8728179551122195,0.45614035087719296
0,any,xgb_inner_oof,0.2186248329039419,0.5,0.8778054862842892,0.45936395759717313
0,any,xgb_inner_oof,0.22043880970365365,0.4807692307692308,0.8802992518703242,0.44483985765124556
0,any,xgb_inner_oof,0.22664864100933885,0.46153846153846156,0.8827930174563591,0.43010752688172044
0,any,xgb_inner_oof,0.23006123345778573,0.4423076923076923,0.8827930174563591,0.4136690647482014
0,any,xgb_inner_oof,0.23615051660967945,0.4423076923076923,0.8877805486284289,0.4166666666666667
0,any,xgb_inner_oof,0.23804788371921198,0.4423076923076923,0.8927680798004988,0.4197080291970803
0,any,xgb_inner_oof,0.2386636282324623,0.4423076923076923,0.8977556109725686,0.4227941176470588
0,any,xgb_inner_oof,0.24298392874219144,0.4423076923076923,0.9027431421446384,0.42592592592592593
0,any,xgb_inner_oof,0.24458697483131553,0.4423076923076923,0.9052369077306733,0.4275092936802974
0,any,xgb_inner_oof,0.2486644197499453,0.4423076923076923,0.9102244389027432,0.4307116104868914
0,any,xgb_inner_oof,0.26234286238607574,0.4230769230769231,0.912718204488778,0.41509433962264153
0,any,xgb_inner_oof,0.26597062420880047,0.4230769230769231,0.9177057356608479,0.41825095057034223
0,any,xgb_inner_oof,0.2673974748081782,0.4230769230769231,0.9226932668329177,0.421455938697318
0,any,xgb_inner_oof,0.26810138177051557,0.4230769230769231,0.9276807980049875,0.4247104247104247
0,any,xgb_inner_oof,0.26841511770188764,0.4230769230769231,0.9301745635910225,0.4263565891472868
0,any,xgb_inner_oof,0.27105430280058423,0.40384615384615385,0.9326683291770573,0.41015625
0,any,xgb_inner_oof,0.2753480578308563,0.36538461538461536,0.9326683291770573,0.37401574803149606
0,any,xgb_inner_oof,0.28020261403793784,0.36538461538461536,0.9376558603491272,0.376984126984127
0,any,xgb_inner_oof,0.28213304395940836,0.34615384615384615,0.940149625935162,0.36
0,any,xgb_inner_oof,0.2852466819141086,0.34615384615384615,0.942643391521197,0.3614457831325301
0,any,xgb_inner_oof,0.288745893813977,0.34615384615384615,0.9476309226932669,0.3643724696356275
0,any,xgb_inner_oof,0.29652752004282684,0.3269230769230769,0.9501246882793017,0.3469387755102041
0,any,xgb_inner_oof,0.3086868020049679,0.3269230769230769,0.9551122194513716,0.3497942386831276
0,any,xgb_inner_oof,0.31395908081879437,0.3076923076923077,0.9576059850374065,0.33195020746887965
0,any,xgb_inner_oof,0.32152604702422943,0.28846153846153844,0.9600997506234414,0.3138075313807531
0,any,xgb_inner_oof,0.32384841704407963,0.2692307692307692,0.9600997506234414,0.29411764705882354
0,any,xgb_inner_oof,0.32771172758706757,0.2692307692307692,0.9650872817955112,0.2966101694915254
0,any,xgb_inner_oof,0.33074604418104137,0.25,0.9675810473815462,0.2777777777777778
0,any,xgb_inner_oof,0.3364317094943566,0.23076923076923078,0.970074812967581,0.25862068965517243
0,any,xgb_inner_oof,0.34378633739954867,0.23076923076923078,0.9750623441396509,0.2608695652173913
0,any,xgb_inner_oof,0.35146287150083794,0.23076923076923078,0.9775561097256857,0.26200873362445415
0,any,xgb_inner_oof,0.372117314810234,0.21153846153846154,0.9800498753117207,0.2422907488986784
0,any,xgb_inner_oof,0.390567212637294,0.19230769230769232,0.9825436408977556,0.2222222222222222
0,any,xgb_inner_oof,0.4000820284260618,0.17307692307692307,0.9850374064837906,0.20179372197309417
0,any,xgb_inner_oof,0.4200521781567078,0.15384615384615385,0.9875311720698254,0.18099547511312217
0,any,xgb_inner_oof,0.4465369754162809,0.15384615384615385,0.9925187032418953,0.182648401826484
0,any,xgb_inner_oof,0.46231467121603864,0.1346153846153846,0.9925187032418953,0.16055045871559634
0,any,xgb_inner_oof,0.5028936945614071,0.11538461538461539,0.9950124688279302,0.1388888888888889
0,any,xgb_inner_oof,0.521326179250815,0.11538461538461539,1.0,0.14018691588785046
0,any,xgb_inner_oof,0.5428967354399516,0.07692307692307693,1.0,0.09433962264150944
0,any,xgb_inner_oof,0.6523478801885023,0.038461538461538464,1.0,0.047619047619047616
0,any,xgb_inner_oof,0.6756863880013754,0.0,1.0,0.0
0,any,union_inner_oof,0.043823438781183215,1.0,0.0,0.39334341906202724
0,any,union_inner_oof,0.0441909392260722,1.0,0.0024937655860349127,0.3939393939393939
0,any,union_inner_oof,0.04579932520003588,1.0,0.007481296758104738,0.3951367781155015
0,any,union_inner_oof,0.04782743830115049,1.0,0.012468827930174564,0.39634146341463417
0,any,union_inner_oof,0.048751437779927076,1.0,0.017456359102244388,0.39755351681957185
0,any,union_inner_oof,0.04904596930056476,1.0,0.022443890274314215,0.3987730061349693
0,any,union_inner_oof,0.04940483185629685,1.0,0.02493765586034913,0.39938556067588327
0,any,union_inner_oof,0.050343467715327384,1.0,0.029925187032418952,0.40061633281972264
0,any,union_inner_oof,0.05064655448666694,1.0,0.034912718204488775,0.401854714064915
0,any,union_inner_oof,0.050856983741825235,1.0,0.0399002493765586,0.40310077519379844
0,any,union_inner_oof,0.05125857299811154,1.0,0.04488778054862843,0.40435458786936235
0,any,union_inner_oof,0.051389652873431724,1.0,0.04987531172069826,0.40561622464898595
0,any,union_inner_oof,0.05160061494420454,1.0,0.05236907730673317,0.40625
0,any,union_inner_oof,0.052097305501902724,1.0,0.057356608478802994,0.40752351097178685
0,any,union_inner_oof,0.052490503198020455,1.0,0.06234413965087282,0.4088050314465409
0,any,union_inner_oof,0.05280982570195908,0.9807692307692307,0.06483790523690773,0.4022082018927445
0,any,union_inner_oof,0.053823323290928315,0.9807692307692307,0.06982543640897755,0.40348101265822783
0,any,union_inner_oof,0.05403884977191209,0.9807692307692307,0.07231920199501247,0.4041204437400951
0,any,union_inner_oof,0.05412812519966287,0.9807692307692307,0.0773067331670823,0.40540540540540543
0,any,union_inner_oof,0.05423228489282034,0.9807692307692307,0.08229426433915212,0.40669856459330145
0,any,union_inner_oof,0.05488926179222231,0.9807692307692307,0.08728179551122195,0.408
0,any,union_inner_oof,0.05528178637993025,0.9807692307692307,0.09226932668329177,0.40930979133226325
0,any,union_inner_oof,0.05582707801439907,0.9807692307692307,0.09725685785536159,0.4106280193236715
0,any,union_inner_oof,0.056141659966445434,0.9807692307692307,0.09975062344139651,0.4112903225806452
0,any,union_inner_oof,0.05636979650247964,0.9807692307692307,0.10473815461346633,0.41262135922330095
0,any,union_inner_oof,0.05652340853740001,0.9807692307692307,0.10972568578553615,0.413961038961039
0,any,union_inner_oof,0.05690615066526061,0.9807692307692307,0.11471321695760599,0.4153094462540717
0,any,union_inner_oof,0.05711051424039609,0.9807692307692307,0.11970074812967581,0.4166666666666667
0,any,union_inner_oof,0.05715760793391039,0.9807692307692307,0.12219451371571072,0.41734860883797054
0,any,union_inner_oof,0.05750927120984545,0.9807692307692307,0.12718204488778054,0.4187192118226601
0,any,union_inner_oof,0.05799611536089039,0.9807692307692307,0.13216957605985039,0.4200988467874794
0,any,union_inner_oof,0.0581838274252332,0.9807692307692307,0.1371571072319202,0.4214876033057851
0,any,union_inner_oof,0.058564317489227635,0.9807692307692307,0.14214463840399003,0.4228855721393035
0,any,union_inner_oof,0.0589078358017715,0.9807692307692307,0.14713216957605985,0.4242928452579035
0,any,union_inner_oof,0.058998862539720365,0.9807692307692307,0.14962593516209477,0.425
0,any,union_inner_oof,0.05920171911376909,0.9807692307692307,0.1546134663341646,0.42642140468227424
0,any,union_inner_oof,0.05924710847773296,0.9807692307692307,0.1596009975062344,0.4278523489932886
0,any,union_inner_oof,0.059731939293564795,0.9807692307692307,0.16458852867830423,0.4292929292929293
0,any,union_inner_oof,0.0598726248307771,0.9807692307692307,0.16957605985037408,0.43074324324324326
0,any,union_inner_oof,0.06003615458275252,0.9807692307692307,0.17206982543640897,0.43147208121827413
0,any,union_inner_oof,0.060554770283887394,0.9807692307692307,0.1770573566084788,0.432937181663837
0,any,union_inner_oof,0.06083492308548483,0.9807692307692307,0.18204488778054864,0.434412265758092
0,any,union_inner_oof,0.06131213254008738,0.9807692307692307,0.18703241895261846,0.4358974358974359
0,any,union_inner_oof,0.06149082902591885,0.9807692307692307,0.19201995012468828,0.43739279588336194
0,any,union_inner_oof,0.06159994553700332,0.9807692307692307,0.1970074812967581,0.4388984509466437
0,any,union_inner_oof,0.061675229612000004,0.9807692307692307,0.19950124688279303,0.4396551724137931
0,any,union_inner_oof,0.061798602005025516,0.9807692307692307,0.20448877805486285,0.4411764705882353
0,any,union_inner_oof,0.06197669996200755,0.9807692307692307,0.20947630922693267,0.4427083333333333
0,any,union_inner_oof,0.06207675571924276,0.9807692307692307,0.2144638403990025,0.4442508710801394
0,any,union_inner_oof,0.06252532909647857,0.9807692307692307,0.2194513715710723,0.4458041958041958
0,any,union_inner_oof,0.06268125297970023,0.9807692307692307,0.22194513715710723,0.44658493870402804
0,any,union_inner_oof,0.06285027371370155,0.9807692307692307,0.22693266832917705,0.44815465729349735
0,any,union_inner_oof,0.06313460735245258,0.9807692307692307,0.23192019950124687,0.4497354497354497
0,any,union_inner_oof,0.06320997317517102,0.9807692307692307,0.23690773067331672,0.45132743362831856
0,any,union_inner_oof,0.06349181278116284,0.9807692307692307,0.24189526184538654,0.45293072824156305
0,any,union_inner_oof,0.06366752387463198,0.9807692307692307,0.24688279301745636,0.45454545454545453
0,any,union_inner_oof,0.06376740793971458,0.9807692307692307,0.24937655860349128,0.45535714285714285
0,any,union_inner_oof,0.06438803443734925,0.9807692307692307,0.2543640897755611,0.45698924731182794
0,any,union_inner_oof,0.06474391957510689,0.9807692307692307,0.2593516209476309,0.45863309352517984
0,any,union_inner_oof,0.06497400649181873,0.9807692307692307,0.26433915211970077,0.4602888086642599
0,any,union_inner_oof,0.06519630614913685,0.9615384615384616,0.26683291770573564,0.4528985507246377
0,any,union_inner_oof,0.06554736053998339,0.9615384615384616,0.26932668329177056,0.4537205081669691
0,any,union_inner_oof,0.06578587289903981,0.9615384615384616,0.2743142144638404,0.4553734061930783
0,any,union_inner_oof,0.06592779786714098,0.9615384615384616,0.2793017456359102,0.4570383912248629
0,any,union_inner_oof,0.06600785172832696,0.9615384615384616,0.28428927680798005,0.45871559633027525
0,any,union_inner_oof,0.0660932959814598,0.9615384615384616,0.2892768079800499,0.4604051565377532
0,any,union_inner_oof,0.0663938483735837,0.9615384615384616,0.2942643391521197,0.46210720887245843
0,any,union_inner_oof,0.06673523710742973,0.9615384615384616,0.2967581047381546,0.46296296296296297
0,any,union_inner_oof,0.06704758908413383,0.9615384615384616,0.30174563591022446,0.4646840148698885
0,any,union_inner_oof,0.06721619228081294,0.9615384615384616,0.30673316708229426,0.4664179104477612
0,any,union_inner_oof,0.06760463514114723,0.9615384615384616,0.3117206982543641,0.4681647940074906
0,any,union_inner_oof,0.0677836548802569,0.9615384615384616,0.3167082294264339,0.4699248120300752
0,any,union_inner_oof,0.0678969190710787,0.9423076923076923,0.3167082294264339,0.4613935969868173
0,any,union_inner_oof,0.06818898465729711,0.9423076923076923,0.32169576059850374,0.46313799621928164
0,any,union_inner_oof,0.06853135533419624,0.9423076923076923,0.3266832917705736,0.4648956356736243
0,any,union_inner_oof,0.06904077878279741,0.9423076923076923,0.3316708229426434,0.4666666666666667
0,any,union_inner_oof,0.06911425964456613,0.9423076923076923,0.33665835411471323,0.4684512428298279
0,any,union_inner_oof,0.06920398618457718,0.9423076923076923,0.341645885286783,0.47024952015355087
0,any,union_inner_oof,0.06932482277763236,0.9423076923076923,0.34413965087281795,0.47115384615384615
0,any,union_inner_oof,0.06969371292503823,0.9423076923076923,0.3491271820448878,0.47297297297297297
0,any,union_inner_oof,0.06992788701928171,0.9423076923076923,0.3541147132169576,0.4748062015503876
0,any,union_inner_oof,0.0701556573864423,0.9230769230769231,0.3566084788029925,0.4669260700389105
0,any,union_inner_oof,0.07026782258862901,0.9230769230769231,0.36159600997506236,0.46875
0,any,union_inner_oof,0.0704192969666968,0.9230769230769231,0.36658354114713215,0.47058823529411764
0,any,union_inner_oof,0.07056043768952153,0.9230769230769231,0.3690773067331671,0.4715127701375246
0,any,union_inner_oof,0.07085580870045721,0.9230769230769231,0.3740648379052369,0.47337278106508873
0,any,union_inner_oof,0.07139267391820392,0.9230769230769231,0.3790523690773067,0.4752475247524752
0,any,union_inner_oof,0.0715725170268624,0.9038461538461539,0.38154613466334164,0.4671968190854871
0,any,union_inner_oof,0.07217487724873767,0.9038461538461539,0.3865336658354115,0.469061876247505
0,any,union_inner_oof,0.07259566593062666,0.8846153846153846,0.3865336658354115,0.46
0,any,union_inner_oof,0.07297313156957652,0.8846153846153846,0.3915211970074813,0.46184738955823296
0,any,union_inner_oof,0.0730881771327141,0.8653846153846154,0.3940149625935162,0.4536290322580645
0,any,union_inner_oof,0.07322368656282191,0.8653846153846154,0.39900249376558605,0.45546558704453444
0,any,union_inner_oof,0.07350389330476309,0.8653846153846154,0.40399002493765584,0.4573170731707317
0,any,union_inner_oof,0.07369910932749496,0.8653846153846154,0.4089775561097257,0.45918367346938777
0,any,union_inner_oof,0.0737354338368123,0.8653846153846154,0.4114713216957606,0.4601226993865031
0,any,union_inner_oof,0.07394526345100683,0.8653846153846154,0.4164588528678304,0.4620123203285421
0,any,union_inner_oof,0.07412264497757753,0.8653846153846154,0.42144638403990026,0.4639175257731959
0,any,union_inner_oof,0.07421645202769606,0.8653846153846154,0.42643391521197005,0.4658385093167702
0,any,union_inner_oof,0.07433355285506094,0.8653846153846154,0.4314214463840399,0.4677754677754678
0,any,union_inner_oof,0.07472135010104552,0.8653846153846154,0.4339152119700748,0.46875
0,any,union_inner_oof,0.07534434900849435,0.8653846153846154,0.4389027431421446,0.4707112970711297
0,any,union_inner_oof,0.07596993645331007,0.8653846153846154,0.44389027431421446,0.4726890756302521
0,any,union_inner_oof,0.07611502232317213,0.8653846153846154,0.4488778054862843,0.47468354430379744
0,any,union_inner_oof,0.07685332063903466,0.8653846153846154,0.4538653366583541,0.4766949152542373
0,any,union_inner_oof,0.07738399269180218,0.8653846153846154,0.45885286783042395,0.4787234042553192
0,any,union_inner_oof,0.07744904038048528,0.8653846153846154,0.4613466334164589,0.47974413646055436
0,any,union_inner_oof,0.0778175866693867,0.8653846153846154,0.46633416458852867,0.4817987152034261
0,any,union_inner_oof,0.07837225934732889,0.8653846153846154,0.4713216957605985,0.4838709677419355
0,any,union_inner_oof,0.07886191425519762,0.8653846153846154,0.4763092269326683,0.48596112311015116
0,any,union_inner_oof,0.0797721815204368,0.8653846153846154,0.48129675810473815,0.4880694143167028
0,any,union_inner_oof,0.07990584247016119,0.8653846153846154,0.4837905236907731,0.4891304347826087
0,any,union_inner_oof,0.08044025242201297,0.8461538461538461,0.486284289276808,0.48034934497816595
0,any,union_inner_oof,0.08093427633032596,0.8461538461538461,0.4912718204488778,0.4824561403508772
0,any,union_inner_oof,0.08152629063720057,0.8269230769230769,0.4937655860349127,0.473568281938326
0,any,union_inner_oof,0.08173458011786161,0.8269230769230769,0.49875311720698257,0.4756637168141593
0,any,union_inner_oof,0.08182083091777786,0.8269230769230769,0.5037406483790524,0.4777777777777778
0,any,union_inner_oof,0.08210641403546826,0.8269230769230769,0.5062344139650873,0.47884187082405344
0,any,union_inner_oof,0.08250614202887019,0.8269230769230769,0.5112219451371571,0.4809843400447427
0,any,union_inner_oof,0.08286404450673768,0.8269230769230769,0.516209476309227,0.48314606741573035
0,any,union_inner_oof,0.08320242431849928,0.8269230769230769,0.5211970074812967,0.4853273137697517
0,any,union_inner_oof,0.08384425670228707,0.8269230769230769,0.5261845386533666,0.4875283446712018
0,any,union_inner_oof,0.08411319880673235,0.8269230769230769,0.5286783042394015,0.48863636363636365
0,any,union_inner_oof,0.08431012005699012,0.8269230769230769,0.5336658354114713,0.4908675799086758
0,any,union_inner_oof,0.08468666221860915,0.8269230769230769,0.5386533665835411,0.49311926605504586
0,any,union_inner_oof,0.08509410671100959,0.8269230769230769,0.543640897755611,0.49539170506912444
0,any,union_inner_oof,0.08527675126656009,0.8269230769230769,0.5486284289276808,0.4976851851851852
0,any,union_inner_oof,0.0858104283731001,0.8076923076923077,0.5511221945137157,0.4883720930232558
0,any,union_inner_oof,0.08619757797844874,0.8076923076923077,0.5536159600997507,0.48951048951048953
0,any,union_inner_oof,0.0865004456338801,0.8076923076923077,0.5586034912718204,0.4918032786885246
0,any,union_inner_oof,0.08763429725243721,0.8076923076923077,0.5635910224438903,0.49411764705882355
0,any,union_inner_oof,0.08852548903781071,0.8076923076923077,0.5685785536159601,0.49645390070921985
0,any,union_inner_oof,0.08912664554687089,0.8076923076923077,0.57356608478803,0.498812351543943
0,any,union_inner_oof,0.08923383915519723,0.8076923076923077,0.5760598503740648,0.5
0,any,union_inner_oof,0.08938536249460893,0.8076923076923077,0.5810473815461347,0.5023923444976076
0,any,union_inner_oof,0.08962211394800956,0.8076923076923077,0.5860349127182045,0.5048076923076923
0,any,union_inner_oof,0.09043923095156253,0.8076923076923077,0.5910224438902744,0.5072463768115942
0,any,union_inner_oof,0.09225421495230329,0.8076923076923077,0.5960099750623441,0.5097087378640777
0,any,union_inner_oof,0.09365517394078005,0.8076923076923077,0.600997506234414,0.5121951219512195
0,any,union_inner_oof,0.09465340990009846,0.8076923076923077,0.6034912718204489,0.5134474327628362
0,any,union_inner_oof,0.09645106487915545,0.8076923076923077,0.6084788029925187,0.515970515970516
0,any,union_inner_oof,0.09721523763696616,0.8076923076923077,0.6134663341645885,0.5185185185185185
0,any,union_inner_oof,0.09757115447596781,0.8076923076923077,0.6184538653366584,0.5210918114143921
0,any,union_inner_oof,0.09768066577501411,0.8076923076923077,0.6234413965087282,0.5236907730673317
0,any,union_inner_oof,0.0977749767016664,0.8076923076923077,0.6259351620947631,0.525
0,any,union_inner_oof,0.09792740899356,0.8076923076923077,0.6309226932668329,0.5276381909547738
0,any,union_inner_oof,0.09817240398474325,0.8076923076923077,0.6359102244389028,0.5303030303030303
0,any,union_inner_oof,0.09853338980782789,0.8076923076923077,0.6408977556109726,0.5329949238578681
0,any,union_inner_oof,0.0991750262126262,0.8076923076923077,0.6458852867830424,0.5357142857142857
0,any,union_inner_oof,0.10170216874936838,0.8076923076923077,0.6508728179551122,0.5384615384615384
0,any,union_inner_oof,0.10201404238261591,0.8076923076923077,0.6533665835411472,0.5398457583547558
0,any,union_inner_oof,0.10333245304141953,0.8076923076923077,0.6583541147132169,0.5426356589147286
0,any,union_inner_oof,0.1049835959244026,0.8076923076923077,0.6633416458852868,0.5454545454545454
0,any,union_inner_oof,0.10591039681597975,0.8076923076923077,0.6683291770573566,0.5483028720626631
0,any,union_inner_oof,0.10672845170390516,0.8076923076923077,0.6733167082294265,0.5511811023622047
0,any,union_inner_oof,0.10740630853679012,0.8076923076923077,0.6758104738154613,0.5526315789473685
0,any,union_inner_oof,0.10820696955412845,0.8076923076923077,0.6807980049875312,0.5555555555555556
0,any,union_inner_oof,0.1091419682537152,0.8076923076923077,0.685785536159601,0.5585106382978723
0,any,union_inner_oof,0.10957931263253384,0.7884615384615384,0.6882793017456359,0.5481283422459893
0,any,union_inner_oof,0.10976164064203858,0.7884615384615384,0.6932668329177057,0.5510752688172043
0,any,union_inner_oof,0.1113638786823718,0.7884615384615384,0.6982543640897756,0.5540540540540541
0,any,union_inner_oof,0.11190539531119259,0.7884615384615384,0.7007481296758105,0.5555555555555556
0,any,union_inner_oof,0.11474402463738276,0.7884615384615384,0.7057356608478803,0.55858310626703
0,any,union_inner_oof,0.11517579101826986,0.7692307692307693,0.7082294264339152,0.547945205479452
0,any,union_inner_oof,0.11640692295095378,0.7692307692307693,0.713216957605985,0.5509641873278237
0,any,union_inner_oof,0.11659363427524772,0.7692307692307693,0.7182044887780549,0.554016620498615
0,any,union_inner_oof,0.11767736420617464,0.75,0.7206982543640897,0.5431754874651811
0,any,union_inner_oof,0.11982653665267406,0.75,0.7231920199501247,0.5446927374301676
0,any,union_inner_oof,0.12161895189013,0.75,0.7281795511221946,0.547752808988764
0,any,union_inner_oof,0.12217358012223828,0.75,0.7331670822942643,0.5508474576271186
0,any,union_inner_oof,0.12447911690157493,0.75,0.7381546134663342,0.5539772727272727
0,any,union_inner_oof,0.1273075327336634,0.75,0.743142144638404,0.5571428571428572
0,any,union_inner_oof,0.12769569814107862,0.75,0.7456359102244389,0.5587392550143266
0,any,union_inner_oof,0.1294871668163889,0.7307692307692307,0.7481296758104738,0.547550432276657
0,any,union_inner_oof,0.13102575069136274,0.7307692307692307,0.7531172069825436,0.5507246376811594
0,any,union_inner_oof,0.13474741540588775,0.7307692307692307,0.7581047381546134,0.5539358600583091
0,any,union_inner_oof,0.13722016397338216,0.7307692307692307,0.7630922693266833,0.5571847507331378
0,any,union_inner_oof,0.1389557298733129,0.7115384615384616,0.7655860349127181,0.5457227138643068
0,any,union_inner_oof,0.140443481286202,0.6923076923076923,0.7655860349127181,0.5325443786982249
0,any,union_inner_oof,0.14254927966140302,0.6923076923076923,0.770573566084788,0.5357142857142857
0,any,union_inner_oof,0.14815484195109424,0.6730769230769231,0.773067331670823,0.5239520958083832
0,any,union_inner_oof,0.1500236848532312,0.6730769230769231,0.7780548628428927,0.5271084337349398
0,any,union_inner_oof,0.1533340930713289,0.6730769230769231,0.7830423940149626,0.5303030303030303
0,any,union_inner_oof,0.15547273600043165,0.6730769230769231,0.7855361596009975,0.5319148936170213
0,any,union_inner_oof,0.15776106785598537,0.6538461538461539,0.7880299251870324,0.5198776758409785
0,any,union_inner_oof,0.15959210713120525,0.6346153846153846,0.7905236907730673,0.5076923076923077
0,any,union_inner_oof,0.1601327014555512,0.6153846153846154,0.7930174563591023,0.4953560371517028
0,any,union_inner_oof,0.16055287566567317,0.6153846153846154,0.7980049875311721,0.4984423676012461
0,any,union_inner_oof,0.16763518431620894,0.6153846153846154,0.8029925187032418,0.5015673981191222
0,any,union_inner_oof,0.1709394756048398,0.6153846153846154,0.8054862842892768,0.5031446540880503
0,any,union_inner_oof,0.17501780755789625,0.5961538461538461,0.8079800498753117,0.49050632911392406
0,any,union_inner_oof,0.17661222597010978,0.5961538461538461,0.8129675810473815,0.49363057324840764
0,any,union_inner_oof,0.1811242297214884,0.5961538461538461,0.8179551122194514,0.4967948717948718
0,any,union_inner_oof,0.18389495873627637,0.5961538461538461,0.8229426433915212,0.5
0,any,union_inner_oof,0.18423379952731922,0.5961538461538461,0.8254364089775561,0.5016181229773463
0,any,union_inner_oof,0.18700720053653042,0.5961538461538461,0.830423940149626,0.504885993485342
0,any,union_inner_oof,0.18943881909538218,0.5961538461538461,0.8354114713216958,0.5081967213114754
0,any,union_inner_oof,0.19010558131025662,0.5961538461538461,0.8403990024937655,0.5115511551155115
0,any,union_inner_oof,0.193187209103223,0.5769230769230769,0.8428927680798005,0.4983388704318937
0,any,union_inner_oof,0.19369593249020084,0.5769230769230769,0.8478802992518704,0.5016722408026756
0,any,union_inner_oof,0.19528559837402387,0.5769230769230769,0.8503740648379052,0.5033557046979866
0,any,union_inner_oof,0.19820118718851454,0.5576923076923077,0.8528678304239401,0.48986486486486486
0,any,union_inner_oof,0.203707163716133,0.5384615384615384,0.8553615960099751,0.47619047619047616
0,any,union_inner_oof,0.20538040768825333,0.5384615384615384,0.8603491271820449,0.4794520547945205
0,any,union_inner_oof,0.2091054706403534,0.5192307692307693,0.8628428927680798,0.46551724137931033
0,any,union_inner_oof,0.20988889119801324,0.5192307692307693,0.8653366583541147,0.4671280276816609
0,any,union_inner_oof,0.2109871881927945,0.5192307692307693,0.8703241895261845,0.47038327526132406
0,any,union_inner_oof,0.21353844333613203,0.5192307692307693,0.8753117206982544,0.47368421052631576
0,any,union_inner_oof,0.21694398812598237,0.5192307692307693,0.8802992518703242,0.47703180212014135
0,any,union_inner_oof,0.22104368015787657,0.5,0.8827930174563591,0.4626334519572954
0,any,union_inner_oof,0.22367738894014877,0.5,0.8877805486284289,0.4659498207885305
0,any,union_inner_oof,0.22497083545183272,0.5,0.8902743142144638,0.4676258992805755
0,any,union_inner_oof,0.22701322243030392,0.5,0.8952618453865336,0.47101449275362317
0,any,union_inner_oof,0.23178320706012023,0.4807692307692308,0.8977556109725686,0.4562043795620438
0,any,union_inner_oof,0.23507580750085544,0.46153846153846156,0.9002493765586035,0.4411764705882353
0,any,union_inner_oof,0.2418675144307953,0.4423076923076923,0.9027431421446384,0.42592592592592593
0,any,union_inner_oof,0.243038571019428,0.4423076923076923,0.9052369077306733,0.4275092936802974
0,any,union_inner_oof,0.2447263763606724,0.4230769230769231,0.9077306733167082,0.41198501872659177
0,any,union_inner_oof,0.24611252811238826,0.4230769230769231,0.912718204488778,0.41509433962264153
0,any,union_inner_oof,0.24957133103119516,0.4230769230769231,0.9177057356608479,0.41825095057034223
0,any,union_inner_oof,0.25100118816931416,0.4230769230769231,0.9226932668329177,0.421455938697318
0,any,union_inner_oof,0.25720608982568227,0.40384615384615385,0.9251870324189526,0.40540540540540543
0,any,union_inner_oof,0.25952905180525193,0.40384615384615385,0.9276807980049875,0.4069767441860465
0,any,union_inner_oof,0.26544800988243283,0.40384615384615385,0.9326683291770573,0.41015625
0,any,union_inner_oof,0.2689936749082271,0.38461538461538464,0.9351620947630923,0.3937007874015748
0,any,union_inner_oof,0.27200997977454283,0.38461538461538464,0.940149625935162,0.3968253968253968
0,any,union_inner_oof,0.2763517344107712,0.38461538461538464,0.9451371571072319,0.4
0,any,union_inner_oof,0.28031105209183355,0.38461538461538464,0.9476309226932669,0.40160642570281124
0,any,union_inner_oof,0.2889395504209546,0.38461538461538464,0.9526184538653366,0.4048582995951417
0,any,union_inner_oof,0.29234245161632966,0.38461538461538464,0.9576059850374065,0.40816326530612246
0,any,union_inner_oof,0.29935429077973896,0.36538461538461536,0.9600997506234414,0.39094650205761317
0,any,union_inner_oof,0.31686917263745945,0.36538461538461536,0.9650872817955112,0.3941908713692946
0,any,union_inner_oof,0.3226543612552624,0.34615384615384615,0.9675810473815462,0.37656903765690375
0,any,union_inner_oof,0.3275606822420156,0.34615384615384615,0.970074812967581,0.37815126050420167
0,any,union_inner_oof,0.33258554942462387,0.34615384615384615,0.9750623441396509,0.3813559322033898
0,any,union_inner_oof,0.3347854722624872,0.34615384615384615,0.9800498753117207,0.38461538461538464
0,any,union_inner_oof,0.33924148451758546,0.3269230769230769,0.9825436408977556,0.36637931034482757
0,any,union_inner_oof,0.3435242336636287,0.3269230769230769,0.9875311720698254,0.3695652173913043
0,any,union_inner_oof,0.34933947257281855,0.3076923076923077,0.9875311720698254,0.34934497816593885
0,any,union_inner_oof,0.35671131293626585,0.3076923076923077,0.9925187032418953,0.3524229074889868
0,any,union_inner_oof,0.3700334473103163,0.2692307692307692,0.9925187032418953,0.3111111111111111
0,any,union_inner_oof,0.3886659767946574,0.25,0.9950124688279302,0.2914798206278027
0,any,union_inner_oof,0.41483263076849247,0.23076923076923078,0.9975062344139651,0.27149321266968324
0,any,union_inner_oof,0.45518692641619013,0.19230769230769232,0.9975062344139651,0.228310502283105
0,any,union_inner_oof,0.45936796704933414,0.19230769230769232,1.0,0.22935779816513763
0,any,union_inner_oof,0.4781832830453695,0.15384615384615385,1.0,0.18518518518518517
0,any,union_inner_oof,0.4886176924049945,0.11538461538461539,1.0,0.14018691588785046
0,any,union_inner_oof,0.5833674466486733,0.07692307692307693,1.0,0.09433962264150944
0,any,union_inner_oof,0.7424362120873877,0.038461538461538464,1.0,0.047619047619047616
0,any,union_inner_oof,0.8259224397424786,0.0,1.0,0.0
1,T13,xgb_inner_oof,0.0013785786482952004,1.0,0.0,0.15444015444015444
1,T13,xgb_inner_oof,0.0015755281032503658,1.0,0.00228310502283105,0.15473887814313347
1,T13,xgb_inner_oof,0.0019378387133014367,1.0,0.00684931506849315,0.1553398058252427
1,T13,xgb_inner_oof,0.0021673593917345816,1.0,0.01141552511415525,0.15594541910331383
1,T13,xgb_inner_oof,0.0025664852780319164,1.0,0.01598173515981735,0.15655577299412915
1,T13,xgb_inner_oof,0.0026188528665424572,1.0,0.0182648401826484,0.1568627450980392
1,T13,xgb_inner_oof,0.0030129630832031436,1.0,0.0228310502283105,0.15748031496062992
1,T13,xgb_inner_oof,0.0032634288435473505,1.0,0.0273972602739726,0.15810276679841898
1,T13,xgb_inner_oof,0.003400617449580254,1.0,0.0319634703196347,0.15873015873015872
1,T13,xgb_inner_oof,0.0034613155555029097,1.0,0.03424657534246575,0.15904572564612326
1,T13,xgb_inner_oof,0.003533974616188907,1.0,0.03881278538812785,0.1596806387225549
1,T13,xgb_inner_oof,0.0036725528388687648,1.0,0.04337899543378995,0.16032064128256512
1,T13,xgb_inner_oof,0.003992093818287367,1.0,0.04794520547945205,0.16096579476861167
1,T13,xgb_inner_oof,0.004009774261935972,1.0,0.0502283105022831,0.16129032258064516
1,T13,xgb_inner_oof,0.004071235395658214,1.0,0.05707762557077625,0.16227180527383367
1,T13,xgb_inner_oof,0.0041213026605234505,1.0,0.06164383561643835,0.1629327902240326
1,T13,xgb_inner_oof,0.004186336791833246,1.0,0.06621004566210045,0.16359918200409
1,T13,xgb_inner_oof,0.004295278352628854,1.0,0.07077625570776255,0.16427104722792607
1,T13,xgb_inner_oof,0.004306370360602372,1.0,0.0730593607305936,0.1646090534979424
1,T13,xgb_inner_oof,0.004474215207101234,1.0,0.0776255707762557,0.1652892561983471
1,T13,xgb_inner_oof,0.0046471523667269594,1.0,0.0821917808219178,0.16597510373443983
1,T13,xgb_inner_oof,0.004710841013829787,1.0,0.0867579908675799,0.16666666666666666
1,T13,xgb_inner_oof,0.004734185971039168,1.0,0.08904109589041095,0.16701461377870563
1,T13,xgb_inner_oof,0.004765169475128106,1.0,0.0958904109589041,0.16806722689075632
1,T13,xgb_inner_oof,0.00492070074517663,1.0,0.10273972602739725,0.16913319238900634
1,T13,xgb_inner_oof,0.005056367456053033,1.0,0.10730593607305935,0.16985138004246284
1,T13,xgb_inner_oof,0.005173807675758962,1.0,0.11187214611872145,0.17057569296375266
1,T13,xgb_inner_oof,0.0053888250643357345,1.0,0.11643835616438356,0.17130620985010706
1,T13,xgb_inner_oof,0.00553615914515361,1.0,0.12100456621004566,0.17204301075268819
1,T13,xgb_inner_oof,0.005662740899998198,1.0,0.12557077625570776,0.17278617710583152
1,T13,xgb_inner_oof,0.005877363329842313,1.0,0.13013698630136986,0.1735357917570499
1,T13,xgb_inner_oof,0.005990701296816655,1.0,0.1324200913242009,0.17391304347826086
1,T13,xgb_inner_oof,0.006060333249651068,1.0,0.13926940639269406,0.175054704595186
1,T13,xgb_inner_oof,0.006077670350286494,1.0,0.14383561643835616,0.17582417582417584
1,T13,xgb_inner_oof,0.00613186538617792,1.0,0.14840182648401826,0.17660044150110377
1,T13,xgb_inner_oof,0.0062356397004915305,1.0,0.1506849315068493,0.17699115044247787
1,T13,xgb_inner_oof,0.006485144629707194,1.0,0.1552511415525114,0.17777777777777778
1,T13,xgb_inner_oof,0.006540465474957185,1.0,0.1598173515981735,0.17857142857142858
1,T13,xgb_inner_oof,0.0066293335665631465,1.0,0.1643835616438356,0.17937219730941703
1,T13,xgb_inner_oof,0.006674826671906572,1.0,0.16666666666666666,0.1797752808988764
1,T13,xgb_inner_oof,0.006910219111914983,1.0,0.17123287671232876,0.18058690744920994
1,T13,xgb_inner_oof,0.0070594751767008735,1.0,0.17579908675799086,0.18140589569160998
1,T13,xgb_inner_oof,0.00712810630363534,1.0,0.18036529680365296,0.18223234624145787
1,T13,xgb_inner_oof,0.007197521697010895,1.0,0.182648401826484,0.182648401826484
1,T13,xgb_inner_oof,0.007318681247255515,1.0,0.1872146118721461,0.1834862385321101
1,T13,xgb_inner_oof,0.007385393267603041,1.0,0.1917808219178082,0.18433179723502305
1,T13,xgb_inner_oof,0.007440689694898312,1.0,0.1963470319634703,0.18518518518518517
1,T13,xgb_inner_oof,0.007472056363841349,1.0,0.2009132420091324,0.18604651162790697
1,T13,xgb_inner_oof,0.00751701523588553,1.0,0.20319634703196346,0.1864801864801865
1,T13,xgb_inner_oof,0.007576572705526621,1.0,0.20776255707762556,0.1873536299765808
1,T13,xgb_inner_oof,0.007614386520743685,1.0,0.21232876712328766,0.18823529411764706
1,T13,xgb_inner_oof,0.007705507156452272,1.0,0.21689497716894976,0.18912529550827423
1,T13,xgb_inner_oof,0.007736132359186481,1.0,0.2191780821917808,0.1895734597156398
1,T13,xgb_inner_oof,0.007774365596813978,1.0,0.2237442922374429,0.19047619047619047
1,T13,xgb_inner_oof,0.007929661765259282,1.0,0.228310502283105,0.19138755980861244
1,T13,xgb_inner_oof,0.008021877667060182,1.0,0.2328767123287671,0.19230769230769232
1,T13,xgb_inner_oof,0.008118667391171126,1.0,0.23515981735159816,0.1927710843373494
1,T13,xgb_inner_oof,0.008241753605780906,1.0,0.23972602739726026,0.1937046004842615
1,T13,xgb_inner_oof,0.008275775359535116,1.0,0.24429223744292236,0.19464720194647203
1,T13,xgb_inner_oof,0.00829774518460321,1.0,0.24885844748858446,0.19559902200489
1,T13,xgb_inner_oof,0.008382148593906666,1.0,0.2534246575342466,0.19656019656019655
1,T13,xgb_inner_oof,0.008404631066787297,1.0,0.2557077625570776,0.19704433497536947
1,T13,xgb_inner_oof,0.008484339787334729,1.0,0.2602739726027397,0.19801980198019803
1,T13,xgb_inner_oof,0.008665405795156048,1.0,0.2648401826484018,0.19900497512437812
1,T13,xgb_inner_oof,0.008915793988367962,1.0,0.271689497716895,0.20050125313283207
1,T13,xgb_inner_oof,0.008966651959283258,1.0,0.273972602739726,0.20100502512562815
1,T13,xgb_inner_oof,0.0090749434767792,0.9375,0.2762557077625571,0.1893939393939394
1,T13,xgb_inner_oof,0.00914068204388937,0.9375,0.2808219178082192,0.19035532994923857
1,T13,xgb_inner_oof,0.009255057696892223,0.9375,0.2853881278538813,0.1913265306122449
1,T13,xgb_inner_oof,0.009291124075769316,0.9375,0.2876712328767123,0.1918158567774936
1,T13,xgb_inner_oof,0.009333190988383075,0.9375,0.2922374429223744,0.1928020565552699
1,T13,xgb_inner_oof,0.009543028751232033,0.9375,0.2968036529680365,0.1937984496124031
1,T13,xgb_inner_oof,0.009636543321609311,0.9375,0.3013698630136986,0.19480519480519481
1,T13,xgb_inner_oof,0.009668094023443603,0.9375,0.3036529680365297,0.1953125
1,T13,xgb_inner_oof,0.009689345476555096,0.9375,0.3082191780821918,0.19633507853403143
1,T13,xgb_inner_oof,0.009734402257430146,0.9375,0.3127853881278539,0.19736842105263158
1,T13,xgb_inner_oof,0.009797517426680048,0.9375,0.317351598173516,0.1984126984126984
1,T13,xgb_inner_oof,0.010052900376218999,0.9375,0.3219178082191781,0.19946808510638298
1,T13,xgb_inner_oof,0.01012249536446224,0.9375,0.3242009132420091,0.2
1,T13,xgb_inner_oof,0.010212026168151814,0.9375,0.3287671232876712,0.20107238605898123
1,T13,xgb_inner_oof,0.010312668871803484,0.9375,0.3333333333333333,0.20215633423180593
1,T13,xgb_inner_oof,0.010528102169206627,0.9375,0.3378995433789954,0.2032520325203252
1,T13,xgb_inner_oof,0.010635733427970584,0.9375,0.3401826484018265,0.20380434782608695
1,T13,xgb_inner_oof,0.01075145524048034,0.9375,0.3447488584474886,0.20491803278688525
1,T13,xgb_inner_oof,0.010929012731485435,0.9375,0.3493150684931507,0.20604395604395603
1,T13,xgb_inner_oof,0.011259437283477818,0.9375,0.3538812785388128,0.20718232044198895
1,T13,xgb_inner_oof,0.011393248959034798,0.9375,0.3561643835616438,0.2077562326869806
1,T13,xgb_inner_oof,0.011478406570332167,0.9375,0.3607305936073059,0.20891364902506965
1,T13,xgb_inner_oof,0.011527588661102109,0.9375,0.365296803652968,0.21008403361344538
1,T13,xgb_inner_oof,0.01154198753777095,0.9375,0.3698630136986301,0.2112676056338028
1,T13,xgb_inner_oof,0.011672734511903418,0.9375,0.3744292237442922,0.21246458923512748
1,T13,xgb_inner_oof,0.011717323777037159,0.9375,0.3767123287671233,0.21306818181818182
1,T13,xgb_inner_oof,0.011754743464210106,0.9375,0.3812785388127854,0.21428571428571427
1,T13,xgb_inner_oof,0.011985905151313089,0.9375,0.3858447488584475,0.21551724137931033
1,T13,xgb_inner_oof,0.012349178007058061,0.9375,0.3904109589041096,0.21676300578034682
1,T13,xgb_inner_oof,0.012403666286592686,0.9375,0.3926940639269406,0.21739130434782608
1,T13,xgb_inner_oof,0.012547587481434384,0.9375,0.3972602739726027,0.21865889212827988
1,T13,xgb_inner_oof,0.012828796938948284,0.9375,0.4018264840182648,0.21994134897360704
1,T13,xgb_inner_oof,0.013052901219671151,0.9375,0.4063926940639269,0.22123893805309736
1,T13,xgb_inner_oof,0.013174496958253776,0.9375,0.408675799086758,0.22189349112426035
1,T13,xgb_inner_oof,0.013382681819663254,0.9375,0.4132420091324201,0.22321428571428573
1,T13,xgb_inner_oof,0.013477302532811677,0.9375,0.4178082191780822,0.2245508982035928
1,T13,xgb_inner_oof,0.013816811316299724,0.9375,0.4223744292237443,0.22590361445783133
1,T13,xgb_inner_oof,0.013968750225183357,0.9375,0.4269406392694064,0.22727272727272727
1,T13,xgb_inner_oof,0.01399991601414885,0.9375,0.4292237442922374,0.22796352583586627
1,T13,xgb_inner_oof,0.01423869464205708,0.9375,0.4360730593607306,0.23006134969325154
1,T13,xgb_inner_oof,0.014495119111788333,0.9375,0.4406392694063927,0.23148148148148148
1,T13,xgb_inner_oof,0.014658370917435024,0.9375,0.4452054794520548,0.2329192546583851
1,T13,xgb_inner_oof,0.014740429266671129,0.9375,0.4474885844748858,0.2336448598130841
1,T13,xgb_inner_oof,0.015300646695191815,0.9375,0.4520547945205479,0.23510971786833856
1,T13,xgb_inner_oof,0.01537703974263755,0.9375,0.45662100456621,0.23659305993690852
1,T13,xgb_inner_oof,0.015524911552077556,0.9375,0.4634703196347032,0.23885350318471338
1,T13,xgb_inner_oof,0.01558983090713309,0.9375,0.4657534246575342,0.23961661341853036
1,T13,xgb_inner_oof,0.015643405900178604,0.9375,0.4703196347031963,0.24115755627009647
1,T13,xgb_inner_oof,0.01571099375232614,0.9375,0.4748858447488584,0.24271844660194175
1,T13,xgb_inner_oof,0.016016484894393654,0.9375,0.4794520547945205,0.24429967426710097
1,T13,xgb_inner_oof,0.01625939495850327,0.9375,0.4817351598173516,0.24509803921568626
1,T13,xgb_inner_oof,0.016450937245579,0.9375,0.4863013698630137,0.24671052631578946
1,T13,xgb_inner_oof,0.01663717701808328,0.9375,0.4908675799086758,0.24834437086092714
1,T13,xgb_inner_oof,0.016925275217898394,0.9375,0.4954337899543379,0.25
1,T13,xgb_inner_oof,0.01707856895984913,0.9375,0.5,0.2516778523489933
1,T13,xgb_inner_oof,0.01719354266077531,0.9375,0.502283105022831,0.25252525252525254
1,T13,xgb_inner_oof,0.017562368443388647,0.9375,0.5068493150684932,0.2542372881355932
1,T13,xgb_inner_oof,0.01774824173794741,0.9375,0.5114155251141552,0.25597269624573377
1,T13,xgb_inner_oof,0.017862476570276464,0.9375,0.5159817351598174,0.25773195876288657
1,T13,xgb_inner_oof,0.017910780786991067,0.9375,0.5182648401826484,0.25862068965517243
1,T13,xgb_inner_oof,0.01799226821339346,0.9375,0.5228310502283106,0.2604166666666667
1,T13,xgb_inner_oof,0.018274644440931437,0.9375,0.5273972602739726,0.26223776223776224
1,T13,xgb_inner_oof,0.01838840021527218,0.9375,0.5319634703196348,0.2640845070422535
1,T13,xgb_inner_oof,0.018567324500204298,0.9375,0.5342465753424658,0.26501766784452296
1,T13,xgb_inner_oof,0.018802465902837177,0.9375,0.5388127853881278,0.2669039145907473
1,T13,xgb_inner_oof,0.018998352563497328,0.9375,0.54337899543379,0.26881720430107525
1,T13,xgb_inner_oof,0.019153705814722127,0.9375,0.547945205479452,0.27075812274368233
1,T13,xgb_inner_oof,0.019483791918056166,0.9375,0.5525114155251142,0.2727272727272727
1,T13,xgb_inner_oof,0.01976930409708981,0.9375,0.5547945205479452,0.2737226277372263
1,T13,xgb_inner_oof,0.020372837071487668,0.9375,0.5593607305936074,0.2757352941176471
1,T13,xgb_inner_oof,0.02058432594484405,0.9375,0.5639269406392694,0.2777777777777778
1,T13,xgb_inner_oof,0.020943480037470034,0.9375,0.5684931506849316,0.2798507462686567
1,T13,xgb_inner_oof,0.021095301292863605,0.9375,0.5707762557077626,0.2808988764044944
1,T13,xgb_inner_oof,0.021590654973061705,0.875,0.5730593607305936,0.2641509433962264
1,T13,xgb_inner_oof,0.021849918427095757,0.875,0.5776255707762558,0.2661596958174905
1,T13,xgb_inner_oof,0.022242385179865008,0.875,0.5821917808219178,0.2681992337164751
1,T13,xgb_inner_oof,0.02230095259536556,0.875,0.5844748858447488,0.2692307692307692
1,T13,xgb_inner_oof,0.02265918276555478,0.875,0.591324200913242,0.2723735408560311
1,T13,xgb_inner_oof,0.022719641507560555,0.875,0.5958904109589042,0.27450980392156865
1,T13,xgb_inner_oof,0.022856889280050197,0.875,0.6004566210045662,0.2766798418972332
1,T13,xgb_inner_oof,0.02287072546875995,0.875,0.6027397260273972,0.2777777777777778
1,T13,xgb_inner_oof,0.023086458505909423,0.875,0.6073059360730594,0.28
1,T13,xgb_inner_oof,0.023808925255822233,0.875,0.6118721461187214,0.28225806451612906
1,T13,xgb_inner_oof,0.024231539536725133,0.875,0.6164383561643836,0.2845528455284553
1,T13,xgb_inner_oof,0.024525966111056147,0.875,0.6232876712328768,0.2880658436213992
1,T13,xgb_inner_oof,0.024592550647391055,0.875,0.6255707762557078,0.2892561983471074
1,T13,xgb_inner_oof,0.02476246830999593,0.875,0.6301369863013698,0.2916666666666667
1,T13,xgb_inner_oof,0.025275622991072607,0.875,0.634703196347032,0.29411764705882354
1,T13,xgb_inner_oof,0.025361196430431138,0.875,0.639269406392694,0.2966101694915254
1,T13,xgb_inner_oof,0.025550535133192193,0.875,0.6415525114155252,0.2978723404255319
1,T13,xgb_inner_oof,0.026344846055015435,0.875,0.6461187214611872,0.30042918454935624
1,T13,xgb_inner_oof,0.026681119665908082,0.875,0.6506849315068494,0.30303030303030304
1,T13,xgb_inner_oof,0.026755001421095513,0.875,0.6552511415525114,0.3056768558951965
1,T13,xgb_inner_oof,0.02684525704695142,0.875,0.6575342465753424,0.30701754385964913
1,T13,xgb_inner_oof,0.02720269476714296,0.875,0.6621004566210046,0.30973451327433627
1,T13,xgb_inner_oof,0.02784388156297845,0.875,0.6689497716894978,0.31390134529147984
1,T13,xgb_inner_oof,0.028111356182484615,0.875,0.6735159817351598,0.3167420814479638
1,T13,xgb_inner_oof,0.028547132302432533,0.875,0.678082191780822,0.319634703196347
1,T13,xgb_inner_oof,0.028922353522406213,0.875,0.680365296803653,0.3211009174311927
1,T13,xgb_inner_oof,0.0293719210076644,0.875,0.684931506849315,0.32407407407407407
1,T13,xgb_inner_oof,0.02978299635473485,0.875,0.6894977168949772,0.32710280373831774
1,T13,xgb_inner_oof,0.030008575595786957,0.875,0.6940639269406392,0.330188679245283
1,T13,xgb_inner_oof,0.030131160514948664,0.875,0.6963470319634704,0.33175355450236965
1,T13,xgb_inner_oof,0.030475343127165523,0.875,0.7009132420091324,0.3349282296650718
1,T13,xgb_inner_oof,0.031019837106424364,0.8125,0.7031963470319634,0.3140096618357488
1,T13,xgb_inner_oof,0.03167481533622943,0.8125,0.7077625570776256,0.3170731707317073
1,T13,xgb_inner_oof,0.03198807723478575,0.8125,0.7100456621004566,0.31862745098039214
1,T13,xgb_inner_oof,0.03241032393004418,0.8125,0.7146118721461188,0.3217821782178218
1,T13,xgb_inner_oof,0.032566852143759595,0.8125,0.7191780821917808,0.325
1,T13,xgb_inner_oof,0.03288573200011393,0.8125,0.723744292237443,0.3282828282828283
1,T13,xgb_inner_oof,0.033194744076677066,0.8125,0.728310502283105,0.33163265306122447
1,T13,xgb_inner_oof,0.03353710000999838,0.8125,0.730593607305936,0.3333333333333333
1,T13,xgb_inner_oof,0.03390321754725022,0.8125,0.7351598173515982,0.33678756476683935
1,T13,xgb_inner_oof,0.035765770412591574,0.8125,0.7397260273972602,0.3403141361256545
1,T13,xgb_inner_oof,0.036293495705800274,0.75,0.7420091324200914,0.31746031746031744
1,T13,xgb_inner_oof,0.036414520781716316,0.75,0.7442922374429224,0.3191489361702128
1,T13,xgb_inner_oof,0.03698418127565644,0.75,0.7511415525114156,0.32432432432432434
1,T13,xgb_inner_oof,0.03844530123270053,0.75,0.7557077625570776,0.32786885245901637
1,T13,xgb_inner_oof,0.03883881600646458,0.75,0.7602739726027398,0.3314917127071823
1,T13,xgb_inner_oof,0.03926707890154051,0.75,0.7625570776255708,0.3333333333333333
1,T13,xgb_inner_oof,0.03988882279135874,0.75,0.7671232876712328,0.33707865168539325
1,T13,xgb_inner_oof,0.04021290530240408,0.75,0.771689497716895,0.3409090909090909
1,T13,xgb_inner_oof,0.040394442504705794,0.75,0.776255707762557,0.3448275862068966
1,T13,xgb_inner_oof,0.04053216365884974,0.75,0.7785388127853882,0.3468208092485549
1,T13,xgb_inner_oof,0.04091121696299665,0.75,0.7831050228310502,0.3508771929824561
1,T13,xgb_inner_oof,0.04165787511435097,0.75,0.7876712328767124,0.35502958579881655
1,T13,xgb_inner_oof,0.043734069126346795,0.75,0.7922374429223744,0.3592814371257485
1,T13,xgb_inner_oof,0.0443175950087945,0.6875,0.7945205479452054,0.3333333333333333
1,T13,xgb_inner_oof,0.04450422564759923,0.6875,0.7968036529680366,0.3353658536585366
1,T13,xgb_inner_oof,0.045109406575599226,0.6875,0.8013698630136986,0.3395061728395062
1,T13,xgb_inner_oof,0.04565473555338516,0.625,0.8036529680365296,0.3125
1,T13,xgb_inner_oof,0.04659246380973882,0.625,0.8082191780821918,0.31645569620253167
1,T13,xgb_inner_oof,0.047469211332622295,0.625,0.8105022831050228,0.3184713375796178
1,T13,xgb_inner_oof,0.04780913404411001,0.625,0.815068493150685,0.3225806451612903
1,T13,xgb_inner_oof,0.04815673340116859,0.625,0.819634703196347,0.32679738562091504
1,T13,xgb_inner_oof,0.04891094191509665,0.5625,0.821917808219178,0.2980132450331126
1,T13,xgb_inner_oof,0.049516358797615026,0.5625,0.8242009132420092,0.3
1,T13,xgb_inner_oof,0.050495210251900596,0.5625,0.8287671232876712,0.30405405405405406
1,T13,xgb_inner_oof,0.051475370527580264,0.5625,0.8333333333333334,0.3082191780821918
1,T13,xgb_inner_oof,0.054441621140937715,0.5625,0.8378995433789954,0.3125
1,T13,xgb_inner_oof,0.054980869341395434,0.5625,0.8424657534246576,0.31690140845070425
1,T13,xgb_inner_oof,0.05569314825009894,0.5625,0.8447488584474886,0.3191489361702128
1,T13,xgb_inner_oof,0.056466247461911395,0.5625,0.8493150684931506,0.3237410071942446
1,T13,xgb_inner_oof,0.05713788722556777,0.5625,0.8538812785388128,0.3284671532846715
1,T13,xgb_inner_oof,0.05757732669825696,0.5625,0.8584474885844748,0.3333333333333333
1,T13,xgb_inner_oof,0.05797794740978396,0.5625,0.860730593607306,0.3358208955223881
1,T13,xgb_inner_oof,0.06127335159918047,0.5625,0.865296803652968,0.3409090909090909
1,T13,xgb_inner_oof,0.062315451187717405,0.5625,0.8698630136986302,0.34615384615384615
1,T13,xgb_inner_oof,0.06546701052496155,0.5625,0.8744292237442922,0.3515625
1,T13,xgb_inner_oof,0.06831080140485617,0.5625,0.8767123287671232,0.3543307086614173
1,T13,xgb_inner_oof,0.0726322364562796,0.5625,0.8812785388127854,0.36
1,T13,xgb_inner_oof,0.07329770207484043,0.5625,0.8858447488584474,0.36585365853658536
1,T13,xgb_inner_oof,0.0757802316893266,0.5625,0.8904109589041096,0.371900826446281
1,T13,xgb_inner_oof,0.07662201297890284,0.5625,0.8926940639269406,0.375
1,T13,xgb_inner_oof,0.07891854100984418,0.5625,0.8972602739726028,0.3813559322033898
1,T13,xgb_inner_oof,0.0818452049370419,0.5625,0.9018264840182648,0.3879310344827586
1,T13,xgb_inner_oof,0.08455893672522577,0.5625,0.910958904109589,0.4017857142857143
1,T13,xgb_inner_oof,0.08928328172232837,0.5625,0.9155251141552512,0.4090909090909091
1,T13,xgb_inner_oof,0.09241433197371865,0.5625,0.9178082191780822,0.41284403669724773
1,T13,xgb_inner_oof,0.09588930823146638,0.5625,0.9223744292237442,0.4205607476635514
1,T13,xgb_inner_oof,0.09701400888227257,0.5625,0.9269406392694064,0.42857142857142855
1,T13,xgb_inner_oof,0.09735774363051147,0.5625,0.9315068493150684,0.4368932038834951
1,T13,xgb_inner_oof,0.09847919310282492,0.5625,0.9337899543378996,0.4411764705882353
1,T13,xgb_inner_oof,0.10070461260782673,0.5,0.9360730593607306,0.4
1,T13,xgb_inner_oof,0.1030679322186833,0.5,0.9406392694063926,0.40816326530612246
1,T13,xgb_inner_oof,0.10617036124002244,0.5,0.9452054794520548,0.4166666666666667
1,T13,xgb_inner_oof,0.10680390458840427,0.5,0.9474885844748858,0.42105263157894735
1,T13,xgb_inner_oof,0.10896955306616296,0.375,0.9474885844748858,0.3225806451612903
1,T13,xgb_inner_oof,0.11454451377240002,0.375,0.952054794520548,0.32967032967032966
1,T13,xgb_inner_oof,0.11859156123472296,0.375,0.95662100456621,0.33707865168539325
1,T13,xgb_inner_oof,0.12397861618729901,0.3125,0.958904109589041,0.28735632183908044
1,T13,xgb_inner_oof,0.1267097170266924,0.3125,0.9611872146118722,0.29069767441860467
1,T13,xgb_inner_oof,0.13029165451360503,0.25,0.9634703196347032,0.23809523809523808
1,T13,xgb_inner_oof,0.13800817377619395,0.25,0.9680365296803652,0.24390243902439024
1,T13,xgb_inner_oof,0.14298325775257714,0.25,0.9726027397260274,0.25
1,T13,xgb_inner_oof,0.14591048716282745,0.25,0.9748858447488584,0.25316455696202533
1,T13,xgb_inner_oof,0.15294039519940295,0.25,0.9794520547945206,0.2597402597402597
1,T13,xgb_inner_oof,0.16508892410045017,0.125,0.9794520547945206,0.13333333333333333
1,T13,xgb_inner_oof,0.18297025132719863,0.125,0.9840182648401826,0.136986301369863
1,T13,xgb_inner_oof,0.19970328577669633,0.125,0.9863013698630136,0.1388888888888889
1,T13,xgb_inner_oof,0.22815213943212304,0.0,0.9863013698630136,0.0
1,T13,xgb_inner_oof,0.25175685977375506,0.0,0.9908675799086758,0.0
1,T13,xgb_inner_oof,0.35826662432649076,0.0,0.9954337899543378,0.0
1,T13,xgb_inner_oof,0.513354351622048,0.0,1.0,0.0
1,T18,xgb_inner_oof,0.0036817740994470544,1.0,0.0,0.288135593220339
1,T18,xgb_inner_oof,0.004146199266531581,1.0,0.002380952380952381,0.28862478777589134
1,T18,xgb_inner_oof,0.0049235137618953905,1.0,0.007142857142857143,0.28960817717206133
1,T18,xgb_inner_oof,0.005761157367948273,1.0,0.014285714285714285,0.2910958904109589
1,T18,xgb_inner_oof,0.006153216791058366,1.0,0.01904761904761905,0.2920962199312715
1,T18,xgb_inner_oof,0.006228156510824337,1.0,0.02142857142857143,0.29259896729776247
1,T18,xgb_inner_oof,0.00648955344257822,1.0,0.02619047619047619,0.29360967184801384
1,T18,xgb_inner_oof,0.0066898054622573045,1.0,0.030952380952380953,0.29462738301559793
1,T18,xgb_inner_oof,0.006794582468905019,0.9705882352941176,0.03333333333333333,0.28695652173913044
1,T18,xgb_inner_oof,0.007241524116187342,0.9705882352941176,0.0380952380952381,0.2879581151832461
1,T18,xgb_inner_oof,0.007279595818277629,0.9705882352941176,0.04047619047619048,0.28846153846153844
1,T18,xgb_inner_oof,0.0074178315428718965,0.9705882352941176,0.047619047619047616,0.28998242530755713
1,T18,xgb_inner_oof,0.007531100263543543,0.9705882352941176,0.05238095238095238,0.291005291005291
1,T18,xgb_inner_oof,0.007861639051670772,0.9705882352941176,0.05714285714285714,0.2920353982300885
1,T18,xgb_inner_oof,0.008010433514446618,0.9705882352941176,0.06190476190476191,0.29307282415630553
1,T18,xgb_inner_oof,0.008236512773443344,0.9705882352941176,0.06428571428571428,0.29359430604982206
1,T18,xgb_inner_oof,0.008554250160976062,0.9705882352941176,0.06904761904761905,0.29464285714285715
1,T18,xgb_inner_oof,0.008699808109606853,0.9705882352941176,0.07380952380952381,0.2956989247311828
1,T18,xgb_inner_oof,0.008921112208269993,0.9705882352941176,0.07857142857142857,0.29676258992805754
1,T18,xgb_inner_oof,0.008963163355913562,0.9705882352941176,0.08095238095238096,0.2972972972972973
1,T18,xgb_inner_oof,0.009205942727547756,0.9705882352941176,0.08571428571428572,0.298372513562387
1,T18,xgb_inner_oof,0.009314436334120423,0.9705882352941176,0.09047619047619047,0.29945553539019965
1,T18,xgb_inner_oof,0.009612282781190824,0.9705882352941176,0.09523809523809523,0.3005464480874317
1,T18,xgb_inner_oof,0.009782362545645585,0.9705882352941176,0.1,0.3016453382084095
1,T18,xgb_inner_oof,0.009935894662487604,0.9705882352941176,0.10238095238095238,0.3021978021978022
1,T18,xgb_inner_oof,0.01011376722641753,0.9705882352941176,0.10714285714285714,0.30330882352941174
1,T18,xgb_inner_oof,0.010604520409251795,0.9705882352941176,0.11190476190476191,0.3044280442804428
1,T18,xgb_inner_oof,0.010872457124388852,0.9705882352941176,0.11666666666666667,0.3055555555555556
1,T18,xgb_inner_oof,0.010913473418975465,0.9705882352941176,0.12142857142857143,0.3066914498141264
1,T18,xgb_inner_oof,0.011055740198990499,0.9705882352941176,0.12380952380952381,0.30726256983240224
1,T18,xgb_inner_oof,0.011329963212648574,0.9705882352941176,0.12857142857142856,0.308411214953271
1,T18,xgb_inner_oof,0.011603870133626192,0.9705882352941176,0.1357142857142857,0.3101503759398496
1,T18,xgb_inner_oof,0.011789876953364142,0.9705882352941176,0.14047619047619048,0.3113207547169811
1,T18,xgb_inner_oof,0.011860498557338062,0.9705882352941176,0.14285714285714285,0.31190926275992437
1,T18,xgb_inner_oof,0.012052070700129584,0.9705882352941176,0.14761904761904762,0.31309297912713474
1,T18,xgb_inner_oof,0.01247963784013207,0.9705882352941176,0.1523809523809524,0.3142857142857143
1,T18,xgb_inner_oof,0.012637840546968496,0.9705882352941176,0.15714285714285714,0.3154875717017208
1,T18,xgb_inner_oof,0.01287533846534511,0.9705882352941176,0.1619047619047619,0.31669865642994244
1,T18,xgb_inner_oof,0.012981391383402322,0.9705882352941176,0.16428571428571428,0.3173076923076923
1,T18,xgb_inner_oof,0.013291173329322618,0.9705882352941176,0.16904761904761906,0.3185328185328185
1,T18,xgb_inner_oof,0.01343310281929876,0.9705882352941176,0.1738095238095238,0.31976744186046513
1,T18,xgb_inner_oof,0.013910607642809433,0.9705882352941176,0.17857142857142858,0.321011673151751
1,T18,xgb_inner_oof,0.014182863106769864,0.9705882352941176,0.18333333333333332,0.322265625
1,T18,xgb_inner_oof,0.014251113082078297,0.9705882352941176,0.18571428571428572,0.32289628180039137
1,T18,xgb_inner_oof,0.014308037410361775,0.9705882352941176,0.19047619047619047,0.3241650294695481
1,T18,xgb_inner_oof,0.014501647332289723,0.9705882352941176,0.19523809523809524,0.3254437869822485
1,T18,xgb_inner_oof,0.014733465782601079,0.9705882352941176,0.2,0.32673267326732675
1,T18,xgb_inner_oof,0.014833726421942577,0.9705882352941176,0.20238095238095238,0.3273809523809524
1,T18,xgb_inner_oof,0.015283105468536652,0.9705882352941176,0.20714285714285716,0.3286852589641434
1,T18,xgb_inner_oof,0.015440966470012508,0.9705882352941176,0.2119047619047619,0.33
1,T18,xgb_inner_oof,0.01559768264240978,0.9705882352941176,0.22142857142857142,0.3326612903225806
1,T18,xgb_inner_oof,0.015953815560045277,0.9411764705882353,0.22380952380952382,0.32388663967611336
1,T18,xgb_inner_oof,0.01615595852942036,0.9411764705882353,0.2261904761904762,0.32454361054766734
1,T18,xgb_inner_oof,0.016264387552245803,0.9411764705882353,0.23095238095238096,0.3258655804480652
1,T18,xgb_inner_oof,0.0163945824860159,0.9411764705882353,0.2357142857142857,0.32719836400818
1,T18,xgb_inner_oof,0.01647376567416289,0.9411764705882353,0.24047619047619048,0.32854209445585214
1,T18,xgb_inner_oof,0.016913813272047405,0.9411764705882353,0.25,0.33126293995859213
1,T18,xgb_inner_oof,0.017091652450295515,0.9411764705882353,0.2523809523809524,0.33195020746887965
1,T18,xgb_inner_oof,0.017289499432440673,0.9411764705882353,0.2571428571428571,0.3333333333333333
1,T18,xgb_inner_oof,0.017526468982760293,0.9411764705882353,0.2619047619047619,0.33472803347280333
1,T18,xgb_inner_oof,0.017667083684661467,0.9411764705882353,0.26666666666666666,0.33613445378151263
1,T18,xgb_inner_oof,0.017775296942545503,0.9411764705882353,0.2714285714285714,0.33755274261603374
1,T18,xgb_inner_oof,0.0179974660809741,0.9411764705882353,0.27380952380952384,0.3382663847780127
1,T18,xgb_inner_oof,0.01832154921488774,0.9411764705882353,0.2785714285714286,0.33970276008492567
1,T18,xgb_inner_oof,0.01839480961675255,0.9411764705882353,0.2833333333333333,0.3411513859275053
1,T18,xgb_inner_oof,0.018463008450833214,0.9411764705882353,0.28809523809523807,0.3426124197002141
1,T18,xgb_inner_oof,0.01853991271772506,0.9411764705882353,0.2904761904761905,0.34334763948497854
1,T18,xgb_inner_oof,0.018690980861541542,0.9411764705882353,0.29523809523809524,0.3448275862068966
1,T18,xgb_inner_oof,0.018780020227339544,0.9411764705882353,0.3,0.3463203463203463
1,T18,xgb_inner_oof,0.018919485885259657,0.9411764705882353,0.3047619047619048,0.34782608695652173
1,T18,xgb_inner_oof,0.01901172214038189,0.9411764705882353,0.30952380952380953,0.34934497816593885
1,T18,xgb_inner_oof,0.01906002780584939,0.9411764705882353,0.3119047619047619,0.350109409190372
1,T18,xgb_inner_oof,0.01948436299435323,0.9411764705882353,0.31666666666666665,0.3516483516483517
1,T18,xgb_inner_oof,0.01995653730065413,0.9411764705882353,0.32142857142857145,0.35320088300220753
1,T18,xgb_inner_oof,0.020407754281940235,0.9411764705882353,0.3261904761904762,0.35476718403547675
1,T18,xgb_inner_oof,0.02078488164078026,0.9411764705882353,0.33095238095238094,0.35634743875278396
1,T18,xgb_inner_oof,0.020981644446604837,0.9411764705882353,0.3333333333333333,0.35714285714285715
1,T18,xgb_inner_oof,0.021146950261340367,0.9411764705882353,0.3380952380952381,0.35874439461883406
1,T18,xgb_inner_oof,0.021285829042693966,0.9411764705882353,0.34285714285714286,0.36036036036036034
1,T18,xgb_inner_oof,0.021544411944032615,0.9411764705882353,0.3476190476190476,0.36199095022624433
1,T18,xgb_inner_oof,0.02177564339949737,0.9411764705882353,0.35,0.36281179138321995
1,T18,xgb_inner_oof,0.0226505786208267,0.9411764705882353,0.3547619047619048,0.36446469248291574
1,T18,xgb_inner_oof,0.02305080350816216,0.9411764705882353,0.3595238095238095,0.36613272311212813
1,T18,xgb_inner_oof,0.023277937988379654,0.9411764705882353,0.36428571428571427,0.367816091954023
1,T18,xgb_inner_oof,0.023387676412166818,0.9411764705882353,0.36904761904761907,0.3695150115473441
1,T18,xgb_inner_oof,0.02351055576340913,0.9411764705882353,0.37142857142857144,0.37037037037037035
1,T18,xgb_inner_oof,0.023682522632042666,0.9411764705882353,0.3761904761904762,0.37209302325581395
1,T18,xgb_inner_oof,0.023826266291148444,0.9411764705882353,0.38095238095238093,0.37383177570093457
1,T18,xgb_inner_oof,0.024358816920323455,0.9411764705882353,0.38571428571428573,0.3755868544600939
1,T18,xgb_inner_oof,0.02473294840187151,0.9411764705882353,0.3904761904761905,0.37735849056603776
1,T18,xgb_inner_oof,0.024908359056238602,0.9411764705882353,0.39285714285714285,0.37825059101654845
1,T18,xgb_inner_oof,0.025302071850978162,0.9411764705882353,0.3976190476190476,0.38004750593824227
1,T18,xgb_inner_oof,0.025829213628937656,0.9411764705882353,0.4023809523809524,0.3818615751789976
1,T18,xgb_inner_oof,0.025970753262674333,0.9411764705882353,0.40714285714285714,0.38369304556354916
1,T18,xgb_inner_oof,0.026006216093956737,0.9411764705882353,0.4095238095238095,0.38461538461538464
1,T18,xgb_inner_oof,0.02620922541057131,0.9411764705882353,0.4142857142857143,0.3864734299516908
1,T18,xgb_inner_oof,0.026466433904302523,0.9411764705882353,0.41904761904761906,0.3883495145631068
1,T18,xgb_inner_oof,0.026745675474140848,0.9411764705882353,0.4238095238095238,0.3902439024390244
1,T18,xgb_inner_oof,0.02708518849652132,0.9411764705882353,0.42857142857142855,0.39215686274509803
1,T18,xgb_inner_oof,0.027235605869942912,0.9411764705882353,0.430952380952381,0.3931203931203931
1,T18,xgb_inner_oof,0.027564023100718406,0.9411764705882353,0.4357142857142857,0.3950617283950617
1,T18,xgb_inner_oof,0.02785817243592411,0.9411764705882353,0.44047619047619047,0.3970223325062035
1,T18,xgb_inner_oof,0.02824294808605734,0.9411764705882353,0.4452380952380952,0.39900249376558605
1,T18,xgb_inner_oof,0.02871358830550954,0.9411764705882353,0.45,0.40100250626566414
1,T18,xgb_inner_oof,0.028915071072228855,0.9411764705882353,0.4523809523809524,0.4020100502512563
1,T18,xgb_inner_oof,0.029323700482341498,0.9117647058823529,0.45476190476190476,0.39141414141414144
1,T18,xgb_inner_oof,0.029896380045298335,0.9117647058823529,0.4595238095238095,0.3934010152284264
1,T18,xgb_inner_oof,0.030664247942933875,0.9117647058823529,0.4642857142857143,0.39540816326530615
1,T18,xgb_inner_oof,0.03194490461106765,0.9117647058823529,0.46904761904761905,0.3974358974358974
1,T18,xgb_inner_oof,0.032903605066120986,0.9117647058823529,0.4714285714285714,0.39845758354755784
1,T18,xgb_inner_oof,0.03345220888037546,0.9117647058823529,0.4785714285714286,0.4015544041450777
1,T18,xgb_inner_oof,0.03377883335226886,0.9117647058823529,0.48333333333333334,0.4036458333333333
1,T18,xgb_inner_oof,0.03421759593948922,0.9117647058823529,0.49047619047619045,0.4068241469816273
1,T18,xgb_inner_oof,0.03442629869246379,0.9117647058823529,0.4928571428571429,0.40789473684210525
1,T18,xgb_inner_oof,0.03497916938459451,0.9117647058823529,0.4976190476190476,0.41005291005291006
1,T18,xgb_inner_oof,0.03565529022245195,0.9117647058823529,0.5023809523809524,0.4122340425531915
1,T18,xgb_inner_oof,0.03635334222503332,0.9117647058823529,0.5071428571428571,0.4144385026737968
1,T18,xgb_inner_oof,0.037328099078099294,0.8823529411764706,0.5095238095238095,0.4032258064516129
1,T18,xgb_inner_oof,0.03766037226394099,0.8823529411764706,0.5119047619047619,0.40431266846361186
1,T18,xgb_inner_oof,0.038044002629485194,0.8823529411764706,0.5166666666666667,0.4065040650406504
1,T18,xgb_inner_oof,0.039508343832766094,0.8823529411764706,0.5214285714285715,0.4087193460490463
1,T18,xgb_inner_oof,0.0402346365487823,0.8823529411764706,0.5261904761904762,0.410958904109589
1,T18,xgb_inner_oof,0.040482881518684996,0.8823529411764706,0.530952380952381,0.4132231404958678
1,T18,xgb_inner_oof,0.04126691061530359,0.8823529411764706,0.5333333333333333,0.4143646408839779
1,T18,xgb_inner_oof,0.04255524841444634,0.8823529411764706,0.5380952380952381,0.4166666666666667
1,T18,xgb_inner_oof,0.04311779517190504,0.8529411764705882,0.5404761904761904,0.40502793296089384
1,T18,xgb_inner_oof,0.044396699649204736,0.8529411764705882,0.5452380952380952,0.40730337078651685
1,T18,xgb_inner_oof,0.04484534601278975,0.8529411764705882,0.5476190476190477,0.4084507042253521
1,T18,xgb_inner_oof,0.04540768075309022,0.8529411764705882,0.5523809523809524,0.41076487252124644
1,T18,xgb_inner_oof,0.04567702850858209,0.8529411764705882,0.5571428571428572,0.4131054131054131
1,T18,xgb_inner_oof,0.04587104822362126,0.8529411764705882,0.5619047619047619,0.4154727793696275
1,T18,xgb_inner_oof,0.047089834546650264,0.8235294117647058,0.5642857142857143,0.4034582132564842
1,T18,xgb_inner_oof,0.047790309817658534,0.8235294117647058,0.5666666666666667,0.4046242774566474
1,T18,xgb_inner_oof,0.049001891640644196,0.8235294117647058,0.5714285714285714,0.4069767441860465
1,T18,xgb_inner_oof,0.04925799502358368,0.8235294117647058,0.5761904761904761,0.4093567251461988
1,T18,xgb_inner_oof,0.049747502827714826,0.8235294117647058,0.580952380952381,0.4117647058823529
1,T18,xgb_inner_oof,0.051304783296849205,0.8235294117647058,0.5857142857142857,0.41420118343195267
1,T18,xgb_inner_oof,0.05139683751129509,0.8235294117647058,0.5880952380952381,0.41543026706231456
1,T18,xgb_inner_oof,0.052189362473218356,0.8235294117647058,0.5928571428571429,0.417910447761194
1,T18,xgb_inner_oof,0.05318918910947186,0.8235294117647058,0.5976190476190476,0.42042042042042044
1,T18,xgb_inner_oof,0.05363357155825074,0.8235294117647058,0.6023809523809524,0.4229607250755287
1,T18,xgb_inner_oof,0.0537985555589974,0.8235294117647058,0.6047619047619047,0.42424242424242425
1,T18,xgb_inner_oof,0.056488898806806256,0.8235294117647058,0.6095238095238096,0.4268292682926829
1,T18,xgb_inner_oof,0.05755709939463617,0.8235294117647058,0.6142857142857143,0.4294478527607362
1,T18,xgb_inner_oof,0.0578148545555573,0.8235294117647058,0.6190476190476191,0.43209876543209874
1,T18,xgb_inner_oof,0.0583150300340496,0.8235294117647058,0.6238095238095238,0.43478260869565216
1,T18,xgb_inner_oof,0.058843143872625694,0.8235294117647058,0.6261904761904762,0.43613707165109034
1,T18,xgb_inner_oof,0.059659472107598616,0.8235294117647058,0.6309523809523809,0.438871473354232
1,T18,xgb_inner_oof,0.06049051774905012,0.7941176470588235,0.6333333333333333,0.42586750788643535
1,T18,xgb_inner_oof,0.06224176159830919,0.7941176470588235,0.638095238095238,0.42857142857142855
1,T18,xgb_inner_oof,0.06266780752717942,0.7941176470588235,0.6428571428571429,0.43130990415335463
1,T18,xgb_inner_oof,0.06275026356489308,0.7941176470588235,0.6452380952380953,0.4326923076923077
1,T18,xgb_inner_oof,0.06378257203310342,0.7647058823529411,0.6476190476190476,0.41935483870967744
1,T18,xgb_inner_oof,0.0641498660535739,0.7352941176470589,0.65,0.40584415584415584
1,T18,xgb_inner_oof,0.06452756287043754,0.7352941176470589,0.6547619047619048,0.4084967320261438
1,T18,xgb_inner_oof,0.06546344756219051,0.7352941176470589,0.6595238095238095,0.41118421052631576
1,T18,xgb_inner_oof,0.06609962011679746,0.7352941176470589,0.6619047619047619,0.41254125412541254
1,T18,xgb_inner_oof,0.06647925842977041,0.7352941176470589,0.6666666666666666,0.4152823920265781
1,T18,xgb_inner_oof,0.06701753991976078,0.7352941176470589,0.6714285714285714,0.4180602006688963
1,T18,xgb_inner_oof,0.0680610688801988,0.7352941176470589,0.6761904761904762,0.4208754208754209
1,T18,xgb_inner_oof,0.06834060707552711,0.7352941176470589,0.6785714285714286,0.4222972972972973
1,T18,xgb_inner_oof,0.06878225232182425,0.7352941176470589,0.6833333333333333,0.42517006802721086
1,T18,xgb_inner_oof,0.06918910489510892,0.7352941176470589,0.6880952380952381,0.4280821917808219
1,T18,xgb_inner_oof,0.069630483767398,0.7352941176470589,0.6928571428571428,0.43103448275862066
1,T18,xgb_inner_oof,0.06996100206262412,0.7352941176470589,0.6976190476190476,0.4340277777777778
1,T18,xgb_inner_oof,0.07018504010475074,0.7352941176470589,0.7,0.4355400696864111
1,T18,xgb_inner_oof,0.0717873384215855,0.7352941176470589,0.7047619047619048,0.43859649122807015
1,T18,xgb_inner_oof,0.07391694032153688,0.7352941176470589,0.7095238095238096,0.4416961130742049
1,T18,xgb_inner_oof,0.0751114671495154,0.7352941176470589,0.7142857142857143,0.44483985765124556
1,T18,xgb_inner_oof,0.07630705419110215,0.7352941176470589,0.719047619047619,0.44802867383512546
1,T18,xgb_inner_oof,0.07750011784651051,0.7352941176470589,0.7214285714285714,0.44964028776978415
1,T18,xgb_inner_oof,0.07843691072386774,0.7352941176470589,0.7261904761904762,0.4528985507246377
1,T18,xgb_inner_oof,0.07976029816646624,0.7352941176470589,0.7309523809523809,0.4562043795620438
1,T18,xgb_inner_oof,0.08029406479382045,0.7352941176470589,0.7357142857142858,0.45955882352941174
1,T18,xgb_inner_oof,0.08071641599691079,0.7352941176470589,0.7380952380952381,0.4612546125461255
1,T18,xgb_inner_oof,0.0830688920453437,0.7352941176470589,0.7428571428571429,0.4646840148698885
1,T18,xgb_inner_oof,0.08497053263485017,0.7352941176470589,0.7476190476190476,0.4681647940074906
1,T18,xgb_inner_oof,0.08526599277841909,0.7352941176470589,0.7523809523809524,0.4716981132075472
1,T18,xgb_inner_oof,0.08608926965657915,0.7352941176470589,0.7571428571428571,0.4752851711026616
1,T18,xgb_inner_oof,0.08641966579664606,0.7352941176470589,0.7595238095238095,0.4770992366412214
1,T18,xgb_inner_oof,0.0908620336907864,0.7352941176470589,0.7642857142857142,0.4807692307692308
1,T18,xgb_inner_oof,0.09235602248405626,0.7058823529411765,0.7666666666666667,0.46511627906976744
1,T18,xgb_inner_oof,0.09363731585579083,0.7058823529411765,0.7714285714285715,0.46875
1,T18,xgb_inner_oof,0.09539804732549093,0.7058823529411765,0.7761904761904762,0.47244094488188976
1,T18,xgb_inner_oof,0.09626521984727324,0.7058823529411765,0.7785714285714286,0.4743083003952569
1,T18,xgb_inner_oof,0.09764726279824941,0.6764705882352942,0.780952380952381,0.4581673306772908
1,T18,xgb_inner_oof,0.09941967474127142,0.6764705882352942,0.7857142857142857,0.46184738955823296
1,T18,xgb_inner_oof,0.10062923200660732,0.6764705882352942,0.7904761904761904,0.46558704453441296
1,T18,xgb_inner_oof,0.10139954982804711,0.6764705882352942,0.7928571428571428,0.46747967479674796
1,T18,xgb_inner_oof,0.103321596309706,0.6764705882352942,0.7976190476190477,0.4713114754098361
1,T18,xgb_inner_oof,0.10379344384560255,0.6470588235294118,0.8,0.45454545454545453
1,T18,xgb_inner_oof,0.10424724179791575,0.6470588235294118,0.8047619047619048,0.4583333333333333
1,T18,xgb_inner_oof,0.10444676757334553,0.6176470588235294,0.8071428571428572,0.4411764705882353
1,T18,xgb_inner_oof,0.10452949353123453,0.5882352941176471,0.8071428571428572,0.4219409282700422
1,T18,xgb_inner_oof,0.10610637701335379,0.5882352941176471,0.8119047619047619,0.425531914893617
1,T18,xgb_inner_oof,0.10858045372611365,0.5882352941176471,0.8166666666666667,0.4291845493562232
1,T18,xgb_inner_oof,0.11035518673937725,0.5882352941176471,0.8214285714285714,0.4329004329004329
1,T18,xgb_inner_oof,0.11104335147786713,0.5882352941176471,0.8261904761904761,0.4366812227074236
1,T18,xgb_inner_oof,0.11123873006632692,0.5882352941176471,0.8285714285714286,0.43859649122807015
1,T18,xgb_inner_oof,0.11144599998461159,0.5882352941176471,0.8333333333333334,0.4424778761061947
1,T18,xgb_inner_oof,0.11421793448908157,0.5882352941176471,0.8380952380952381,0.44642857142857145
1,T18,xgb_inner_oof,0.11439542703534455,0.5882352941176471,0.8428571428571429,0.45045045045045046
1,T18,xgb_inner_oof,0.11546359540559953,0.5882352941176471,0.8476190476190476,0.45454545454545453
1,T18,xgb_inner_oof,0.11671598172710748,0.5588235294117647,0.8476190476190476,0.4337899543378995
1,T18,xgb_inner_oof,0.11814344039487576,0.5588235294117647,0.8523809523809524,0.4377880184331797
1,T18,xgb_inner_oof,0.12092171578901441,0.5588235294117647,0.8571428571428571,0.4418604651162791
1,T18,xgb_inner_oof,0.12317819189678986,0.5588235294117647,0.861904761904762,0.4460093896713615
1,T18,xgb_inner_oof,0.1257767088690525,0.5588235294117647,0.8642857142857143,0.4481132075471698
1,T18,xgb_inner_oof,0.1282341237698184,0.5588235294117647,0.8690476190476191,0.4523809523809524
1,T18,xgb_inner_oof,0.13349793481526306,0.5588235294117647,0.8738095238095238,0.4567307692307692
1,T18,xgb_inner_oof,0.13558640268944455,0.5294117647058824,0.8761904761904762,0.4368932038834951
1,T18,xgb_inner_oof,0.1379665351838242,0.5,0.8785714285714286,0.4166666666666667
1,T18,xgb_inner_oof,0.13847701961062092,0.5,0.8809523809523809,0.4187192118226601
1,T18,xgb_inner_oof,0.14184959501283906,0.5,0.8857142857142857,0.4228855721393035
1,T18,xgb_inner_oof,0.14456018573637164,0.5,0.8904761904761904,0.4271356783919598
1,T18,xgb_inner_oof,0.14993579825605025,0.5,0.8952380952380953,0.43147208121827413
1,T18,xgb_inner_oof,0.15217471955818476,0.5,0.9,0.4358974358974359
1,T18,xgb_inner_oof,0.15475613377103853,0.5,0.9023809523809524,0.4381443298969072
1,T18,xgb_inner_oof,0.1619645753221969,0.47058823529411764,0.9047619047619048,0.4166666666666667
1,T18,xgb_inner_oof,0.1695549603060249,0.47058823529411764,0.9095238095238095,0.42105263157894735
1,T18,xgb_inner_oof,0.1742324358621728,0.47058823529411764,0.9142857142857143,0.425531914893617
1,T18,xgb_inner_oof,0.1747570589260465,0.4411764705882353,0.9142857142857143,0.40106951871657753
1,T18,xgb_inner_oof,0.1784848785336448,0.4117647058823529,0.9166666666666666,0.3783783783783784
1,T18,xgb_inner_oof,0.18713895776744927,0.4117647058823529,0.9214285714285714,0.3825136612021858
1,T18,xgb_inner_oof,0.19191939645027595,0.4117647058823529,0.9261904761904762,0.3867403314917127
1,T18,xgb_inner_oof,0.19633681997384667,0.38235294117647056,0.9285714285714286,0.36312849162011174
1,T18,xgb_inner_oof,0.19811559923376582,0.38235294117647056,0.930952380952381,0.3651685393258427
1,T18,xgb_inner_oof,0.20358565769733722,0.38235294117647056,0.9357142857142857,0.3693181818181818
1,T18,xgb_inner_oof,0.21734250556853607,0.38235294117647056,0.9404761904761905,0.3735632183908046
1,T18,xgb_inner_oof,0.2264199049446119,0.35294117647058826,0.9428571428571428,0.3488372093023256
1,T18,xgb_inner_oof,0.2297130539310629,0.35294117647058826,0.9476190476190476,0.35294117647058826
1,T18,xgb_inner_oof,0.23305330906633007,0.3235294117647059,0.9476190476190476,0.3254437869822485
1,T18,xgb_inner_oof,0.23669450878386797,0.3235294117647059,0.9523809523809523,0.32934131736526945
1,T18,xgb_inner_oof,0.24232144681615447,0.3235294117647059,0.9571428571428572,0.3333333333333333
1,T18,xgb_inner_oof,0.2524112841355592,0.3235294117647059,0.9619047619047619,0.3374233128834356
1,T18,xgb_inner_oof,0.2548108698509467,0.3235294117647059,0.9642857142857143,0.3395061728395062
1,T18,xgb_inner_oof,0.258683766057882,0.29411764705882354,0.9666666666666667,0.3125
1,T18,xgb_inner_oof,0.26538990085677777,0.23529411764705882,0.9666666666666667,0.25316455696202533
1,T18,xgb_inner_oof,0.26776973327829867,0.20588235294117646,0.969047619047619,0.22435897435897437
1,T18,xgb_inner_oof,0.2704365137600497,0.20588235294117646,0.9738095238095238,0.22727272727272727
1,T18,xgb_inner_oof,0.2723397927301391,0.20588235294117646,0.9761904761904762,0.22875816993464052
1,T18,xgb_inner_oof,0.2954416909844696,0.17647058823529413,0.9785714285714285,0.1986754966887417
1,T18,xgb_inner_oof,0.33078300907089114,0.14705882352941177,0.9809523809523809,0.16778523489932887
1,T18,xgb_inner_oof,0.3476552408672412,0.14705882352941177,0.9857142857142858,0.17006802721088435
1,T18,xgb_inner_oof,0.35489958852666237,0.14705882352941177,0.9904761904761905,0.1724137931034483
1,T18,xgb_inner_oof,0.3652743801391588,0.14705882352941177,0.9928571428571429,0.1736111111111111
1,T18,xgb_inner_oof,0.4153218530258781,0.11764705882352941,0.9952380952380953,0.14084507042253522
1,T18,xgb_inner_oof,0.47095262756782,0.08823529411764706,0.9976190476190476,0.10714285714285714
1,T18,xgb_inner_oof,0.5229439564990203,0.058823529411764705,1.0,0.07246376811594203
1,T18,xgb_inner_oof,0.5929714819878843,0.0,1.0,0.0
1,T21,xgb_inner_oof,0.01731231922662044,1.0,0.0,0.09183673469387756
1,T21,xgb_inner_oof,0.01737249217067762,1.0,0.0022471910112359553,0.09202453987730061
1,T21,xgb_inner_oof,0.017643381671173755,1.0,0.006741573033707865,0.09240246406570841
1,T21,xgb_inner_oof,0.01780879271523774,1.0,0.011235955056179775,0.09278350515463918
1,T21,xgb_inner_oof,0.01790412789055844,1.0,0.015730337078651686,0.09316770186335403
1,T21,xgb_inner_oof,0.018015080496451365,1.0,0.020224719101123594,0.09355509355509356
1,T21,xgb_inner_oof,0.01806261514621143,1.0,0.02247191011235955,0.09375
1,T21,xgb_inner_oof,0.018097964012581385,1.0,0.02696629213483146,0.09414225941422594
1,T21,xgb_inner_oof,0.018175942320470397,1.0,0.03146067415730337,0.09453781512605042
1,T21,xgb_inner_oof,0.01826852916218718,1.0,0.035955056179775284,0.0949367088607595
1,T21,xgb_inner_oof,0.018292999240192325,1.0,0.04044943820224719,0.09533898305084745
1,T21,xgb_inner_oof,0.018300783158317797,1.0,0.0449438202247191,0.09574468085106383
1,T21,xgb_inner_oof,0.018301494801360774,1.0,0.04719101123595506,0.09594882729211088
1,T21,xgb_inner_oof,0.018328603462604398,1.0,0.051685393258426963,0.09635974304068523
1,T21,xgb_inner_oof,0.018356822955385287,0.8888888888888888,0.05393258426966292,0.08602150537634409
1,T21,xgb_inner_oof,0.018381786567517953,0.8888888888888888,0.058426966292134834,0.08639308855291576
1,T21,xgb_inner_oof,0.018417077636215567,0.8888888888888888,0.06292134831460675,0.08676789587852494
1,T21,xgb_inner_oof,0.018445453794448518,0.8888888888888888,0.0651685393258427,0.08695652173913043
1,T21,xgb_inner_oof,0.01848500622126,0.8888888888888888,0.0696629213483146,0.08733624454148471
1,T21,xgb_inner_oof,0.01852328461050127,0.8888888888888888,0.07415730337078652,0.08771929824561403
1,T21,xgb_inner_oof,0.018547176190925753,0.8888888888888888,0.07865168539325842,0.0881057268722467
1,T21,xgb_inner_oof,0.01859122748895898,0.8888888888888888,0.08314606741573034,0.08849557522123894
1,T21,xgb_inner_oof,0.018699981612473947,0.8888888888888888,0.08764044943820225,0.08888888888888889
1,T21,xgb_inner_oof,0.01870860623567721,0.8888888888888888,0.0898876404494382,0.08908685968819599
1,T21,xgb_inner_oof,0.018725855963770063,0.8888888888888888,0.09438202247191012,0.0894854586129754
1,T21,xgb_inner_oof,0.01875750659100263,0.8888888888888888,0.09887640449438202,0.0898876404494382
1,T21,xgb_inner_oof,0.01878476595069109,0.8888888888888888,0.10337078651685393,0.09029345372460497
1,T21,xgb_inner_oof,0.01879902734140123,0.8888888888888888,0.10786516853932585,0.09070294784580499
1,T21,xgb_inner_oof,0.018838036706363484,0.8888888888888888,0.11235955056179775,0.09111617312072894
1,T21,xgb_inner_oof,0.01885579221438848,0.8888888888888888,0.1146067415730337,0.091324200913242
1,T21,xgb_inner_oof,0.01887333718433907,0.8888888888888888,0.11910112359550562,0.09174311926605505
1,T21,xgb_inner_oof,0.01887829849768901,0.8888888888888888,0.12359550561797752,0.09216589861751152
1,T21,xgb_inner_oof,0.018920017177067865,0.8888888888888888,0.12808988764044943,0.09259259259259259
1,T21,xgb_inner_oof,0.018932591909478578,0.8888888888888888,0.13258426966292136,0.09302325581395349
1,T21,xgb_inner_oof,0.018953518979878698,0.8888888888888888,0.1348314606741573,0.09324009324009325
1,T21,xgb_inner_oof,0.018984363783291453,0.8888888888888888,0.1393258426966292,0.0936768149882904
1,T21,xgb_inner_oof,0.019013276773265936,0.8888888888888888,0.14382022471910114,0.09411764705882353
1,T21,xgb_inner_oof,0.019040770230262138,0.8888888888888888,0.14831460674157304,0.09456264775413711
1,T21,xgb_inner_oof,0.019053701213177156,0.8888888888888888,0.15280898876404495,0.09501187648456057
1,T21,xgb_inner_oof,0.019062722525427858,0.8888888888888888,0.15730337078651685,0.0954653937947494
1,T21,xgb_inner_oof,0.019064915678518864,0.8888888888888888,0.15955056179775282,0.09569377990430622
1,T21,xgb_inner_oof,0.01907320774248246,0.8888888888888888,0.16404494382022472,0.09615384615384616
1,T21,xgb_inner_oof,0.019079934867297865,0.8888888888888888,0.16853932584269662,0.0966183574879227
1,T21,xgb_inner_oof,0.01908513183195633,0.8888888888888888,0.17303370786516853,0.0970873786407767
1,T21,xgb_inner_oof,0.019095489181782388,0.8888888888888888,0.17752808988764046,0.0975609756097561
1,T21,xgb_inner_oof,0.019109094524164056,0.8888888888888888,0.18202247191011237,0.09803921568627451
1,T21,xgb_inner_oof,0.01911388843078521,0.8888888888888888,0.1842696629213483,0.09828009828009827
1,T21,xgb_inner_oof,0.019120228599708657,0.8888888888888888,0.18876404494382024,0.09876543209876543
1,T21,xgb_inner_oof,0.019126168979136667,0.8888888888888888,0.19325842696629214,0.09925558312655088
1,T21,xgb_inner_oof,0.019142801856051002,0.8888888888888888,0.19775280898876405,0.09975062344139651
1,T21,xgb_inner_oof,0.01916672774317301,0.8888888888888888,0.20224719101123595,0.10025062656641603
1,T21,xgb_inner_oof,0.019177768536720416,0.7777777777777778,0.20224719101123595,0.08793969849246232
1,T21,xgb_inner_oof,0.01920567612229858,0.7777777777777778,0.20674157303370785,0.08838383838383838
1,T21,xgb_inner_oof,0.01921063240388452,0.7777777777777778,0.21123595505617979,0.08883248730964467
1,T21,xgb_inner_oof,0.019221002750742303,0.7777777777777778,0.2157303370786517,0.08928571428571429
1,T21,xgb_inner_oof,0.019231964079393024,0.7777777777777778,0.2202247191011236,0.08974358974358974
1,T21,xgb_inner_oof,0.019237516272681082,0.7777777777777778,0.2247191011235955,0.09020618556701031
1,T21,xgb_inner_oof,0.01924215148368193,0.7777777777777778,0.22696629213483147,0.09043927648578812
1,T21,xgb_inner_oof,0.019259007856013522,0.7777777777777778,0.23146067415730337,0.09090909090909091
1,T21,xgb_inner_oof,0.019277318271274754,0.7777777777777778,0.23595505617977527,0.09138381201044386
1,T21,xgb_inner_oof,0.019290453536183493,0.7777777777777778,0.24044943820224718,0.09186351706036745
1,T21,xgb_inner_oof,0.019298693607544465,0.7777777777777778,0.2449438202247191,0.09234828496042216
1,T21,xgb_inner_oof,0.019328672603256665,0.7777777777777778,0.24943820224719102,0.09283819628647215
1,T21,xgb_inner_oof,0.019333555615883423,0.7777777777777778,0.251685393258427,0.09308510638297872
1,T21,xgb_inner_oof,0.019342564716056443,0.7777777777777778,0.25617977528089886,0.09358288770053476
1,T21,xgb_inner_oof,0.019350564169147925,0.7777777777777778,0.2606741573033708,0.09408602150537634
1,T21,xgb_inner_oof,0.019357851982124266,0.7777777777777778,0.2651685393258427,0.0945945945945946
1,T21,xgb_inner_oof,0.019378281677704744,0.7777777777777778,0.2696629213483146,0.09510869565217392
1,T21,xgb_inner_oof,0.019391692855795152,0.7777777777777778,0.27191011235955054,0.09536784741144415
1,T21,xgb_inner_oof,0.01941198314153464,0.7777777777777778,0.27640449438202247,0.0958904109589041
1,T21,xgb_inner_oof,0.019438915886052698,0.7777777777777778,0.2808988764044944,0.09641873278236915
1,T21,xgb_inner_oof,0.01945252718680853,0.7777777777777778,0.2853932584269663,0.09695290858725762
1,T21,xgb_inner_oof,0.019479388594967288,0.7777777777777778,0.2898876404494382,0.09749303621169916
1,T21,xgb_inner_oof,0.01949298662952545,0.7777777777777778,0.2943820224719101,0.09803921568627451
1,T21,xgb_inner_oof,0.019497684550829675,0.7777777777777778,0.2966292134831461,0.09831460674157304
1,T21,xgb_inner_oof,0.019501726151820775,0.7777777777777778,0.30112359550561796,0.09887005649717515
1,T21,xgb_inner_oof,0.01952078768353007,0.7777777777777778,0.3056179775280899,0.09943181818181818
1,T21,xgb_inner_oof,0.019532722042863885,0.7777777777777778,0.3101123595505618,0.1
1,T21,xgb_inner_oof,0.019541780779159294,0.7777777777777778,0.3146067415730337,0.10057471264367816
1,T21,xgb_inner_oof,0.019559699020503793,0.7777777777777778,0.31910112359550563,0.10115606936416185
1,T21,xgb_inner_oof,0.01957166779983002,0.7777777777777778,0.32134831460674157,0.10144927536231885
1,T21,xgb_inner_oof,0.01958098671512566,0.7777777777777778,0.3258426966292135,0.10204081632653061
1,T21,xgb_inner_oof,0.01959993800453947,0.7777777777777778,0.3303370786516854,0.10263929618768329
1,T21,xgb_inner_oof,0.01960354152230414,0.7777777777777778,0.3348314606741573,0.10324483775811209
1,T21,xgb_inner_oof,0.019624009652718606,0.7777777777777778,0.3393258426966292,0.10385756676557864
1,T21,xgb_inner_oof,0.01962524214518072,0.7777777777777778,0.3415730337078652,0.10416666666666667
1,T21,xgb_inner_oof,0.019630284265967524,0.7777777777777778,0.34606741573033706,0.10479041916167664
1,T21,xgb_inner_oof,0.01963857284885732,0.6666666666666666,0.34831460674157305,0.09036144578313253
1,T21,xgb_inner_oof,0.019648092103251823,0.6666666666666666,0.35280898876404493,0.09090909090909091
1,T21,xgb_inner_oof,0.019654117645481937,0.6666666666666666,0.35730337078651686,0.09146341463414634
1,T21,xgb_inner_oof,0.019659696006401738,0.6666666666666666,0.36179775280898874,0.09202453987730061
1,T21,xgb_inner_oof,0.01966284159558414,0.6666666666666666,0.36404494382022473,0.09230769230769231
1,T21,xgb_inner_oof,0.019667249005917625,0.6666666666666666,0.3685393258426966,0.09287925696594428
1,T21,xgb_inner_oof,0.01967556573131341,0.6666666666666666,0.37303370786516854,0.09345794392523364
1,T21,xgb_inner_oof,0.019680662638197968,0.6666666666666666,0.3775280898876405,0.09404388714733543
1,T21,xgb_inner_oof,0.01968533778936496,0.6666666666666666,0.38202247191011235,0.0946372239747634
1,T21,xgb_inner_oof,0.019694633615656456,0.6666666666666666,0.3865168539325843,0.09523809523809523
1,T21,xgb_inner_oof,0.019704268634307923,0.6666666666666666,0.3887640449438202,0.09554140127388536
1,T21,xgb_inner_oof,0.019715964869422117,0.6666666666666666,0.39325842696629215,0.09615384615384616
1,T21,xgb_inner_oof,0.01972578868434778,0.6666666666666666,0.39775280898876403,0.0967741935483871
1,T21,xgb_inner_oof,0.019734642434725076,0.6666666666666666,0.40224719101123596,0.09740259740259741
1,T21,xgb_inner_oof,0.01974342926250806,0.6666666666666666,0.4067415730337079,0.09803921568627451
1,T21,xgb_inner_oof,0.019747523909756176,0.6666666666666666,0.40898876404494383,0.09836065573770492
1,T21,xgb_inner_oof,0.01976530293927028,0.6666666666666666,0.4134831460674157,0.09900990099009901
1,T21,xgb_inner_oof,0.019781573715146862,0.6666666666666666,0.41797752808988764,0.09966777408637874
1,T21,xgb_inner_oof,0.019808819321390413,0.6666666666666666,0.42247191011235957,0.10033444816053512
1,T21,xgb_inner_oof,0.019815920648448084,0.6666666666666666,0.42696629213483145,0.10101010101010101
1,T21,xgb_inner_oof,0.019821926602500727,0.6666666666666666,0.4314606741573034,0.1016949152542373
1,T21,xgb_inner_oof,0.019825103979324417,0.6666666666666666,0.4337078651685393,0.10204081632653061
1,T21,xgb_inner_oof,0.019828025617688344,0.6666666666666666,0.43820224719101125,0.10273972602739725
1,T21,xgb_inner_oof,0.01983790664362359,0.6666666666666666,0.44269662921348313,0.10344827586206896
1,T21,xgb_inner_oof,0.019849517084353625,0.6666666666666666,0.44719101123595506,0.10416666666666667
1,T21,xgb_inner_oof,0.019863296722125983,0.6666666666666666,0.451685393258427,0.1048951048951049
1,T21,xgb_inner_oof,0.019872400268990523,0.6666666666666666,0.45617977528089887,0.1056338028169014
1,T21,xgb_inner_oof,0.019877029567676355,0.6666666666666666,0.4584269662921348,0.10600706713780919
1,T21,xgb_inner_oof,0.019887770286512098,0.6666666666666666,0.46292134831460674,0.10676156583629894
1,T21,xgb_inner_oof,0.019892607716170303,0.6666666666666666,0.46741573033707867,0.10752688172043011
1,T21,xgb_inner_oof,0.019895828069693026,0.5555555555555556,0.4696629213483146,0.09025270758122744
1,T21,xgb_inner_oof,0.01990003834572264,0.5555555555555556,0.47415730337078654,0.09090909090909091
1,T21,xgb_inner_oof,0.01990472068240621,0.5555555555555556,0.4764044943820225,0.09124087591240876
1,T21,xgb_inner_oof,0.01991021540426114,0.5555555555555556,0.48089887640449436,0.09191176470588236
1,T21,xgb_inner_oof,0.019922022397468195,0.5555555555555556,0.4853932584269663,0.09259259259259259
1,T21,xgb_inner_oof,0.019923909730902654,0.5555555555555556,0.4898876404494382,0.09328358208955224
1,T21,xgb_inner_oof,0.01992953696836415,0.5555555555555556,0.4943820224719101,0.09398496240601503
1,T21,xgb_inner_oof,0.019932300181303143,0.5555555555555556,0.49887640449438203,0.0946969696969697
1,T21,xgb_inner_oof,0.019936825692648576,0.5555555555555556,0.501123595505618,0.09505703422053231
1,T21,xgb_inner_oof,0.019942012934967324,0.5555555555555556,0.5056179775280899,0.09578544061302682
1,T21,xgb_inner_oof,0.019952205445579095,0.4444444444444444,0.5078651685393258,0.07722007722007722
1,T21,xgb_inner_oof,0.019954781323369496,0.4444444444444444,0.5123595505617977,0.07782101167315175
1,T21,xgb_inner_oof,0.01995892267073092,0.4444444444444444,0.5168539325842697,0.0784313725490196
1,T21,xgb_inner_oof,0.019965741728660523,0.4444444444444444,0.5213483146067416,0.07905138339920949
1,T21,xgb_inner_oof,0.019971868990176056,0.4444444444444444,0.5235955056179775,0.07936507936507936
1,T21,xgb_inner_oof,0.019975569670410316,0.4444444444444444,0.5280898876404494,0.08
1,T21,xgb_inner_oof,0.019978422268231957,0.4444444444444444,0.5325842696629214,0.08064516129032258
1,T21,xgb_inner_oof,0.01998921217795791,0.4444444444444444,0.5370786516853933,0.08130081300813008
1,T21,xgb_inner_oof,0.019996377795850243,0.4444444444444444,0.5415730337078651,0.08196721311475409
1,T21,xgb_inner_oof,0.02000015390508676,0.4444444444444444,0.5438202247191011,0.0823045267489712
1,T21,xgb_inner_oof,0.020005529246314546,0.3333333333333333,0.5460674157303371,0.06224066390041494
1,T21,xgb_inner_oof,0.020029626788396884,0.3333333333333333,0.550561797752809,0.06276150627615062
1,T21,xgb_inner_oof,0.0200517618510425,0.3333333333333333,0.5550561797752809,0.06329113924050633
1,T21,xgb_inner_oof,0.020069733698623297,0.3333333333333333,0.5595505617977528,0.06382978723404255
1,T21,xgb_inner_oof,0.020072375467806332,0.3333333333333333,0.5640449438202247,0.06437768240343347
1,T21,xgb_inner_oof,0.020076082250155503,0.3333333333333333,0.5662921348314607,0.06465517241379311
1,T21,xgb_inner_oof,0.020081247877307494,0.3333333333333333,0.5707865168539326,0.06521739130434782
1,T21,xgb_inner_oof,0.020087582275847976,0.3333333333333333,0.5752808988764045,0.06578947368421052
1,T21,xgb_inner_oof,0.020095253449587673,0.3333333333333333,0.5797752808988764,0.06637168141592921
1,T21,xgb_inner_oof,0.020105098400025775,0.3333333333333333,0.5842696629213483,0.06696428571428571
1,T21,xgb_inner_oof,0.0201198300590877,0.3333333333333333,0.5887640449438202,0.06756756756756757
1,T21,xgb_inner_oof,0.020127658213816207,0.3333333333333333,0.5910112359550562,0.06787330316742081
1,T21,xgb_inner_oof,0.020135860499967306,0.3333333333333333,0.5955056179775281,0.0684931506849315
1,T21,xgb_inner_oof,0.020142791311019086,0.3333333333333333,0.6,0.06912442396313365
1,T21,xgb_inner_oof,0.020148491339168198,0.3333333333333333,0.604494382022472,0.06976744186046512
1,T21,xgb_inner_oof,0.020151045072850458,0.3333333333333333,0.6089887640449438,0.07042253521126761
1,T21,xgb_inner_oof,0.02015975638744784,0.3333333333333333,0.6112359550561798,0.07075471698113207
1,T21,xgb_inner_oof,0.020172295718807853,0.3333333333333333,0.6157303370786517,0.07142857142857142
1,T21,xgb_inner_oof,0.020176406369902047,0.3333333333333333,0.6202247191011236,0.07211538461538461
1,T21,xgb_inner_oof,0.02019043152167025,0.3333333333333333,0.6247191011235955,0.07281553398058252
1,T21,xgb_inner_oof,0.020196962705950238,0.3333333333333333,0.6292134831460674,0.07352941176470588
1,T21,xgb_inner_oof,0.020199070934265234,0.3333333333333333,0.6337078651685393,0.07425742574257425
1,T21,xgb_inner_oof,0.020201149018539755,0.3333333333333333,0.6359550561797753,0.07462686567164178
1,T21,xgb_inner_oof,0.02021216354772357,0.3333333333333333,0.6404494382022472,0.07537688442211055
1,T21,xgb_inner_oof,0.020216597541110777,0.3333333333333333,0.6449438202247191,0.07614213197969544
1,T21,xgb_inner_oof,0.0202234075691538,0.3333333333333333,0.6494382022471911,0.07692307692307693
1,T21,xgb_inner_oof,0.020227153794727143,0.3333333333333333,0.6539325842696629,0.07772020725388601
1,T21,xgb_inner_oof,0.02023825252802655,0.3333333333333333,0.6584269662921348,0.07853403141361257
1,T21,xgb_inner_oof,0.020244162124434216,0.3333333333333333,0.6606741573033708,0.07894736842105263
1,T21,xgb_inner_oof,0.020251119472968905,0.3333333333333333,0.6651685393258427,0.0797872340425532
1,T21,xgb_inner_oof,0.020264728825426896,0.3333333333333333,0.6696629213483146,0.08064516129032258
1,T21,xgb_inner_oof,0.0202802316504063,0.3333333333333333,0.6741573033707865,0.08152173913043478
1,T21,xgb_inner_oof,0.020286337024278234,0.3333333333333333,0.6786516853932584,0.08241758241758242
1,T21,xgb_inner_oof,0.020289236871546247,0.3333333333333333,0.6808988764044944,0.08287292817679558
1,T21,xgb_inner_oof,0.020295429748951932,0.3333333333333333,0.6853932584269663,0.08379888268156424
1,T21,xgb_inner_oof,0.020302119122698997,0.3333333333333333,0.6898876404494382,0.0847457627118644
1,T21,xgb_inner_oof,0.020305884545724642,0.3333333333333333,0.6943820224719102,0.08571428571428572
1,T21,xgb_inner_oof,0.020308535116318433,0.3333333333333333,0.698876404494382,0.08670520231213873
1,T21,xgb_inner_oof,0.020314307081179088,0.3333333333333333,0.7033707865168539,0.08771929824561403
1,T21,xgb_inner_oof,0.020322521430322853,0.3333333333333333,0.7056179775280899,0.08823529411764706
1,T21,xgb_inner_oof,0.02033126855655032,0.3333333333333333,0.7101123595505618,0.08928571428571429
1,T21,xgb_inner_oof,0.02033417434309884,0.3333333333333333,0.7146067415730337,0.09036144578313253
1,T21,xgb_inner_oof,0.020339648524393794,0.2222222222222222,0.7168539325842697,0.06097560975609756
1,T21,xgb_inner_oof,0.02034626915913057,0.2222222222222222,0.7213483146067415,0.06172839506172839
1,T21,xgb_inner_oof,0.020347606015473363,0.2222222222222222,0.7258426966292135,0.0625
1,T21,xgb_inner_oof,0.020349853816545572,0.2222222222222222,0.7280898876404495,0.06289308176100629
1,T21,xgb_inner_oof,0.02036194956964133,0.2222222222222222,0.7325842696629213,0.06369426751592357
1,T21,xgb_inner_oof,0.020373160086092714,0.2222222222222222,0.7370786516853932,0.06451612903225806
1,T21,xgb_inner_oof,0.02038633651269634,0.2222222222222222,0.7415730337078652,0.06535947712418301
1,T21,xgb_inner_oof,0.020395068677861256,0.2222222222222222,0.7460674157303371,0.06622516556291391
1,T21,xgb_inner_oof,0.02039650389083781,0.2222222222222222,0.748314606741573,0.06666666666666667
1,T21,xgb_inner_oof,0.020399483026163324,0.2222222222222222,0.7528089887640449,0.06756756756756757
1,T21,xgb_inner_oof,0.02041175108357025,0.2222222222222222,0.7573033707865169,0.0684931506849315
1,T21,xgb_inner_oof,0.02041575184358778,0.2222222222222222,0.7617977528089888,0.06944444444444445
1,T21,xgb_inner_oof,0.02042266239177396,0.2222222222222222,0.7662921348314606,0.07042253521126761
1,T21,xgb_inner_oof,0.02043113728622363,0.2222222222222222,0.7707865168539326,0.07142857142857142
1,T21,xgb_inner_oof,0.02043523569362607,0.2222222222222222,0.7730337078651686,0.07194244604316546
1,T21,xgb_inner_oof,0.020438216827748868,0.2222222222222222,0.7775280898876404,0.072992700729927
1,T21,xgb_inner_oof,0.02044490421904645,0.2222222222222222,0.7820224719101123,0.07407407407407407
1,T21,xgb_inner_oof,0.020449234594296477,0.2222222222222222,0.7865168539325843,0.07518796992481203
1,T21,xgb_inner_oof,0.020468644911621606,0.1111111111111111,0.7887640449438202,0.03816793893129771
1,T21,xgb_inner_oof,0.020482791302389426,0.1111111111111111,0.7932584269662921,0.03875968992248062
1,T21,xgb_inner_oof,0.020488360249295342,0.1111111111111111,0.7955056179775281,0.0390625
1,T21,xgb_inner_oof,0.020491590098853714,0.1111111111111111,0.8,0.03968253968253968
1,T21,xgb_inner_oof,0.020499261707890924,0.1111111111111111,0.8044943820224719,0.04032258064516129
1,T21,xgb_inner_oof,0.020510708980162308,0.1111111111111111,0.8089887640449438,0.040983606557377046
1,T21,xgb_inner_oof,0.020515971528978397,0.1111111111111111,0.8134831460674158,0.041666666666666664
1,T21,xgb_inner_oof,0.02051782869558835,0.1111111111111111,0.8157303370786517,0.04201680672268908
1,T21,xgb_inner_oof,0.020522698992100942,0.1111111111111111,0.8202247191011236,0.042735042735042736
1,T21,xgb_inner_oof,0.020532553822004324,0.1111111111111111,0.8247191011235955,0.043478260869565216
1,T21,xgb_inner_oof,0.020539076040009492,0.1111111111111111,0.8292134831460675,0.04424778761061947
1,T21,xgb_inner_oof,0.020551305624820205,0.1111111111111111,0.8337078651685393,0.04504504504504504
1,T21,xgb_inner_oof,0.020575275671693698,0.1111111111111111,0.8382022471910112,0.045871559633027525
1,T21,xgb_inner_oof,0.02059006024346912,0.1111111111111111,0.8404494382022472,0.046296296296296294
1,T21,xgb_inner_oof,0.020603207100118263,0.1111111111111111,0.8449438202247191,0.04716981132075472
1,T21,xgb_inner_oof,0.020606225544076012,0.1111111111111111,0.849438202247191,0.04807692307692308
1,T21,xgb_inner_oof,0.020615572830550065,0.1111111111111111,0.8539325842696629,0.049019607843137254
1,T21,xgb_inner_oof,0.020621860934197274,0.1111111111111111,0.8584269662921349,0.05
1,T21,xgb_inner_oof,0.020640146646489152,0.1111111111111111,0.8629213483146068,0.05102040816326531
1,T21,xgb_inner_oof,0.0206487368997715,0.1111111111111111,0.8651685393258427,0.05154639175257732
1,T21,xgb_inner_oof,0.020652502513355493,0.1111111111111111,0.8696629213483146,0.05263157894736842
1,T21,xgb_inner_oof,0.020655548405177297,0.1111111111111111,0.8741573033707866,0.053763440860215055
1,T21,xgb_inner_oof,0.02065682664801692,0.1111111111111111,0.8786516853932584,0.054945054945054944
1,T21,xgb_inner_oof,0.020663360724902855,0.1111111111111111,0.8831460674157303,0.056179775280898875
1,T21,xgb_inner_oof,0.020672734010230974,0.1111111111111111,0.8853932584269663,0.056818181818181816
1,T21,xgb_inner_oof,0.020684918424437575,0.1111111111111111,0.8898876404494382,0.05813953488372093
1,T21,xgb_inner_oof,0.020687874456321212,0.1111111111111111,0.8943820224719101,0.05952380952380952
1,T21,xgb_inner_oof,0.02069313920209504,0.1111111111111111,0.898876404494382,0.06097560975609756
1,T21,xgb_inner_oof,0.020714016032304376,0.1111111111111111,0.903370786516854,0.0625
1,T21,xgb_inner_oof,0.020731426418100544,0.1111111111111111,0.9078651685393259,0.0641025641025641
1,T21,xgb_inner_oof,0.020736598471251665,0.1111111111111111,0.9101123595505618,0.06493506493506493
1,T21,xgb_inner_oof,0.020742006239151792,0.1111111111111111,0.9146067415730337,0.06666666666666667
1,T21,xgb_inner_oof,0.020772090948633297,0.1111111111111111,0.9191011235955057,0.0684931506849315
1,T21,xgb_inner_oof,0.020780740796532332,0.1111111111111111,0.9235955056179775,0.07042253521126761
1,T21,xgb_inner_oof,0.02079126621849735,0.1111111111111111,0.9280898876404494,0.07246376811594203
1,T21,xgb_inner_oof,0.02080068015264011,0.1111111111111111,0.9325842696629213,0.07462686567164178
1,T21,xgb_inner_oof,0.020805486514470103,0.1111111111111111,0.9348314606741573,0.07575757575757576
1,T21,xgb_inner_oof,0.0208117756072495,0.1111111111111111,0.9393258426966292,0.078125
1,T21,xgb_inner_oof,0.020815780029852553,0.1111111111111111,0.9438202247191011,0.08064516129032258
1,T21,xgb_inner_oof,0.020829004413955313,0.1111111111111111,0.9483146067415731,0.08333333333333333
1,T21,xgb_inner_oof,0.020844221181766924,0.1111111111111111,0.952808988764045,0.08620689655172414
1,T21,xgb_inner_oof,0.020850242033154776,0.1111111111111111,0.9550561797752809,0.08771929824561403
1,T21,xgb_inner_oof,0.020865148223045513,0.1111111111111111,0.9595505617977528,0.09090909090909091
1,T21,xgb_inner_oof,0.020867506259651343,0.1111111111111111,0.9640449438202248,0.09433962264150944
1,T21,xgb_inner_oof,0.020878067410035294,0.1111111111111111,0.9685393258426966,0.09803921568627451
1,T21,xgb_inner_oof,0.020888242269483565,0.1111111111111111,0.9730337078651685,0.10204081632653061
1,T21,xgb_inner_oof,0.020907394964851125,0.0,0.9752808988764045,0.0
1,T21,xgb_inner_oof,0.020923670265309245,0.0,0.9775280898876404,0.0
1,T21,xgb_inner_oof,0.020981826914749268,0.0,0.9820224719101124,0.0
1,T21,xgb_inner_oof,0.02099692396772422,0.0,0.9865168539325843,0.0
1,T21,xgb_inner_oof,0.021026465357003022,0.0,0.9910112359550561,0.0
1,T21,xgb_inner_oof,0.021065306869752727,0.0,0.9955056179775281,0.0
1,T21,xgb_inner_oof,0.021094282655933504,0.0,1.0,0.0
1,any,xgb_inner_oof,0.011614049570428468,1.0,0.0,0.3715170278637771
1,any,xgb_inner_oof,0.011629679993619578,1.0,0.0024630541871921183,0.37209302325581395
1,any,xgb_inner_oof,0.016903908316182457,1.0,0.007389162561576354,0.37325038880248834
1,any,xgb_inner_oof,0.01837077628846844,1.0,0.014778325123152709,0.375
1,any,xgb_inner_oof,0.019157537350540488,1.0,0.019704433497536946,0.3761755485893417
1,any,xgb_inner_oof,0.01945015186357891,1.0,0.022167487684729065,0.37676609105180536
1,any,xgb_inner_oof,0.02027865036311973,1.0,0.027093596059113302,0.3779527559055118
1,any,xgb_inner_oof,0.021267588757571745,1.0,0.03201970443349754,0.3791469194312796
1,any,xgb_inner_oof,0.021943173785416055,1.0,0.03940886699507389,0.38095238095238093
1,any,xgb_inner_oof,0.022903099827592387,1.0,0.04187192118226601,0.3815580286168522
1,any,xgb_inner_oof,0.024003472782675922,1.0,0.046798029556650245,0.3827751196172249
1,any,xgb_inner_oof,0.024366673297791387,1.0,0.05172413793103448,0.384
1,any,xgb_inner_oof,0.024811954053278566,1.0,0.05665024630541872,0.3852327447833066
1,any,xgb_inner_oof,0.02489581017194708,1.0,0.059113300492610835,0.3858520900321543
1,any,xgb_inner_oof,0.025096623121605637,1.0,0.06403940886699508,0.3870967741935484
1,any,xgb_inner_oof,0.02527388868285847,0.9791666666666666,0.0665024630541872,0.3802588996763754
1,any,xgb_inner_oof,0.025807646921199346,0.9791666666666666,0.07142857142857142,0.3814935064935065
1,any,xgb_inner_oof,0.026118605028386685,0.9791666666666666,0.07389162561576355,0.3821138211382114
1,any,xgb_inner_oof,0.026547378097471156,0.9583333333333334,0.07635467980295567,0.37520391517128876
1,any,xgb_inner_oof,0.0269593476327881,0.9583333333333334,0.0812807881773399,0.37643207855973815
1,any,xgb_inner_oof,0.027389462245065714,0.9583333333333334,0.08620689655172414,0.37766830870279144
1,any,xgb_inner_oof,0.027775976125130167,0.9375,0.08866995073891626,0.37067545304777594
1,any,xgb_inner_oof,0.02816658322689058,0.9375,0.09113300492610837,0.3712871287128713
1,any,xgb_inner_oof,0.028662458453442903,0.9375,0.0960591133004926,0.37251655629139074
1,any,xgb_inner_oof,0.02895007184672457,0.9375,0.10098522167487685,0.37375415282392027
1,any,xgb_inner_oof,0.02945637461573619,0.9375,0.10591133004926108,0.375
1,any,xgb_inner_oof,0.029820096881159885,0.9375,0.10837438423645321,0.3756260434056761
1,any,xgb_inner_oof,0.03028149211542041,0.9375,0.11576354679802955,0.3775167785234899
1,any,xgb_inner_oof,0.030614838191710354,0.9375,0.12315270935960591,0.3794266441821248
1,any,xgb_inner_oof,0.031019382847674512,0.9375,0.12807881773399016,0.38071065989847713
1,any,xgb_inner_oof,0.03139252839274101,0.9375,0.13054187192118227,0.3813559322033898
1,any,xgb_inner_oof,0.03171824441824714,0.9166666666666666,0.1330049261083744,0.3741496598639456
1,any,xgb_inner_oof,0.032076503692942133,0.9166666666666666,0.13793103448275862,0.37542662116040953
1,any,xgb_inner_oof,0.03216518233530147,0.9166666666666666,0.14285714285714285,0.3767123287671233
1,any,xgb_inner_oof,0.0323756836175496,0.9166666666666666,0.14532019704433496,0.37735849056603776
1,any,xgb_inner_oof,0.0327693161316962,0.9166666666666666,0.15024630541871922,0.37865748709122204
1,any,xgb_inner_oof,0.03373376735606895,0.9166666666666666,0.15517241379310345,0.3799654576856649
1,any,xgb_inner_oof,0.03403450152676028,0.9166666666666666,0.16009852216748768,0.38128249566724437
1,any,xgb_inner_oof,0.03439154591257762,0.9166666666666666,0.1625615763546798,0.3819444444444444
1,any,xgb_inner_oof,0.034843585379208133,0.9166666666666666,0.16748768472906403,0.3832752613240418
1,any,xgb_inner_oof,0.035385195325889136,0.9166666666666666,0.1724137931034483,0.38461538461538464
1,any,xgb_inner_oof,0.03569691349046128,0.9166666666666666,0.17980295566502463,0.3866432337434095
1,any,xgb_inner_oof,0.03594317583206191,0.9166666666666666,0.18472906403940886,0.3880070546737213
1,any,xgb_inner_oof,0.03594885763317218,0.9166666666666666,0.18719211822660098,0.38869257950530034
1,any,xgb_inner_oof,0.036117047162872694,0.9166666666666666,0.1921182266009852,0.3900709219858156
1,any,xgb_inner_oof,0.03625279025551356,0.9166666666666666,0.19704433497536947,0.3914590747330961
1,any,xgb_inner_oof,0.036427667588411185,0.9166666666666666,0.2019704433497537,0.39285714285714285
1,any,xgb_inner_oof,0.036622332648026085,0.9166666666666666,0.2044334975369458,0.3935599284436494
1,any,xgb_inner_oof,0.03688794083226279,0.8958333333333334,0.20689655172413793,0.3859964093357271
1,any,xgb_inner_oof,0.03728029903751311,0.8958333333333334,0.21182266009852216,0.38738738738738737
1,any,xgb_inner_oof,0.037439940820286136,0.8958333333333334,0.21674876847290642,0.3887884267631103
1,any,xgb_inner_oof,0.03757438463168912,0.8958333333333334,0.21921182266009853,0.3894927536231884
1,any,xgb_inner_oof,0.03794853279906038,0.8958333333333334,0.22413793103448276,0.39090909090909093
1,any,xgb_inner_oof,0.03856801960614173,0.8958333333333334,0.229064039408867,0.39233576642335766
1,any,xgb_inner_oof,0.03928101216902671,0.8958333333333334,0.23645320197044334,0.3944954128440367
1,any,xgb_inner_oof,0.03955487163776089,0.8958333333333334,0.23891625615763548,0.3952205882352941
1,any,xgb_inner_oof,0.039919957853640886,0.8958333333333334,0.2438423645320197,0.3966789667896679
1,any,xgb_inner_oof,0.04047089999772921,0.8958333333333334,0.24876847290640394,0.39814814814814814
1,any,xgb_inner_oof,0.040643635253366756,0.8958333333333334,0.2536945812807882,0.3996282527881041
1,any,xgb_inner_oof,0.04104547874813433,0.8958333333333334,0.25862068965517243,0.40111940298507465
1,any,xgb_inner_oof,0.04115614904343651,0.8958333333333334,0.26108374384236455,0.40186915887850466
1,any,xgb_inner_oof,0.0413404975252535,0.8958333333333334,0.2660098522167488,0.40337711069418386
1,any,xgb_inner_oof,0.04190263704103367,0.8958333333333334,0.270935960591133,0.4048964218455744
1,any,xgb_inner_oof,0.04201853481828417,0.8958333333333334,0.28078817733990147,0.4079696394686907
1,any,xgb_inner_oof,0.04207576505379515,0.8958333333333334,0.2832512315270936,0.40874524714828897
1,any,xgb_inner_oof,0.042364997527175076,0.8958333333333334,0.2881773399014778,0.41030534351145037
1,any,xgb_inner_oof,0.04276724291264236,0.8958333333333334,0.29310344827586204,0.4118773946360153
1,any,xgb_inner_oof,0.04294418527770608,0.8958333333333334,0.29802955665024633,0.41346153846153844
1,any,xgb_inner_oof,0.043030743678771896,0.8958333333333334,0.30049261083743845,0.4142581888246628
1,any,xgb_inner_oof,0.04323189907764384,0.8958333333333334,0.3054187192118227,0.4158607350096712
1,any,xgb_inner_oof,0.04407335611571904,0.8958333333333334,0.312807881773399,0.4182879377431907
1,any,xgb_inner_oof,0.04487093169726818,0.8958333333333334,0.31773399014778325,0.419921875
1,any,xgb_inner_oof,0.04519969084987037,0.8958333333333334,0.32019704433497537,0.4207436399217221
1,any,xgb_inner_oof,0.04565011917154975,0.8958333333333334,0.3251231527093596,0.4223968565815324
1,any,xgb_inner_oof,0.045837278534095804,0.875,0.3275862068965517,0.41420118343195267
1,any,xgb_inner_oof,0.04609683700018137,0.875,0.3374384236453202,0.41749502982107356
1,any,xgb_inner_oof,0.04657883993210024,0.875,0.34236453201970446,0.41916167664670656
1,any,xgb_inner_oof,0.04725950960256174,0.875,0.3472906403940887,0.42084168336673344
1,any,xgb_inner_oof,0.04773605327324107,0.875,0.3522167487684729,0.4225352112676056
1,any,xgb_inner_oof,0.04844571075458474,0.875,0.35714285714285715,0.42424242424242425
1,any,xgb_inner_oof,0.04902079896346523,0.875,0.3645320197044335,0.4268292682926829
1,any,xgb_inner_oof,0.0492067315279944,0.875,0.3669950738916256,0.42769857433808556
1,any,xgb_inner_oof,0.049656795922795545,0.875,0.37192118226600984,0.4294478527607362
1,any,xgb_inner_oof,0.04998759675426677,0.875,0.3768472906403941,0.43121149897330596
1,any,xgb_inner_oof,0.050254267525365305,0.875,0.3842364532019704,0.43388429752066116
1,any,xgb_inner_oof,0.0503544655090495,0.875,0.3866995073891626,0.43478260869565216
1,any,xgb_inner_oof,0.0507146122875235,0.875,0.3916256157635468,0.4365904365904366
1,any,xgb_inner_oof,0.051160411796466174,0.875,0.39655172413793105,0.4384133611691023
1,any,xgb_inner_oof,0.0524421363464789,0.875,0.4014778325123153,0.44025157232704404
1,any,xgb_inner_oof,0.05354684389146147,0.875,0.4039408866995074,0.4411764705882353
1,any,xgb_inner_oof,0.05415589215197531,0.875,0.4088669950738916,0.4430379746835443
1,any,xgb_inner_oof,0.05457051374620163,0.875,0.41379310344827586,0.4449152542372881
1,any,xgb_inner_oof,0.05477108375258863,0.875,0.4187192118226601,0.44680851063829785
1,any,xgb_inner_oof,0.05536127029901636,0.875,0.4211822660098522,0.44776119402985076
1,any,xgb_inner_oof,0.0560472372887867,0.875,0.42610837438423643,0.44967880085653106
1,any,xgb_inner_oof,0.05658971988085738,0.875,0.43103448275862066,0.45161290322580644
1,any,xgb_inner_oof,0.05734185059354931,0.875,0.43596059113300495,0.4535637149028078
1,any,xgb_inner_oof,0.057897357569847235,0.875,0.4408866995073892,0.455531453362256
1,any,xgb_inner_oof,0.058468376192962114,0.875,0.4433497536945813,0.45652173913043476
1,any,xgb_inner_oof,0.059038601770234386,0.8541666666666666,0.4458128078817734,0.44759825327510916
1,any,xgb_inner_oof,0.05953901333592093,0.8541666666666666,0.45073891625615764,0.44956140350877194
1,any,xgb_inner_oof,0.06078702487656736,0.8541666666666666,0.45566502463054187,0.45154185022026433
1,any,xgb_inner_oof,0.0612675851411022,0.8541666666666666,0.458128078817734,0.45253863134657835
1,any,xgb_inner_oof,0.06164054992522215,0.8541666666666666,0.4630541871921182,0.45454545454545453
1,any,xgb_inner_oof,0.06230413767901018,0.8541666666666666,0.46798029556650245,0.45657015590200445
1,any,xgb_inner_oof,0.06277355554685074,0.8541666666666666,0.4729064039408867,0.45861297539149887
1,any,xgb_inner_oof,0.06327273284459768,0.8541666666666666,0.4753694581280788,0.45964125560538116
1,any,xgb_inner_oof,0.06381265629099375,0.8541666666666666,0.4802955665024631,0.4617117117117117
1,any,xgb_inner_oof,0.06431681484234619,0.8541666666666666,0.4852216748768473,0.4638009049773756
1,any,xgb_inner_oof,0.06530835657123826,0.8541666666666666,0.49014778325123154,0.4659090909090909
1,any,xgb_inner_oof,0.06564598902076763,0.8333333333333334,0.49014778325123154,0.45558086560364464
1,any,xgb_inner_oof,0.06608199335486616,0.8333333333333334,0.49507389162561577,0.4576659038901602
1,any,xgb_inner_oof,0.06623767408539863,0.8333333333333334,0.5,0.45977011494252873
1,any,xgb_inner_oof,0.06683097804053537,0.8125,0.5024630541871922,0.4503464203233256
1,any,xgb_inner_oof,0.06725304765217832,0.8125,0.5049261083743842,0.4513888888888889
1,any,xgb_inner_oof,0.06756023039111017,0.8125,0.5098522167487685,0.45348837209302323
1,any,xgb_inner_oof,0.06802893391481114,0.8125,0.5147783251231527,0.45560747663551404
1,any,xgb_inner_oof,0.06875780833012102,0.8125,0.5197044334975369,0.45774647887323944
1,any,xgb_inner_oof,0.06976878572845796,0.8125,0.5246305418719212,0.45990566037735847
1,any,xgb_inner_oof,0.07008818923970384,0.7916666666666666,0.5246305418719212,0.4491725768321513
1,any,xgb_inner_oof,0.07067133765291767,0.7916666666666666,0.5295566502463054,0.4513064133016627
1,any,xgb_inner_oof,0.07127788525906706,0.7708333333333334,0.5320197044334976,0.441527446300716
1,any,xgb_inner_oof,0.07181315634149209,0.7708333333333334,0.5369458128078818,0.44364508393285373
1,any,xgb_inner_oof,0.07187722200830818,0.7708333333333334,0.5394088669950738,0.44471153846153844
1,any,xgb_inner_oof,0.07198541665820389,0.7708333333333334,0.5443349753694581,0.4468599033816425
1,any,xgb_inner_oof,0.07248937147897741,0.7708333333333334,0.5492610837438424,0.44902912621359226
1,any,xgb_inner_oof,0.07278290748098562,0.7708333333333334,0.5541871921182266,0.45121951219512196
1,any,xgb_inner_oof,0.07305486238080186,0.7708333333333334,0.5566502463054187,0.45232273838630804
1,any,xgb_inner_oof,0.07366153507300145,0.7708333333333334,0.5615763546798029,0.45454545454545453
1,any,xgb_inner_oof,0.07646551918849523,0.7708333333333334,0.5665024630541872,0.4567901234567901
1,any,xgb_inner_oof,0.07697935781889395,0.75,0.5689655172413793,0.4466501240694789
1,any,xgb_inner_oof,0.07706384564036711,0.75,0.5714285714285714,0.44776119402985076
1,any,xgb_inner_oof,0.07801959958150002,0.75,0.5763546798029556,0.45
1,any,xgb_inner_oof,0.07940135614753302,0.75,0.5812807881773399,0.45226130653266333
1,any,xgb_inner_oof,0.07988242952382243,0.7291666666666666,0.583743842364532,0.44191919191919193
1,any,xgb_inner_oof,0.08101568569403472,0.7291666666666666,0.5886699507389163,0.44416243654822335
1,any,xgb_inner_oof,0.0812178750304105,0.7291666666666666,0.5911330049261084,0.44529262086513993
1,any,xgb_inner_oof,0.08214268718811335,0.7291666666666666,0.5960591133004927,0.4475703324808184
1,any,xgb_inner_oof,0.08274896519910138,0.6875,0.5960591133004927,0.4241645244215938
1,any,xgb_inner_oof,0.08362362219568134,0.6875,0.6009852216748769,0.4263565891472868
1,any,xgb_inner_oof,0.08413660819215633,0.6875,0.603448275862069,0.4274611398963731
1,any,xgb_inner_oof,0.08501788040733693,0.6875,0.6083743842364532,0.4296875
1,any,xgb_inner_oof,0.087172530221213,0.6875,0.6133004926108374,0.4319371727748691
1,any,xgb_inner_oof,0.08856711273083262,0.6875,0.6182266009852216,0.4342105263157895
1,any,xgb_inner_oof,0.08978054532427204,0.6875,0.6206896551724138,0.43535620052770446
1,any,xgb_inner_oof,0.09138178121101839,0.6875,0.625615763546798,0.4376657824933687
1,any,xgb_inner_oof,0.09329000099008618,0.6875,0.6305418719211823,0.44
1,any,xgb_inner_oof,0.09490233473021871,0.6875,0.6354679802955665,0.44235924932975873
1,any,xgb_inner_oof,0.09521098712591378,0.6875,0.6379310344827587,0.4435483870967742
1,any,xgb_inner_oof,0.09586175655379708,0.6875,0.6428571428571429,0.44594594594594594
1,any,xgb_inner_oof,0.09655710634177306,0.6875,0.6477832512315271,0.4483695652173913
1,any,xgb_inner_oof,0.09744066533638018,0.6875,0.6527093596059114,0.45081967213114754
1,any,xgb_inner_oof,0.09876003901548197,0.6875,0.6551724137931034,0.4520547945205479
1,any,xgb_inner_oof,0.09959336121090841,0.6875,0.6600985221674877,0.45454545454545453
1,any,xgb_inner_oof,0.10060565198144059,0.6875,0.6650246305418719,0.45706371191135736
1,any,xgb_inner_oof,0.10210885775740117,0.6875,0.6699507389162561,0.4596100278551532
1,any,xgb_inner_oof,0.10301795092159804,0.6875,0.6748768472906403,0.46218487394957986
1,any,xgb_inner_oof,0.10341408018052414,0.6875,0.6773399014778325,0.46348314606741575
1,any,xgb_inner_oof,0.10425331188672363,0.6875,0.6822660098522167,0.4661016949152542
1,any,xgb_inner_oof,0.10456020744628208,0.6875,0.687192118226601,0.46875
1,any,xgb_inner_oof,0.1065137871145424,0.6875,0.6921182266009852,0.4714285714285714
1,any,xgb_inner_oof,0.10777645557802785,0.6875,0.6945812807881774,0.47277936962750716
1,any,xgb_inner_oof,0.10864982402707932,0.6875,0.6995073891625616,0.4755043227665706
1,any,xgb_inner_oof,0.10981864835627991,0.6875,0.7044334975369458,0.4782608695652174
1,any,xgb_inner_oof,0.11051833727784466,0.6875,0.7093596059113301,0.48104956268221577
1,any,xgb_inner_oof,0.1115905260373043,0.6875,0.7118226600985221,0.4824561403508772
1,any,xgb_inner_oof,0.11322035633982336,0.6666666666666666,0.7142857142857143,0.47058823529411764
1,any,xgb_inner_oof,0.11449149153898804,0.6666666666666666,0.7192118226600985,0.47337278106508873
1,any,xgb_inner_oof,0.11528314891589259,0.6666666666666666,0.7241379310344828,0.47619047619047616
1,any,xgb_inner_oof,0.11549741404595715,0.6458333333333334,0.7241379310344828,0.4626865671641791
1,any,xgb_inner_oof,0.11720976035244274,0.6458333333333334,0.729064039408867,0.46546546546546547
1,any,xgb_inner_oof,0.11890007496576091,0.6458333333333334,0.7339901477832512,0.46827794561933533
1,any,xgb_inner_oof,0.12117120857376006,0.6458333333333334,0.7389162561576355,0.47112462006079026
1,any,xgb_inner_oof,0.12221756457436689,0.6458333333333334,0.7438423645320197,0.4740061162079511
1,any,xgb_inner_oof,0.1233827186805411,0.6458333333333334,0.7463054187192119,0.4754601226993865
1,any,xgb_inner_oof,0.12499314932973793,0.6458333333333334,0.7512315270935961,0.4783950617283951
1,any,xgb_inner_oof,0.12769748563716934,0.6458333333333334,0.7561576354679803,0.4813664596273292
1,any,xgb_inner_oof,0.12920725166514563,0.6458333333333334,0.7610837438423645,0.484375
1,any,xgb_inner_oof,0.12940803811884438,0.6458333333333334,0.7635467980295566,0.48589341692789967
1,any,xgb_inner_oof,0.13067262380483974,0.6458333333333334,0.7684729064039408,0.4889589905362776
1,any,xgb_inner_oof,0.13297042848033983,0.6458333333333334,0.7733990147783252,0.49206349206349204
1,any,xgb_inner_oof,0.13377270018772153,0.625,0.7758620689655172,0.4792332268370607
1,any,xgb_inner_oof,0.13479088163654096,0.625,0.7783251231527094,0.4807692307692308
1,any,xgb_inner_oof,0.13747258112119598,0.625,0.7832512315270936,0.4838709677419355
1,any,xgb_inner_oof,0.13866541559268034,0.6041666666666666,0.7857142857142857,0.4707792207792208
1,any,xgb_inner_oof,0.1399170456878006,0.6041666666666666,0.7906403940886699,0.4738562091503268
1,any,xgb_inner_oof,0.14045723047775954,0.6041666666666666,0.7931034482758621,0.47540983606557374
1,any,xgb_inner_oof,0.14150127436745524,0.6041666666666666,0.7980295566502463,0.47854785478547857
1,any,xgb_inner_oof,0.14435403065518365,0.6041666666666666,0.8029556650246306,0.48172757475083056
1,any,xgb_inner_oof,0.145561536831287,0.5833333333333334,0.8054187192118226,0.4682274247491639
1,any,xgb_inner_oof,0.1469131083725218,0.5625,0.8054187192118226,0.45302013422818793
1,any,xgb_inner_oof,0.1485538015279873,0.5625,0.8103448275862069,0.4560810810810811
1,any,xgb_inner_oof,0.14978655588396603,0.5416666666666666,0.812807881773399,0.4421768707482993
1,any,xgb_inner_oof,0.1504124891340614,0.5416666666666666,0.8177339901477833,0.4452054794520548
1,any,xgb_inner_oof,0.1511046619237848,0.5416666666666666,0.8226600985221675,0.4482758620689655
1,any,xgb_inner_oof,0.15220187798743604,0.5416666666666666,0.8251231527093597,0.44982698961937717
1,any,xgb_inner_oof,0.1560608725983338,0.5208333333333334,0.8275862068965517,0.4355400696864111
1,any,xgb_inner_oof,0.1586246122404416,0.5208333333333334,0.8325123152709359,0.43859649122807015
1,any,xgb_inner_oof,0.1610246519223402,0.5208333333333334,0.8374384236453202,0.4416961130742049
1,any,xgb_inner_oof,0.16292082258412843,0.5208333333333334,0.8399014778325123,0.4432624113475177
1,any,xgb_inner_oof,0.16672405117038858,0.5208333333333334,0.8448275862068966,0.44642857142857145
1,any,xgb_inner_oof,0.16770401867270457,0.5,0.8472906403940886,0.4316546762589928
1,any,xgb_inner_oof,0.17529970260259936,0.5,0.8522167487684729,0.43478260869565216
1,any,xgb_inner_oof,0.17600148640703106,0.5,0.854679802955665,0.43636363636363634
1,any,xgb_inner_oof,0.1823389922694765,0.5,0.8596059113300493,0.43956043956043955
1,any,xgb_inner_oof,0.18342692399779298,0.4583333333333333,0.8596059113300493,0.4059040590405904
1,any,xgb_inner_oof,0.18596786513905872,0.4583333333333333,0.8645320197044335,0.40892193308550184
1,any,xgb_inner_oof,0.18758314629407427,0.4583333333333333,0.8669950738916257,0.41044776119402987
1,any,xgb_inner_oof,0.1905102791295999,0.4375,0.8694581280788177,0.39473684210526316
1,any,xgb_inner_oof,0.19527283337341483,0.4375,0.874384236453202,0.3977272727272727
1,any,xgb_inner_oof,0.20132467530901846,0.4375,0.8793103448275862,0.40076335877862596
1,any,xgb_inner_oof,0.2047566999079833,0.4375,0.8842364532019704,0.40384615384615385
1,any,xgb_inner_oof,0.20645127434164345,0.4375,0.8866995073891626,0.40540540540540543
1,any,xgb_inner_oof,0.21066809266910091,0.4375,0.8916256157635468,0.4085603112840467
1,any,xgb_inner_oof,0.2125938909390724,0.4166666666666667,0.8940886699507389,0.39215686274509803
1,any,xgb_inner_oof,0.21301829881384343,0.4166666666666667,0.8990147783251231,0.3952569169960474
1,any,xgb_inner_oof,0.21385539870112052,0.4166666666666667,0.9014778325123153,0.3968253968253968
1,any,xgb_inner_oof,0.21664259458337673,0.4166666666666667,0.9064039408866995,0.4
1,any,xgb_inner_oof,0.21979291697503828,0.375,0.9064039408866995,0.3629032258064516
1,any,xgb_inner_oof,0.22431984177546493,0.3333333333333333,0.9064039408866995,0.3252032520325203
1,any,xgb_inner_oof,0.22629529027588613,0.3333333333333333,0.9088669950738916,0.32653061224489793
1,any,xgb_inner_oof,0.23191606094934403,0.3333333333333333,0.9137931034482759,0.3292181069958848
1,any,xgb_inner_oof,0.23403954208956357,0.3333333333333333,0.9187192118226601,0.33195020746887965
1,any,xgb_inner_oof,0.24271048043639554,0.3333333333333333,0.9236453201970444,0.33472803347280333
1,any,xgb_inner_oof,0.2439866885220371,0.3333333333333333,0.9261083743842364,0.33613445378151263
1,any,xgb_inner_oof,0.24840433039492751,0.3333333333333333,0.9310344827586207,0.3389830508474576
1,any,xgb_inner_oof,0.24978222106879713,0.3333333333333333,0.9359605911330049,0.3418803418803419
1,any,xgb_inner_oof,0.2522710899971707,0.3125,0.9384236453201971,0.3232758620689655
1,any,xgb_inner_oof,0.25403991645072777,0.2916666666666667,0.9384236453201971,0.30303030303030304
1,any,xgb_inner_oof,0.25654755834124365,0.2708333333333333,0.9408866995073891,0.2838427947598253
1,any,xgb_inner_oof,0.2594867518751738,0.25,0.9433497536945813,0.2643171806167401
1,any,xgb_inner_oof,0.2671739133929781,0.22916666666666666,0.9458128078817734,0.24444444444444444
1,any,xgb_inner_oof,0.2780577318889814,0.20833333333333334,0.9482758620689655,0.2242152466367713
1,any,xgb_inner_oof,0.27894676022290144,0.1875,0.9482758620689655,0.20270270270270271
1,any,xgb_inner_oof,0.28732576950264554,0.1875,0.9532019704433498,0.20454545454545456
1,any,xgb_inner_oof,0.29850862256837174,0.1875,0.958128078817734,0.20642201834862386
1,any,xgb_inner_oof,0.30316154204162404,0.1875,0.9630541871921182,0.20833333333333334
1,any,xgb_inner_oof,0.3061244926702229,0.1875,0.9655172413793104,0.20930232558139536
1,any,xgb_inner_oof,0.3118890944312608,0.16666666666666666,0.9679802955665024,0.18779342723004694
1,any,xgb_inner_oof,0.3138200703279356,0.14583333333333334,0.9704433497536946,0.16587677725118483
1,any,xgb_inner_oof,0.31514992313199675,0.125,0.9729064039408867,0.14354066985645933
1,any,xgb_inner_oof,0.31836113695168217,0.125,0.9753694581280788,0.14423076923076922
1,any,xgb_inner_oof,0.3216521813603691,0.125,0.9802955665024631,0.14563106796116504
1,any,xgb_inner_oof,0.3273876799514063,0.125,0.9852216748768473,0.14705882352941177
1,any,xgb_inner_oof,0.33793278702175644,0.10416666666666667,0.9901477832512315,0.12437810945273632
1,any,xgb_inner_oof,0.3461890830228854,0.08333333333333333,0.9901477832512315,0.1
1,any,xgb_inner_oof,0.3689950072060404,0.08333333333333333,0.9950738916256158,0.10101010101010101
1,any,xgb_inner_oof,0.4373329755890675,0.0625,0.9975369458128078,0.07653061224489796
1,any,xgb_inner_oof,0.4647611853720113,0.041666666666666664,1.0,0.05154639175257732
1,any,xgb_inner_oof,0.5432109553037664,0.0,1.0,0.0
1,any,union_inner_oof,0.028473994895859108,1.0,0.0,0.3715170278637771
1,any,union_inner_oof,0.028922371736271824,1.0,0.0024630541871921183,0.37209302325581395
1,any,union_inner_oof,0.030029946126796436,1.0,0.007389162561576354,0.37325038880248834
1,any,union_inner_oof,0.030551717029339065,1.0,0.012315270935960592,0.374414976599064
1,any,union_inner_oof,0.03127546022658323,1.0,0.017241379310344827,0.3755868544600939
1,any,union_inner_oof,0.03236720134358739,0.9791666666666666,0.019704433497536946,0.36891679748822603
1,any,union_inner_oof,0.03285547584111814,0.9791666666666666,0.022167487684729065,0.3694968553459119
1,any,union_inner_oof,0.033104866622993445,0.9791666666666666,0.027093596059113302,0.37066246056782337
1,any,union_inner_oof,0.033372454862103496,0.9791666666666666,0.03201970443349754,0.37183544303797467
1,any,union_inner_oof,0.03360366636406492,0.9791666666666666,0.03694581280788178,0.373015873015873
1,any,union_inner_oof,0.034071001973225656,0.9791666666666666,0.04187192118226601,0.37420382165605093
1,any,union_inner_oof,0.03463436570438222,0.9791666666666666,0.046798029556650245,0.3753993610223642
1,any,union_inner_oof,0.03466837420812324,0.9791666666666666,0.04926108374384237,0.376
1,any,union_inner_oof,0.035187303754363686,0.9791666666666666,0.054187192118226604,0.37720706260032105
1,any,union_inner_oof,0.03569461805528529,0.9791666666666666,0.059113300492610835,0.3784219001610306
1,any,union_inner_oof,0.03610969224260435,0.9791666666666666,0.06403940886699508,0.37964458804523427
1,any,union_inner_oof,0.03638364352096296,0.9791666666666666,0.06896551724137931,0.38087520259319285
1,any,union_inner_oof,0.0364613174528825,0.9791666666666666,0.07142857142857142,0.3814935064935065
1,any,union_inner_oof,0.03659544407817744,0.9791666666666666,0.07635467980295567,0.38273615635179153
1,any,union_inner_oof,0.03668545894974551,0.9791666666666666,0.0812807881773399,0.3839869281045752
1,any,union_inner_oof,0.03689695685426886,0.9791666666666666,0.08620689655172414,0.38524590163934425
1,any,union_inner_oof,0.03748056856198512,0.9791666666666666,0.09113300492610837,0.38651315789473684
1,any,union_inner_oof,0.03776920776237891,0.9791666666666666,0.0960591133004926,0.38778877887788776
1,any,union_inner_oof,0.03787741857756255,0.9791666666666666,0.09852216748768473,0.3884297520661157
1,any,union_inner_oof,0.03810723829138407,0.9791666666666666,0.10344827586206896,0.38971807628524047
1,any,union_inner_oof,0.03824363717712975,0.9791666666666666,0.10837438423645321,0.3910149750415973
1,any,union_inner_oof,0.03931585327787834,0.9791666666666666,0.11330049261083744,0.39232053422370616
1,any,union_inner_oof,0.039951997016195506,0.9791666666666666,0.11822660098522167,0.3936348408710218
1,any,union_inner_oof,0.04039078771983512,0.9791666666666666,0.12315270935960591,0.3949579831932773
1,any,union_inner_oof,0.040514678629954004,0.9791666666666666,0.12561576354679804,0.3956228956228956
1,any,union_inner_oof,0.040687714161086075,0.9791666666666666,0.13054187192118227,0.3969594594594595
1,any,union_inner_oof,0.041018341390703594,0.9791666666666666,0.1354679802955665,0.3983050847457627
1,any,union_inner_oof,0.041178768034271396,0.9791666666666666,0.14039408866995073,0.39965986394557823
1,any,union_inner_oof,0.041454439451896474,0.9791666666666666,0.14532019704433496,0.40102389078498296
1,any,union_inner_oof,0.041585374525951735,0.9791666666666666,0.1477832512315271,0.4017094017094017
1,any,union_inner_oof,0.041890391494631696,0.9583333333333334,0.15024630541871922,0.39451114922813035
1,any,union_inner_oof,0.042202159864346944,0.9583333333333334,0.15517241379310345,0.3958691910499139
1,any,union_inner_oof,0.042699329951405074,0.9583333333333334,0.16009852216748768,0.39723661485319517
1,any,union_inner_oof,0.04291382246822556,0.9583333333333334,0.16502463054187191,0.3986135181975737
1,any,union_inner_oof,0.04366978398277177,0.9583333333333334,0.16995073891625614,0.4
1,any,union_inner_oof,0.04374286110410097,0.9583333333333334,0.1724137931034483,0.40069686411149824
1,any,union_inner_oof,0.04463748054781985,0.9583333333333334,0.17733990147783252,0.4020979020979021
1,any,union_inner_oof,0.04479394274318216,0.9583333333333334,0.18226600985221675,0.40350877192982454
1,any,union_inner_oof,0.044928240582141454,0.9583333333333334,0.18719211822660098,0.40492957746478875
1,any,union_inner_oof,0.04515321470449768,0.9583333333333334,0.1921182266009852,0.40636042402826855
1,any,union_inner_oof,0.04536636853855708,0.9583333333333334,0.19704433497536947,0.4078014184397163
1,any,union_inner_oof,0.04538922955138558,0.9583333333333334,0.19950738916256158,0.40852575488454707
1,any,union_inner_oof,0.045523385887112855,0.9583333333333334,0.2044334975369458,0.40998217468805703
1,any,union_inner_oof,0.045652839502846876,0.9583333333333334,0.20935960591133004,0.41144901610017887
1,any,union_inner_oof,0.04581765868469151,0.9583333333333334,0.21428571428571427,0.4129263913824057
1,any,union_inner_oof,0.046408154029705107,0.9583333333333334,0.21921182266009853,0.4144144144144144
1,any,union_inner_oof,0.046483305797974994,0.9583333333333334,0.22167487684729065,0.4151624548736462
1,any,union_inner_oof,0.0466687422657191,0.9583333333333334,0.22660098522167488,0.4166666666666667
1,any,union_inner_oof,0.046961209707026,0.9583333333333334,0.2315270935960591,0.41818181818181815
1,any,union_inner_oof,0.04705913998228384,0.9583333333333334,0.23645320197044334,0.4197080291970803
1,any,union_inner_oof,0.04747819455624097,0.9583333333333334,0.2413793103448276,0.42124542124542125
1,any,union_inner_oof,0.04773414894354161,0.9583333333333334,0.24630541871921183,0.4227941176470588
1,any,union_inner_oof,0.04792266479690871,0.9583333333333334,0.24876847290640394,0.42357274401473294
1,any,union_inner_oof,0.04822845008971394,0.9583333333333334,0.2536945812807882,0.42513863216266173
1,any,union_inner_oof,0.04844104249745235,0.9583333333333334,0.25862068965517243,0.4267161410018553
1,any,union_inner_oof,0.04858139942267642,0.9583333333333334,0.26354679802955666,0.42830540037243947
1,any,union_inner_oof,0.048763673692118537,0.9583333333333334,0.2684729064039409,0.42990654205607476
1,any,union_inner_oof,0.0488872893921215,0.9583333333333334,0.2733990147783251,0.43151969981238275
1,any,union_inner_oof,0.04892282469501147,0.9583333333333334,0.27586206896551724,0.4323308270676692
1,any,union_inner_oof,0.049068408582808754,0.9375,0.27832512315270935,0.42452830188679247
1,any,union_inner_oof,0.04917364686462611,0.9375,0.2832512315270936,0.42613636363636365
1,any,union_inner_oof,0.04941327548273222,0.9375,0.2881773399014778,0.42775665399239543
1,any,union_inner_oof,0.04959250129058346,0.9375,0.29310344827586204,0.42938931297709926
1,any,union_inner_oof,0.0496418311075425,0.9375,0.2955665024630542,0.43021032504780116
1,any,union_inner_oof,0.05010018521352527,0.9375,0.30049261083743845,0.43186180422264875
1,any,union_inner_oof,0.05049712743034945,0.9375,0.3054187192118227,0.43352601156069365
1,any,union_inner_oof,0.05132288400044571,0.9375,0.3103448275862069,0.43520309477756286
1,any,union_inner_oof,0.05190068460129704,0.9375,0.31527093596059114,0.4368932038834951
1,any,union_inner_oof,0.052592200135079814,0.9375,0.32019704433497537,0.43859649122807015
1,any,union_inner_oof,0.05272479488433701,0.9375,0.3226600985221675,0.439453125
1,any,union_inner_oof,0.05292698027911935,0.9375,0.3275862068965517,0.4411764705882353
1,any,union_inner_oof,0.05347557424072369,0.9375,0.33251231527093594,0.44291338582677164
1,any,union_inner_oof,0.054254938956377285,0.9375,0.3374384236453202,0.44466403162055335
1,any,union_inner_oof,0.0550530109131549,0.9166666666666666,0.3399014778325123,0.4365079365079365
1,any,union_inner_oof,0.05582684486855338,0.9166666666666666,0.3448275862068966,0.43824701195219123
1,any,union_inner_oof,0.05619248888921696,0.9166666666666666,0.3472906403940887,0.43912175648702595
1,any,union_inner_oof,0.056377602517822256,0.9166666666666666,0.3522167487684729,0.4408817635270541
1,any,union_inner_oof,0.05670415258574141,0.9166666666666666,0.35714285714285715,0.4426559356136821
1,any,union_inner_oof,0.05741613576771809,0.9166666666666666,0.3620689655172414,0.4444444444444444
1,any,union_inner_oof,0.05808336431952599,0.9166666666666666,0.3669950738916256,0.4462474645030426
1,any,union_inner_oof,0.05818499676954891,0.9166666666666666,0.3694581280788177,0.44715447154471544
1,any,union_inner_oof,0.05835217241937879,0.9166666666666666,0.37438423645320196,0.4489795918367347
1,any,union_inner_oof,0.05874171508418513,0.9166666666666666,0.3793103448275862,0.45081967213114754
1,any,union_inner_oof,0.05920009560245182,0.9166666666666666,0.3842364532019704,0.45267489711934156
1,any,union_inner_oof,0.060043565557765965,0.9166666666666666,0.3891625615763547,0.45454545454545453
1,any,union_inner_oof,0.06012326645009419,0.9166666666666666,0.39408866995073893,0.45643153526970953
1,any,union_inner_oof,0.060187315133438724,0.9166666666666666,0.39655172413793105,0.4573804573804574
1,any,union_inner_oof,0.06034409257663803,0.9166666666666666,0.4014778325123153,0.4592901878914405
1,any,union_inner_oof,0.0608746237847983,0.8958333333333334,0.4039408866995074,0.45073375262054505
1,any,union_inner_oof,0.06130669480669382,0.8958333333333334,0.4088669950738916,0.45263157894736844
1,any,union_inner_oof,0.06150910609483401,0.8958333333333334,0.41379310344827586,0.45454545454545453
1,any,union_inner_oof,0.06203086876319369,0.8958333333333334,0.4187192118226601,0.4564755838641189
1,any,union_inner_oof,0.06222735981314775,0.8958333333333334,0.4211822660098522,0.4574468085106383
1,any,union_inner_oof,0.06274222007706104,0.8958333333333334,0.42610837438423643,0.4594017094017094
1,any,union_inner_oof,0.06309463140329397,0.8958333333333334,0.43103448275862066,0.4613733905579399
1,any,union_inner_oof,0.06392827569858467,0.8958333333333334,0.43596059113300495,0.46336206896551724
1,any,union_inner_oof,0.06453436772630733,0.8958333333333334,0.4408866995073892,0.4653679653679654
1,any,union_inner_oof,0.06494192166847346,0.8958333333333334,0.4433497536945813,0.46637744034707157
1,any,union_inner_oof,0.0652865820346612,0.8958333333333334,0.4482758620689655,0.4684095860566449
1,any,union_inner_oof,0.06556974009731875,0.8958333333333334,0.45320197044334976,0.47045951859956237
1,any,union_inner_oof,0.06594223681332145,0.8958333333333334,0.458128078817734,0.4725274725274725
1,any,union_inner_oof,0.06627753926943997,0.8958333333333334,0.4630541871921182,0.4746136865342163
1,any,union_inner_oof,0.06724476213647573,0.8958333333333334,0.46798029556650245,0.47671840354767187
1,any,union_inner_oof,0.06799517811677053,0.8958333333333334,0.47044334975369456,0.4777777777777778
1,any,union_inner_oof,0.06885488409519397,0.8958333333333334,0.4753694581280788,0.4799107142857143
1,any,union_inner_oof,0.0693431269151969,0.875,0.47783251231527096,0.47085201793721976
1,any,union_inner_oof,0.07094446793468479,0.875,0.4827586206896552,0.47297297297297297
1,any,union_inner_oof,0.07242047640776672,0.875,0.4876847290640394,0.4751131221719457
1,any,union_inner_oof,0.07368854294967242,0.875,0.49261083743842365,0.4772727272727273
1,any,union_inner_oof,0.07413920290491766,0.875,0.49507389162561577,0.4783599088838269
1,any,union_inner_oof,0.07473009611809733,0.875,0.5,0.4805491990846682
1,any,union_inner_oof,0.07520508619253563,0.875,0.5049261083743842,0.4827586206896552
1,any,union_inner_oof,0.07563170134159919,0.8541666666666666,0.5073891625615764,0.47344110854503463
1,any,union_inner_oof,0.07660515771158066,0.8541666666666666,0.5123152709359606,0.4756380510440835
1,any,union_inner_oof,0.07674800010367783,0.8333333333333334,0.5123152709359606,0.46511627906976744
1,any,union_inner_oof,0.07745380917915673,0.8333333333333334,0.5172413793103449,0.4672897196261682
1,any,union_inner_oof,0.07767397708716933,0.8333333333333334,0.5221674876847291,0.4694835680751174
1,any,union_inner_oof,0.07846929417942361,0.8333333333333334,0.5270935960591133,0.4716981132075472
1,any,union_inner_oof,0.07889790646159345,0.8333333333333334,0.5320197044334976,0.47393364928909953
1,any,union_inner_oof,0.07955411365327664,0.8333333333333334,0.5369458128078818,0.47619047619047616
1,any,union_inner_oof,0.079960730816097,0.8333333333333334,0.5394088669950738,0.477326968973747
1,any,union_inner_oof,0.0829673063594285,0.8333333333333334,0.5443349753694581,0.47961630695443647
1,any,union_inner_oof,0.08397395620990394,0.8333333333333334,0.5492610837438424,0.4819277108433735
1,any,union_inner_oof,0.08477763740574634,0.8333333333333334,0.5541871921182266,0.48426150121065376
1,any,union_inner_oof,0.08597432896978363,0.8333333333333334,0.5591133004926109,0.48661800486618007
1,any,union_inner_oof,0.08787179648073323,0.8333333333333334,0.5640394088669951,0.4889975550122249
1,any,union_inner_oof,0.08813820298745545,0.8333333333333334,0.5665024630541872,0.49019607843137253
1,any,union_inner_oof,0.08873683365772744,0.8333333333333334,0.5714285714285714,0.49261083743842365
1,any,union_inner_oof,0.0891941893536991,0.8333333333333334,0.5763546798029556,0.49504950495049505
1,any,union_inner_oof,0.08970450681170816,0.8333333333333334,0.5812807881773399,0.4975124378109453
1,any,union_inner_oof,0.0899161002590223,0.8125,0.583743842364532,0.4875
1,any,union_inner_oof,0.09036563303243123,0.8125,0.5862068965517241,0.48872180451127817
1,any,union_inner_oof,0.09132175601759229,0.8125,0.5911330049261084,0.491183879093199
1,any,union_inner_oof,0.09161057760240215,0.8125,0.5960591133004927,0.4936708860759494
1,any,union_inner_oof,0.0919681218074494,0.8125,0.6009852216748769,0.4961832061068702
1,any,union_inner_oof,0.09290462055244081,0.8125,0.6059113300492611,0.49872122762148335
1,any,union_inner_oof,0.0932950215415217,0.8125,0.6108374384236454,0.5012853470437018
1,any,union_inner_oof,0.09363229156578545,0.8125,0.6133004926108374,0.5025773195876289
1,any,union_inner_oof,0.09454668385108383,0.8125,0.6182266009852216,0.5051813471502591
1,any,union_inner_oof,0.09464420941739327,0.8125,0.6231527093596059,0.5078125
1,any,union_inner_oof,0.09552336445345105,0.7916666666666666,0.625615763546798,0.4973821989528796
1,any,union_inner_oof,0.09621674935727492,0.7916666666666666,0.6305418719211823,0.5
1,any,union_inner_oof,0.09727093688699945,0.7916666666666666,0.6354679802955665,0.5026455026455027
1,any,union_inner_oof,0.09962911717777106,0.7916666666666666,0.6379310344827587,0.5039787798408488
1,any,union_inner_oof,0.10169281474888314,0.7916666666666666,0.6428571428571429,0.5066666666666667
1,any,union_inner_oof,0.10379041445482445,0.7916666666666666,0.6477832512315271,0.5093833780160858
1,any,union_inner_oof,0.10446263247510246,0.7916666666666666,0.6527093596059114,0.5121293800539084
1,any,union_inner_oof,0.10530192683439787,0.7916666666666666,0.6576354679802956,0.5149051490514905
1,any,union_inner_oof,0.10582894085313282,0.7916666666666666,0.6600985221674877,0.5163043478260869
1,any,union_inner_oof,0.10674745198126256,0.7916666666666666,0.6650246305418719,0.5191256830601093
1,any,union_inner_oof,0.10757691965770033,0.7916666666666666,0.6699507389162561,0.521978021978022
1,any,union_inner_oof,0.11010777189415116,0.7916666666666666,0.6748768472906403,0.5248618784530387
1,any,union_inner_oof,0.1109805963451233,0.7916666666666666,0.6798029556650246,0.5277777777777778
1,any,union_inner_oof,0.11159522927738269,0.7916666666666666,0.6847290640394089,0.5307262569832403
1,any,union_inner_oof,0.1119738464943722,0.7916666666666666,0.687192118226601,0.5322128851540616
1,any,union_inner_oof,0.11285582459897792,0.7708333333333334,0.6896551724137931,0.5211267605633803
1,any,union_inner_oof,0.11634200921573468,0.7708333333333334,0.6945812807881774,0.5240793201133145
1,any,union_inner_oof,0.11947011426525911,0.7708333333333334,0.6995073891625616,0.5270655270655271
1,any,union_inner_oof,0.11989345815813213,0.75,0.7019704433497537,0.5157593123209169
1,any,union_inner_oof,0.1207382006932946,0.7291666666666666,0.7044334975369458,0.5043227665706052
1,any,union_inner_oof,0.12228913736617814,0.7291666666666666,0.7068965517241379,0.5057803468208093
1,any,union_inner_oof,0.12403470312484743,0.7291666666666666,0.7118226600985221,0.5087209302325582
1,any,union_inner_oof,0.1251383478891575,0.7291666666666666,0.7167487684729064,0.5116959064327485
1,any,union_inner_oof,0.12943727225563378,0.7291666666666666,0.7216748768472906,0.5147058823529411
1,any,union_inner_oof,0.13036308215881498,0.7083333333333334,0.7241379310344828,0.5029585798816568
1,any,union_inner_oof,0.13235202118196548,0.7083333333333334,0.7266009852216748,0.5044510385756676
1,any,union_inner_oof,0.1348014374271555,0.7083333333333334,0.7315270935960592,0.5074626865671642
1,any,union_inner_oof,0.1362454162231962,0.6875,0.7339901477832512,0.4954954954954955
1,any,union_inner_oof,0.1378139612483011,0.6875,0.7389162561576355,0.4984894259818731
1,any,union_inner_oof,0.13916017337348302,0.6875,0.7438423645320197,0.5015197568389058
1,any,union_inner_oof,0.1398466194186035,0.6666666666666666,0.7463054187192119,0.4892966360856269
1,any,union_inner_oof,0.14029698105024402,0.6666666666666666,0.7487684729064039,0.49079754601226994
1,any,union_inner_oof,0.1417571105298771,0.6666666666666666,0.7536945812807881,0.49382716049382713
1,any,union_inner_oof,0.14294493372699502,0.625,0.7536945812807881,0.4658385093167702
1,any,union_inner_oof,0.14445978429836787,0.625,0.7586206896551724,0.46875
1,any,union_inner_oof,0.14693975368339002,0.625,0.7635467980295566,0.4716981132075472
1,any,union_inner_oof,0.14942437186594137,0.625,0.7684729064039408,0.47468354430379744
1,any,union_inner_oof,0.15100217242387048,0.625,0.770935960591133,0.47619047619047616
1,any,union_inner_oof,0.15277656052358896,0.625,0.7758620689655172,0.4792332268370607
1,any,union_inner_oof,0.1541664332289585,0.625,0.7807881773399015,0.48231511254019294
1,any,union_inner_oof,0.15535657464774077,0.6041666666666666,0.7832512315270936,0.4692556634304207
1,any,union_inner_oof,0.15723842755726808,0.5833333333333334,0.7857142857142857,0.4560260586319218
1,any,union_inner_oof,0.15758205138289216,0.5833333333333334,0.7881773399014779,0.45751633986928103
1,any,union_inner_oof,0.15898003223594043,0.5833333333333334,0.7931034482758621,0.4605263157894737
1,any,union_inner_oof,0.16424085607344963,0.5833333333333334,0.7980295566502463,0.46357615894039733
1,any,union_inner_oof,0.1663753831490296,0.5625,0.8004926108374384,0.45
1,any,union_inner_oof,0.16721312765204094,0.5625,0.8054187192118226,0.45302013422818793
1,any,union_inner_oof,0.1675453480670963,0.5625,0.8103448275862069,0.4560810810810811
1,any,union_inner_oof,0.16860518175700828,0.5625,0.812807881773399,0.4576271186440678
1,any,union_inner_oof,0.17012358455039361,0.5416666666666666,0.8152709359605911,0.44368600682593856
1,any,union_inner_oof,0.17052045515149739,0.5208333333333334,0.8177339901477833,0.42955326460481097
1,any,union_inner_oof,0.1743974971429011,0.5208333333333334,0.8226600985221675,0.43252595155709345
1,any,union_inner_oof,0.1767838664348677,0.5208333333333334,0.8275862068965517,0.4355400696864111
1,any,union_inner_oof,0.1782932593099505,0.5208333333333334,0.8325123152709359,0.43859649122807015
1,any,union_inner_oof,0.17961710116108348,0.5208333333333334,0.8349753694581281,0.44014084507042256
1,any,union_inner_oof,0.18096334226532507,0.5,0.8374384236453202,0.425531914893617
1,any,union_inner_oof,0.18323811355832714,0.4791666666666667,0.8399014778325123,0.4107142857142857
1,any,union_inner_oof,0.18467279794563946,0.4791666666666667,0.8448275862068966,0.4136690647482014
1,any,union_inner_oof,0.18832381150762045,0.4791666666666667,0.8497536945812808,0.4166666666666667
1,any,union_inner_oof,0.19277823429203134,0.4791666666666667,0.8522167487684729,0.41818181818181815
1,any,union_inner_oof,0.19529463845301404,0.4791666666666667,0.8571428571428571,0.42124542124542125
1,any,union_inner_oof,0.1961561411342974,0.4791666666666667,0.8620689655172413,0.42435424354243545
1,any,union_inner_oof,0.19934186757486677,0.4583333333333333,0.8645320197044335,0.40892193308550184
1,any,union_inner_oof,0.2024679103237625,0.4583333333333333,0.8694581280788177,0.41198501872659177
1,any,union_inner_oof,0.20755266859620208,0.4375,0.8719211822660099,0.39622641509433965
1,any,union_inner_oof,0.21018503847059355,0.4375,0.874384236453202,0.3977272727272727
1,any,union_inner_oof,0.2148130655958132,0.4375,0.8793103448275862,0.40076335877862596
1,any,union_inner_oof,0.220029862542522,0.4375,0.8842364532019704,0.40384615384615385
1,any,union_inner_oof,0.22213279123657392,0.4375,0.8891625615763546,0.4069767441860465
1,any,union_inner_oof,0.22563241297114295,0.4375,0.8940886699507389,0.41015625
1,any,union_inner_oof,0.23205308952988535,0.4375,0.8990147783251231,0.41338582677165353
1,any,union_inner_oof,0.23389333208863622,0.4375,0.9014778325123153,0.4150197628458498
1,any,union_inner_oof,0.23811502510733806,0.4375,0.9064039408866995,0.41832669322709165
1,any,union_inner_oof,0.24183802643468388,0.4375,0.9113300492610837,0.42168674698795183
1,any,union_inner_oof,0.24397443365032023,0.4375,0.916256157635468,0.4251012145748988
1,any,union_inner_oof,0.258696633878806,0.4375,0.9211822660098522,0.42857142857142855
1,any,union_inner_oof,0.26355164046505036,0.4375,0.9236453201970444,0.430327868852459
1,any,union_inner_oof,0.2702128009445175,0.4166666666666667,0.9261083743842364,0.4132231404958678
1,any,union_inner_oof,0.2711045665938024,0.4166666666666667,0.9310344827586207,0.4166666666666667
1,any,union_inner_oof,0.2759352520113006,0.3958333333333333,0.9334975369458128,0.39915966386554624
1,any,union_inner_oof,0.28168500011835684,0.375,0.9359605911330049,0.3813559322033898
1,any,union_inner_oof,0.29141277996887627,0.375,0.9408866995073891,0.38461538461538464
1,any,union_inner_oof,0.2946244995846679,0.375,0.9433497536945813,0.38626609442060084
1,any,union_inner_oof,0.300826856070954,0.375,0.9482758620689655,0.38961038961038963
1,any,union_inner_oof,0.306193934603602,0.3541666666666667,0.9507389162561576,0.37117903930131
1,any,union_inner_oof,0.3158091203118041,0.3125,0.9507389162561576,0.3303964757709251
1,any,union_inner_oof,0.31835872670326415,0.3125,0.9556650246305419,0.3333333333333333
1,any,union_inner_oof,0.3207542506871566,0.2916666666666667,0.958128078817734,0.31390134529147984
1,any,union_inner_oof,0.3224796641498432,0.2916666666666667,0.9605911330049262,0.3153153153153153
1,any,union_inner_oof,0.32925253556791906,0.2708333333333333,0.9630541871921182,0.29545454545454547
1,any,union_inner_oof,0.3336404568367989,0.2708333333333333,0.9679802955665024,0.2981651376146789
1,any,union_inner_oof,0.33669182446271056,0.25,0.9704433497536946,0.2777777777777778
1,any,union_inner_oof,0.33957220363675833,0.22916666666666666,0.9729064039408867,0.2570093457943925
1,any,union_inner_oof,0.3410655654378742,0.22916666666666666,0.9753694581280788,0.25821596244131456
1,any,union_inner_oof,0.3531574281496233,0.1875,0.9753694581280788,0.2132701421800948
1,any,union_inner_oof,0.36574319955572765,0.1875,0.9802955665024631,0.215311004784689
1,any,union_inner_oof,0.3740797315368705,0.1875,0.9852216748768473,0.21739130434782608
1,any,union_inner_oof,0.38499886366409714,0.16666666666666666,0.9876847290640394,0.1951219512195122
1,any,union_inner_oof,0.3975452168800968,0.125,0.9876847290640394,0.1477832512315271
1,any,union_inner_oof,0.41671766451995085,0.125,0.9901477832512315,0.1485148514851485
1,any,union_inner_oof,0.49693559689525496,0.10416666666666667,0.9926108374384236,0.125
1,any,union_inner_oof,0.5459736722971065,0.08333333333333333,0.9950738916256158,0.10101010101010101
1,any,union_inner_oof,0.5862112562765227,0.0625,0.9975369458128078,0.07653061224489796
1,any,union_inner_oof,0.6295642224372617,0.041666666666666664,1.0,0.05154639175257732
1,any,union_inner_oof,0.6516718187188129,0.0,1.0,0.0
2,T13,xgb_inner_oof,0.012800904270364503,1.0,0.0,0.17110266159695817
2,T13,xgb_inner_oof,0.012987677570365268,1.0,0.0022935779816513763,0.17142857142857143
2,T13,xgb_inner_oof,0.013782285697011449,1.0,0.006880733944954129,0.17208413001912046
2,T13,xgb_inner_oof,0.014033809855628177,1.0,0.011467889908256881,0.1727447216890595
2,T13,xgb_inner_oof,0.014201557190521366,1.0,0.016055045871559634,0.17341040462427745
2,T13,xgb_inner_oof,0.01442101671079785,1.0,0.020642201834862386,0.17408123791102514
2,T13,xgb_inner_oof,0.014444717005371421,1.0,0.022935779816513763,0.1744186046511628
2,T13,xgb_inner_oof,0.014637008791393319,1.0,0.027522935779816515,0.17509727626459143
2,T13,xgb_inner_oof,0.015053553859782607,1.0,0.03211009174311927,0.17578125
2,T13,xgb_inner_oof,0.015160408442525145,1.0,0.03669724770642202,0.17647058823529413
2,T13,xgb_inner_oof,0.01528475382281195,1.0,0.04128440366972477,0.17716535433070865
2,T13,xgb_inner_oof,0.015401818864283563,1.0,0.045871559633027525,0.17786561264822134
2,T13,xgb_inner_oof,0.01547551626938767,1.0,0.0481651376146789,0.1782178217821782
2,T13,xgb_inner_oof,0.01560031772229896,1.0,0.052752293577981654,0.17892644135188868
2,T13,xgb_inner_oof,0.015706576141582475,1.0,0.05733944954128441,0.17964071856287425
2,T13,xgb_inner_oof,0.01583011119012387,1.0,0.06192660550458716,0.18036072144288579
2,T13,xgb_inner_oof,0.015868087098422093,1.0,0.06651376146788991,0.18108651911468812
2,T13,xgb_inner_oof,0.015917461841427137,1.0,0.06880733944954129,0.1814516129032258
2,T13,xgb_inner_oof,0.01629575348263877,1.0,0.07339449541284404,0.18218623481781376
2,T13,xgb_inner_oof,0.01640674209088721,1.0,0.0779816513761468,0.18292682926829268
2,T13,xgb_inner_oof,0.01647235279618834,1.0,0.08256880733944955,0.1836734693877551
2,T13,xgb_inner_oof,0.01666099322700719,1.0,0.0871559633027523,0.18442622950819673
2,T13,xgb_inner_oof,0.01681818157183472,1.0,0.09174311926605505,0.18518518518518517
2,T13,xgb_inner_oof,0.01682135175230397,1.0,0.09403669724770643,0.18556701030927836
2,T13,xgb_inner_oof,0.016901901652347097,1.0,0.09862385321100918,0.18633540372670807
2,T13,xgb_inner_oof,0.017051744930195793,1.0,0.10321100917431193,0.18711018711018712
2,T13,xgb_inner_oof,0.017172467252722784,1.0,0.10779816513761468,0.18789144050104384
2,T13,xgb_inner_oof,0.01725285986904233,1.0,0.11238532110091744,0.18867924528301888
2,T13,xgb_inner_oof,0.017451799047289274,1.0,0.11697247706422019,0.18947368421052632
2,T13,xgb_inner_oof,0.017504739999898173,1.0,0.11926605504587157,0.189873417721519
2,T13,xgb_inner_oof,0.01760970360962182,1.0,0.12385321100917432,0.1906779661016949
2,T13,xgb_inner_oof,0.01781942176548669,1.0,0.12844036697247707,0.19148936170212766
2,T13,xgb_inner_oof,0.01800689301411952,1.0,0.13302752293577982,0.19230769230769232
2,T13,xgb_inner_oof,0.018073898697177994,1.0,0.13761467889908258,0.19313304721030042
2,T13,xgb_inner_oof,0.018105545901096073,1.0,0.13990825688073394,0.1935483870967742
2,T13,xgb_inner_oof,0.01828662612378011,1.0,0.1444954128440367,0.19438444924406048
2,T13,xgb_inner_oof,0.018422704506190976,1.0,0.14908256880733944,0.19522776572668113
2,T13,xgb_inner_oof,0.018515188742962436,1.0,0.1536697247706422,0.19607843137254902
2,T13,xgb_inner_oof,0.018602248526528302,1.0,0.15825688073394495,0.19693654266958424
2,T13,xgb_inner_oof,0.018710031527581314,1.0,0.1628440366972477,0.1978021978021978
2,T13,xgb_inner_oof,0.01871551654216677,1.0,0.1651376146788991,0.19823788546255505
2,T13,xgb_inner_oof,0.0187584388329404,1.0,0.16972477064220184,0.19911504424778761
2,T13,xgb_inner_oof,0.018800430759904747,1.0,0.1743119266055046,0.2
2,T13,xgb_inner_oof,0.018850189863371516,1.0,0.17889908256880735,0.20089285714285715
2,T13,xgb_inner_oof,0.018982544442744602,1.0,0.1834862385321101,0.20179372197309417
2,T13,xgb_inner_oof,0.01902818640922714,1.0,0.18807339449541285,0.20270270270270271
2,T13,xgb_inner_oof,0.019064628245516496,1.0,0.19036697247706422,0.20316027088036118
2,T13,xgb_inner_oof,0.019094044726413573,1.0,0.19495412844036697,0.20408163265306123
2,T13,xgb_inner_oof,0.01916471953762581,1.0,0.19954128440366972,0.20501138952164008
2,T13,xgb_inner_oof,0.019231464540677833,1.0,0.20412844036697247,0.20594965675057209
2,T13,xgb_inner_oof,0.019319301568146718,1.0,0.20871559633027523,0.20689655172413793
2,T13,xgb_inner_oof,0.01932776546926311,1.0,0.21100917431192662,0.2073732718894009
2,T13,xgb_inner_oof,0.01937479066616873,1.0,0.21559633027522937,0.20833333333333334
2,T13,xgb_inner_oof,0.019402451198893327,1.0,0.22018348623853212,0.20930232558139536
2,T13,xgb_inner_oof,0.01958032638592796,1.0,0.22477064220183487,0.2102803738317757
2,T13,xgb_inner_oof,0.01963990064618977,1.0,0.22935779816513763,0.2112676056338028
2,T13,xgb_inner_oof,0.01967571421693931,1.0,0.23394495412844038,0.21226415094339623
2,T13,xgb_inner_oof,0.019705787526638565,1.0,0.23623853211009174,0.2127659574468085
2,T13,xgb_inner_oof,0.01984075691222163,1.0,0.2408256880733945,0.21377672209026127
2,T13,xgb_inner_oof,0.019956186891952186,1.0,0.24541284403669725,0.21479713603818615
2,T13,xgb_inner_oof,0.020208328831355413,1.0,0.25,0.2158273381294964
2,T13,xgb_inner_oof,0.02030580622000615,1.0,0.2545871559633027,0.21686746987951808
2,T13,xgb_inner_oof,0.02036403039226181,1.0,0.2591743119266055,0.2179176755447942
2,T13,xgb_inner_oof,0.020377957595936216,1.0,0.26146788990825687,0.21844660194174756
2,T13,xgb_inner_oof,0.0204199043970327,1.0,0.26605504587155965,0.21951219512195122
2,T13,xgb_inner_oof,0.020500047024157336,1.0,0.2706422018348624,0.22058823529411764
2,T13,xgb_inner_oof,0.020593353725037428,1.0,0.27522935779816515,0.22167487684729065
2,T13,xgb_inner_oof,0.02069805335696711,1.0,0.2798165137614679,0.22277227722772278
2,T13,xgb_inner_oof,0.020761994521318248,1.0,0.28211009174311924,0.22332506203473945
2,T13,xgb_inner_oof,0.02085107422492869,1.0,0.286697247706422,0.22443890274314215
2,T13,xgb_inner_oof,0.02110745597168625,0.9444444444444444,0.2889908256880734,0.21303258145363407
2,T13,xgb_inner_oof,0.02134014692263924,0.9444444444444444,0.29357798165137616,0.2141057934508816
2,T13,xgb_inner_oof,0.02146448570086712,0.9444444444444444,0.2981651376146789,0.21518987341772153
2,T13,xgb_inner_oof,0.0215363860108174,0.9444444444444444,0.30275229357798167,0.21628498727735368
2,T13,xgb_inner_oof,0.021591632878343012,0.9444444444444444,0.30504587155963303,0.21683673469387754
2,T13,xgb_inner_oof,0.021683780901560198,0.9444444444444444,0.30963302752293576,0.21794871794871795
2,T13,xgb_inner_oof,0.021768485592317727,0.9444444444444444,0.31422018348623854,0.2190721649484536
2,T13,xgb_inner_oof,0.021809833176917662,0.9444444444444444,0.31880733944954126,0.22020725388601037
2,T13,xgb_inner_oof,0.021845419279618514,0.9444444444444444,0.32339449541284404,0.22135416666666666
2,T13,xgb_inner_oof,0.021915360431725824,0.9444444444444444,0.32798165137614677,0.22251308900523561
2,T13,xgb_inner_oof,0.02200867631510013,0.9444444444444444,0.3302752293577982,0.2230971128608924
2,T13,xgb_inner_oof,0.02216544021700334,0.9444444444444444,0.3348623853211009,0.22427440633245382
2,T13,xgb_inner_oof,0.02230180442567249,0.9444444444444444,0.3394495412844037,0.22546419098143236
2,T13,xgb_inner_oof,0.02241757512514557,0.9444444444444444,0.3440366972477064,0.22666666666666666
2,T13,xgb_inner_oof,0.022811974729680475,0.9444444444444444,0.3486238532110092,0.22788203753351208
2,T13,xgb_inner_oof,0.02283386297651623,0.9444444444444444,0.35091743119266056,0.22849462365591397
2,T13,xgb_inner_oof,0.022956541709929616,0.9444444444444444,0.3555045871559633,0.22972972972972974
2,T13,xgb_inner_oof,0.023105507653939348,0.9444444444444444,0.36009174311926606,0.23097826086956522
2,T13,xgb_inner_oof,0.023189282568974748,0.9444444444444444,0.3646788990825688,0.23224043715846995
2,T13,xgb_inner_oof,0.023427109086749,0.9444444444444444,0.36926605504587157,0.23351648351648352
2,T13,xgb_inner_oof,0.023481364260985356,0.9444444444444444,0.3738532110091743,0.23480662983425415
2,T13,xgb_inner_oof,0.023512306865783147,0.9444444444444444,0.3761467889908257,0.23545706371191136
2,T13,xgb_inner_oof,0.023534840644799663,0.9444444444444444,0.38073394495412843,0.23676880222841226
2,T13,xgb_inner_oof,0.02360382658303913,0.9444444444444444,0.3853211009174312,0.23809523809523808
2,T13,xgb_inner_oof,0.023672776923918705,0.9444444444444444,0.38990825688073394,0.23943661971830985
2,T13,xgb_inner_oof,0.023693862850663935,0.9444444444444444,0.3944954128440367,0.24079320113314448
2,T13,xgb_inner_oof,0.02383577248152199,0.9444444444444444,0.39908256880733944,0.24216524216524216
2,T13,xgb_inner_oof,0.023894584992726797,0.9444444444444444,0.4013761467889908,0.24285714285714285
2,T13,xgb_inner_oof,0.02395305309675972,0.9444444444444444,0.4059633027522936,0.2442528735632184
2,T13,xgb_inner_oof,0.024029466964261656,0.8888888888888888,0.40825688073394495,0.23121387283236994
2,T13,xgb_inner_oof,0.024089910668814742,0.8888888888888888,0.41284403669724773,0.23255813953488372
2,T13,xgb_inner_oof,0.0241696367831466,0.8888888888888888,0.41743119266055045,0.23391812865497075
2,T13,xgb_inner_oof,0.024241020078078532,0.8888888888888888,0.4197247706422018,0.23460410557184752
2,T13,xgb_inner_oof,0.024315604926884473,0.8333333333333334,0.42201834862385323,0.22123893805309736
2,T13,xgb_inner_oof,0.024511497188496364,0.8333333333333334,0.42660550458715596,0.22255192878338279
2,T13,xgb_inner_oof,0.02467591828164771,0.8333333333333334,0.43119266055045874,0.22388059701492538
2,T13,xgb_inner_oof,0.024862025794029373,0.8333333333333334,0.43577981651376146,0.22522522522522523
2,T13,xgb_inner_oof,0.025109558132898408,0.8333333333333334,0.44036697247706424,0.22658610271903323
2,T13,xgb_inner_oof,0.02517992310940355,0.8333333333333334,0.4426605504587156,0.22727272727272727
2,T13,xgb_inner_oof,0.02547084920594208,0.8333333333333334,0.44724770642201833,0.22865853658536586
2,T13,xgb_inner_oof,0.025599864353591684,0.8333333333333334,0.4518348623853211,0.23006134969325154
2,T13,xgb_inner_oof,0.025796201188885377,0.8333333333333334,0.45642201834862384,0.23148148148148148
2,T13,xgb_inner_oof,0.02594538731986547,0.8333333333333334,0.4610091743119266,0.2329192546583851
2,T13,xgb_inner_oof,0.026176437398327874,0.8333333333333334,0.46559633027522934,0.234375
2,T13,xgb_inner_oof,0.026193563919416206,0.8333333333333334,0.46788990825688076,0.23510971786833856
2,T13,xgb_inner_oof,0.026292527145212925,0.8333333333333334,0.4724770642201835,0.23659305993690852
2,T13,xgb_inner_oof,0.026420267945829773,0.7777777777777778,0.47477064220183485,0.2222222222222222
2,T13,xgb_inner_oof,0.026498833660007128,0.7777777777777778,0.4793577981651376,0.22364217252396165
2,T13,xgb_inner_oof,0.02666255824517015,0.7777777777777778,0.48394495412844035,0.22508038585209003
2,T13,xgb_inner_oof,0.02671393135260748,0.7777777777777778,0.48623853211009177,0.22580645161290322
2,T13,xgb_inner_oof,0.026808201850909923,0.7777777777777778,0.4908256880733945,0.22727272727272727
2,T13,xgb_inner_oof,0.02688510245139292,0.7222222222222222,0.49311926605504586,0.21241830065359477
2,T13,xgb_inner_oof,0.026954268361572546,0.7222222222222222,0.49770642201834864,0.2138157894736842
2,T13,xgb_inner_oof,0.0270394871760547,0.7222222222222222,0.5022935779816514,0.2152317880794702
2,T13,xgb_inner_oof,0.027160138938544062,0.7222222222222222,0.5068807339449541,0.21666666666666667
2,T13,xgb_inner_oof,0.027217570948936617,0.7222222222222222,0.5091743119266054,0.21739130434782608
2,T13,xgb_inner_oof,0.0275231192646991,0.7222222222222222,0.5137614678899083,0.21885521885521886
2,T13,xgb_inner_oof,0.027739577608312756,0.7222222222222222,0.518348623853211,0.22033898305084745
2,T13,xgb_inner_oof,0.0280328164512815,0.7222222222222222,0.5229357798165137,0.22184300341296928
2,T13,xgb_inner_oof,0.028229968123419047,0.7222222222222222,0.5275229357798165,0.22336769759450173
2,T13,xgb_inner_oof,0.02836464089394139,0.7222222222222222,0.5321100917431193,0.22491349480968859
2,T13,xgb_inner_oof,0.028579177703370803,0.7222222222222222,0.5344036697247706,0.22569444444444445
2,T13,xgb_inner_oof,0.02886518315048575,0.7222222222222222,0.5389908256880734,0.22727272727272727
2,T13,xgb_inner_oof,0.029331460351844592,0.7222222222222222,0.5435779816513762,0.22887323943661972
2,T13,xgb_inner_oof,0.029519261306307207,0.7222222222222222,0.5481651376146789,0.23049645390070922
2,T13,xgb_inner_oof,0.02957918846769982,0.7222222222222222,0.5527522935779816,0.23214285714285715
2,T13,xgb_inner_oof,0.029608230685099074,0.7222222222222222,0.555045871559633,0.23297491039426524
2,T13,xgb_inner_oof,0.029922479082669456,0.7222222222222222,0.5596330275229358,0.23465703971119134
2,T13,xgb_inner_oof,0.030143125508056777,0.7222222222222222,0.5642201834862385,0.23636363636363636
2,T13,xgb_inner_oof,0.03048094670971545,0.7222222222222222,0.5688073394495413,0.23809523809523808
2,T13,xgb_inner_oof,0.030748016285798353,0.7222222222222222,0.573394495412844,0.23985239852398524
2,T13,xgb_inner_oof,0.030967342324745774,0.7222222222222222,0.5779816513761468,0.241635687732342
2,T13,xgb_inner_oof,0.0310490411695888,0.7222222222222222,0.5802752293577982,0.24253731343283583
2,T13,xgb_inner_oof,0.031134257042448602,0.7222222222222222,0.5848623853211009,0.24436090225563908
2,T13,xgb_inner_oof,0.03160983976399513,0.6666666666666666,0.5871559633027523,0.22727272727272727
2,T13,xgb_inner_oof,0.03249727835182334,0.6666666666666666,0.591743119266055,0.22900763358778625
2,T13,xgb_inner_oof,0.03295955212326659,0.6666666666666666,0.5963302752293578,0.23076923076923078
2,T13,xgb_inner_oof,0.03328298992389271,0.6666666666666666,0.6009174311926605,0.23255813953488372
2,T13,xgb_inner_oof,0.03331953016324107,0.6666666666666666,0.6032110091743119,0.23346303501945526
2,T13,xgb_inner_oof,0.03352848706724265,0.6666666666666666,0.6077981651376146,0.23529411764705882
2,T13,xgb_inner_oof,0.033764259079825006,0.6666666666666666,0.6123853211009175,0.23715415019762845
2,T13,xgb_inner_oof,0.034253591491735645,0.6666666666666666,0.6169724770642202,0.23904382470119523
2,T13,xgb_inner_oof,0.034668177326097546,0.6666666666666666,0.6215596330275229,0.24096385542168675
2,T13,xgb_inner_oof,0.034887264613886124,0.6666666666666666,0.6238532110091743,0.24193548387096775
2,T13,xgb_inner_oof,0.035398975805589726,0.6666666666666666,0.6284403669724771,0.24390243902439024
2,T13,xgb_inner_oof,0.035656301174498244,0.6666666666666666,0.6330275229357798,0.2459016393442623
2,T13,xgb_inner_oof,0.03580815546319753,0.6666666666666666,0.6376146788990825,0.24793388429752067
2,T13,xgb_inner_oof,0.0359336340351727,0.6111111111111112,0.6399082568807339,0.22916666666666666
2,T13,xgb_inner_oof,0.036094884080732,0.6111111111111112,0.6444954128440367,0.23109243697478993
2,T13,xgb_inner_oof,0.03616964566807316,0.6111111111111112,0.6467889908256881,0.2320675105485232
2,T13,xgb_inner_oof,0.03642429861266121,0.6111111111111112,0.6513761467889908,0.23404255319148937
2,T13,xgb_inner_oof,0.03687527913279311,0.5555555555555556,0.6536697247706422,0.2145922746781116
2,T13,xgb_inner_oof,0.03715593013158832,0.5555555555555556,0.658256880733945,0.21645021645021645
2,T13,xgb_inner_oof,0.03740069546919261,0.5555555555555556,0.6628440366972477,0.2183406113537118
2,T13,xgb_inner_oof,0.037635422142717555,0.5555555555555556,0.6674311926605505,0.22026431718061673
2,T13,xgb_inner_oof,0.03769223859599877,0.5555555555555556,0.6697247706422018,0.22123893805309736
2,T13,xgb_inner_oof,0.038512852766059216,0.5555555555555556,0.6743119266055045,0.22321428571428573
2,T13,xgb_inner_oof,0.03891905661674763,0.5555555555555556,0.6788990825688074,0.22522522522522523
2,T13,xgb_inner_oof,0.03910328600853591,0.5,0.6811926605504587,0.20454545454545456
2,T13,xgb_inner_oof,0.03971696279799104,0.5,0.6857798165137615,0.20642201834862386
2,T13,xgb_inner_oof,0.03996260417844866,0.5,0.6880733944954128,0.2073732718894009
2,T13,xgb_inner_oof,0.04040926915665428,0.5,0.6926605504587156,0.20930232558139536
2,T13,xgb_inner_oof,0.04071550520602331,0.5,0.6972477064220184,0.2112676056338028
2,T13,xgb_inner_oof,0.04099249427704164,0.5,0.7018348623853211,0.2132701421800948
2,T13,xgb_inner_oof,0.04122595449436714,0.5,0.7064220183486238,0.215311004784689
2,T13,xgb_inner_oof,0.041827297872175796,0.4444444444444444,0.7087155963302753,0.1932367149758454
2,T13,xgb_inner_oof,0.042162018159326894,0.4444444444444444,0.7110091743119266,0.1941747572815534
2,T13,xgb_inner_oof,0.04290055544265177,0.4444444444444444,0.7155963302752294,0.19607843137254902
2,T13,xgb_inner_oof,0.04422991350807387,0.4444444444444444,0.7201834862385321,0.19801980198019803
2,T13,xgb_inner_oof,0.04487965275578078,0.4444444444444444,0.7247706422018348,0.2
2,T13,xgb_inner_oof,0.045419559280996016,0.4444444444444444,0.7293577981651376,0.20202020202020202
2,T13,xgb_inner_oof,0.04580355874293689,0.4444444444444444,0.7339449541284404,0.20408163265306123
2,T13,xgb_inner_oof,0.04598148041324247,0.4444444444444444,0.7362385321100917,0.20512820512820512
2,T13,xgb_inner_oof,0.046366398151076106,0.4444444444444444,0.7408256880733946,0.20725388601036268
2,T13,xgb_inner_oof,0.04661471154676169,0.4444444444444444,0.7454128440366973,0.2094240837696335
2,T13,xgb_inner_oof,0.047185798144842375,0.4444444444444444,0.75,0.21164021164021163
2,T13,xgb_inner_oof,0.0480971385991323,0.4444444444444444,0.7545871559633027,0.21390374331550802
2,T13,xgb_inner_oof,0.04841051726243176,0.4444444444444444,0.7568807339449541,0.21505376344086022
2,T13,xgb_inner_oof,0.04929154634195201,0.4444444444444444,0.7614678899082569,0.21739130434782608
2,T13,xgb_inner_oof,0.049542056368352905,0.4444444444444444,0.7660550458715596,0.21978021978021978
2,T13,xgb_inner_oof,0.05000871343193619,0.4444444444444444,0.7706422018348624,0.2222222222222222
2,T13,xgb_inner_oof,0.05050855513677505,0.4444444444444444,0.7752293577981652,0.2247191011235955
2,T13,xgb_inner_oof,0.05123323778451114,0.4444444444444444,0.7798165137614679,0.22727272727272727
2,T13,xgb_inner_oof,0.051693262147341726,0.4444444444444444,0.7821100917431193,0.22857142857142856
2,T13,xgb_inner_oof,0.05278701829483511,0.4444444444444444,0.786697247706422,0.23121387283236994
2,T13,xgb_inner_oof,0.05344249428597079,0.4444444444444444,0.7912844036697247,0.23391812865497075
2,T13,xgb_inner_oof,0.05469512875731482,0.4444444444444444,0.7958715596330275,0.23668639053254437
2,T13,xgb_inner_oof,0.054850339385558604,0.4444444444444444,0.8004587155963303,0.23952095808383234
2,T13,xgb_inner_oof,0.054950808714384305,0.4444444444444444,0.805045871559633,0.24242424242424243
2,T13,xgb_inner_oof,0.0550448171301538,0.4444444444444444,0.8073394495412844,0.24390243902439024
2,T13,xgb_inner_oof,0.056089792771933655,0.4444444444444444,0.8119266055045872,0.24691358024691357
2,T13,xgb_inner_oof,0.0574058802535516,0.4444444444444444,0.8165137614678899,0.25
2,T13,xgb_inner_oof,0.058883333504650734,0.4444444444444444,0.8211009174311926,0.25316455696202533
2,T13,xgb_inner_oof,0.060452094992125345,0.3888888888888889,0.823394495412844,0.22435897435897437
2,T13,xgb_inner_oof,0.06072438213461606,0.3888888888888889,0.8256880733944955,0.22580645161290322
2,T13,xgb_inner_oof,0.06353079561878758,0.3333333333333333,0.8279816513761468,0.19607843137254902
2,T13,xgb_inner_oof,0.06464075994592527,0.3333333333333333,0.8325688073394495,0.1986754966887417
2,T13,xgb_inner_oof,0.06631169352123097,0.3333333333333333,0.8371559633027523,0.20134228187919462
2,T13,xgb_inner_oof,0.06736315679640109,0.3333333333333333,0.841743119266055,0.20408163265306123
2,T13,xgb_inner_oof,0.06775405821812612,0.3333333333333333,0.8463302752293578,0.20689655172413793
2,T13,xgb_inner_oof,0.06813618975771818,0.3333333333333333,0.8486238532110092,0.20833333333333334
2,T13,xgb_inner_oof,0.06888433824717939,0.3333333333333333,0.8532110091743119,0.2112676056338028
2,T13,xgb_inner_oof,0.06902147521673681,0.3333333333333333,0.8577981651376146,0.21428571428571427
2,T13,xgb_inner_oof,0.06931002889884744,0.2777777777777778,0.8600917431192661,0.18115942028985507
2,T13,xgb_inner_oof,0.0695327015759662,0.2777777777777778,0.8646788990825688,0.18382352941176472
2,T13,xgb_inner_oof,0.07027721026962559,0.2777777777777778,0.8692660550458715,0.1865671641791045
2,T13,xgb_inner_oof,0.07065337540610833,0.2777777777777778,0.8715596330275229,0.18796992481203006
2,T13,xgb_inner_oof,0.07135204309823445,0.2777777777777778,0.8761467889908257,0.19083969465648856
2,T13,xgb_inner_oof,0.07247953535345995,0.2777777777777778,0.8807339449541285,0.1937984496124031
2,T13,xgb_inner_oof,0.07355053984156401,0.2777777777777778,0.8853211009174312,0.1968503937007874
2,T13,xgb_inner_oof,0.074587331149156,0.2777777777777778,0.8899082568807339,0.2
2,T13,xgb_inner_oof,0.0748342389945642,0.2777777777777778,0.8922018348623854,0.20161290322580644
2,T13,xgb_inner_oof,0.07588525766528524,0.2777777777777778,0.8967889908256881,0.20491803278688525
2,T13,xgb_inner_oof,0.07865087539113322,0.2777777777777778,0.9013761467889908,0.20833333333333334
2,T13,xgb_inner_oof,0.08017780634282992,0.2777777777777778,0.9059633027522935,0.211864406779661
2,T13,xgb_inner_oof,0.08091284760543405,0.2777777777777778,0.9105504587155964,0.21551724137931033
2,T13,xgb_inner_oof,0.08239392741969859,0.2777777777777778,0.9151376146788991,0.21929824561403508
2,T13,xgb_inner_oof,0.08431194427010852,0.2777777777777778,0.9174311926605505,0.22123893805309736
2,T13,xgb_inner_oof,0.0879274458555366,0.2777777777777778,0.9220183486238532,0.22522522522522523
2,T13,xgb_inner_oof,0.09172983108898325,0.2777777777777778,0.926605504587156,0.22935779816513763
2,T13,xgb_inner_oof,0.09259115255714981,0.2777777777777778,0.9311926605504587,0.2336448598130841
2,T13,xgb_inner_oof,0.0952262615928888,0.2777777777777778,0.9357798165137615,0.23809523809523808
2,T13,xgb_inner_oof,0.09692707146381144,0.2777777777777778,0.9403669724770642,0.24271844660194175
2,T13,xgb_inner_oof,0.09828432227051484,0.2777777777777778,0.9426605504587156,0.24509803921568626
2,T13,xgb_inner_oof,0.0992711402528896,0.2777777777777778,0.9472477064220184,0.25
2,T13,xgb_inner_oof,0.10053503764618897,0.2222222222222222,0.9495412844036697,0.20408163265306123
2,T13,xgb_inner_oof,0.10334038653789321,0.16666666666666666,0.9518348623853211,0.15625
2,T13,xgb_inner_oof,0.10431589353134499,0.16666666666666666,0.9564220183486238,0.1595744680851064
2,T13,xgb_inner_oof,0.10502361139573965,0.16666666666666666,0.9587155963302753,0.16129032258064516
2,T13,xgb_inner_oof,0.10829995871108059,0.16666666666666666,0.963302752293578,0.16483516483516483
2,T13,xgb_inner_oof,0.10956548941471383,0.16666666666666666,0.9678899082568807,0.16853932584269662
2,T13,xgb_inner_oof,0.11098342489421537,0.1111111111111111,0.9701834862385321,0.11494252873563218
2,T13,xgb_inner_oof,0.11494090307769361,0.1111111111111111,0.9747706422018348,0.11764705882352941
2,T13,xgb_inner_oof,0.11787074326603679,0.1111111111111111,0.9793577981651376,0.12048192771084337
2,T13,xgb_inner_oof,0.1201903763729934,0.1111111111111111,0.981651376146789,0.12195121951219512
2,T13,xgb_inner_oof,0.1262058748582382,0.05555555555555555,0.9839449541284404,0.0625
2,T13,xgb_inner_oof,0.14150614851114737,0.05555555555555555,0.9885321100917431,0.0641025641025641
2,T13,xgb_inner_oof,0.14978860494121435,0.05555555555555555,0.9931192660550459,0.06578947368421052
2,T13,xgb_inner_oof,0.15163198712407416,0.05555555555555555,0.9977064220183486,0.06756756756756757
2,T13,xgb_inner_oof,0.15977176206207924,0.0,1.0,0.0
2,T18,xgb_inner_oof,0.00951497835039617,1.0,0.0,0.2946127946127946
2,T18,xgb_inner_oof,0.009898012244041132,1.0,0.002386634844868735,0.2951096121416526
2,T18,xgb_inner_oof,0.010445671913597193,1.0,0.007159904534606206,0.2961082910321489
2,T18,xgb_inner_oof,0.011163842896535107,1.0,0.011933174224343675,0.29711375212224106
2,T18,xgb_inner_oof,0.011580466897466602,1.0,0.016706443914081145,0.2981260647359455
2,T18,xgb_inner_oof,0.011764926862525109,1.0,0.021479713603818614,0.29914529914529914
2,T18,xgb_inner_oof,0.011811008768239957,1.0,0.02386634844868735,0.2996575342465753
2,T18,xgb_inner_oof,0.011942416929677915,1.0,0.028639618138424822,0.3006872852233677
2,T18,xgb_inner_oof,0.012051902270368533,1.0,0.03341288782816229,0.3017241379310345
2,T18,xgb_inner_oof,0.012259322165242571,1.0,0.03818615751789976,0.3027681660899654
2,T18,xgb_inner_oof,0.012484244401041423,1.0,0.04295942720763723,0.3038194444444444
2,T18,xgb_inner_oof,0.013139964496480878,1.0,0.0477326968973747,0.3048780487804878
2,T18,xgb_inner_oof,0.013284523243010304,0.9714285714285714,0.0477326968973747,0.29668411867364747
2,T18,xgb_inner_oof,0.013415942459160491,0.9714285714285714,0.05250596658711217,0.29772329246935203
2,T18,xgb_inner_oof,0.013489173967658028,0.9714285714285714,0.057279236276849645,0.29876977152899825
2,T18,xgb_inner_oof,0.01361786160629157,0.9714285714285714,0.06205250596658711,0.2998236331569665
2,T18,xgb_inner_oof,0.01376490284453776,0.9714285714285714,0.06682577565632458,0.3008849557522124
2,T18,xgb_inner_oof,0.013874925368459596,0.9714285714285714,0.06921241050119331,0.30141843971631205
2,T18,xgb_inner_oof,0.013938831649781852,0.9714285714285714,0.07398568019093078,0.302491103202847
2,T18,xgb_inner_oof,0.01415062155372172,0.9714285714285714,0.07875894988066826,0.30357142857142855
2,T18,xgb_inner_oof,0.01471164353296457,0.9714285714285714,0.08353221957040573,0.3046594982078853
2,T18,xgb_inner_oof,0.015360434081519485,0.9714285714285714,0.0883054892601432,0.3057553956834532
2,T18,xgb_inner_oof,0.016468447281194384,0.9714285714285714,0.09307875894988067,0.30685920577617326
2,T18,xgb_inner_oof,0.01669985611425587,0.9714285714285714,0.0954653937947494,0.3074141048824593
2,T18,xgb_inner_oof,0.01682703382983565,0.9714285714285714,0.10023866348448687,0.308529945553539
2,T18,xgb_inner_oof,0.01740779207958348,0.9714285714285714,0.10501193317422435,0.30965391621129323
2,T18,xgb_inner_oof,0.017760596172308338,0.9428571428571428,0.10739856801909307,0.3016453382084095
2,T18,xgb_inner_oof,0.01790450959189597,0.9428571428571428,0.11217183770883055,0.30275229357798167
2,T18,xgb_inner_oof,0.01831462335423993,0.9428571428571428,0.11694510739856802,0.30386740331491713
2,T18,xgb_inner_oof,0.018555387618975298,0.9428571428571428,0.11933174224343675,0.3044280442804428
2,T18,xgb_inner_oof,0.018790723903309183,0.9428571428571428,0.12410501193317422,0.3055555555555556
2,T18,xgb_inner_oof,0.018918414734527846,0.9428571428571428,0.1288782816229117,0.3066914498141264
2,T18,xgb_inner_oof,0.0192054228198852,0.9428571428571428,0.13365155131264916,0.30783582089552236
2,T18,xgb_inner_oof,0.019572499145399137,0.9428571428571428,0.13842482100238662,0.3089887640449438
2,T18,xgb_inner_oof,0.019776604879447594,0.9428571428571428,0.14081145584725538,0.30956848030018763
2,T18,xgb_inner_oof,0.019933078690935954,0.9428571428571428,0.14558472553699284,0.3107344632768362
2,T18,xgb_inner_oof,0.0203588553944972,0.9428571428571428,0.15035799522673032,0.31190926275992437
2,T18,xgb_inner_oof,0.020902360779998606,0.9428571428571428,0.15513126491646778,0.31309297912713474
2,T18,xgb_inner_oof,0.02125751989966755,0.9428571428571428,0.15990453460620524,0.3142857142857143
2,T18,xgb_inner_oof,0.021389370421482562,0.9428571428571428,0.16467780429594273,0.3154875717017208
2,T18,xgb_inner_oof,0.021600841099643917,0.9428571428571428,0.16706443914081145,0.3160919540229885
2,T18,xgb_inner_oof,0.02184678217217307,0.9428571428571428,0.1718377088305489,0.3173076923076923
2,T18,xgb_inner_oof,0.02203121476520671,0.9428571428571428,0.1766109785202864,0.3185328185328185
2,T18,xgb_inner_oof,0.02235663790384374,0.9428571428571428,0.18138424821002386,0.31976744186046513
2,T18,xgb_inner_oof,0.022898266492496964,0.9428571428571428,0.18615751789976134,0.321011673151751
2,T18,xgb_inner_oof,0.0237122624345098,0.9428571428571428,0.1909307875894988,0.322265625
2,T18,xgb_inner_oof,0.02412253535811084,0.9428571428571428,0.19331742243436753,0.32289628180039137
2,T18,xgb_inner_oof,0.024271816306820487,0.9428571428571428,0.19809069212410502,0.3241650294695481
2,T18,xgb_inner_oof,0.02435661643674884,0.9428571428571428,0.20286396181384247,0.3254437869822485
2,T18,xgb_inner_oof,0.024642699311839378,0.9428571428571428,0.20763723150357996,0.32673267326732675
2,T18,xgb_inner_oof,0.02504584749865347,0.9428571428571428,0.21241050119331742,0.32803180914512925
2,T18,xgb_inner_oof,0.025115473552318517,0.9428571428571428,0.21479713603818615,0.3286852589641434
2,T18,xgb_inner_oof,0.02524168333976454,0.9428571428571428,0.21957040572792363,0.33
2,T18,xgb_inner_oof,0.025440879981193154,0.9428571428571428,0.2243436754176611,0.3313253012048193
2,T18,xgb_inner_oof,0.02625587337154455,0.9428571428571428,0.22911694510739858,0.3326612903225806
2,T18,xgb_inner_oof,0.02668177943231186,0.9428571428571428,0.23389021479713604,0.3340080971659919
2,T18,xgb_inner_oof,0.026860512277145865,0.9142857142857143,0.23627684964200477,0.3252032520325203
2,T18,xgb_inner_oof,0.02734755063301208,0.9142857142857143,0.2386634844868735,0.3258655804480652
2,T18,xgb_inner_oof,0.028150149492006452,0.9142857142857143,0.24343675417661098,0.32719836400818
2,T18,xgb_inner_oof,0.028578188911441087,0.9142857142857143,0.24821002386634844,0.32854209445585214
2,T18,xgb_inner_oof,0.028903904263175836,0.9142857142857143,0.2529832935560859,0.32989690721649484
2,T18,xgb_inner_oof,0.029296311086260823,0.9142857142857143,0.2577565632458234,0.33126293995859213
2,T18,xgb_inner_oof,0.029374901156799797,0.9142857142857143,0.26252983293556087,0.33264033264033266
2,T18,xgb_inner_oof,0.029451596915084415,0.9142857142857143,0.2649164677804296,0.3333333333333333
2,T18,xgb_inner_oof,0.029713874412666486,0.9142857142857143,0.26968973747016706,0.33472803347280333
2,T18,xgb_inner_oof,0.030106729204461107,0.8857142857142857,0.2720763723150358,0.32563025210084034
2,T18,xgb_inner_oof,0.03054452860705662,0.8857142857142857,0.27684964200477324,0.3270042194092827
2,T18,xgb_inner_oof,0.03127944805334401,0.8857142857142857,0.28162291169451076,0.3283898305084746
2,T18,xgb_inner_oof,0.03155261752094299,0.8857142857142857,0.2840095465393795,0.32908704883227174
2,T18,xgb_inner_oof,0.03193327839454741,0.8857142857142857,0.28878281622911695,0.3304904051172708
2,T18,xgb_inner_oof,0.032405686667047885,0.8857142857142857,0.2935560859188544,0.33190578158458245
2,T18,xgb_inner_oof,0.03277060876754038,0.8857142857142857,0.29832935560859186,0.3333333333333333
2,T18,xgb_inner_oof,0.033047944989001266,0.8857142857142857,0.3031026252983294,0.3347732181425486
2,T18,xgb_inner_oof,0.033171306565354344,0.8857142857142857,0.30787589498806683,0.3362255965292842
2,T18,xgb_inner_oof,0.03323516268259027,0.8857142857142857,0.31026252983293556,0.33695652173913043
2,T18,xgb_inner_oof,0.03331271766290743,0.8857142857142857,0.315035799522673,0.3384279475982533
2,T18,xgb_inner_oof,0.033618292969175595,0.8857142857142857,0.3198090692124105,0.3399122807017544
2,T18,xgb_inner_oof,0.033959890900111686,0.8857142857142857,0.324582338902148,0.34140969162995594
2,T18,xgb_inner_oof,0.034498213770853034,0.8857142857142857,0.32935560859188545,0.34292035398230086
2,T18,xgb_inner_oof,0.03489041232246114,0.8857142857142857,0.3341288782816229,0.34444444444444444
2,T18,xgb_inner_oof,0.03491404510832706,0.8857142857142857,0.33651551312649164,0.34521158129175944
2,T18,xgb_inner_oof,0.035652389144606916,0.8857142857142857,0.3412887828162291,0.34675615212527966
2,T18,xgb_inner_oof,0.036174394060845196,0.8857142857142857,0.3460620525059666,0.34831460674157305
2,T18,xgb_inner_oof,0.03629696120979111,0.8857142857142857,0.35083532219570407,0.34988713318284426
2,T18,xgb_inner_oof,0.03668438356340184,0.8857142857142857,0.3556085918854415,0.35147392290249435
2,T18,xgb_inner_oof,0.036984524735157204,0.8857142857142857,0.35799522673031026,0.3522727272727273
2,T18,xgb_inner_oof,0.037047745146439215,0.8857142857142857,0.3627684964200477,0.3538812785388128
2,T18,xgb_inner_oof,0.03730501733443195,0.8857142857142857,0.36754176610978523,0.3555045871559633
2,T18,xgb_inner_oof,0.037931933978329155,0.8857142857142857,0.3723150357995227,0.35714285714285715
2,T18,xgb_inner_oof,0.038274423985767136,0.8857142857142857,0.37708830548926014,0.3587962962962963
2,T18,xgb_inner_oof,0.03866962134226927,0.8857142857142857,0.3818615751789976,0.36046511627906974
2,T18,xgb_inner_oof,0.038748253266531224,0.8857142857142857,0.38424821002386633,0.3613053613053613
2,T18,xgb_inner_oof,0.03928709676521064,0.8857142857142857,0.38902147971360385,0.3629976580796253
2,T18,xgb_inner_oof,0.03992458906947331,0.8857142857142857,0.3937947494033413,0.36470588235294116
2,T18,xgb_inner_oof,0.04033641021812033,0.8857142857142857,0.39856801909307876,0.3664302600472813
2,T18,xgb_inner_oof,0.04057589510720139,0.8857142857142857,0.4033412887828162,0.3681710213776722
2,T18,xgb_inner_oof,0.040609658392917136,0.8857142857142857,0.4081145584725537,0.36992840095465396
2,T18,xgb_inner_oof,0.04068065123824907,0.8857142857142857,0.4105011933174224,0.3708133971291866
2,T18,xgb_inner_oof,0.040921789194103705,0.8857142857142857,0.4152744630071599,0.37259615384615385
2,T18,xgb_inner_oof,0.0411652377859963,0.8857142857142857,0.4200477326968974,0.3743961352657005
2,T18,xgb_inner_oof,0.04147813356871417,0.8857142857142857,0.42482100238663484,0.3762135922330097
2,T18,xgb_inner_oof,0.04185303418586166,0.8857142857142857,0.4295942720763723,0.3780487804878049
2,T18,xgb_inner_oof,0.041930033745189575,0.8857142857142857,0.431980906921241,0.37897310513447435
2,T18,xgb_inner_oof,0.04223506190459343,0.8857142857142857,0.43675417661097854,0.3808353808353808
2,T18,xgb_inner_oof,0.042293454629733,0.8857142857142857,0.441527446300716,0.38271604938271603
2,T18,xgb_inner_oof,0.0425858675003982,0.8857142857142857,0.44630071599045346,0.38461538461538464
2,T18,xgb_inner_oof,0.042727322598078016,0.8857142857142857,0.4510739856801909,0.3865336658354115
2,T18,xgb_inner_oof,0.043463054592866174,0.8857142857142857,0.45584725536992843,0.38847117794486213
2,T18,xgb_inner_oof,0.043610318650574416,0.8857142857142857,0.45823389021479716,0.38944723618090454
2,T18,xgb_inner_oof,0.04420652756829631,0.8857142857142857,0.4630071599045346,0.39141414141414144
2,T18,xgb_inner_oof,0.044492789765468096,0.8857142857142857,0.4677804295942721,0.3934010152284264
2,T18,xgb_inner_oof,0.04479297456643172,0.8857142857142857,0.47255369928400953,0.39540816326530615
2,T18,xgb_inner_oof,0.04502995754329831,0.8857142857142857,0.477326968973747,0.3974358974358974
2,T18,xgb_inner_oof,0.04515353107307891,0.8857142857142857,0.4821002386634845,0.39948453608247425
2,T18,xgb_inner_oof,0.045247420535384414,0.8857142857142857,0.48448687350835323,0.4005167958656331
2,T18,xgb_inner_oof,0.04555462743829909,0.8571428571428571,0.48687350835322196,0.38961038961038963
2,T18,xgb_inner_oof,0.04591121973744611,0.8571428571428571,0.4916467780429594,0.391644908616188
2,T18,xgb_inner_oof,0.04611247506397689,0.8571428571428571,0.4964200477326969,0.3937007874015748
2,T18,xgb_inner_oof,0.046709034299071334,0.8571428571428571,0.5011933174224343,0.39577836411609496
2,T18,xgb_inner_oof,0.046811040049270385,0.8571428571428571,0.5035799522673031,0.3968253968253968
2,T18,xgb_inner_oof,0.04694537206064841,0.8285714285714286,0.5059665871121718,0.38563829787234044
2,T18,xgb_inner_oof,0.047636377024938684,0.8285714285714286,0.5107398568019093,0.3877005347593583
2,T18,xgb_inner_oof,0.047999557910083104,0.8285714285714286,0.5155131264916468,0.3897849462365591
2,T18,xgb_inner_oof,0.04878462435052647,0.8285714285714286,0.5202863961813843,0.3918918918918919
2,T18,xgb_inner_oof,0.04926514715101327,0.8285714285714286,0.5250596658711217,0.39402173913043476
2,T18,xgb_inner_oof,0.04992527721973106,0.8,0.5250596658711217,0.3814713896457766
2,T18,xgb_inner_oof,0.05048157850868151,0.8,0.5298329355608592,0.3835616438356164
2,T18,xgb_inner_oof,0.050590197052012675,0.8,0.5346062052505967,0.3856749311294766
2,T18,xgb_inner_oof,0.05084157778315482,0.7714285714285715,0.5369928400954654,0.3739612188365651
2,T18,xgb_inner_oof,0.05168385086650315,0.7714285714285715,0.5417661097852029,0.37604456824512533
2,T18,xgb_inner_oof,0.05185370071118041,0.7714285714285715,0.5465393794749404,0.37815126050420167
2,T18,xgb_inner_oof,0.05191603372359246,0.7714285714285715,0.548926014319809,0.3792134831460674
2,T18,xgb_inner_oof,0.05203988012892509,0.7714285714285715,0.5536992840095465,0.3813559322033898
2,T18,xgb_inner_oof,0.052310207527792016,0.7714285714285715,0.5584725536992841,0.3835227272727273
2,T18,xgb_inner_oof,0.05311178095877069,0.7714285714285715,0.5632458233890215,0.38571428571428573
2,T18,xgb_inner_oof,0.054343151948003654,0.7714285714285715,0.568019093078759,0.3879310344827586
2,T18,xgb_inner_oof,0.05492840826579019,0.7714285714285715,0.5704057279236276,0.38904899135446686
2,T18,xgb_inner_oof,0.05570240937287438,0.7714285714285715,0.5751789976133651,0.391304347826087
2,T18,xgb_inner_oof,0.056408768888668956,0.7714285714285715,0.5799522673031027,0.3935860058309038
2,T18,xgb_inner_oof,0.05663644057274851,0.7714285714285715,0.5847255369928401,0.39589442815249265
2,T18,xgb_inner_oof,0.05686632235305121,0.7714285714285715,0.5894988066825776,0.39823008849557523
2,T18,xgb_inner_oof,0.05741926621765428,0.7428571428571429,0.5918854415274463,0.3857566765578635
2,T18,xgb_inner_oof,0.05800729305057545,0.7428571428571429,0.594272076372315,0.3869047619047619
2,T18,xgb_inner_oof,0.05896616392374765,0.7428571428571429,0.5990453460620525,0.38922155688622756
2,T18,xgb_inner_oof,0.05971162506626332,0.7428571428571429,0.60381861575179,0.39156626506024095
2,T18,xgb_inner_oof,0.06038079694037064,0.7428571428571429,0.6085918854415274,0.3939393939393939
2,T18,xgb_inner_oof,0.061189149471000986,0.7428571428571429,0.6133651551312649,0.39634146341463417
2,T18,xgb_inner_oof,0.06237458450648432,0.7428571428571429,0.6181384248210023,0.3987730061349693
2,T18,xgb_inner_oof,0.06277099834289468,0.7428571428571429,0.6205250596658711,0.4
2,T18,xgb_inner_oof,0.0631605277218533,0.7428571428571429,0.6252983293556086,0.4024767801857585
2,T18,xgb_inner_oof,0.06415493721673388,0.7428571428571429,0.630071599045346,0.40498442367601245
2,T18,xgb_inner_oof,0.06486384199842289,0.7428571428571429,0.6348448687350835,0.40752351097178685
2,T18,xgb_inner_oof,0.06527035346510462,0.7428571428571429,0.639618138424821,0.41009463722397477
2,T18,xgb_inner_oof,0.06570559707045667,0.7428571428571429,0.6420047732696897,0.41139240506329117
2,T18,xgb_inner_oof,0.06627452191026886,0.7428571428571429,0.6467780429594272,0.4140127388535032
2,T18,xgb_inner_oof,0.0667655665878344,0.7142857142857143,0.649164677804296,0.40064102564102566
2,T18,xgb_inner_oof,0.06742713717882612,0.7142857142857143,0.6539379474940334,0.4032258064516129
2,T18,xgb_inner_oof,0.06857356553502966,0.7142857142857143,0.6587112171837709,0.40584415584415584
2,T18,xgb_inner_oof,0.06913136189037504,0.7142857142857143,0.6634844868735084,0.4084967320261438
2,T18,xgb_inner_oof,0.06945475242974804,0.7142857142857143,0.665871121718377,0.4098360655737705
2,T18,xgb_inner_oof,0.07026023776427656,0.7142857142857143,0.6706443914081146,0.41254125412541254
2,T18,xgb_inner_oof,0.07092129336042864,0.7142857142857143,0.6754176610978521,0.4152823920265781
2,T18,xgb_inner_oof,0.07144304850288619,0.7142857142857143,0.6801909307875895,0.4180602006688963
2,T18,xgb_inner_oof,0.07207320411035305,0.7142857142857143,0.684964200477327,0.4208754208754209
2,T18,xgb_inner_oof,0.07249444574239072,0.7142857142857143,0.6897374701670644,0.423728813559322
2,T18,xgb_inner_oof,0.07281080905389896,0.7142857142857143,0.6921241050119332,0.42517006802721086
2,T18,xgb_inner_oof,0.0734964645779922,0.7142857142857143,0.6968973747016707,0.4280821917808219
2,T18,xgb_inner_oof,0.07409107292950076,0.7142857142857143,0.7016706443914081,0.43103448275862066
2,T18,xgb_inner_oof,0.07477451424452247,0.7142857142857143,0.7064439140811456,0.4340277777777778
2,T18,xgb_inner_oof,0.07533563224222292,0.7142857142857143,0.711217183770883,0.4370629370629371
2,T18,xgb_inner_oof,0.07568771220163248,0.7142857142857143,0.7136038186157518,0.43859649122807015
2,T18,xgb_inner_oof,0.07636553862240468,0.7142857142857143,0.7183770883054893,0.4416961130742049
2,T18,xgb_inner_oof,0.07760435079594533,0.6857142857142857,0.720763723150358,0.42704626334519574
2,T18,xgb_inner_oof,0.07939014343047726,0.6857142857142857,0.7255369928400954,0.43010752688172044
2,T18,xgb_inner_oof,0.08008419343126635,0.6857142857142857,0.7303102625298329,0.4332129963898917
2,T18,xgb_inner_oof,0.08076269811839662,0.6857142857142857,0.7350835322195705,0.43636363636363634
2,T18,xgb_inner_oof,0.08124362987488037,0.6857142857142857,0.7374701670644391,0.43795620437956206
2,T18,xgb_inner_oof,0.08188099831277243,0.6571428571428571,0.7398568019093079,0.4227941176470588
2,T18,xgb_inner_oof,0.08273687777821453,0.6571428571428571,0.7446300715990454,0.42592592592592593
2,T18,xgb_inner_oof,0.08324534788233251,0.6571428571428571,0.7494033412887828,0.4291044776119403
2,T18,xgb_inner_oof,0.08411138198993201,0.6571428571428571,0.7541766109785203,0.4323308270676692
2,T18,xgb_inner_oof,0.08475392265886005,0.6571428571428571,0.7589498806682577,0.4356060606060606
2,T18,xgb_inner_oof,0.08560943541438103,0.6571428571428571,0.7613365155131265,0.4372623574144487
2,T18,xgb_inner_oof,0.08615334916231057,0.6285714285714286,0.7637231503579952,0.421455938697318
2,T18,xgb_inner_oof,0.08698804938939778,0.6,0.766109785202864,0.40540540540540543
2,T18,xgb_inner_oof,0.08866415963423213,0.6,0.7708830548926014,0.4085603112840467
2,T18,xgb_inner_oof,0.08978225402484268,0.6,0.7756563245823389,0.4117647058823529
2,T18,xgb_inner_oof,0.08992678105919374,0.5714285714285714,0.7756563245823389,0.3937007874015748
2,T18,xgb_inner_oof,0.0924714900770745,0.5714285714285714,0.7804295942720764,0.3968253968253968
2,T18,xgb_inner_oof,0.09491901761850516,0.5714285714285714,0.7852028639618138,0.4
2,T18,xgb_inner_oof,0.09590502146559818,0.5714285714285714,0.7899761336515513,0.4032258064516129
2,T18,xgb_inner_oof,0.09729928863701984,0.5714285714285714,0.7947494033412887,0.4065040650406504
2,T18,xgb_inner_oof,0.09838234204634777,0.5714285714285714,0.7995226730310262,0.4098360655737705
2,T18,xgb_inner_oof,0.09879206376818014,0.5714285714285714,0.801909307875895,0.411522633744856
2,T18,xgb_inner_oof,0.1004460624184033,0.5714285714285714,0.8066825775656324,0.4149377593360996
2,T18,xgb_inner_oof,0.10237537990657183,0.5714285714285714,0.8114558472553699,0.41841004184100417
2,T18,xgb_inner_oof,0.10355947636792526,0.5714285714285714,0.8162291169451074,0.4219409282700422
2,T18,xgb_inner_oof,0.1043141559765561,0.5714285714285714,0.8210023866348448,0.425531914893617
2,T18,xgb_inner_oof,0.10516864825266056,0.5714285714285714,0.8257756563245824,0.4291845493562232
2,T18,xgb_inner_oof,0.10557264439753089,0.5428571428571428,0.8257756563245824,0.40948275862068967
2,T18,xgb_inner_oof,0.10625041214291345,0.5428571428571428,0.8305489260143198,0.41304347826086957
2,T18,xgb_inner_oof,0.10703866874390194,0.5428571428571428,0.8353221957040573,0.4166666666666667
2,T18,xgb_inner_oof,0.10894946933901109,0.5428571428571428,0.8400954653937948,0.42035398230088494
2,T18,xgb_inner_oof,0.10986704249198555,0.5142857142857142,0.8424821002386634,0.4017857142857143
2,T18,xgb_inner_oof,0.11017165329990607,0.5142857142857142,0.8448687350835322,0.40358744394618834
2,T18,xgb_inner_oof,0.1116964142589208,0.5142857142857142,0.8496420047732697,0.4072398190045249
2,T18,xgb_inner_oof,0.11481736357018116,0.5142857142857142,0.8544152744630071,0.410958904109589
2,T18,xgb_inner_oof,0.11783909258602136,0.5142857142857142,0.8591885441527446,0.4147465437788018
2,T18,xgb_inner_oof,0.1204306453514968,0.4857142857142857,0.8615751789976134,0.3953488372093023
2,T18,xgb_inner_oof,0.12270180565710548,0.4857142857142857,0.8663484486873508,0.39906103286384975
2,T18,xgb_inner_oof,0.12313594245800054,0.4857142857142857,0.8687350835322196,0.4009433962264151
2,T18,xgb_inner_oof,0.1244006707345815,0.4857142857142857,0.8735083532219571,0.40476190476190477
2,T18,xgb_inner_oof,0.12743170326656628,0.4857142857142857,0.8782816229116945,0.40865384615384615
2,T18,xgb_inner_oof,0.13071135773995515,0.45714285714285713,0.8806682577565632,0.3883495145631068
2,T18,xgb_inner_oof,0.13414287062501445,0.45714285714285713,0.8854415274463007,0.39215686274509803
2,T18,xgb_inner_oof,0.1385825129112998,0.45714285714285713,0.8902147971360382,0.39603960396039606
2,T18,xgb_inner_oof,0.14537506489060603,0.45714285714285713,0.8926014319809069,0.39800995024875624
2,T18,xgb_inner_oof,0.15403687210718747,0.45714285714285713,0.8973747016706444,0.4020100502512563
2,T18,xgb_inner_oof,0.1601588599938824,0.45714285714285713,0.9021479713603818,0.40609137055837563
2,T18,xgb_inner_oof,0.16297755298425037,0.42857142857142855,0.9045346062052506,0.38461538461538464
2,T18,xgb_inner_oof,0.1638105183724024,0.42857142857142855,0.9093078758949881,0.38860103626943004
2,T18,xgb_inner_oof,0.16396766718265005,0.42857142857142855,0.9116945107398569,0.390625
2,T18,xgb_inner_oof,0.16674854952507223,0.4,0.9140811455847255,0.3684210526315789
2,T18,xgb_inner_oof,0.1700579950945652,0.4,0.918854415274463,0.3723404255319149
2,T18,xgb_inner_oof,0.17256491828250017,0.37142857142857144,0.9212410501193318,0.34946236559139787
2,T18,xgb_inner_oof,0.1759229206358245,0.37142857142857144,0.9260143198090692,0.3532608695652174
2,T18,xgb_inner_oof,0.17759935711014824,0.34285714285714286,0.9284009546539379,0.32967032967032966
2,T18,xgb_inner_oof,0.17913991188782036,0.34285714285714286,0.9307875894988067,0.3314917127071823
2,T18,xgb_inner_oof,0.18296556246931572,0.3142857142857143,0.9331742243436754,0.30726256983240224
2,T18,xgb_inner_oof,0.18662276509740547,0.3142857142857143,0.9379474940334129,0.3107344632768362
2,T18,xgb_inner_oof,0.18925638388851523,0.3142857142857143,0.9427207637231504,0.3142857142857143
2,T18,xgb_inner_oof,0.19260150828732567,0.3142857142857143,0.9474940334128878,0.3179190751445087
2,T18,xgb_inner_oof,0.19808743179181584,0.3142857142857143,0.9522673031026253,0.3216374269005848
2,T18,xgb_inner_oof,0.20365912225999216,0.2857142857142857,0.9522673031026253,0.29411764705882354
2,T18,xgb_inner_oof,0.20955059552496838,0.2571428571428571,0.954653937947494,0.26785714285714285
2,T18,xgb_inner_oof,0.21156200088355165,0.2571428571428571,0.9594272076372315,0.2710843373493976
2,T18,xgb_inner_oof,0.22078639883589105,0.22857142857142856,0.9618138424821002,0.24390243902439024
2,T18,xgb_inner_oof,0.23736712036222252,0.22857142857142856,0.9665871121718377,0.24691358024691357
2,T18,xgb_inner_oof,0.24523906564117548,0.22857142857142856,0.9689737470167065,0.2484472049689441
2,T18,xgb_inner_oof,0.26546921144567315,0.2,0.9713603818615751,0.22012578616352202
2,T18,xgb_inner_oof,0.27408615907176226,0.17142857142857143,0.9737470167064439,0.1910828025477707
2,T18,xgb_inner_oof,0.2854627851524706,0.17142857142857143,0.9785202863961814,0.1935483870967742
2,T18,xgb_inner_oof,0.30349302390923005,0.17142857142857143,0.9832935560859188,0.19607843137254902
2,T18,xgb_inner_oof,0.333995308472777,0.14285714285714285,0.9856801909307876,0.16556291390728478
2,T18,xgb_inner_oof,0.3391111639375978,0.14285714285714285,0.9880668257756563,0.16666666666666666
2,T18,xgb_inner_oof,0.35534995632493116,0.11428571428571428,0.9904534606205251,0.13513513513513514
2,T18,xgb_inner_oof,0.4076754090727437,0.08571428571428572,0.9928400954653938,0.10273972602739725
2,T18,xgb_inner_oof,0.4302415937236421,0.05714285714285714,0.9952267303102625,0.06944444444444445
2,T18,xgb_inner_oof,0.4904429805297771,0.05714285714285714,1.0,0.07042253521126761
2,T18,xgb_inner_oof,0.5634446074239702,0.0,1.0,0.0
2,T21,xgb_inner_oof,0.014749250074301695,1.0,0.0,0.10121457489878542
2,T21,xgb_inner_oof,0.014914637862620293,1.0,0.0022522522522522522,0.10141987829614604
2,T21,xgb_inner_oof,0.015128567907470795,1.0,0.006756756756756757,0.10183299389002037
2,T21,xgb_inner_oof,0.015213013295478818,1.0,0.01126126126126126,0.10224948875255624
2,T21,xgb_inner_oof,0.015255537532400573,1.0,0.015765765765765764,0.1026694045174538
2,T21,xgb_inner_oof,0.015324395762865262,0.9,0.018018018018018018,0.09278350515463918
2,T21,xgb_inner_oof,0.015357807040831822,0.9,0.02027027027027027,0.09297520661157024
2,T21,xgb_inner_oof,0.01540033609678498,0.9,0.024774774774774775,0.09336099585062241
2,T21,xgb_inner_oof,0.01553391993861858,0.9,0.02927927927927928,0.09375
2,T21,xgb_inner_oof,0.015558438697899692,0.9,0.033783783783783786,0.09414225941422594
2,T21,xgb_inner_oof,0.015623178738768128,0.8,0.036036036036036036,0.08403361344537816
2,T21,xgb_inner_oof,0.015709538187026584,0.8,0.04054054054054054,0.08438818565400844
2,T21,xgb_inner_oof,0.015737914317886466,0.8,0.04279279279279279,0.08456659619450317
2,T21,xgb_inner_oof,0.015829709796089397,0.8,0.0472972972972973,0.08492569002123142
2,T21,xgb_inner_oof,0.015971145549618468,0.8,0.0518018018018018,0.08528784648187633
2,T21,xgb_inner_oof,0.01604479915938772,0.8,0.05630630630630631,0.08565310492505353
2,T21,xgb_inner_oof,0.016072977050657182,0.8,0.06306306306306306,0.08620689655172414
2,T21,xgb_inner_oof,0.016081532840037473,0.8,0.06531531531531531,0.08639308855291576
2,T21,xgb_inner_oof,0.016089691043348595,0.8,0.06981981981981981,0.08676789587852494
2,T21,xgb_inner_oof,0.016132869667217366,0.8,0.07432432432432433,0.08714596949891068
2,T21,xgb_inner_oof,0.016185339668242725,0.8,0.07882882882882883,0.087527352297593
2,T21,xgb_inner_oof,0.01622834444313931,0.8,0.08333333333333333,0.08791208791208792
2,T21,xgb_inner_oof,0.016286440887499094,0.8,0.08783783783783784,0.08830022075055188
2,T21,xgb_inner_oof,0.016324524727949777,0.8,0.09009009009009009,0.08849557522123894
2,T21,xgb_inner_oof,0.016423205134350867,0.8,0.0945945945945946,0.08888888888888889
2,T21,xgb_inner_oof,0.01645474207065934,0.8,0.0990990990990991,0.08928571428571429
2,T21,xgb_inner_oof,0.016463559756458496,0.8,0.1036036036036036,0.08968609865470852
2,T21,xgb_inner_oof,0.016486169688777804,0.8,0.10810810810810811,0.09009009009009009
2,T21,xgb_inner_oof,0.016526562136530525,0.8,0.11036036036036036,0.09029345372460497
2,T21,xgb_inner_oof,0.01655909845918544,0.8,0.11486486486486487,0.09070294784580499
2,T21,xgb_inner_oof,0.016613544459692993,0.8,0.11936936936936937,0.09111617312072894
2,T21,xgb_inner_oof,0.016634253063579636,0.8,0.12387387387387387,0.09153318077803203
2,T21,xgb_inner_oof,0.016695602968274166,0.8,0.12837837837837837,0.09195402298850575
2,T21,xgb_inner_oof,0.01676099592620759,0.8,0.13288288288288289,0.09237875288683603
2,T21,xgb_inner_oof,0.016777119959355265,0.8,0.13513513513513514,0.09259259259259259
2,T21,xgb_inner_oof,0.016796894898842625,0.8,0.13963963963963963,0.09302325581395349
2,T21,xgb_inner_oof,0.016858292792334268,0.8,0.14414414414414414,0.09345794392523364
2,T21,xgb_inner_oof,0.016928690371096285,0.8,0.14864864864864866,0.09389671361502347
2,T21,xgb_inner_oof,0.0169602029755744,0.8,0.15315315315315314,0.09433962264150944
2,T21,xgb_inner_oof,0.016977660971261833,0.8,0.1554054054054054,0.09456264775413711
2,T21,xgb_inner_oof,0.01701229101044921,0.8,0.15990990990990991,0.09501187648456057
2,T21,xgb_inner_oof,0.01705673166993855,0.8,0.16441441441441443,0.0954653937947494
2,T21,xgb_inner_oof,0.0171017802897884,0.8,0.16891891891891891,0.09592326139088729
2,T21,xgb_inner_oof,0.017158445274870718,0.8,0.17342342342342343,0.0963855421686747
2,T21,xgb_inner_oof,0.01722167777888098,0.8,0.17792792792792791,0.09685230024213075
2,T21,xgb_inner_oof,0.017261848972723218,0.8,0.18018018018018017,0.0970873786407767
2,T21,xgb_inner_oof,0.017272770628780465,0.8,0.18468468468468469,0.0975609756097561
2,T21,xgb_inner_oof,0.017288428191608963,0.8,0.1891891891891892,0.09803921568627451
2,T21,xgb_inner_oof,0.01738869446984777,0.8,0.19369369369369369,0.09852216748768473
2,T21,xgb_inner_oof,0.017474123321604862,0.8,0.1981981981981982,0.09900990099009901
2,T21,xgb_inner_oof,0.017515490798364175,0.8,0.20045045045045046,0.09925558312655088
2,T21,xgb_inner_oof,0.017553654883749416,0.8,0.20495495495495494,0.09975062344139651
2,T21,xgb_inner_oof,0.017569975609043782,0.8,0.20945945945945946,0.10025062656641603
2,T21,xgb_inner_oof,0.017617233087340603,0.8,0.21396396396396397,0.10075566750629723
2,T21,xgb_inner_oof,0.01766499543549111,0.8,0.21846846846846846,0.10126582278481013
2,T21,xgb_inner_oof,0.017781628492723897,0.8,0.22297297297297297,0.10178117048346055
2,T21,xgb_inner_oof,0.017814950072835508,0.8,0.22522522522522523,0.10204081632653061
2,T21,xgb_inner_oof,0.01783424985816271,0.8,0.22972972972972974,0.10256410256410256
2,T21,xgb_inner_oof,0.017878205985726904,0.8,0.23423423423423423,0.10309278350515463
2,T21,xgb_inner_oof,0.017907712614205946,0.8,0.23873873873873874,0.10362694300518134
2,T21,xgb_inner_oof,0.017941058652896524,0.8,0.24324324324324326,0.10416666666666667
2,T21,xgb_inner_oof,0.01796238862419109,0.8,0.24549549549549549,0.10443864229765012
2,T21,xgb_inner_oof,0.017988649653249943,0.8,0.25,0.10498687664041995
2,T21,xgb_inner_oof,0.018083267562216045,0.8,0.2545045045045045,0.10554089709762533
2,T21,xgb_inner_oof,0.018134747968312884,0.8,0.25900900900900903,0.10610079575596817
2,T21,xgb_inner_oof,0.01815935719677743,0.8,0.2635135135135135,0.10666666666666667
2,T21,xgb_inner_oof,0.01817166831491273,0.8,0.268018018018018,0.10723860589812333
2,T21,xgb_inner_oof,0.018213367140589742,0.8,0.2702702702702703,0.10752688172043011
2,T21,xgb_inner_oof,0.01828478930828424,0.8,0.2747747747747748,0.10810810810810811
2,T21,xgb_inner_oof,0.018305183559174175,0.8,0.27927927927927926,0.10869565217391304
2,T21,xgb_inner_oof,0.018333578740068163,0.8,0.28378378378378377,0.1092896174863388
2,T21,xgb_inner_oof,0.018391094805761808,0.8,0.2882882882882883,0.10989010989010989
2,T21,xgb_inner_oof,0.018436448493274877,0.8,0.2905405405405405,0.11019283746556474
2,T21,xgb_inner_oof,0.018459099165532063,0.8,0.29504504504504503,0.11080332409972299
2,T21,xgb_inner_oof,0.018478746595539167,0.8,0.29954954954954954,0.11142061281337047
2,T21,xgb_inner_oof,0.01859611593538556,0.7,0.30180180180180183,0.09803921568627451
2,T21,xgb_inner_oof,0.01865710394234664,0.7,0.3063063063063063,0.09859154929577464
2,T21,xgb_inner_oof,0.01867767241312821,0.7,0.3108108108108108,0.09915014164305949
2,T21,xgb_inner_oof,0.018686010680651958,0.7,0.3130630630630631,0.09943181818181818
2,T21,xgb_inner_oof,0.018715420219785523,0.7,0.31756756756756754,0.1
2,T21,xgb_inner_oof,0.01876112659415604,0.7,0.32207207207207206,0.10057471264367816
2,T21,xgb_inner_oof,0.01885522015607436,0.7,0.32657657657657657,0.10115606936416185
2,T21,xgb_inner_oof,0.018872942146329445,0.7,0.3310810810810811,0.10174418604651163
2,T21,xgb_inner_oof,0.01889303894175442,0.7,0.3355855855855856,0.1023391812865497
2,T21,xgb_inner_oof,0.018901695433390136,0.7,0.33783783783783783,0.10263929618768329
2,T21,xgb_inner_oof,0.018947455964902223,0.7,0.34234234234234234,0.10324483775811209
2,T21,xgb_inner_oof,0.018974369299108167,0.7,0.34684684684684686,0.10385756676557864
2,T21,xgb_inner_oof,0.01901598387447406,0.7,0.35135135135135137,0.1044776119402985
2,T21,xgb_inner_oof,0.01907585607377795,0.7,0.35585585585585583,0.10510510510510511
2,T21,xgb_inner_oof,0.01912238985559867,0.7,0.3581081081081081,0.10542168674698796
2,T21,xgb_inner_oof,0.01917623005537992,0.7,0.36261261261261263,0.10606060606060606
2,T21,xgb_inner_oof,0.01921120228286848,0.7,0.36711711711711714,0.10670731707317073
2,T21,xgb_inner_oof,0.019423147535592378,0.6,0.36936936936936937,0.09202453987730061
2,T21,xgb_inner_oof,0.019471081578106262,0.6,0.3738738738738739,0.09259259259259259
2,T21,xgb_inner_oof,0.019490452387952273,0.6,0.3783783783783784,0.09316770186335403
2,T21,xgb_inner_oof,0.019514280723811575,0.6,0.38063063063063063,0.09345794392523364
2,T21,xgb_inner_oof,0.01954395803275576,0.6,0.38513513513513514,0.09404388714733543
2,T21,xgb_inner_oof,0.019561905649858345,0.6,0.38963963963963966,0.0946372239747634
2,T21,xgb_inner_oof,0.019584809056536,0.6,0.39414414414414417,0.09523809523809523
2,T21,xgb_inner_oof,0.019625774913579086,0.6,0.39864864864864863,0.09584664536741214
2,T21,xgb_inner_oof,0.01965661786534971,0.6,0.4009009009009009,0.09615384615384616
2,T21,xgb_inner_oof,0.019700737644699276,0.6,0.40540540540540543,0.0967741935483871
2,T21,xgb_inner_oof,0.01976112642941592,0.6,0.4099099099099099,0.09740259740259741
2,T21,xgb_inner_oof,0.01980548202893706,0.6,0.4144144144144144,0.09803921568627451
2,T21,xgb_inner_oof,0.019930207027750287,0.6,0.4189189189189189,0.09868421052631579
2,T21,xgb_inner_oof,0.019957756661746574,0.6,0.42342342342342343,0.09933774834437085
2,T21,xgb_inner_oof,0.019960053855971237,0.6,0.42567567567567566,0.09966777408637874
2,T21,xgb_inner_oof,0.019979393312237345,0.6,0.43018018018018017,0.10033444816053512
2,T21,xgb_inner_oof,0.019998629643012845,0.6,0.4346846846846847,0.10101010101010101
2,T21,xgb_inner_oof,0.02001930354269711,0.6,0.4391891891891892,0.1016949152542373
2,T21,xgb_inner_oof,0.020097574462127697,0.6,0.4436936936936937,0.10238907849829351
2,T21,xgb_inner_oof,0.020125780216972464,0.6,0.44594594594594594,0.10273972602739725
2,T21,xgb_inner_oof,0.020157383636291326,0.6,0.45045045045045046,0.10344827586206896
2,T21,xgb_inner_oof,0.020190938053195197,0.6,0.45495495495495497,0.10416666666666667
2,T21,xgb_inner_oof,0.020210094232139937,0.6,0.4594594594594595,0.1048951048951049
2,T21,xgb_inner_oof,0.02022462576636065,0.6,0.46396396396396394,0.1056338028169014
2,T21,xgb_inner_oof,0.020246350167565257,0.6,0.46846846846846846,0.10638297872340426
2,T21,xgb_inner_oof,0.02025666719223606,0.6,0.47072072072072074,0.10676156583629894
2,T21,xgb_inner_oof,0.020266234294770088,0.6,0.4752252252252252,0.10752688172043011
2,T21,xgb_inner_oof,0.020283783216763437,0.6,0.4797297297297297,0.10830324909747292
2,T21,xgb_inner_oof,0.020296818210979478,0.6,0.48423423423423423,0.10909090909090909
2,T21,xgb_inner_oof,0.02031101949718233,0.6,0.48873873873873874,0.10989010989010989
2,T21,xgb_inner_oof,0.020349872429142428,0.6,0.49099099099099097,0.11029411764705882
2,T21,xgb_inner_oof,0.020394029628291784,0.6,0.4954954954954955,0.1111111111111111
2,T21,xgb_inner_oof,0.02041721409248327,0.6,0.5,0.11194029850746269
2,T21,xgb_inner_oof,0.020484786660154318,0.6,0.5045045045045045,0.11278195488721804
2,T21,xgb_inner_oof,0.020558849951509726,0.6,0.509009009009009,0.11363636363636363
2,T21,xgb_inner_oof,0.0206383293586827,0.6,0.5135135135135135,0.11450381679389313
2,T21,xgb_inner_oof,0.020686073978858154,0.6,0.5157657657657657,0.11494252873563218
2,T21,xgb_inner_oof,0.020823429228862878,0.6,0.5202702702702703,0.11583011583011583
2,T21,xgb_inner_oof,0.020847301512811358,0.6,0.5247747747747747,0.11673151750972763
2,T21,xgb_inner_oof,0.02089422485419256,0.6,0.5292792792792793,0.11764705882352941
2,T21,xgb_inner_oof,0.020982813233811477,0.6,0.5337837837837838,0.11857707509881422
2,T21,xgb_inner_oof,0.021018143586425064,0.6,0.536036036036036,0.11904761904761904
2,T21,xgb_inner_oof,0.021047873365432034,0.6,0.5405405405405406,0.12
2,T21,xgb_inner_oof,0.021135703571792154,0.6,0.545045045045045,0.12096774193548387
2,T21,xgb_inner_oof,0.02122884007337985,0.6,0.5495495495495496,0.12195121951219512
2,T21,xgb_inner_oof,0.02132479203569878,0.6,0.5540540540540541,0.12295081967213115
2,T21,xgb_inner_oof,0.021384745583758837,0.6,0.5585585585585585,0.12396694214876033
2,T21,xgb_inner_oof,0.02144114460178389,0.6,0.5608108108108109,0.12448132780082988
2,T21,xgb_inner_oof,0.021507306693794564,0.6,0.5653153153153153,0.12552301255230125
2,T21,xgb_inner_oof,0.021548570782814053,0.6,0.5698198198198198,0.12658227848101267
2,T21,xgb_inner_oof,0.021719005513546857,0.6,0.5743243243243243,0.1276595744680851
2,T21,xgb_inner_oof,0.021770725109988023,0.6,0.5788288288288288,0.12875536480686695
2,T21,xgb_inner_oof,0.021785740478573172,0.6,0.581081081081081,0.12931034482758622
2,T21,xgb_inner_oof,0.021904111177756612,0.6,0.5855855855855856,0.13043478260869565
2,T21,xgb_inner_oof,0.021952480288620204,0.6,0.5900900900900901,0.13157894736842105
2,T21,xgb_inner_oof,0.0221321203996364,0.6,0.5945945945945946,0.13274336283185842
2,T21,xgb_inner_oof,0.022165228217647343,0.6,0.5990990990990991,0.13392857142857142
2,T21,xgb_inner_oof,0.02225422976207387,0.6,0.6036036036036037,0.13513513513513514
2,T21,xgb_inner_oof,0.022266824726044934,0.6,0.6058558558558559,0.13574660633484162
2,T21,xgb_inner_oof,0.02231236129953606,0.6,0.6103603603603603,0.136986301369863
2,T21,xgb_inner_oof,0.02236589971574464,0.6,0.6148648648648649,0.1382488479262673
2,T21,xgb_inner_oof,0.02242754757263212,0.6,0.6193693693693694,0.13953488372093023
2,T21,xgb_inner_oof,0.02252984308845678,0.6,0.6238738738738738,0.14084507042253522
2,T21,xgb_inner_oof,0.022612174568405467,0.6,0.6261261261261262,0.14150943396226415
2,T21,xgb_inner_oof,0.02270945952010435,0.6,0.6306306306306306,0.14285714285714285
2,T21,xgb_inner_oof,0.022729634989344504,0.5,0.6328828828828829,0.1201923076923077
2,T21,xgb_inner_oof,0.022759845147748786,0.5,0.6373873873873874,0.12135922330097088
2,T21,xgb_inner_oof,0.022801191885758115,0.5,0.6418918918918919,0.12254901960784313
2,T21,xgb_inner_oof,0.02281132253998728,0.5,0.6463963963963963,0.12376237623762376
2,T21,xgb_inner_oof,0.02283384360994551,0.5,0.6486486486486487,0.12437810945273632
2,T21,xgb_inner_oof,0.022952313055714955,0.4,0.6509009009009009,0.10050251256281408
2,T21,xgb_inner_oof,0.022983431531195246,0.4,0.6554054054054054,0.10152284263959391
2,T21,xgb_inner_oof,0.023054015259411982,0.4,0.6599099099099099,0.10256410256410256
2,T21,xgb_inner_oof,0.023208140746772084,0.3,0.6621621621621622,0.07772020725388601
2,T21,xgb_inner_oof,0.0232533687763836,0.3,0.6666666666666666,0.07853403141361257
2,T21,xgb_inner_oof,0.02333235276533116,0.3,0.668918918918919,0.07894736842105263
2,T21,xgb_inner_oof,0.023429661367907917,0.3,0.6734234234234234,0.0797872340425532
2,T21,xgb_inner_oof,0.02347352670951628,0.3,0.6779279279279279,0.08064516129032258
2,T21,xgb_inner_oof,0.023581696204608336,0.3,0.6824324324324325,0.08152173913043478
2,T21,xgb_inner_oof,0.023629517180762165,0.3,0.6869369369369369,0.08241758241758242
2,T21,xgb_inner_oof,0.023642516669817253,0.3,0.6891891891891891,0.08287292817679558
2,T21,xgb_inner_oof,0.02366109563010743,0.3,0.6936936936936937,0.08379888268156424
2,T21,xgb_inner_oof,0.02378978313777765,0.3,0.6981981981981982,0.0847457627118644
2,T21,xgb_inner_oof,0.02383398401222564,0.3,0.7027027027027027,0.08571428571428572
2,T21,xgb_inner_oof,0.0239340555997438,0.3,0.7072072072072072,0.08670520231213873
2,T21,xgb_inner_oof,0.024044403495781713,0.3,0.7117117117117117,0.08771929824561403
2,T21,xgb_inner_oof,0.024096449778298702,0.3,0.713963963963964,0.08823529411764706
2,T21,xgb_inner_oof,0.024193247896744187,0.3,0.7184684684684685,0.08928571428571429
2,T21,xgb_inner_oof,0.024251742639331338,0.3,0.722972972972973,0.09036144578313253
2,T21,xgb_inner_oof,0.02433590465671861,0.3,0.7274774774774775,0.09146341463414634
2,T21,xgb_inner_oof,0.02434999466806577,0.3,0.7319819819819819,0.09259259259259259
2,T21,xgb_inner_oof,0.024371176802476836,0.3,0.7342342342342343,0.09316770186335403
2,T21,xgb_inner_oof,0.02445643755298047,0.3,0.7387387387387387,0.09433962264150944
2,T21,xgb_inner_oof,0.024642426935499638,0.3,0.7432432432432432,0.09554140127388536
2,T21,xgb_inner_oof,0.024685647521839726,0.3,0.7477477477477478,0.0967741935483871
2,T21,xgb_inner_oof,0.024859864013968995,0.3,0.7522522522522522,0.09803921568627451
2,T21,xgb_inner_oof,0.024955647799055403,0.3,0.7567567567567568,0.09933774834437085
2,T21,xgb_inner_oof,0.025014147240292477,0.3,0.759009009009009,0.1
2,T21,xgb_inner_oof,0.025156368569444712,0.3,0.7635135135135135,0.10135135135135136
2,T21,xgb_inner_oof,0.025224472541427196,0.3,0.7680180180180181,0.10273972602739725
2,T21,xgb_inner_oof,0.025288401284205377,0.3,0.7725225225225225,0.10416666666666667
2,T21,xgb_inner_oof,0.025418001104910822,0.3,0.777027027027027,0.1056338028169014
2,T21,xgb_inner_oof,0.025435148581874213,0.3,0.7792792792792793,0.10638297872340426
2,T21,xgb_inner_oof,0.02549552616506061,0.3,0.7837837837837838,0.1079136690647482
2,T21,xgb_inner_oof,0.025546199059575437,0.3,0.7882882882882883,0.10948905109489052
2,T21,xgb_inner_oof,0.02567236573159313,0.3,0.7927927927927928,0.1111111111111111
2,T21,xgb_inner_oof,0.025813735618741555,0.3,0.7972972972972973,0.11278195488721804
2,T21,xgb_inner_oof,0.025855944986432882,0.3,0.8018018018018018,0.11450381679389313
2,T21,xgb_inner_oof,0.025928950430714026,0.3,0.8040540540540541,0.11538461538461539
2,T21,xgb_inner_oof,0.02611367616105105,0.3,0.8085585585585585,0.1171875
2,T21,xgb_inner_oof,0.02647147898000413,0.3,0.8130630630630631,0.11904761904761904
2,T21,xgb_inner_oof,0.026542139089804573,0.3,0.8175675675675675,0.12096774193548387
2,T21,xgb_inner_oof,0.026575756826930856,0.3,0.8220720720720721,0.12295081967213115
2,T21,xgb_inner_oof,0.02658913934515834,0.3,0.8243243243243243,0.12396694214876033
2,T21,xgb_inner_oof,0.026637689108452663,0.3,0.8288288288288288,0.12605042016806722
2,T21,xgb_inner_oof,0.026705802609535256,0.3,0.8333333333333334,0.1282051282051282
2,T21,xgb_inner_oof,0.026839083367166654,0.3,0.8378378378378378,0.13043478260869565
2,T21,xgb_inner_oof,0.027011465786914397,0.3,0.8423423423423423,0.13274336283185842
2,T21,xgb_inner_oof,0.02725728560872634,0.3,0.8468468468468469,0.13513513513513514
2,T21,xgb_inner_oof,0.027426172274713154,0.3,0.8490990990990991,0.13636363636363635
2,T21,xgb_inner_oof,0.02751825364867255,0.3,0.8536036036036037,0.1388888888888889
2,T21,xgb_inner_oof,0.027661325320742343,0.3,0.8581081081081081,0.14150943396226415
2,T21,xgb_inner_oof,0.027828506988238674,0.3,0.8626126126126126,0.14423076923076922
2,T21,xgb_inner_oof,0.027994111128673498,0.3,0.8671171171171171,0.14705882352941177
2,T21,xgb_inner_oof,0.028111600679648723,0.3,0.8693693693693694,0.1485148514851485
2,T21,xgb_inner_oof,0.02822814294606197,0.3,0.8738738738738738,0.15151515151515152
2,T21,xgb_inner_oof,0.028399283233104762,0.3,0.8783783783783784,0.15463917525773196
2,T21,xgb_inner_oof,0.028553479774816835,0.3,0.8828828828828829,0.15789473684210525
2,T21,xgb_inner_oof,0.02882853246337469,0.3,0.8873873873873874,0.16129032258064516
2,T21,xgb_inner_oof,0.028992090050175896,0.2,0.8896396396396397,0.10989010989010989
2,T21,xgb_inner_oof,0.029120016534297462,0.2,0.8918918918918919,0.1111111111111111
2,T21,xgb_inner_oof,0.029539461123950794,0.2,0.8963963963963963,0.11363636363636363
2,T21,xgb_inner_oof,0.029860953865290793,0.2,0.9009009009009009,0.11627906976744186
2,T21,xgb_inner_oof,0.029986111518660152,0.2,0.9054054054054054,0.11904761904761904
2,T21,xgb_inner_oof,0.030238598861431938,0.2,0.9099099099099099,0.12195121951219512
2,T21,xgb_inner_oof,0.030270973178918255,0.2,0.9121621621621622,0.12345679012345678
2,T21,xgb_inner_oof,0.030519858985602416,0.2,0.9166666666666666,0.12658227848101267
2,T21,xgb_inner_oof,0.03086334571313944,0.2,0.9211711711711712,0.12987012987012986
2,T21,xgb_inner_oof,0.031025901225433354,0.2,0.9256756756756757,0.13333333333333333
2,T21,xgb_inner_oof,0.03161894739897511,0.2,0.9301801801801802,0.136986301369863
2,T21,xgb_inner_oof,0.031804486082629826,0.2,0.9346846846846847,0.14084507042253522
2,T21,xgb_inner_oof,0.03189962017403651,0.2,0.9369369369369369,0.14285714285714285
2,T21,xgb_inner_oof,0.032046842032820655,0.2,0.9414414414414415,0.14705882352941177
2,T21,xgb_inner_oof,0.03227909559285724,0.2,0.9459459459459459,0.15151515151515152
2,T21,xgb_inner_oof,0.032459690648729805,0.2,0.9504504504504504,0.15625
2,T21,xgb_inner_oof,0.03290774016400841,0.2,0.954954954954955,0.16129032258064516
2,T21,xgb_inner_oof,0.03349014157130676,0.2,0.9572072072072072,0.16393442622950818
2,T21,xgb_inner_oof,0.03406236770466906,0.2,0.9617117117117117,0.1694915254237288
2,T21,xgb_inner_oof,0.03423494764001689,0.2,0.9662162162162162,0.17543859649122806
2,T21,xgb_inner_oof,0.034505450173041755,0.2,0.9707207207207207,0.18181818181818182
2,T21,xgb_inner_oof,0.034829069687041574,0.1,0.972972972972973,0.09433962264150944
2,T21,xgb_inner_oof,0.03546182181223387,0.1,0.9774774774774775,0.09803921568627451
2,T21,xgb_inner_oof,0.03600740336072886,0.0,0.9774774774774775,0.0
2,T21,xgb_inner_oof,0.03697297572719064,0.0,0.9819819819819819,0.0
2,T21,xgb_inner_oof,0.03784627928490106,0.0,0.9864864864864865,0.0
2,T21,xgb_inner_oof,0.03924103274094673,0.0,0.990990990990991,0.0
2,T21,xgb_inner_oof,0.04113105377313531,0.0,0.9954954954954955,0.0
2,T21,xgb_inner_oof,0.043916589699340695,0.0,1.0,0.0
2,any,xgb_inner_oof,0.023393566348464102,1.0,0.0,0.38753799392097266
2,any,xgb_inner_oof,0.024024323163572954,1.0,0.0024813895781637717,0.3881278538812785
2,any,xgb_inner_oof,0.02906412728638491,1.0,0.007444168734491315,0.3893129770992366
2,any,xgb_inner_oof,0.030146314972731528,1.0,0.01240694789081886,0.3905053598774885
2,any,xgb_inner_oof,0.030812402799204518,1.0,0.017369727047146403,0.391705069124424
2,any,xgb_inner_oof,0.031321920175658824,1.0,0.022332506203473945,0.3929121725731895
2,any,xgb_inner_oof,0.03176477504850014,1.0,0.02481389578163772,0.39351851851851855
2,any,xgb_inner_oof,0.032259427693991594,1.0,0.02977667493796526,0.39473684210526316
2,any,xgb_inner_oof,0.03270718535421449,1.0,0.034739454094292806,0.39596273291925466
2,any,xgb_inner_oof,0.03341309447229041,0.9803921568627451,0.03722084367245657,0.3894080996884735
2,any,xgb_inner_oof,0.033697262333285835,0.9803921568627451,0.04218362282878412,0.390625
2,any,xgb_inner_oof,0.03377478392252417,0.9803921568627451,0.04714640198511166,0.39184952978056425
2,any,xgb_inner_oof,0.03389357558195086,0.9803921568627451,0.04962779156327544,0.3924646781789639
2,any,xgb_inner_oof,0.03412553245826189,0.9803921568627451,0.05459057071960298,0.3937007874015748
2,any,xgb_inner_oof,0.03456347284466216,0.9803921568627451,0.05955334987593052,0.3949447077409163
2,any,xgb_inner_oof,0.03530820642159041,0.9803921568627451,0.06451612903225806,0.39619651347068147
2,any,xgb_inner_oof,0.035760218834151945,0.9803921568627451,0.06947890818858561,0.397456279809221
2,any,xgb_inner_oof,0.03579943224468905,0.9803921568627451,0.07196029776674938,0.3980891719745223
2,any,xgb_inner_oof,0.03595143377803972,0.9803921568627451,0.07692307692307693,0.3993610223642173
2,any,xgb_inner_oof,0.03627408815056588,0.9803921568627451,0.08188585607940446,0.40064102564102566
2,any,xgb_inner_oof,0.03658273936032465,0.9803921568627451,0.08684863523573201,0.40192926045016075
2,any,xgb_inner_oof,0.03716821410784132,0.9803921568627451,0.09181141439205956,0.4032258064516129
2,any,xgb_inner_oof,0.038300628657664815,0.9803921568627451,0.0967741935483871,0.4045307443365696
2,any,xgb_inner_oof,0.038425024476769085,0.9803921568627451,0.09925558312655088,0.4051863857374392
2,any,xgb_inner_oof,0.03914360279766314,0.9803921568627451,0.10421836228287841,0.4065040650406504
2,any,xgb_inner_oof,0.03929790359542758,0.9803921568627451,0.10918114143920596,0.4078303425774878
2,any,xgb_inner_oof,0.03966279471094376,0.9803921568627451,0.1141439205955335,0.40916530278232405
2,any,xgb_inner_oof,0.04006282352479133,0.9607843137254902,0.11662531017369727,0.40229885057471265
2,any,xgb_inner_oof,0.04013707087268803,0.9607843137254902,0.12158808933002481,0.40362438220757824
2,any,xgb_inner_oof,0.04023645208216759,0.9607843137254902,0.12406947890818859,0.4042904290429043
2,any,xgb_inner_oof,0.04040715285207966,0.9607843137254902,0.12903225806451613,0.4056291390728477
2,any,xgb_inner_oof,0.04054700881025515,0.9607843137254902,0.13399503722084366,0.4069767441860465
2,any,xgb_inner_oof,0.04105474643863638,0.9607843137254902,0.13895781637717122,0.4083333333333333
2,any,xgb_inner_oof,0.04146183028520345,0.9607843137254902,0.14392059553349876,0.4096989966555184
2,any,xgb_inner_oof,0.041626187997776634,0.9607843137254902,0.14640198511166252,0.4103852596314908
2,any,xgb_inner_oof,0.04211014308664618,0.9607843137254902,0.1513647642679901,0.4117647058823529
2,any,xgb_inner_oof,0.04259117828068548,0.9607843137254902,0.15632754342431762,0.4131534569983137
2,any,xgb_inner_oof,0.04342472061994865,0.9607843137254902,0.16129032258064516,0.41455160744500846
2,any,xgb_inner_oof,0.044573131346204845,0.9607843137254902,0.1662531017369727,0.4159592529711375
2,any,xgb_inner_oof,0.04494282126373344,0.9607843137254902,0.17121588089330025,0.41737649063032367
2,any,xgb_inner_oof,0.04519201819500271,0.9607843137254902,0.17369727047146402,0.4180887372013652
2,any,xgb_inner_oof,0.04620544717165766,0.9607843137254902,0.17866004962779156,0.4195205479452055
2,any,xgb_inner_oof,0.046491634465682746,0.9411764705882353,0.18114143920595532,0.41237113402061853
2,any,xgb_inner_oof,0.0468876936459966,0.9411764705882353,0.18610421836228289,0.41379310344827586
2,any,xgb_inner_oof,0.04713466505417882,0.9411764705882353,0.19106699751861042,0.41522491349480967
2,any,xgb_inner_oof,0.04740814104820017,0.9411764705882353,0.19602977667493796,0.4166666666666667
2,any,xgb_inner_oof,0.047533723543112555,0.9411764705882353,0.19851116625310175,0.41739130434782606
2,any,xgb_inner_oof,0.04770006887675318,0.9411764705882353,0.20347394540942929,0.418848167539267
2,any,xgb_inner_oof,0.048296736337347254,0.9411764705882353,0.20843672456575682,0.4203152364273205
2,any,xgb_inner_oof,0.04909627233939049,0.9411764705882353,0.21339950372208435,0.421792618629174
2,any,xgb_inner_oof,0.04942284107995575,0.9411764705882353,0.21836228287841192,0.42328042328042326
2,any,xgb_inner_oof,0.049658741611909044,0.9411764705882353,0.22084367245657568,0.42402826855123676
2,any,xgb_inner_oof,0.04986487869824415,0.9411764705882353,0.22580645161290322,0.425531914893617
2,any,xgb_inner_oof,0.05051594992280725,0.9215686274509803,0.228287841191067,0.4181494661921708
2,any,xgb_inner_oof,0.050954070041393004,0.9215686274509803,0.23325062034739455,0.41964285714285715
2,any,xgb_inner_oof,0.051111019671949254,0.9215686274509803,0.23821339950372208,0.4211469534050179
2,any,xgb_inner_oof,0.05127900976307726,0.9215686274509803,0.24317617866004962,0.4226618705035971
2,any,xgb_inner_oof,0.05133255019029245,0.9215686274509803,0.2456575682382134,0.42342342342342343
2,any,xgb_inner_oof,0.0514295663348345,0.9215686274509803,0.2506203473945409,0.42495479204339964
2,any,xgb_inner_oof,0.051835765776994766,0.9215686274509803,0.2555831265508685,0.426497277676951
2,any,xgb_inner_oof,0.05222494362781994,0.9215686274509803,0.26054590570719605,0.42805100182149364
2,any,xgb_inner_oof,0.053434685893986686,0.9215686274509803,0.2655086848635236,0.4296160877513711
2,any,xgb_inner_oof,0.054168284108263354,0.9215686274509803,0.2704714640198511,0.43119266055045874
2,any,xgb_inner_oof,0.05436861686369468,0.9215686274509803,0.2729528535980149,0.4319852941176471
2,any,xgb_inner_oof,0.054555217205379015,0.9215686274509803,0.27791563275434245,0.43357933579335795
2,any,xgb_inner_oof,0.05551529536139151,0.9215686274509803,0.28287841191067,0.4351851851851852
2,any,xgb_inner_oof,0.05566403205335327,0.9215686274509803,0.2878411910669975,0.4368029739776952
2,any,xgb_inner_oof,0.05645902459239567,0.9019607843137255,0.2903225806451613,0.4291044776119403
2,any,xgb_inner_oof,0.0565778073034247,0.9019607843137255,0.29280397022332505,0.42990654205607476
2,any,xgb_inner_oof,0.05685932424653707,0.8823529411764706,0.29528535980148884,0.42213883677298314
2,any,xgb_inner_oof,0.057281070780831646,0.8823529411764706,0.3002481389578164,0.423728813559322
2,any,xgb_inner_oof,0.0575915391489388,0.8823529411764706,0.3052109181141439,0.42533081285444235
2,any,xgb_inner_oof,0.05772477088984039,0.8823529411764706,0.31017369727047145,0.4269449715370019
2,any,xgb_inner_oof,0.05819583396751633,0.8823529411764706,0.315136476426799,0.42857142857142855
2,any,xgb_inner_oof,0.05844115198558438,0.8823529411764706,0.3176178660049628,0.42938931297709926
2,any,xgb_inner_oof,0.058800044302918617,0.8823529411764706,0.3225806451612903,0.43103448275862066
2,any,xgb_inner_oof,0.059318116638887475,0.8823529411764706,0.32754342431761785,0.4326923076923077
2,any,xgb_inner_oof,0.059987783768575706,0.8823529411764706,0.3325062034739454,0.4343629343629344
2,any,xgb_inner_oof,0.06102473018731103,0.8823529411764706,0.337468982630273,0.436046511627907
2,any,xgb_inner_oof,0.06164198103580722,0.8823529411764706,0.3424317617866005,0.4377431906614786
2,any,xgb_inner_oof,0.06169620869171902,0.8823529411764706,0.34491315136476425,0.43859649122807015
2,any,xgb_inner_oof,0.06201064580092791,0.8823529411764706,0.34987593052109184,0.44031311154598823
2,any,xgb_inner_oof,0.06225813810325623,0.8823529411764706,0.3548387096774194,0.44204322200392926
2,any,xgb_inner_oof,0.06267944530589446,0.8823529411764706,0.3598014888337469,0.4437869822485207
2,any,xgb_inner_oof,0.06296582198070941,0.8823529411764706,0.36476426799007444,0.44554455445544555
2,any,xgb_inner_oof,0.06312593898738558,0.8823529411764706,0.36724565756823824,0.44642857142857145
2,any,xgb_inner_oof,0.06357299787140816,0.8823529411764706,0.37220843672456577,0.448207171314741
2,any,xgb_inner_oof,0.06369095869443128,0.8823529411764706,0.3771712158808933,0.45
2,any,xgb_inner_oof,0.06476998182940137,0.8823529411764706,0.38213399503722084,0.45180722891566266
2,any,xgb_inner_oof,0.06569073882400293,0.8823529411764706,0.3870967741935484,0.4536290322580645
2,any,xgb_inner_oof,0.06671149786190395,0.8823529411764706,0.3920595533498759,0.45546558704453444
2,any,xgb_inner_oof,0.06726029606983504,0.8823529411764706,0.3945409429280397,0.4563894523326572
2,any,xgb_inner_oof,0.06821177170992707,0.8823529411764706,0.39950372208436724,0.45824847250509165
2,any,xgb_inner_oof,0.06838193070481849,0.8823529411764706,0.4044665012406948,0.4601226993865031
2,any,xgb_inner_oof,0.06882792674122035,0.8823529411764706,0.4094292803970223,0.4620123203285421
2,any,xgb_inner_oof,0.06999789590761324,0.8823529411764706,0.4143920595533499,0.4639175257731959
2,any,xgb_inner_oof,0.07089874800521381,0.8823529411764706,0.41935483870967744,0.4658385093167702
2,any,xgb_inner_oof,0.0711478605351037,0.8823529411764706,0.4218362282878412,0.46680497925311204
2,any,xgb_inner_oof,0.07134024941078054,0.8823529411764706,0.4267990074441687,0.46875
2,any,xgb_inner_oof,0.07192954560486309,0.8823529411764706,0.4317617866004963,0.4707112970711297
2,any,xgb_inner_oof,0.0726021553679691,0.8627450980392157,0.43424317617866004,0.46218487394957986
2,any,xgb_inner_oof,0.07324044646688274,0.8627450980392157,0.4392059553349876,0.4641350210970464
2,any,xgb_inner_oof,0.07378687775708814,0.8627450980392157,0.44168734491315137,0.46511627906976744
2,any,xgb_inner_oof,0.07428536387763818,0.8627450980392157,0.4466501240694789,0.46709129511677283
2,any,xgb_inner_oof,0.07477648796601002,0.8627450980392157,0.45161290322580644,0.4690831556503198
2,any,xgb_inner_oof,0.07498948956838904,0.8627450980392157,0.456575682382134,0.47109207708779444
2,any,xgb_inner_oof,0.07591859666842032,0.8627450980392157,0.46153846153846156,0.4731182795698925
2,any,xgb_inner_oof,0.07752838434623992,0.8627450980392157,0.4665012406947891,0.47516198704103674
2,any,xgb_inner_oof,0.07794964595908216,0.8627450980392157,0.46898263027295284,0.47619047619047616
2,any,xgb_inner_oof,0.077994382853767,0.8627450980392157,0.4739454094292804,0.4782608695652174
2,any,xgb_inner_oof,0.07834923951492936,0.8627450980392157,0.47890818858560796,0.48034934497816595
2,any,xgb_inner_oof,0.07886127764994291,0.8627450980392157,0.4838709677419355,0.4824561403508772
2,any,xgb_inner_oof,0.07997817761270593,0.8431372549019608,0.48635235732009924,0.473568281938326
2,any,xgb_inner_oof,0.08115945063544405,0.8431372549019608,0.4913151364764268,0.4756637168141593
2,any,xgb_inner_oof,0.08159760148786804,0.8431372549019608,0.49379652605459057,0.47671840354767187
2,any,xgb_inner_oof,0.08209866003356944,0.8235294117647058,0.49627791563275436,0.46770601336302897
2,any,xgb_inner_oof,0.08362092085576073,0.803921568627451,0.4987593052109181,0.45861297539149887
2,any,xgb_inner_oof,0.08451468026686865,0.7843137254901961,0.5012406947890818,0.449438202247191
2,any,xgb_inner_oof,0.08465103245993544,0.7843137254901961,0.5062034739454094,0.45146726862302483
2,any,xgb_inner_oof,0.08481546261108895,0.7647058823529411,0.5062034739454094,0.4411764705882353
2,any,xgb_inner_oof,0.08546313290312738,0.7647058823529411,0.511166253101737,0.4431818181818182
2,any,xgb_inner_oof,0.08650271852203816,0.7647058823529411,0.5161290322580645,0.4452054794520548
2,any,xgb_inner_oof,0.08683563300338108,0.7647058823529411,0.5210918114143921,0.44724770642201833
2,any,xgb_inner_oof,0.08763733821159055,0.7450980392156863,0.5235732009925558,0.4377880184331797
2,any,xgb_inner_oof,0.0894119778260441,0.7450980392156863,0.5285359801488834,0.4398148148148148
2,any,xgb_inner_oof,0.0898543257678124,0.7450980392156863,0.5310173697270472,0.4408352668213457
2,any,xgb_inner_oof,0.09098858899727971,0.7450980392156863,0.5359801488833746,0.4428904428904429
2,any,xgb_inner_oof,0.09162917197520595,0.7450980392156863,0.5409429280397022,0.4449648711943794
2,any,xgb_inner_oof,0.0922210185888756,0.7254901960784313,0.543424317617866,0.43529411764705883
2,any,xgb_inner_oof,0.09264706523097747,0.7254901960784313,0.5483870967741935,0.4373522458628842
2,any,xgb_inner_oof,0.09312966839233433,0.7254901960784313,0.5533498759305211,0.43942992874109266
2,any,xgb_inner_oof,0.09346972179336052,0.7254901960784313,0.5558312655086849,0.44047619047619047
2,any,xgb_inner_oof,0.09384743562173314,0.7254901960784313,0.5607940446650124,0.44258373205741625
2,any,xgb_inner_oof,0.09443003770455619,0.7254901960784313,0.56575682382134,0.44471153846153844
2,any,xgb_inner_oof,0.09583861306086586,0.7254901960784313,0.5707196029776674,0.4468599033816425
2,any,xgb_inner_oof,0.09726664101915575,0.7254901960784313,0.575682382133995,0.44902912621359226
2,any,xgb_inner_oof,0.09788317505937172,0.7254901960784313,0.5781637717121588,0.45012165450121655
2,any,xgb_inner_oof,0.0997665488434537,0.7254901960784313,0.5831265508684863,0.45232273838630804
2,any,xgb_inner_oof,0.1002330089019907,0.7254901960784313,0.5880893300248139,0.45454545454545453
2,any,xgb_inner_oof,0.10097446785331537,0.7254901960784313,0.5930521091811415,0.4567901234567901
2,any,xgb_inner_oof,0.10201857828035818,0.7254901960784313,0.598014888337469,0.45905707196029777
2,any,xgb_inner_oof,0.10351884201965643,0.7254901960784313,0.6029776674937966,0.4613466334164589
2,any,xgb_inner_oof,0.10362952613925622,0.7254901960784313,0.6054590570719603,0.4625
2,any,xgb_inner_oof,0.10401825905106862,0.7254901960784313,0.6104218362282878,0.4648241206030151
2,any,xgb_inner_oof,0.10469073284867503,0.7254901960784313,0.6153846153846154,0.4671717171717172
2,any,xgb_inner_oof,0.10530949257195779,0.7058823529411765,0.6178660049627791,0.45685279187817257
2,any,xgb_inner_oof,0.10577500202194098,0.7058823529411765,0.6228287841191067,0.45918367346938777
2,any,xgb_inner_oof,0.10739759833936333,0.7058823529411765,0.6277915632754343,0.46153846153846156
2,any,xgb_inner_oof,0.10769277567449037,0.7058823529411765,0.630272952853598,0.46272493573264784
2,any,xgb_inner_oof,0.10836803078210638,0.7058823529411765,0.6352357320099256,0.46511627906976744
2,any,xgb_inner_oof,0.10980688079591194,0.6862745098039216,0.6377171215880894,0.45454545454545453
2,any,xgb_inner_oof,0.11024458645799473,0.6862745098039216,0.6426799007444168,0.45691906005221933
2,any,xgb_inner_oof,0.11169071688505744,0.6666666666666666,0.6451612903225806,0.4461942257217848
2,any,xgb_inner_oof,0.11395424916290123,0.6666666666666666,0.6476426799007444,0.4473684210526316
2,any,xgb_inner_oof,0.11632649273269396,0.6470588235294118,0.6501240694789082,0.4365079365079365
2,any,xgb_inner_oof,0.11746081001309026,0.6274509803921569,0.652605459057072,0.425531914893617
2,any,xgb_inner_oof,0.11802132331122706,0.6274509803921569,0.6575682382133995,0.42780748663101603
2,any,xgb_inner_oof,0.11864602941745328,0.6274509803921569,0.6625310173697271,0.43010752688172044
2,any,xgb_inner_oof,0.11929683851905275,0.6274509803921569,0.6674937965260546,0.43243243243243246
2,any,xgb_inner_oof,0.12020236461607342,0.6274509803921569,0.6699751861042184,0.43360433604336046
2,any,xgb_inner_oof,0.12074048208506233,0.6274509803921569,0.674937965260546,0.4359673024523161
2,any,xgb_inner_oof,0.1212214408272794,0.6274509803921569,0.6799007444168734,0.4383561643835616
2,any,xgb_inner_oof,0.12173194058668454,0.6274509803921569,0.684863523573201,0.44077134986225897
2,any,xgb_inner_oof,0.12184680703529735,0.6274509803921569,0.6898263027295285,0.44321329639889195
2,any,xgb_inner_oof,0.12228970295576226,0.6078431372549019,0.6923076923076923,0.43175487465181056
2,any,xgb_inner_oof,0.12270448419698604,0.6078431372549019,0.6947890818858561,0.4329608938547486
2,any,xgb_inner_oof,0.12347715007569068,0.5882352941176471,0.6972704714640199,0.42134831460674155
2,any,xgb_inner_oof,0.1244145839185464,0.5882352941176471,0.7022332506203474,0.423728813559322
2,any,xgb_inner_oof,0.12511714887364445,0.5882352941176471,0.707196029776675,0.42613636363636365
2,any,xgb_inner_oof,0.12570333284852775,0.5882352941176471,0.7121588089330024,0.42857142857142855
2,any,xgb_inner_oof,0.12591763877160014,0.5882352941176471,0.7146401985111662,0.4297994269340974
2,any,xgb_inner_oof,0.1265009236522499,0.5882352941176471,0.7196029776674938,0.4322766570605187
2,any,xgb_inner_oof,0.12756918256411726,0.5882352941176471,0.7245657568238213,0.43478260869565216
2,any,xgb_inner_oof,0.1283385273312444,0.5882352941176471,0.7295285359801489,0.43731778425655976
2,any,xgb_inner_oof,0.12962804277414106,0.5882352941176471,0.7344913151364765,0.4398826979472141
2,any,xgb_inner_oof,0.13037393953295423,0.5882352941176471,0.739454094292804,0.4424778761061947
2,any,xgb_inner_oof,0.13059370979912446,0.5882352941176471,0.7419354838709677,0.4437869822485207
2,any,xgb_inner_oof,0.130921804955471,0.5686274509803921,0.7444168734491315,0.43154761904761907
2,any,xgb_inner_oof,0.1325441517919096,0.5490196078431373,0.7468982630272953,0.41916167664670656
2,any,xgb_inner_oof,0.13341217062688548,0.5490196078431373,0.7518610421836228,0.42168674698795183
2,any,xgb_inner_oof,0.13467102136751136,0.5294117647058824,0.7543424317617866,0.4090909090909091
2,any,xgb_inner_oof,0.13614494234006325,0.5294117647058824,0.7593052109181141,0.4115853658536585
2,any,xgb_inner_oof,0.1385825205180004,0.5294117647058824,0.7617866004962779,0.41284403669724773
2,any,xgb_inner_oof,0.14232631383062216,0.5294117647058824,0.7667493796526055,0.4153846153846154
2,any,xgb_inner_oof,0.1425356796749685,0.5098039215686274,0.7692307692307693,0.4024767801857585
2,any,xgb_inner_oof,0.14290115795184838,0.49019607843137253,0.771712158808933,0.3894080996884735
2,any,xgb_inner_oof,0.14438659561600714,0.49019607843137253,0.7766749379652605,0.39184952978056425
2,any,xgb_inner_oof,0.14646616094047094,0.49019607843137253,0.7791563275434243,0.39308176100628933
2,any,xgb_inner_oof,0.14951982477677467,0.49019607843137253,0.7841191066997518,0.39556962025316456
2,any,xgb_inner_oof,0.15007357731190618,0.47058823529411764,0.7866004962779156,0.3821656050955414
2,any,xgb_inner_oof,0.15151138374990775,0.47058823529411764,0.7915632754342432,0.38461538461538464
2,any,xgb_inner_oof,0.15317840503309874,0.47058823529411764,0.7965260545905707,0.3870967741935484
2,any,xgb_inner_oof,0.15430650998587375,0.45098039215686275,0.7990074441687345,0.37337662337662336
2,any,xgb_inner_oof,0.15523499050883116,0.45098039215686275,0.8014888337468983,0.3745928338762215
2,any,xgb_inner_oof,0.15770343547251064,0.45098039215686275,0.8064516129032258,0.3770491803278688
2,any,xgb_inner_oof,0.1591988249663831,0.43137254901960786,0.8089330024813896,0.36303630363036304
2,any,xgb_inner_oof,0.16182158940154934,0.43137254901960786,0.8138957816377171,0.3654485049833887
2,any,xgb_inner_oof,0.16405809205316368,0.43137254901960786,0.8188585607940446,0.36789297658862874
2,any,xgb_inner_oof,0.16542794613148515,0.43137254901960786,0.8238213399503722,0.37037037037037035
2,any,xgb_inner_oof,0.1659281628956241,0.4117647058823529,0.8238213399503722,0.3547297297297297
2,any,xgb_inner_oof,0.1662287677978434,0.39215686274509803,0.826302729528536,0.3401360544217687
2,any,xgb_inner_oof,0.16794287282388215,0.39215686274509803,0.8312655086848635,0.3424657534246575
2,any,xgb_inner_oof,0.16980375499439138,0.37254901960784315,0.8337468982630273,0.3275862068965517
2,any,xgb_inner_oof,0.17201774312087037,0.37254901960784315,0.8387096774193549,0.3298611111111111
2,any,xgb_inner_oof,0.17363584201282417,0.37254901960784315,0.8411910669975186,0.3310104529616725
2,any,xgb_inner_oof,0.17492653875993347,0.37254901960784315,0.8461538461538461,0.3333333333333333
2,any,xgb_inner_oof,0.17690707871257044,0.37254901960784315,0.8511166253101737,0.33568904593639576
2,any,xgb_inner_oof,0.17820755586952286,0.35294117647058826,0.8535980148883374,0.3202846975088968
2,any,xgb_inner_oof,0.180314010596914,0.35294117647058826,0.858560794044665,0.3225806451612903
2,any,xgb_inner_oof,0.18145438757825283,0.3333333333333333,0.8610421836228288,0.30685920577617326
2,any,xgb_inner_oof,0.18186400631475685,0.3333333333333333,0.8635235732009926,0.3079710144927536
2,any,xgb_inner_oof,0.18391426902788988,0.3333333333333333,0.8684863523573201,0.3102189781021898
2,any,xgb_inner_oof,0.18484865384388086,0.3137254901960784,0.8709677419354839,0.29411764705882354
2,any,xgb_inner_oof,0.18788528028483,0.3137254901960784,0.8759305210918115,0.2962962962962963
2,any,xgb_inner_oof,0.19463410949742566,0.3137254901960784,0.8808933002481389,0.29850746268656714
2,any,xgb_inner_oof,0.1958339056990217,0.27450980392156865,0.8808933002481389,0.2631578947368421
2,any,xgb_inner_oof,0.19795103046046952,0.27450980392156865,0.8833746898263027,0.2641509433962264
2,any,xgb_inner_oof,0.2000688646178032,0.27450980392156865,0.8883374689826302,0.2661596958174905
2,any,xgb_inner_oof,0.20475341527957946,0.27450980392156865,0.8933002481389578,0.2681992337164751
2,any,xgb_inner_oof,0.21203072231375936,0.27450980392156865,0.8982630272952854,0.2702702702702703
2,any,xgb_inner_oof,0.21616620464585345,0.27450980392156865,0.9032258064516129,0.2723735408560311
2,any,xgb_inner_oof,0.21772215776148657,0.27450980392156865,0.9057071960297767,0.2734375
2,any,xgb_inner_oof,0.2210301737136186,0.2549019607843137,0.9081885856079405,0.2559055118110236
2,any,xgb_inner_oof,0.2250778618556059,0.2549019607843137,0.913151364764268,0.25793650793650796
2,any,xgb_inner_oof,0.22936750504095613,0.23529411764705882,0.9156327543424317,0.24
2,any,xgb_inner_oof,0.231673241355379,0.23529411764705882,0.9205955334987593,0.24193548387096775
2,any,xgb_inner_oof,0.2365997218458319,0.19607843137254902,0.9205955334987593,0.2032520325203252
2,any,xgb_inner_oof,0.23776049432804047,0.19607843137254902,0.9230769230769231,0.20408163265306123
2,any,xgb_inner_oof,0.24090486118220364,0.19607843137254902,0.9280397022332506,0.205761316872428
2,any,xgb_inner_oof,0.24547635665246717,0.19607843137254902,0.9330024813895782,0.2074688796680498
2,any,xgb_inner_oof,0.24732113394772465,0.19607843137254902,0.9379652605459057,0.20920502092050208
2,any,xgb_inner_oof,0.2496810102178076,0.19607843137254902,0.9429280397022333,0.2109704641350211
2,any,xgb_inner_oof,0.2545767540856724,0.19607843137254902,0.9478908188585607,0.2127659574468085
2,any,xgb_inner_oof,0.25670236745285835,0.19607843137254902,0.9503722084367245,0.21367521367521367
2,any,xgb_inner_oof,0.2583040156107048,0.17647058823529413,0.9528535980148883,0.1939655172413793
2,any,xgb_inner_oof,0.2620879798143805,0.1568627450980392,0.9553349875930521,0.17391304347826086
2,any,xgb_inner_oof,0.26540717268083336,0.1568627450980392,0.9602977667493796,0.17543859649122806
2,any,xgb_inner_oof,0.2688547031493292,0.13725490196078433,0.9627791563275434,0.15486725663716813
2,any,xgb_inner_oof,0.2710263408886712,0.13725490196078433,0.9652605459057072,0.15555555555555556
2,any,xgb_inner_oof,0.2755495949388343,0.09803921568627451,0.9652605459057072,0.11210762331838565
2,any,xgb_inner_oof,0.29224500380700047,0.0784313725490196,0.967741935483871,0.09049773755656108
2,any,xgb_inner_oof,0.297291391313194,0.0784313725490196,0.9727047146401985,0.091324200913242
2,any,xgb_inner_oof,0.30354841114091946,0.0784313725490196,0.9776674937965261,0.09216589861751152
2,any,xgb_inner_oof,0.3146794122526877,0.058823529411764705,0.9801488833746899,0.06976744186046512
2,any,xgb_inner_oof,0.321437900419832,0.058823529411764705,0.9826302729528535,0.07009345794392523
2,any,xgb_inner_oof,0.32892300475364145,0.058823529411764705,0.9875930521091811,0.07075471698113207
2,any,xgb_inner_oof,0.33508837794628454,0.058823529411764705,0.9925558312655087,0.07142857142857142
2,any,xgb_inner_oof,0.3770210988836385,0.058823529411764705,0.9975186104218362,0.07211538461538461
2,any,xgb_inner_oof,0.39598587300157617,0.0196078431372549,0.9975186104218362,0.024271844660194174
2,any,xgb_inner_oof,0.44656481976094675,0.0,1.0,0.0
2,any,union_inner_oof,0.043324596920794926,1.0,0.0,0.38753799392097266
2,any,union_inner_oof,0.04358288458618659,1.0,0.0024813895781637717,0.3881278538812785
2,any,union_inner_oof,0.04430138130244382,1.0,0.007444168734491315,0.3893129770992366
2,any,union_inner_oof,0.045247075647883495,1.0,0.01240694789081886,0.3905053598774885
2,any,union_inner_oof,0.046886091004017305,1.0,0.017369727047146403,0.391705069124424
2,any,union_inner_oof,0.0471372998624533,1.0,0.022332506203473945,0.3929121725731895
2,any,union_inner_oof,0.04721876239320094,1.0,0.02481389578163772,0.39351851851851855
2,any,union_inner_oof,0.04829011689072482,1.0,0.02977667493796526,0.39473684210526316
2,any,union_inner_oof,0.04976193197736595,1.0,0.034739454094292806,0.39596273291925466
2,any,union_inner_oof,0.05000193685061416,0.9803921568627451,0.03722084367245657,0.3894080996884735
2,any,union_inner_oof,0.05040957954204173,0.9803921568627451,0.04218362282878412,0.390625
2,any,union_inner_oof,0.05201709989106046,0.9803921568627451,0.04714640198511166,0.39184952978056425
2,any,union_inner_oof,0.05246476655692245,0.9803921568627451,0.04962779156327544,0.3924646781789639
2,any,union_inner_oof,0.05386593402622736,0.9803921568627451,0.05459057071960298,0.3937007874015748
2,any,union_inner_oof,0.054545606545158665,0.9803921568627451,0.05955334987593052,0.3949447077409163
2,any,union_inner_oof,0.054924680402863135,0.9803921568627451,0.06451612903225806,0.39619651347068147
2,any,union_inner_oof,0.05512038039792194,0.9803921568627451,0.06947890818858561,0.397456279809221
2,any,union_inner_oof,0.05521288836568755,0.9803921568627451,0.07196029776674938,0.3980891719745223
2,any,union_inner_oof,0.05562953866587306,0.9803921568627451,0.07692307692307693,0.3993610223642173
2,any,union_inner_oof,0.05628706197858535,0.9803921568627451,0.08188585607940446,0.40064102564102566
2,any,union_inner_oof,0.056796357792973096,0.9803921568627451,0.08684863523573201,0.40192926045016075
2,any,union_inner_oof,0.05730572792453725,0.9803921568627451,0.09181141439205956,0.4032258064516129
2,any,union_inner_oof,0.05770822187724578,0.9803921568627451,0.0967741935483871,0.4045307443365696
2,any,union_inner_oof,0.05780021000465929,0.9803921568627451,0.09925558312655088,0.4051863857374392
2,any,union_inner_oof,0.05818341075858102,0.9803921568627451,0.10421836228287841,0.4065040650406504
2,any,union_inner_oof,0.05825118619341668,0.9607843137254902,0.10669975186104218,0.399673735725938
2,any,union_inner_oof,0.05842310971966541,0.9607843137254902,0.11166253101736973,0.40098199672667756
2,any,union_inner_oof,0.058585154244985616,0.9607843137254902,0.11662531017369727,0.40229885057471265
2,any,union_inner_oof,0.05898154701752262,0.9607843137254902,0.12158808933002481,0.40362438220757824
2,any,union_inner_oof,0.0593693210064844,0.9607843137254902,0.12406947890818859,0.4042904290429043
2,any,union_inner_oof,0.0595177863771818,0.9607843137254902,0.12903225806451613,0.4056291390728477
2,any,union_inner_oof,0.05983540209333221,0.9607843137254902,0.13399503722084366,0.4069767441860465
2,any,union_inner_oof,0.0602255198863762,0.9607843137254902,0.13895781637717122,0.4083333333333333
2,any,union_inner_oof,0.06054761552376531,0.9607843137254902,0.14392059553349876,0.4096989966555184
2,any,union_inner_oof,0.0606169612116621,0.9607843137254902,0.14640198511166252,0.4103852596314908
2,any,union_inner_oof,0.060864738223645964,0.9607843137254902,0.1513647642679901,0.4117647058823529
2,any,union_inner_oof,0.06132949752548811,0.9607843137254902,0.15632754342431762,0.4131534569983137
2,any,union_inner_oof,0.06159189903131257,0.9411764705882353,0.1588089330024814,0.40609137055837563
2,any,union_inner_oof,0.06229390460086298,0.9411764705882353,0.16377171215880892,0.4074702886247878
2,any,union_inner_oof,0.06264655322695867,0.9411764705882353,0.1687344913151365,0.4088586030664395
2,any,union_inner_oof,0.06288686134961652,0.9411764705882353,0.17121588089330025,0.40955631399317405
2,any,union_inner_oof,0.06314613837826039,0.9411764705882353,0.1761786600496278,0.410958904109589
2,any,union_inner_oof,0.06351301661198139,0.9411764705882353,0.18114143920595532,0.41237113402061853
2,any,union_inner_oof,0.06393253755047096,0.9411764705882353,0.18610421836228289,0.41379310344827586
2,any,union_inner_oof,0.06436715699176015,0.9411764705882353,0.19106699751861042,0.41522491349480967
2,any,union_inner_oof,0.06503502863862975,0.9411764705882353,0.19602977667493796,0.4166666666666667
2,any,union_inner_oof,0.06579369857568051,0.9411764705882353,0.19851116625310175,0.41739130434782606
2,any,union_inner_oof,0.06624080338267824,0.9411764705882353,0.20347394540942929,0.418848167539267
2,any,union_inner_oof,0.06641538250470674,0.9411764705882353,0.20843672456575682,0.4203152364273205
2,any,union_inner_oof,0.06671401819499329,0.9411764705882353,0.21339950372208435,0.421792618629174
2,any,union_inner_oof,0.06719205069920259,0.9215686274509803,0.21588089330024815,0.4144620811287478
2,any,union_inner_oof,0.06725238086893087,0.9215686274509803,0.21836228287841192,0.41519434628975266
2,any,union_inner_oof,0.06798445949443155,0.9019607843137255,0.22084367245657568,0.4078014184397163
2,any,union_inner_oof,0.06834150010592577,0.9019607843137255,0.22580645161290322,0.4092526690391459
2,any,union_inner_oof,0.06862835182953347,0.9019607843137255,0.23076923076923078,0.4107142857142857
2,any,union_inner_oof,0.06884285463347822,0.9019607843137255,0.23573200992555832,0.4121863799283154
2,any,union_inner_oof,0.06986958082612998,0.9019607843137255,0.24069478908188585,0.4136690647482014
2,any,union_inner_oof,0.07040068081484768,0.9019607843137255,0.24317617866004962,0.4144144144144144
2,any,union_inner_oof,0.0706863670899947,0.9019607843137255,0.24813895781637718,0.4159132007233273
2,any,union_inner_oof,0.07111060102386485,0.9019607843137255,0.2531017369727047,0.41742286751361163
2,any,union_inner_oof,0.07130067303446819,0.9019607843137255,0.25806451612903225,0.41894353369763204
2,any,union_inner_oof,0.0717906297775972,0.9019607843137255,0.2630272952853598,0.42047531992687387
2,any,union_inner_oof,0.07198437076792213,0.9019607843137255,0.2679900744416873,0.42201834862385323
2,any,union_inner_oof,0.07201181811671642,0.9019607843137255,0.2704714640198511,0.4227941176470588
2,any,union_inner_oof,0.07226370762655931,0.8823529411764706,0.2729528535980149,0.4151291512915129
2,any,union_inner_oof,0.07243796544881931,0.8823529411764706,0.27791563275434245,0.4166666666666667
2,any,union_inner_oof,0.07291968657453013,0.8823529411764706,0.28287841191067,0.41821561338289964
2,any,union_inner_oof,0.07316211365767461,0.8627450980392157,0.2853598014888337,0.41044776119402987
2,any,union_inner_oof,0.07322078653895747,0.8627450980392157,0.2878411910669975,0.411214953271028
2,any,union_inner_oof,0.07336624990126162,0.8627450980392157,0.29280397022332505,0.41275797373358347
2,any,union_inner_oof,0.07358716847117036,0.8627450980392157,0.2977667493796526,0.4143126177024482
2,any,union_inner_oof,0.07418435163911591,0.8627450980392157,0.3027295285359802,0.4158790170132325
2,any,union_inner_oof,0.07502967393648541,0.8627450980392157,0.3076923076923077,0.4174573055028463
2,any,union_inner_oof,0.07538797833840799,0.8627450980392157,0.31265508684863524,0.41904761904761906
2,any,union_inner_oof,0.07616418147005927,0.8627450980392157,0.315136476426799,0.4198473282442748
2,any,union_inner_oof,0.0771296929471143,0.8627450980392157,0.3200992555831266,0.421455938697318
2,any,union_inner_oof,0.07729672831309908,0.8627450980392157,0.3250620347394541,0.4230769230769231
2,any,union_inner_oof,0.07755358114564326,0.8627450980392157,0.33002481389578164,0.4247104247104247
2,any,union_inner_oof,0.07801715113144081,0.8627450980392157,0.3349875930521092,0.4263565891472868
2,any,union_inner_oof,0.07860714178284117,0.8627450980392157,0.3399503722084367,0.4280155642023346
2,any,union_inner_oof,0.07871006996209612,0.8627450980392157,0.3424317617866005,0.42884990253411304
2,any,union_inner_oof,0.07877392127137323,0.8627450980392157,0.34739454094292804,0.43052837573385516
2,any,union_inner_oof,0.07919572239209316,0.8431372549019608,0.34987593052109184,0.4223968565815324
2,any,union_inner_oof,0.07934851873464432,0.8431372549019608,0.3548387096774194,0.4240631163708087
2,any,union_inner_oof,0.07944113221648041,0.8431372549019608,0.3598014888337469,0.42574257425742573
2,any,union_inner_oof,0.07953417043164412,0.8431372549019608,0.36228287841191065,0.42658730158730157
2,any,union_inner_oof,0.07974464575797308,0.8431372549019608,0.36724565756823824,0.42828685258964144
2,any,union_inner_oof,0.07981625376802215,0.8431372549019608,0.37220843672456577,0.43
2,any,union_inner_oof,0.08144059727003555,0.8431372549019608,0.3771712158808933,0.43172690763052207
2,any,union_inner_oof,0.08193068020997019,0.8431372549019608,0.38213399503722084,0.4334677419354839
2,any,union_inner_oof,0.0822871706598084,0.8431372549019608,0.3870967741935484,0.4352226720647773
2,any,union_inner_oof,0.08242382818516147,0.8431372549019608,0.38957816377171217,0.43610547667342797
2,any,union_inner_oof,0.08271787261095737,0.8431372549019608,0.3945409429280397,0.4378818737270876
2,any,union_inner_oof,0.08333837767709723,0.8431372549019608,0.39950372208436724,0.4396728016359918
2,any,union_inner_oof,0.0842281205249783,0.8431372549019608,0.4044665012406948,0.4414784394250513
2,any,union_inner_oof,0.08447475869507848,0.8431372549019608,0.4094292803970223,0.44329896907216493
2,any,union_inner_oof,0.08500862301152373,0.8431372549019608,0.4143920595533499,0.4451345755693582
2,any,union_inner_oof,0.08508976903292481,0.8431372549019608,0.41687344913151364,0.4460580912863071
2,any,union_inner_oof,0.08543064302778158,0.8431372549019608,0.4218362282878412,0.4479166666666667
2,any,union_inner_oof,0.08593516486101277,0.8431372549019608,0.4267990074441687,0.4497907949790795
2,any,union_inner_oof,0.08667297149825104,0.8431372549019608,0.4317617866004963,0.45168067226890757
2,any,union_inner_oof,0.08708897163061319,0.8431372549019608,0.43672456575682383,0.45358649789029537
2,any,union_inner_oof,0.08718811476484473,0.8431372549019608,0.4392059553349876,0.45454545454545453
2,any,union_inner_oof,0.08888349141240898,0.8431372549019608,0.4441687344913151,0.4564755838641189
2,any,union_inner_oof,0.08942449417661669,0.8235294117647058,0.4466501240694789,0.44776119402985076
2,any,union_inner_oof,0.09010182399415984,0.8235294117647058,0.45161290322580644,0.44967880085653106
2,any,union_inner_oof,0.0906000200652391,0.8235294117647058,0.456575682382134,0.45161290322580644
2,any,union_inner_oof,0.09184114406815114,0.803921568627451,0.45905707196029777,0.4427645788336933
2,any,union_inner_oof,0.0925065777166445,0.803921568627451,0.46153846153846156,0.44372294372294374
2,any,union_inner_oof,0.09293108604481948,0.7843137254901961,0.4640198511166253,0.43478260869565216
2,any,union_inner_oof,0.09316833154970866,0.7843137254901961,0.46898263027295284,0.4366812227074236
2,any,union_inner_oof,0.09371892701960594,0.7843137254901961,0.4739454094292804,0.43859649122807015
2,any,union_inner_oof,0.09469314682020419,0.7843137254901961,0.47890818858560796,0.44052863436123346
2,any,union_inner_oof,0.09493494949958109,0.7647058823529411,0.4813895781637717,0.4314159292035398
2,any,union_inner_oof,0.09508975624051819,0.7647058823529411,0.4838709677419355,0.43237250554323725
2,any,union_inner_oof,0.09520566894148363,0.7647058823529411,0.48883374689826303,0.43429844097995546
2,any,union_inner_oof,0.09633463462113873,0.7647058823529411,0.49379652605459057,0.436241610738255
2,any,union_inner_oof,0.0968984795119135,0.7647058823529411,0.4987593052109181,0.43820224719101125
2,any,union_inner_oof,0.09766740026694026,0.7647058823529411,0.5037220843672456,0.4401805869074492
2,any,union_inner_oof,0.09828378620384709,0.7647058823529411,0.5062034739454094,0.4411764705882353
2,any,union_inner_oof,0.09958885104369136,0.7647058823529411,0.511166253101737,0.4431818181818182
2,any,union_inner_oof,0.10000146966145385,0.7450980392156863,0.5136476426799007,0.4337899543378995
2,any,union_inner_oof,0.10030538922286941,0.7450980392156863,0.5186104218362283,0.43577981651376146
2,any,union_inner_oof,0.10092573105867086,0.7450980392156863,0.5235732009925558,0.4377880184331797
2,any,union_inner_oof,0.101711891515959,0.7450980392156863,0.5285359801488834,0.4398148148148148
2,any,union_inner_oof,0.10272118781476358,0.7450980392156863,0.5310173697270472,0.4408352668213457
2,any,union_inner_oof,0.10356394971681065,0.7450980392156863,0.5359801488833746,0.4428904428904429
2,any,union_inner_oof,0.1037852260086195,0.7450980392156863,0.5409429280397022,0.4449648711943794
2,any,union_inner_oof,0.10390994199194664,0.7450980392156863,0.5459057071960298,0.4470588235294118
2,any,union_inner_oof,0.10476759371942662,0.7450980392156863,0.5508684863523573,0.4491725768321513
2,any,union_inner_oof,0.1054176024465785,0.7450980392156863,0.5558312655086849,0.4513064133016627
2,any,union_inner_oof,0.10590572991495989,0.7450980392156863,0.5583126550868487,0.4523809523809524
2,any,union_inner_oof,0.10673160232924528,0.7450980392156863,0.5632754342431762,0.45454545454545453
2,any,union_inner_oof,0.10736696690124642,0.7450980392156863,0.5682382133995038,0.4567307692307692
2,any,union_inner_oof,0.1077914144801152,0.7450980392156863,0.5732009925558312,0.45893719806763283
2,any,union_inner_oof,0.10855534610286738,0.7450980392156863,0.5781637717121588,0.46116504854368934
2,any,union_inner_oof,0.10869686035453552,0.7450980392156863,0.5806451612903226,0.46228710462287104
2,any,union_inner_oof,0.1095991957498712,0.7450980392156863,0.5856079404466501,0.46454767726161367
2,any,union_inner_oof,0.11027098983401978,0.7450980392156863,0.5905707196029777,0.4668304668304668
2,any,union_inner_oof,0.11152464046324173,0.7450980392156863,0.5955334987593052,0.4691358024691358
2,any,union_inner_oof,0.11221379772011125,0.7450980392156863,0.6004962779156328,0.47146401985111663
2,any,union_inner_oof,0.11262293984655308,0.7450980392156863,0.6054590570719603,0.47381546134663344
2,any,union_inner_oof,0.11290873440250038,0.7450980392156863,0.607940446650124,0.475
2,any,union_inner_oof,0.1142773648157206,0.7450980392156863,0.6129032258064516,0.47738693467336685
2,any,union_inner_oof,0.11504113576450165,0.7254901960784313,0.6153846153846154,0.4671717171717172
2,any,union_inner_oof,0.11536538394229467,0.7254901960784313,0.6203473945409429,0.46954314720812185
2,any,union_inner_oof,0.11599904951812345,0.7058823529411765,0.6228287841191067,0.45918367346938777
2,any,union_inner_oof,0.11643505623478578,0.7058823529411765,0.6277915632754343,0.46153846153846156
2,any,union_inner_oof,0.11693848314288396,0.7058823529411765,0.630272952853598,0.46272493573264784
2,any,union_inner_oof,0.11929100113618818,0.7058823529411765,0.6352357320099256,0.46511627906976744
2,any,union_inner_oof,0.11994446170702816,0.7058823529411765,0.6401985111662531,0.4675324675324675
2,any,union_inner_oof,0.1208427327909169,0.7058823529411765,0.6451612903225806,0.4699738903394256
2,any,union_inner_oof,0.12170861058128901,0.6862745098039216,0.6476426799007444,0.45931758530183725
2,any,union_inner_oof,0.12193689133364266,0.6862745098039216,0.6501240694789082,0.4605263157894737
2,any,union_inner_oof,0.12271608844456233,0.6666666666666666,0.652605459057072,0.4497354497354497
2,any,union_inner_oof,0.12342644993807589,0.6666666666666666,0.6575682382133995,0.4521276595744681
2,any,union_inner_oof,0.12455086357507555,0.6666666666666666,0.6625310173697271,0.45454545454545453
2,any,union_inner_oof,0.12559050746842554,0.6666666666666666,0.6674937965260546,0.45698924731182794
2,any,union_inner_oof,0.12752472355309274,0.6666666666666666,0.6724565756823822,0.4594594594594595
2,any,union_inner_oof,0.12804802960911754,0.6666666666666666,0.674937965260546,0.46070460704607047
2,any,union_inner_oof,0.12853634493873423,0.6666666666666666,0.6799007444168734,0.46321525885558584
2,any,union_inner_oof,0.129994899160414,0.6666666666666666,0.684863523573201,0.4657534246575342
2,any,union_inner_oof,0.1314856600182615,0.6666666666666666,0.6898263027295285,0.46831955922865015
2,any,union_inner_oof,0.13247438531411065,0.6666666666666666,0.6947890818858561,0.4709141274238227
2,any,union_inner_oof,0.13391265109840972,0.6666666666666666,0.6997518610421837,0.4735376044568245
2,any,union_inner_oof,0.13486874050757452,0.6666666666666666,0.7022332506203474,0.4748603351955307
2,any,union_inner_oof,0.13606885983786343,0.6470588235294118,0.7047146401985112,0.46348314606741575
2,any,union_inner_oof,0.1377231888372683,0.6470588235294118,0.7096774193548387,0.4661016949152542
2,any,union_inner_oof,0.13887442601604133,0.6470588235294118,0.7146401985111662,0.46875
2,any,union_inner_oof,0.13950487698393238,0.6274509803921569,0.71712158808933,0.45714285714285713
2,any,union_inner_oof,0.14035271532409982,0.6078431372549019,0.71712158808933,0.44412607449856734
2,any,union_inner_oof,0.14147070927679778,0.5882352941176471,0.7196029776674938,0.4322766570605187
2,any,union_inner_oof,0.1422998912544845,0.5882352941176471,0.7245657568238213,0.43478260869565216
2,any,union_inner_oof,0.14277655949758267,0.5686274509803921,0.7270471464019851,0.4227405247813411
2,any,union_inner_oof,0.14515627423356037,0.5490196078431373,0.7295285359801489,0.41055718475073316
2,any,union_inner_oof,0.14685833308559787,0.5490196078431373,0.7344913151364765,0.41297935103244837
2,any,union_inner_oof,0.14743883987226247,0.5490196078431373,0.7369727047146402,0.41420118343195267
2,any,union_inner_oof,0.14825607607367391,0.5490196078431373,0.7419354838709677,0.4166666666666667
2,any,union_inner_oof,0.14895864694102207,0.5490196078431373,0.7468982630272953,0.41916167664670656
2,any,union_inner_oof,0.14979243844423462,0.5490196078431373,0.7518610421836228,0.42168674698795183
2,any,union_inner_oof,0.15150202954882896,0.5490196078431373,0.7568238213399504,0.42424242424242425
2,any,union_inner_oof,0.15252566813501112,0.5490196078431373,0.7617866004962779,0.4268292682926829
2,any,union_inner_oof,0.15372920757111846,0.5490196078431373,0.7642679900744417,0.42813455657492355
2,any,union_inner_oof,0.15435252471320376,0.5490196078431373,0.7692307692307693,0.4307692307692308
2,any,union_inner_oof,0.15485939636750912,0.5490196078431373,0.7741935483870968,0.43343653250773995
2,any,union_inner_oof,0.15519117825746198,0.5294117647058824,0.7766749379652605,0.4205607476635514
2,any,union_inner_oof,0.15553816113048236,0.5294117647058824,0.7816377171215881,0.4231974921630094
2,any,union_inner_oof,0.15627268762288116,0.5294117647058824,0.7841191066997518,0.42452830188679247
2,any,union_inner_oof,0.15732640526331004,0.5294117647058824,0.7890818858560794,0.4272151898734177
2,any,union_inner_oof,0.1587178726297629,0.5294117647058824,0.794044665012407,0.4299363057324841
2,any,union_inner_oof,0.15995506958781747,0.5294117647058824,0.7990074441687345,0.4326923076923077
2,any,union_inner_oof,0.16407308416425315,0.5294117647058824,0.8039702233250621,0.43548387096774194
2,any,union_inner_oof,0.16518145216526853,0.5294117647058824,0.8089330024813896,0.4383116883116883
2,any,union_inner_oof,0.16773058137262248,0.5294117647058824,0.8114143920595533,0.43973941368078173
2,any,union_inner_oof,0.17056889920547058,0.5294117647058824,0.8163771712158809,0.4426229508196721
2,any,union_inner_oof,0.1727477769420918,0.5098039215686274,0.8188585607940446,0.429042904290429
2,any,union_inner_oof,0.17361690477027214,0.5098039215686274,0.8238213399503722,0.4318936877076412
2,any,union_inner_oof,0.17486678865164001,0.49019607843137253,0.826302729528536,0.4180602006688963
2,any,union_inner_oof,0.1779934645517442,0.49019607843137253,0.8312655086848635,0.4208754208754209
2,any,union_inner_oof,0.1799257730365953,0.49019607843137253,0.8337468982630273,0.4222972972972973
2,any,union_inner_oof,0.18149904841034759,0.45098039215686275,0.8337468982630273,0.391156462585034
2,any,union_inner_oof,0.18304071863925275,0.45098039215686275,0.8387096774193549,0.3938356164383562
2,any,union_inner_oof,0.1843639823163456,0.43137254901960786,0.8411910669975186,0.3793103448275862
2,any,union_inner_oof,0.18737026153020547,0.43137254901960786,0.8461538461538461,0.3819444444444444
2,any,union_inner_oof,0.18949601439929004,0.43137254901960786,0.8486352357320099,0.3832752613240418
2,any,union_inner_oof,0.19176052941130212,0.43137254901960786,0.8535980148883374,0.38596491228070173
2,any,union_inner_oof,0.1975800224144783,0.39215686274509803,0.8535980148883374,0.35335689045936397
2,any,union_inner_oof,0.20237165280565733,0.39215686274509803,0.858560794044665,0.35587188612099646
2,any,union_inner_oof,0.20297920170551687,0.39215686274509803,0.8635235732009926,0.35842293906810035
2,any,union_inner_oof,0.20424525706601815,0.39215686274509803,0.8684863523573201,0.36101083032490977
2,any,union_inner_oof,0.2048727956600635,0.39215686274509803,0.8709677419354839,0.36231884057971014
2,any,union_inner_oof,0.21071689555000928,0.39215686274509803,0.8759305210918115,0.36496350364963503
2,any,union_inner_oof,0.21295279498754,0.39215686274509803,0.8808933002481389,0.36764705882352944
2,any,union_inner_oof,0.2184043734924085,0.35294117647058826,0.8808933002481389,0.3333333333333333
2,any,union_inner_oof,0.22405893724193054,0.35294117647058826,0.8858560794044665,0.3358208955223881
2,any,union_inner_oof,0.22627710185591488,0.35294117647058826,0.890818858560794,0.3383458646616541
2,any,union_inner_oof,0.22693535546438026,0.35294117647058826,0.8933002481389578,0.33962264150943394
2,any,union_inner_oof,0.2309479635036626,0.3333333333333333,0.8957816377171216,0.3231939163498099
2,any,union_inner_oof,0.233766456504387,0.3333333333333333,0.9007444168734491,0.32567049808429116
2,any,union_inner_oof,0.23914694765759342,0.3137254901960784,0.9032258064516129,0.3088803088803089
2,any,union_inner_oof,0.24561747068959489,0.29411764705882354,0.9057071960297767,0.2918287937743191
2,any,union_inner_oof,0.24769813178728356,0.29411764705882354,0.9081885856079405,0.29296875
2,any,union_inner_oof,0.2491528293058753,0.27450980392156865,0.9106699751861043,0.2755905511811024
2,any,union_inner_oof,0.2525744063392451,0.27450980392156865,0.9156327543424317,0.2777777777777778
2,any,union_inner_oof,0.25304396615864294,0.27450980392156865,0.9205955334987593,0.28
2,any,union_inner_oof,0.2549733177023309,0.27450980392156865,0.9255583126550868,0.28225806451612906
2,any,union_inner_oof,0.2582615781645853,0.27450980392156865,0.9305210918114144,0.2845528455284553
2,any,union_inner_oof,0.2589363942038002,0.2549019607843137,0.9305210918114144,0.2653061224489796
2,any,union_inner_oof,0.26320609415706414,0.23529411764705882,0.9330024813895782,0.24691358024691357
2,any,union_inner_oof,0.2679661540872236,0.23529411764705882,0.9379652605459057,0.24896265560165975
2,any,union_inner_oof,0.2734347565566338,0.23529411764705882,0.9429280397022333,0.2510460251046025
2,any,union_inner_oof,0.2801867574087567,0.23529411764705882,0.9478908188585607,0.25316455696202533
2,any,union_inner_oof,0.28563395519182827,0.21568627450980393,0.9503722084367245,0.23404255319148937
2,any,union_inner_oof,0.28878331028194,0.21568627450980393,0.9528535980148883,0.23504273504273504
2,any,union_inner_oof,0.29412848962012883,0.19607843137254902,0.9553349875930521,0.21551724137931033
2,any,union_inner_oof,0.3002107296213485,0.19607843137254902,0.9602977667493796,0.21739130434782608
2,any,union_inner_oof,0.3060895239249706,0.17647058823529413,0.9627791563275434,0.19736842105263158
2,any,union_inner_oof,0.31349053627150286,0.1568627450980392,0.9652605459057072,0.17699115044247787
2,any,union_inner_oof,0.31975202765919075,0.1568627450980392,0.967741935483871,0.17777777777777778
2,any,union_inner_oof,0.3247103563773714,0.13725490196078433,0.9702233250620348,0.15695067264573992
2,any,union_inner_oof,0.33312305732655506,0.11764705882352941,0.9727047146401985,0.13574660633484162
2,any,union_inner_oof,0.3435923729834546,0.11764705882352941,0.9776674937965261,0.136986301369863
2,any,union_inner_oof,0.37499296948214356,0.11764705882352941,0.9826302729528535,0.1382488479262673
2,any,union_inner_oof,0.3968212562101726,0.09803921568627451,0.9851116625310173,0.11627906976744186
2,any,union_inner_oof,0.4057068980372338,0.09803921568627451,0.9875930521091811,0.11682242990654206
2,any,union_inner_oof,0.42303843917506595,0.0784313725490196,0.9900744416873449,0.09433962264150944
2,any,union_inner_oof,0.46191218339968504,0.058823529411764705,0.9925558312655087,0.07142857142857142
2,any,union_inner_oof,0.482462570793064,0.058823529411764705,0.9975186104218362,0.07211538461538461
2,any,union_inner_oof,0.5301977956668309,0.0392156862745098,1.0,0.04854368932038835
2,any,union_inner_oof,0.5883222912400071,0.0,1.0,0.0
3,T13,xgb_inner_oof,0.00637911530763907,1.0,0.0,0.16283524904214558
3,T13,xgb_inner_oof,0.006474364262423977,1.0,0.002288329519450801,0.16314779270633398
3,T13,xgb_inner_oof,0.006856673460769427,1.0,0.006864988558352402,0.16377649325626203
3,T13,xgb_inner_oof,0.007200022352834838,1.0,0.011441647597254004,0.1644100580270793
3,T13,xgb_inner_oof,0.0073928922801227565,1.0,0.016018306636155607,0.1650485436893204
3,T13,xgb_inner_oof,0.0077944534128646095,1.0,0.020594965675057208,0.16569200779727095
3,T13,xgb_inner_oof,0.008087945108308795,1.0,0.02288329519450801,0.166015625
3,T13,xgb_inner_oof,0.008248920751718396,1.0,0.02745995423340961,0.16666666666666666
3,T13,xgb_inner_oof,0.008301802265524516,1.0,0.032036613272311214,0.1673228346456693
3,T13,xgb_inner_oof,0.008613913741879899,1.0,0.036613272311212815,0.16798418972332016
3,T13,xgb_inner_oof,0.008817869286675096,1.0,0.041189931350114416,0.16865079365079366
3,T13,xgb_inner_oof,0.009111792866882382,1.0,0.04576659038901602,0.1693227091633466
3,T13,xgb_inner_oof,0.009250800953792774,1.0,0.04805491990846682,0.16966067864271456
3,T13,xgb_inner_oof,0.009712519684485478,1.0,0.05263157894736842,0.17034068136272545
3,T13,xgb_inner_oof,0.009856138641988591,1.0,0.057208237986270026,0.1710261569416499
3,T13,xgb_inner_oof,0.010001744392605122,1.0,0.06178489702517163,0.1717171717171717
3,T13,xgb_inner_oof,0.010207769203254762,1.0,0.06636155606407322,0.1724137931034483
3,T13,xgb_inner_oof,0.010350070395835844,1.0,0.06864988558352403,0.17276422764227642
3,T13,xgb_inner_oof,0.010383630964430991,1.0,0.07322654462242563,0.17346938775510204
3,T13,xgb_inner_oof,0.010514155865884679,1.0,0.07780320366132723,0.17418032786885246
3,T13,xgb_inner_oof,0.01076637614296148,1.0,0.08237986270022883,0.1748971193415638
3,T13,xgb_inner_oof,0.010982673596219811,1.0,0.08695652173913043,0.1756198347107438
3,T13,xgb_inner_oof,0.011491919838849961,1.0,0.09153318077803203,0.17634854771784234
3,T13,xgb_inner_oof,0.011570938779696038,1.0,0.09382151029748284,0.17671517671517672
3,T13,xgb_inner_oof,0.011646623667952754,1.0,0.09839816933638444,0.17745302713987474
3,T13,xgb_inner_oof,0.011741095748361706,1.0,0.10297482837528604,0.17819706498951782
3,T13,xgb_inner_oof,0.011810275749588681,1.0,0.10755148741418764,0.17894736842105263
3,T13,xgb_inner_oof,0.011948317400722067,1.0,0.11212814645308924,0.17970401691331925
3,T13,xgb_inner_oof,0.012241854300914592,1.0,0.11670480549199085,0.18046709129511676
3,T13,xgb_inner_oof,0.012257697947895746,1.0,0.11899313501144165,0.18085106382978725
3,T13,xgb_inner_oof,0.012319370870700607,1.0,0.12356979405034325,0.18162393162393162
3,T13,xgb_inner_oof,0.012423461927014762,1.0,0.12814645308924486,0.18240343347639484
3,T13,xgb_inner_oof,0.012571491666792,1.0,0.13272311212814644,0.18318965517241378
3,T13,xgb_inner_oof,0.012828570510061029,1.0,0.13729977116704806,0.18398268398268397
3,T13,xgb_inner_oof,0.01290948719096383,1.0,0.13958810068649885,0.1843817787418655
3,T13,xgb_inner_oof,0.013032844506684911,1.0,0.14416475972540047,0.18518518518518517
3,T13,xgb_inner_oof,0.01310083653705773,1.0,0.14874141876430205,0.18599562363238512
3,T13,xgb_inner_oof,0.013172766041999339,1.0,0.15331807780320367,0.18681318681318682
3,T13,xgb_inner_oof,0.013274395970914257,1.0,0.15789473684210525,0.18763796909492272
3,T13,xgb_inner_oof,0.013434191520460027,1.0,0.16247139588100687,0.188470066518847
3,T13,xgb_inner_oof,0.013475354786083065,1.0,0.16475972540045766,0.18888888888888888
3,T13,xgb_inner_oof,0.013532380933135756,1.0,0.16933638443935928,0.18973214285714285
3,T13,xgb_inner_oof,0.01363154258544037,1.0,0.17391304347826086,0.1905829596412556
3,T13,xgb_inner_oof,0.013890781099603771,1.0,0.17848970251716248,0.19144144144144143
3,T13,xgb_inner_oof,0.01394709384416758,1.0,0.18306636155606407,0.19230769230769232
3,T13,xgb_inner_oof,0.014017241240794908,1.0,0.18764302059496568,0.19318181818181818
3,T13,xgb_inner_oof,0.014207528367386769,1.0,0.18993135011441648,0.19362186788154898
3,T13,xgb_inner_oof,0.0144711678974298,1.0,0.1945080091533181,0.1945080091533181
3,T13,xgb_inner_oof,0.014594773855221725,1.0,0.19908466819221968,0.19540229885057472
3,T13,xgb_inner_oof,0.014677352535135139,1.0,0.2036613272311213,0.19630484988452657
3,T13,xgb_inner_oof,0.014876792024111775,1.0,0.20823798627002288,0.19721577726218098
3,T13,xgb_inner_oof,0.015111109248321725,1.0,0.21052631578947367,0.19767441860465115
3,T13,xgb_inner_oof,0.015457158437858984,1.0,0.2151029748283753,0.1985981308411215
3,T13,xgb_inner_oof,0.015540709641862702,1.0,0.21967963386727687,0.19953051643192488
3,T13,xgb_inner_oof,0.015723915622446176,1.0,0.2242562929061785,0.20047169811320756
3,T13,xgb_inner_oof,0.015754525173357348,1.0,0.2288329519450801,0.2014218009478673
3,T13,xgb_inner_oof,0.01587263368602197,1.0,0.2334096109839817,0.20238095238095238
3,T13,xgb_inner_oof,0.01590189638062857,1.0,0.23569794050343248,0.20286396181384247
3,T13,xgb_inner_oof,0.015947843725460344,1.0,0.2402745995423341,0.2038369304556355
3,T13,xgb_inner_oof,0.0160110582208384,1.0,0.2448512585812357,0.20481927710843373
3,T13,xgb_inner_oof,0.016020693019099846,1.0,0.2494279176201373,0.20581113801452786
3,T13,xgb_inner_oof,0.01604598471746717,1.0,0.2540045766590389,0.20681265206812652
3,T13,xgb_inner_oof,0.016174715966994678,1.0,0.2585812356979405,0.2078239608801956
3,T13,xgb_inner_oof,0.01630671889453698,1.0,0.2608695652173913,0.20833333333333334
3,T13,xgb_inner_oof,0.01653465290860681,0.9411764705882353,0.2631578947368421,0.19704433497536947
3,T13,xgb_inner_oof,0.016611338267290044,0.9411764705882353,0.26773455377574373,0.19801980198019803
3,T13,xgb_inner_oof,0.016790428429560897,0.9411764705882353,0.2723112128146453,0.19900497512437812
3,T13,xgb_inner_oof,0.016877990131810773,0.9411764705882353,0.2768878718535469,0.2
3,T13,xgb_inner_oof,0.01688845746492524,0.9411764705882353,0.2791762013729977,0.20050125313283207
3,T13,xgb_inner_oof,0.016956361002014534,0.9411764705882353,0.2837528604118993,0.20151133501259447
3,T13,xgb_inner_oof,0.017137232159027356,0.9411764705882353,0.28832951945080093,0.20253164556962025
3,T13,xgb_inner_oof,0.017426974355732983,0.9411764705882353,0.2929061784897025,0.2035623409669211
3,T13,xgb_inner_oof,0.017782529939435493,0.9411764705882353,0.2974828375286041,0.20460358056265984
3,T13,xgb_inner_oof,0.017808071699231466,0.9411764705882353,0.30205949656750575,0.20565552699228792
3,T13,xgb_inner_oof,0.017884050314126237,0.9411764705882353,0.30434782608695654,0.20618556701030927
3,T13,xgb_inner_oof,0.01804398115174414,0.9411764705882353,0.30892448512585813,0.20725388601036268
3,T13,xgb_inner_oof,0.018246154284247657,0.9411764705882353,0.3135011441647597,0.20833333333333334
3,T13,xgb_inner_oof,0.01838039264900114,0.9411764705882353,0.3180778032036613,0.2094240837696335
3,T13,xgb_inner_oof,0.018517701681990836,0.9411764705882353,0.32265446224256294,0.21052631578947367
3,T13,xgb_inner_oof,0.018582084526089435,0.9411764705882353,0.32723112128146453,0.21164021164021163
3,T13,xgb_inner_oof,0.018598907959380136,0.9411764705882353,0.3295194508009153,0.21220159151193635
3,T13,xgb_inner_oof,0.018882882372886774,0.9411764705882353,0.3340961098398169,0.21333333333333335
3,T13,xgb_inner_oof,0.01921865380486424,0.9411764705882353,0.33867276887871856,0.21447721179624665
3,T13,xgb_inner_oof,0.01929255468297579,0.9411764705882353,0.34324942791762014,0.215633423180593
3,T13,xgb_inner_oof,0.01939012745988905,0.9411764705882353,0.34782608695652173,0.21680216802168023
3,T13,xgb_inner_oof,0.01945233649529362,0.9411764705882353,0.3501144164759725,0.21739130434782608
3,T13,xgb_inner_oof,0.019968170504044303,0.9411764705882353,0.35469107551487417,0.2185792349726776
3,T13,xgb_inner_oof,0.020216769102603734,0.8823529411764706,0.35697940503432496,0.20604395604395603
3,T13,xgb_inner_oof,0.020464649828118478,0.8823529411764706,0.36155606407322655,0.20718232044198895
3,T13,xgb_inner_oof,0.020578001552490423,0.8823529411764706,0.36613272311212813,0.20833333333333334
3,T13,xgb_inner_oof,0.020654163967710096,0.8823529411764706,0.3707093821510298,0.20949720670391062
3,T13,xgb_inner_oof,0.020658464329231845,0.8823529411764706,0.37299771167048057,0.21008403361344538
3,T13,xgb_inner_oof,0.02078841622838536,0.8823529411764706,0.37757437070938216,0.2112676056338028
3,T13,xgb_inner_oof,0.02089589099866817,0.8823529411764706,0.38215102974828374,0.21246458923512748
3,T13,xgb_inner_oof,0.02094399742679077,0.8823529411764706,0.38672768878718533,0.21367521367521367
3,T13,xgb_inner_oof,0.021241555174262162,0.8823529411764706,0.391304347826087,0.2148997134670487
3,T13,xgb_inner_oof,0.02139196800757378,0.8235294117647058,0.39359267734553777,0.2017291066282421
3,T13,xgb_inner_oof,0.021522772316656794,0.8235294117647058,0.39588100686498856,0.2023121387283237
3,T13,xgb_inner_oof,0.021759100238082335,0.8235294117647058,0.40045766590389015,0.20348837209302326
3,T13,xgb_inner_oof,0.021927780298544662,0.8235294117647058,0.40503432494279173,0.2046783625730994
3,T13,xgb_inner_oof,0.022000164294840197,0.8235294117647058,0.4096109839816934,0.20588235294117646
3,T13,xgb_inner_oof,0.022045604660381624,0.8235294117647058,0.41418764302059496,0.20710059171597633
3,T13,xgb_inner_oof,0.02206019792788732,0.8235294117647058,0.41647597254004576,0.20771513353115728
3,T13,xgb_inner_oof,0.022120620314731533,0.7647058823529411,0.41876430205949655,0.19402985074626866
3,T13,xgb_inner_oof,0.022283764583433095,0.7647058823529411,0.4233409610983982,0.19519519519519518
3,T13,xgb_inner_oof,0.022630107730921313,0.7647058823529411,0.4279176201372998,0.19637462235649547
3,T13,xgb_inner_oof,0.023002437041845913,0.7647058823529411,0.43249427917620137,0.19756838905775076
3,T13,xgb_inner_oof,0.023147088276552666,0.7647058823529411,0.43707093821510296,0.19877675840978593
3,T13,xgb_inner_oof,0.023249158033179108,0.7647058823529411,0.43935926773455375,0.19938650306748465
3,T13,xgb_inner_oof,0.023375957508461914,0.7647058823529411,0.4439359267734554,0.2006172839506173
3,T13,xgb_inner_oof,0.023449177815723914,0.7647058823529411,0.448512585812357,0.20186335403726707
3,T13,xgb_inner_oof,0.02371079675932363,0.7647058823529411,0.45308924485125857,0.203125
3,T13,xgb_inner_oof,0.023937139700947074,0.7647058823529411,0.4576659038901602,0.20440251572327045
3,T13,xgb_inner_oof,0.024052301643194243,0.7647058823529411,0.4622425629290618,0.20569620253164558
3,T13,xgb_inner_oof,0.024158707583215,0.7647058823529411,0.4645308924485126,0.20634920634920634
3,T13,xgb_inner_oof,0.024531543154094212,0.7647058823529411,0.4691075514874142,0.20766773162939298
3,T13,xgb_inner_oof,0.0245991695949538,0.7647058823529411,0.47368421052631576,0.2090032154340836
3,T13,xgb_inner_oof,0.024744025063344756,0.7647058823529411,0.4782608695652174,0.21035598705501618
3,T13,xgb_inner_oof,0.02478152161228416,0.7647058823529411,0.482837528604119,0.21172638436482086
3,T13,xgb_inner_oof,0.024933913115985577,0.7647058823529411,0.4851258581235698,0.21241830065359477
3,T13,xgb_inner_oof,0.025294780460370467,0.7647058823529411,0.4897025171624714,0.2138157894736842
3,T13,xgb_inner_oof,0.02565819736221535,0.7647058823529411,0.494279176201373,0.2152317880794702
3,T13,xgb_inner_oof,0.025882640024581023,0.7647058823529411,0.4988558352402746,0.21666666666666667
3,T13,xgb_inner_oof,0.02614693674387058,0.7647058823529411,0.5034324942791762,0.2181208053691275
3,T13,xgb_inner_oof,0.026267211923939146,0.7647058823529411,0.5080091533180778,0.2195945945945946
3,T13,xgb_inner_oof,0.026299940169213817,0.7647058823529411,0.5102974828375286,0.22033898305084745
3,T13,xgb_inner_oof,0.02641213040418526,0.7647058823529411,0.5148741418764302,0.22184300341296928
3,T13,xgb_inner_oof,0.026513541193545983,0.7647058823529411,0.5194508009153318,0.22336769759450173
3,T13,xgb_inner_oof,0.02658898638797498,0.7647058823529411,0.5240274599542334,0.22491349480968859
3,T13,xgb_inner_oof,0.026710508965584044,0.7647058823529411,0.528604118993135,0.2264808362369338
3,T13,xgb_inner_oof,0.026893115887325243,0.7647058823529411,0.5331807780320366,0.22807017543859648
3,T13,xgb_inner_oof,0.02700074636150431,0.7647058823529411,0.5354691075514875,0.22887323943661972
3,T13,xgb_inner_oof,0.0272611120944875,0.7647058823529411,0.540045766590389,0.23049645390070922
3,T13,xgb_inner_oof,0.02739891772650537,0.7647058823529411,0.5446224256292906,0.23214285714285715
3,T13,xgb_inner_oof,0.027890968522007755,0.7647058823529411,0.5491990846681922,0.23381294964028776
3,T13,xgb_inner_oof,0.02816277515040714,0.7647058823529411,0.5537757437070938,0.23550724637681159
3,T13,xgb_inner_oof,0.02832706686271752,0.7647058823529411,0.5560640732265446,0.23636363636363636
3,T13,xgb_inner_oof,0.028443634436081888,0.7647058823529411,0.5606407322654462,0.23809523809523808
3,T13,xgb_inner_oof,0.02859650511153023,0.7647058823529411,0.5652173913043478,0.23985239852398524
3,T13,xgb_inner_oof,0.02927717155045844,0.7647058823529411,0.5697940503432495,0.241635687732342
3,T13,xgb_inner_oof,0.029723329530641954,0.7647058823529411,0.5743707093821511,0.24344569288389514
3,T13,xgb_inner_oof,0.030058758817720767,0.7647058823529411,0.5789473684210527,0.24528301886792453
3,T13,xgb_inner_oof,0.030361613137233543,0.7647058823529411,0.5812356979405034,0.24621212121212122
3,T13,xgb_inner_oof,0.031161640928725254,0.7647058823529411,0.585812356979405,0.2480916030534351
3,T13,xgb_inner_oof,0.031585195411856615,0.7647058823529411,0.5903890160183066,0.25
3,T13,xgb_inner_oof,0.03186322474247094,0.7647058823529411,0.5949656750572082,0.25193798449612403
3,T13,xgb_inner_oof,0.032095972373260624,0.7647058823529411,0.5995423340961098,0.25390625
3,T13,xgb_inner_oof,0.032248925522311796,0.7647058823529411,0.6041189931350115,0.2559055118110236
3,T13,xgb_inner_oof,0.03229101815873109,0.7647058823529411,0.6064073226544623,0.25691699604743085
3,T13,xgb_inner_oof,0.03250945737771774,0.7647058823529411,0.6109839816933639,0.2589641434262948
3,T13,xgb_inner_oof,0.03278066300722776,0.7647058823529411,0.6155606407322655,0.26104417670682734
3,T13,xgb_inner_oof,0.033035147451753996,0.7647058823529411,0.620137299771167,0.2631578947368421
3,T13,xgb_inner_oof,0.0333593087150445,0.7647058823529411,0.6247139588100686,0.2653061224489796
3,T13,xgb_inner_oof,0.0335183760576135,0.7647058823529411,0.6270022883295194,0.26639344262295084
3,T13,xgb_inner_oof,0.03368494666520926,0.7647058823529411,0.631578947368421,0.26859504132231404
3,T13,xgb_inner_oof,0.03402589085280426,0.7647058823529411,0.6361556064073226,0.2708333333333333
3,T13,xgb_inner_oof,0.03444217383155278,0.7058823529411765,0.6384439359267735,0.25210084033613445
3,T13,xgb_inner_oof,0.03479852571548824,0.7058823529411765,0.6430205949656751,0.2542372881355932
3,T13,xgb_inner_oof,0.03509478847352326,0.7058823529411765,0.6475972540045767,0.2564102564102564
3,T13,xgb_inner_oof,0.035145250015597526,0.7058823529411765,0.6498855835240275,0.2575107296137339
3,T13,xgb_inner_oof,0.03520245396063011,0.7058823529411765,0.6544622425629291,0.2597402597402597
3,T13,xgb_inner_oof,0.035340493306782086,0.7058823529411765,0.6590389016018307,0.26200873362445415
3,T13,xgb_inner_oof,0.03537912118528422,0.7058823529411765,0.6636155606407322,0.2643171806167401
3,T13,xgb_inner_oof,0.035716446384734195,0.7058823529411765,0.6681922196796338,0.26666666666666666
3,T13,xgb_inner_oof,0.03619697906662243,0.7058823529411765,0.6727688787185355,0.26905829596412556
3,T13,xgb_inner_oof,0.036531486036620334,0.7058823529411765,0.6750572082379863,0.2702702702702703
3,T13,xgb_inner_oof,0.03680693792100927,0.7058823529411765,0.6796338672768879,0.2727272727272727
3,T13,xgb_inner_oof,0.0370000916626005,0.7058823529411765,0.6842105263157895,0.27522935779816515
3,T13,xgb_inner_oof,0.03753430595672155,0.6470588235294118,0.6864988558352403,0.25462962962962965
3,T13,xgb_inner_oof,0.038247177064244665,0.6470588235294118,0.6910755148741419,0.2570093457943925
3,T13,xgb_inner_oof,0.03828668221868947,0.6470588235294118,0.6933638443935927,0.25821596244131456
3,T13,xgb_inner_oof,0.0385172406139787,0.6470588235294118,0.6979405034324943,0.26066350710900477
3,T13,xgb_inner_oof,0.038769451037239,0.6470588235294118,0.7025171624713958,0.2631578947368421
3,T13,xgb_inner_oof,0.038827831339824564,0.6470588235294118,0.7070938215102975,0.26570048309178745
3,T13,xgb_inner_oof,0.03917691536177795,0.6470588235294118,0.7116704805491991,0.2682926829268293
3,T13,xgb_inner_oof,0.03979437565875696,0.6470588235294118,0.7162471395881007,0.270935960591133
3,T13,xgb_inner_oof,0.0401449913984096,0.6470588235294118,0.7185354691075515,0.2722772277227723
3,T13,xgb_inner_oof,0.04176008666151789,0.5882352941176471,0.7208237986270023,0.25
3,T13,xgb_inner_oof,0.042681871924772206,0.5882352941176471,0.7254004576659039,0.25252525252525254
3,T13,xgb_inner_oof,0.04329612132124801,0.5882352941176471,0.7299771167048055,0.25510204081632654
3,T13,xgb_inner_oof,0.04406856986997529,0.5882352941176471,0.7345537757437071,0.25773195876288657
3,T13,xgb_inner_oof,0.04460208508991435,0.5882352941176471,0.7391304347826086,0.2604166666666667
3,T13,xgb_inner_oof,0.04474240624969493,0.5882352941176471,0.7414187643020596,0.2617801047120419
3,T13,xgb_inner_oof,0.04527205361177186,0.5882352941176471,0.7459954233409611,0.26455026455026454
3,T13,xgb_inner_oof,0.04558862942805751,0.5882352941176471,0.7505720823798627,0.26737967914438504
3,T13,xgb_inner_oof,0.04622336912504131,0.5294117647058824,0.7528604118993135,0.24324324324324326
3,T13,xgb_inner_oof,0.04668114153319429,0.5294117647058824,0.7574370709382151,0.2459016393442623
3,T13,xgb_inner_oof,0.04690127738755026,0.5294117647058824,0.7597254004576659,0.24725274725274726
3,T13,xgb_inner_oof,0.048041018392047614,0.5294117647058824,0.7643020594965675,0.25
3,T13,xgb_inner_oof,0.04880672421240517,0.5294117647058824,0.7688787185354691,0.25280898876404495
3,T13,xgb_inner_oof,0.04916981814189543,0.5294117647058824,0.7734553775743707,0.2556818181818182
3,T13,xgb_inner_oof,0.04957302678259187,0.5294117647058824,0.7780320366132724,0.25862068965517243
3,T13,xgb_inner_oof,0.05027023369096998,0.5294117647058824,0.782608695652174,0.2616279069767442
3,T13,xgb_inner_oof,0.050727246974501636,0.5294117647058824,0.7848970251716247,0.2631578947368421
3,T13,xgb_inner_oof,0.05152446853164877,0.47058823529411764,0.7871853546910755,0.23668639053254437
3,T13,xgb_inner_oof,0.0520562750119853,0.47058823529411764,0.7917620137299771,0.23952095808383234
3,T13,xgb_inner_oof,0.05260752652171364,0.47058823529411764,0.7963386727688787,0.24242424242424243
3,T13,xgb_inner_oof,0.05265956347646804,0.47058823529411764,0.8009153318077803,0.24539877300613497
3,T13,xgb_inner_oof,0.05332495786151458,0.47058823529411764,0.8054919908466819,0.2484472049689441
3,T13,xgb_inner_oof,0.053605208507917765,0.47058823529411764,0.8077803203661327,0.25
3,T13,xgb_inner_oof,0.05392452978741051,0.47058823529411764,0.8123569794050344,0.25316455696202533
3,T13,xgb_inner_oof,0.054304827062500574,0.47058823529411764,0.816933638443936,0.2564102564102564
3,T13,xgb_inner_oof,0.054758146437257335,0.47058823529411764,0.8215102974828375,0.2597402597402597
3,T13,xgb_inner_oof,0.055160268171595736,0.47058823529411764,0.8260869565217391,0.2631578947368421
3,T13,xgb_inner_oof,0.0554827927918011,0.47058823529411764,0.8283752860411899,0.26490066225165565
3,T13,xgb_inner_oof,0.05584390348151083,0.47058823529411764,0.8329519450800915,0.2684563758389262
3,T13,xgb_inner_oof,0.05632197859078394,0.4117647058823529,0.8352402745995423,0.23809523809523808
3,T13,xgb_inner_oof,0.056722480913338605,0.4117647058823529,0.8398169336384439,0.2413793103448276
3,T13,xgb_inner_oof,0.05730076823853473,0.4117647058823529,0.8443935926773455,0.24475524475524477
3,T13,xgb_inner_oof,0.058061769043448744,0.4117647058823529,0.8489702517162472,0.24822695035460993
3,T13,xgb_inner_oof,0.05834170023211842,0.4117647058823529,0.851258581235698,0.25
3,T13,xgb_inner_oof,0.0588227948290706,0.35294117647058826,0.8535469107551488,0.21739130434782608
3,T13,xgb_inner_oof,0.059132446515966795,0.35294117647058826,0.8581235697940504,0.22058823529411764
3,T13,xgb_inner_oof,0.060156010075802374,0.35294117647058826,0.8627002288329519,0.22388059701492538
3,T13,xgb_inner_oof,0.06123817218369457,0.35294117647058826,0.8672768878718535,0.22727272727272727
3,T13,xgb_inner_oof,0.06228643370821568,0.29411764705882354,0.8695652173913043,0.19230769230769232
3,T13,xgb_inner_oof,0.06244132323151061,0.23529411764705882,0.8695652173913043,0.15503875968992248
3,T13,xgb_inner_oof,0.06313379362803999,0.23529411764705882,0.8741418764302059,0.15748031496062992
3,T13,xgb_inner_oof,0.0635809635514969,0.23529411764705882,0.8787185354691075,0.16
3,T13,xgb_inner_oof,0.06432397470079619,0.23529411764705882,0.8832951945080092,0.16260162601626016
3,T13,xgb_inner_oof,0.06529306966855697,0.23529411764705882,0.8878718535469108,0.1652892561983471
3,T13,xgb_inner_oof,0.0660436928961705,0.23529411764705882,0.8901601830663616,0.16666666666666666
3,T13,xgb_inner_oof,0.06707533410533449,0.23529411764705882,0.8947368421052632,0.1694915254237288
3,T13,xgb_inner_oof,0.06796401361062132,0.23529411764705882,0.8993135011441648,0.1724137931034483
3,T13,xgb_inner_oof,0.06879222227163431,0.23529411764705882,0.9038901601830663,0.17543859649122806
3,T13,xgb_inner_oof,0.06978764330514442,0.23529411764705882,0.9084668192219679,0.17857142857142858
3,T13,xgb_inner_oof,0.07091827056505925,0.17647058823529413,0.9107551487414187,0.13636363636363635
3,T13,xgb_inner_oof,0.07164288264360871,0.17647058823529413,0.9130434782608695,0.13761467889908258
3,T13,xgb_inner_oof,0.0725094138336338,0.17647058823529413,0.9176201372997712,0.14018691588785046
3,T13,xgb_inner_oof,0.07270624299780501,0.17647058823529413,0.9221967963386728,0.14285714285714285
3,T13,xgb_inner_oof,0.07362569484263029,0.17647058823529413,0.9267734553775744,0.14563106796116504
3,T13,xgb_inner_oof,0.07524388081499414,0.17647058823529413,0.931350114416476,0.1485148514851485
3,T13,xgb_inner_oof,0.07737434163848106,0.17647058823529413,0.9359267734553776,0.15151515151515152
3,T13,xgb_inner_oof,0.07896329145953326,0.17647058823529413,0.9382151029748284,0.15306122448979592
3,T13,xgb_inner_oof,0.08232723315733145,0.17647058823529413,0.9427917620137299,0.15625
3,T13,xgb_inner_oof,0.08410738814561425,0.17647058823529413,0.9473684210526315,0.1595744680851064
3,T13,xgb_inner_oof,0.08734490594863087,0.17647058823529413,0.9519450800915332,0.16304347826086957
3,T13,xgb_inner_oof,0.08979290024508166,0.17647058823529413,0.9565217391304348,0.16666666666666666
3,T13,xgb_inner_oof,0.0961945820858578,0.17647058823529413,0.9588100686498856,0.16853932584269662
3,T13,xgb_inner_oof,0.10353922965638265,0.17647058823529413,0.9633867276887872,0.1724137931034483
3,T13,xgb_inner_oof,0.1079020598832735,0.17647058823529413,0.9679633867276888,0.17647058823529413
3,T13,xgb_inner_oof,0.11946279785860961,0.17647058823529413,0.9725400457665904,0.18072289156626506
3,T13,xgb_inner_oof,0.13773553735620686,0.17647058823529413,0.977116704805492,0.18518518518518517
3,T13,xgb_inner_oof,0.15658038761713317,0.17647058823529413,0.9816933638443935,0.189873417721519
3,T13,xgb_inner_oof,0.16260638037809455,0.17647058823529413,0.9839816933638444,0.19230769230769232
3,T13,xgb_inner_oof,0.17429906583636962,0.11764705882352941,0.9862700228832952,0.13157894736842105
3,T13,xgb_inner_oof,0.1874355654351587,0.11764705882352941,0.9908466819221968,0.13513513513513514
3,T13,xgb_inner_oof,0.222555791631253,0.058823529411764705,0.9931350114416476,0.06944444444444445
3,T13,xgb_inner_oof,0.2588100787257712,0.058823529411764705,0.9977116704805492,0.07142857142857142
3,T13,xgb_inner_oof,0.3354354391829571,0.0,1.0,0.0
3,T18,xgb_inner_oof,0.01068837554268183,1.0,0.0,0.288135593220339
3,T18,xgb_inner_oof,0.010879256134561914,1.0,0.002380952380952381,0.28862478777589134
3,T18,xgb_inner_oof,0.0111568087747019,1.0,0.007142857142857143,0.28960817717206133
3,T18,xgb_inner_oof,0.012031522703800545,1.0,0.011904761904761904,0.2905982905982906
3,T18,xgb_inner_oof,0.012409049407053037,1.0,0.016666666666666666,0.2915951972555746
3,T18,xgb_inner_oof,0.012824564542165778,1.0,0.02142857142857143,0.29259896729776247
3,T18,xgb_inner_oof,0.01324094618730446,1.0,0.023809523809523808,0.29310344827586204
3,T18,xgb_inner_oof,0.013489556077811979,1.0,0.02857142857142857,0.29411764705882354
3,T18,xgb_inner_oof,0.01375411019836134,1.0,0.03333333333333333,0.2951388888888889
3,T18,xgb_inner_oof,0.01399607541591378,1.0,0.0380952380952381,0.2961672473867596
3,T18,xgb_inner_oof,0.014167136797669715,0.9705882352941176,0.04047619047619048,0.28846153846153844
3,T18,xgb_inner_oof,0.014405048828270515,0.9705882352941176,0.04523809523809524,0.2894736842105263
3,T18,xgb_inner_oof,0.01468908293060286,0.9705882352941176,0.047619047619047616,0.28998242530755713
3,T18,xgb_inner_oof,0.01513934886221685,0.9705882352941176,0.05238095238095238,0.291005291005291
3,T18,xgb_inner_oof,0.015401158076477706,0.9705882352941176,0.05714285714285714,0.2920353982300885
3,T18,xgb_inner_oof,0.015620499875914734,0.9705882352941176,0.06190476190476191,0.29307282415630553
3,T18,xgb_inner_oof,0.01573766748138261,0.9705882352941176,0.06666666666666667,0.29411764705882354
3,T18,xgb_inner_oof,0.01588515600597968,0.9705882352941176,0.06904761904761905,0.29464285714285715
3,T18,xgb_inner_oof,0.015919809728016113,0.9705882352941176,0.07380952380952381,0.2956989247311828
3,T18,xgb_inner_oof,0.01606516612132749,0.9705882352941176,0.07857142857142857,0.29676258992805754
3,T18,xgb_inner_oof,0.016191169269968487,0.9705882352941176,0.08333333333333333,0.29783393501805056
3,T18,xgb_inner_oof,0.016469715092647517,0.9705882352941176,0.0880952380952381,0.29891304347826086
3,T18,xgb_inner_oof,0.016803941247323803,0.9705882352941176,0.09285714285714286,0.3
3,T18,xgb_inner_oof,0.01693877142610014,0.9705882352941176,0.09523809523809523,0.3005464480874317
3,T18,xgb_inner_oof,0.017130766300531113,0.9705882352941176,0.1,0.3016453382084095
3,T18,xgb_inner_oof,0.017239389871942387,0.9705882352941176,0.10476190476190476,0.30275229357798167
3,T18,xgb_inner_oof,0.017673898621221165,0.9705882352941176,0.10952380952380952,0.30386740331491713
3,T18,xgb_inner_oof,0.01785188082259046,0.9705882352941176,0.11428571428571428,0.3049907578558225
3,T18,xgb_inner_oof,0.01797334228163593,0.9705882352941176,0.11904761904761904,0.30612244897959184
3,T18,xgb_inner_oof,0.01804204169170088,0.9705882352941176,0.12142857142857143,0.3066914498141264
3,T18,xgb_inner_oof,0.018303727308813827,0.9705882352941176,0.1261904761904762,0.30783582089552236
3,T18,xgb_inner_oof,0.018618397017363977,0.9705882352941176,0.13095238095238096,0.3089887640449438
3,T18,xgb_inner_oof,0.01872078616550278,0.9705882352941176,0.1357142857142857,0.3101503759398496
3,T18,xgb_inner_oof,0.019011868539864737,0.9705882352941176,0.14047619047619048,0.3113207547169811
3,T18,xgb_inner_oof,0.019061250446827098,0.9705882352941176,0.14285714285714285,0.31190926275992437
3,T18,xgb_inner_oof,0.0190840629654091,0.9705882352941176,0.14761904761904762,0.31309297912713474
3,T18,xgb_inner_oof,0.019356615585325556,0.9705882352941176,0.1523809523809524,0.3142857142857143
3,T18,xgb_inner_oof,0.01960801701290696,0.9705882352941176,0.15714285714285714,0.3154875717017208
3,T18,xgb_inner_oof,0.019684624002592542,0.9705882352941176,0.1619047619047619,0.31669865642994244
3,T18,xgb_inner_oof,0.019976916264987606,0.9705882352941176,0.16666666666666666,0.3179190751445087
3,T18,xgb_inner_oof,0.0201491620569178,0.9705882352941176,0.16904761904761906,0.3185328185328185
3,T18,xgb_inner_oof,0.0203859501471223,0.9705882352941176,0.1738095238095238,0.31976744186046513
3,T18,xgb_inner_oof,0.020523645094826258,0.9705882352941176,0.17857142857142858,0.321011673151751
3,T18,xgb_inner_oof,0.02084546036969062,0.9705882352941176,0.18333333333333332,0.322265625
3,T18,xgb_inner_oof,0.021124189331530964,0.9705882352941176,0.1880952380952381,0.3235294117647059
3,T18,xgb_inner_oof,0.021255742303467075,0.9705882352941176,0.19285714285714287,0.3248031496062992
3,T18,xgb_inner_oof,0.02134969413148991,0.9705882352941176,0.19523809523809524,0.3254437869822485
3,T18,xgb_inner_oof,0.021830989278205606,0.9705882352941176,0.2,0.32673267326732675
3,T18,xgb_inner_oof,0.022226783475228568,0.9705882352941176,0.20476190476190476,0.32803180914512925
3,T18,xgb_inner_oof,0.022530615582823245,0.9705882352941176,0.20952380952380953,0.32934131736526945
3,T18,xgb_inner_oof,0.022902867065894658,0.9705882352941176,0.21428571428571427,0.3306613226452906
3,T18,xgb_inner_oof,0.02302388396459231,0.9705882352941176,0.21666666666666667,0.3313253012048193
3,T18,xgb_inner_oof,0.02368246627124635,0.9705882352941176,0.22142857142857142,0.3326612903225806
3,T18,xgb_inner_oof,0.023948938865328836,0.9705882352941176,0.2261904761904762,0.3340080971659919
3,T18,xgb_inner_oof,0.02417776212775667,0.9705882352941176,0.23095238095238096,0.3353658536585366
3,T18,xgb_inner_oof,0.02426645973532999,0.9705882352941176,0.2357142857142857,0.336734693877551
3,T18,xgb_inner_oof,0.02445939583921252,0.9705882352941176,0.24047619047619048,0.33811475409836067
3,T18,xgb_inner_oof,0.024630240001312604,0.9705882352941176,0.24285714285714285,0.33880903490759756
3,T18,xgb_inner_oof,0.025047008136088802,0.9705882352941176,0.24761904761904763,0.3402061855670103
3,T18,xgb_inner_oof,0.02542266503083771,0.9705882352941176,0.2523809523809524,0.3416149068322981
3,T18,xgb_inner_oof,0.02578226785855045,0.9705882352941176,0.2571428571428571,0.34303534303534305
3,T18,xgb_inner_oof,0.02600960123036334,0.9705882352941176,0.2619047619047619,0.3444676409185804
3,T18,xgb_inner_oof,0.026299882412293387,0.9705882352941176,0.26666666666666666,0.34591194968553457
3,T18,xgb_inner_oof,0.026417931196345577,0.9705882352941176,0.26904761904761904,0.34663865546218486
3,T18,xgb_inner_oof,0.026528413849232713,0.9705882352941176,0.27380952380952384,0.34810126582278483
3,T18,xgb_inner_oof,0.026627855481664808,0.9705882352941176,0.2785714285714286,0.3495762711864407
3,T18,xgb_inner_oof,0.026976939649006153,0.9705882352941176,0.2833333333333333,0.35106382978723405
3,T18,xgb_inner_oof,0.027242257542346195,0.9705882352941176,0.28809523809523807,0.3525641025641026
3,T18,xgb_inner_oof,0.027400196271590658,0.9705882352941176,0.2904761904761905,0.3533190578158458
3,T18,xgb_inner_oof,0.027617176114410606,0.9705882352941176,0.29523809523809524,0.3548387096774194
3,T18,xgb_inner_oof,0.027901492351924143,0.9705882352941176,0.3,0.3563714902807775
3,T18,xgb_inner_oof,0.02806969550941279,0.9705882352941176,0.3047619047619048,0.3579175704989154
3,T18,xgb_inner_oof,0.028198656495847643,0.9705882352941176,0.30952380952380953,0.35947712418300654
3,T18,xgb_inner_oof,0.02836083405771597,0.9705882352941176,0.3142857142857143,0.3610503282275711
3,T18,xgb_inner_oof,0.0284555867222798,0.9705882352941176,0.31666666666666665,0.3618421052631579
3,T18,xgb_inner_oof,0.028786966749443532,0.9705882352941176,0.32142857142857145,0.3634361233480176
3,T18,xgb_inner_oof,0.029055180764544473,0.9705882352941176,0.3261904761904762,0.36504424778761063
3,T18,xgb_inner_oof,0.029424489962543633,0.9705882352941176,0.33095238095238094,0.36666666666666664
3,T18,xgb_inner_oof,0.029827758144533,0.9705882352941176,0.3357142857142857,0.36830357142857145
3,T18,xgb_inner_oof,0.030164272729314774,0.9705882352941176,0.3404761904761905,0.36995515695067266
3,T18,xgb_inner_oof,0.03019835720093443,0.9705882352941176,0.34285714285714286,0.3707865168539326
3,T18,xgb_inner_oof,0.030239012903178077,0.9705882352941176,0.3476190476190476,0.3724604966139955
3,T18,xgb_inner_oof,0.030651513456744287,0.9705882352941176,0.3523809523809524,0.3741496598639456
3,T18,xgb_inner_oof,0.031101313059216946,0.9705882352941176,0.35714285714285715,0.37585421412300685
3,T18,xgb_inner_oof,0.031376476524874186,0.9705882352941176,0.3619047619047619,0.37757437070938216
3,T18,xgb_inner_oof,0.03144864948217049,0.9705882352941176,0.36428571428571427,0.37844036697247707
3,T18,xgb_inner_oof,0.0316884476482778,0.9705882352941176,0.36904761904761907,0.38018433179723504
3,T18,xgb_inner_oof,0.032154524841804984,0.9705882352941176,0.3738095238095238,0.3819444444444444
3,T18,xgb_inner_oof,0.03267561069705478,0.9705882352941176,0.37857142857142856,0.38372093023255816
3,T18,xgb_inner_oof,0.032937799673908155,0.9411764705882353,0.38095238095238093,0.37383177570093457
3,T18,xgb_inner_oof,0.03311852696297023,0.9411764705882353,0.38571428571428573,0.3755868544600939
3,T18,xgb_inner_oof,0.03314741356779595,0.9117647058823529,0.38571428571428573,0.36470588235294116
3,T18,xgb_inner_oof,0.03322154956762284,0.9117647058823529,0.3904761904761905,0.3664302600472813
3,T18,xgb_inner_oof,0.03342743097850141,0.9117647058823529,0.3952380952380952,0.3681710213776722
3,T18,xgb_inner_oof,0.03384831770152269,0.8823529411764706,0.3976190476190476,0.35799522673031026
3,T18,xgb_inner_oof,0.03415446113789786,0.8823529411764706,0.4023809523809524,0.3597122302158273
3,T18,xgb_inner_oof,0.035255901234629766,0.8529411764705882,0.40476190476190477,0.3493975903614458
3,T18,xgb_inner_oof,0.03573375191041557,0.8529411764705882,0.40714285714285714,0.3502415458937198
3,T18,xgb_inner_oof,0.03617610312317021,0.8529411764705882,0.4119047619047619,0.35194174757281554
3,T18,xgb_inner_oof,0.0367014914805768,0.8529411764705882,0.4166666666666667,0.35365853658536583
3,T18,xgb_inner_oof,0.03691124729657222,0.8235294117647058,0.41904761904761906,0.3431372549019608
3,T18,xgb_inner_oof,0.03711848151650028,0.8235294117647058,0.4238095238095238,0.3448275862068966
3,T18,xgb_inner_oof,0.037270397153155325,0.8235294117647058,0.4261904761904762,0.345679012345679
3,T18,xgb_inner_oof,0.03801076598793736,0.8235294117647058,0.430952380952381,0.34739454094292804
3,T18,xgb_inner_oof,0.038419652830223014,0.8235294117647058,0.4357142857142857,0.3491271820448878
3,T18,xgb_inner_oof,0.03892547421129162,0.8235294117647058,0.44047619047619047,0.3508771929824561
3,T18,xgb_inner_oof,0.0391448208568579,0.8235294117647058,0.4452380952380952,0.3526448362720403
3,T18,xgb_inner_oof,0.039306352529209304,0.8235294117647058,0.45,0.35443037974683544
3,T18,xgb_inner_oof,0.03943195706407539,0.8235294117647058,0.4523809523809524,0.3553299492385787
3,T18,xgb_inner_oof,0.03967705572327217,0.8235294117647058,0.45714285714285713,0.35714285714285715
3,T18,xgb_inner_oof,0.040172247592785676,0.8235294117647058,0.46190476190476193,0.358974358974359
3,T18,xgb_inner_oof,0.040372412432193805,0.8235294117647058,0.4666666666666667,0.36082474226804123
3,T18,xgb_inner_oof,0.040918383592484946,0.8235294117647058,0.4714285714285714,0.3626943005181347
3,T18,xgb_inner_oof,0.04228643914887803,0.8235294117647058,0.47619047619047616,0.3645833333333333
3,T18,xgb_inner_oof,0.04257833205610481,0.8235294117647058,0.4785714285714286,0.36553524804177545
3,T18,xgb_inner_oof,0.043171567677723385,0.8235294117647058,0.48333333333333334,0.3674540682414698
3,T18,xgb_inner_oof,0.04346634796054918,0.8235294117647058,0.4880952380952381,0.36939313984168864
3,T18,xgb_inner_oof,0.04395604368549297,0.8235294117647058,0.4928571428571429,0.3713527851458886
3,T18,xgb_inner_oof,0.04535848673912897,0.8235294117647058,0.4976190476190476,0.37333333333333335
3,T18,xgb_inner_oof,0.04541496976853971,0.8235294117647058,0.5,0.37433155080213903
3,T18,xgb_inner_oof,0.04557870724086793,0.8235294117647058,0.5047619047619047,0.3763440860215054
3,T18,xgb_inner_oof,0.045681740795312405,0.8235294117647058,0.5095238095238095,0.3783783783783784
3,T18,xgb_inner_oof,0.045818850995346674,0.8235294117647058,0.5142857142857142,0.3804347826086957
3,T18,xgb_inner_oof,0.04612165615919033,0.7941176470588235,0.5166666666666667,0.36885245901639346
3,T18,xgb_inner_oof,0.046365726843163896,0.7941176470588235,0.5214285714285715,0.3708791208791209
3,T18,xgb_inner_oof,0.04643342141981813,0.7941176470588235,0.5238095238095238,0.371900826446281
3,T18,xgb_inner_oof,0.04661356176104425,0.7941176470588235,0.5285714285714286,0.3739612188365651
3,T18,xgb_inner_oof,0.04689486905343623,0.7941176470588235,0.5333333333333333,0.37604456824512533
3,T18,xgb_inner_oof,0.04731675122106224,0.7941176470588235,0.5380952380952381,0.37815126050420167
3,T18,xgb_inner_oof,0.04777488170342613,0.7941176470588235,0.5428571428571428,0.38028169014084506
3,T18,xgb_inner_oof,0.04851258575829925,0.7941176470588235,0.5476190476190477,0.38243626062322944
3,T18,xgb_inner_oof,0.04857255768351908,0.7941176470588235,0.55,0.3835227272727273
3,T18,xgb_inner_oof,0.049230886960202044,0.7941176470588235,0.5547619047619048,0.38571428571428573
3,T18,xgb_inner_oof,0.04987745050897144,0.7941176470588235,0.5595238095238095,0.3879310344827586
3,T18,xgb_inner_oof,0.05009449845002469,0.7941176470588235,0.5642857142857143,0.3901734104046243
3,T18,xgb_inner_oof,0.050743074253967846,0.7941176470588235,0.569047619047619,0.39244186046511625
3,T18,xgb_inner_oof,0.051192007243677645,0.7941176470588235,0.5714285714285714,0.3935860058309038
3,T18,xgb_inner_oof,0.05197825450689776,0.7941176470588235,0.5761904761904761,0.39589442815249265
3,T18,xgb_inner_oof,0.05209752407255824,0.7941176470588235,0.580952380952381,0.39823008849557523
3,T18,xgb_inner_oof,0.05238952587564283,0.7941176470588235,0.5857142857142857,0.40059347181008903
3,T18,xgb_inner_oof,0.05288263509016356,0.7647058823529411,0.5880952380952381,0.3880597014925373
3,T18,xgb_inner_oof,0.053234774249783484,0.7647058823529411,0.5928571428571429,0.39039039039039036
3,T18,xgb_inner_oof,0.05337751930498222,0.7647058823529411,0.5952380952380952,0.39156626506024095
3,T18,xgb_inner_oof,0.05397841379270593,0.7647058823529411,0.6,0.3939393939393939
3,T18,xgb_inner_oof,0.05417926169230159,0.7647058823529411,0.6047619047619047,0.39634146341463417
3,T18,xgb_inner_oof,0.05437852870686488,0.7352941176470589,0.6071428571428571,0.3834355828220859
3,T18,xgb_inner_oof,0.05516879826963299,0.7352941176470589,0.611904761904762,0.38580246913580246
3,T18,xgb_inner_oof,0.055595938895144546,0.7352941176470589,0.6166666666666667,0.38819875776397517
3,T18,xgb_inner_oof,0.055679166691745614,0.7352941176470589,0.6190476190476191,0.3894080996884735
3,T18,xgb_inner_oof,0.056426809852940185,0.7352941176470589,0.6238095238095238,0.39184952978056425
3,T18,xgb_inner_oof,0.05716595455743079,0.7352941176470589,0.6285714285714286,0.3943217665615142
3,T18,xgb_inner_oof,0.05800359889209965,0.7352941176470589,0.6333333333333333,0.3968253968253968
3,T18,xgb_inner_oof,0.0584005204919628,0.7352941176470589,0.638095238095238,0.3993610223642173
3,T18,xgb_inner_oof,0.05854098907041284,0.7352941176470589,0.6404761904761904,0.40064102564102566
3,T18,xgb_inner_oof,0.0586286470558116,0.7352941176470589,0.6452380952380953,0.4032258064516129
3,T18,xgb_inner_oof,0.058873481682646105,0.7352941176470589,0.65,0.40584415584415584
3,T18,xgb_inner_oof,0.059246088676715575,0.7352941176470589,0.6547619047619048,0.4084967320261438
3,T18,xgb_inner_oof,0.05951763441470623,0.7352941176470589,0.6595238095238095,0.41118421052631576
3,T18,xgb_inner_oof,0.06019451817561411,0.7058823529411765,0.6619047619047619,0.3973509933774834
3,T18,xgb_inner_oof,0.0604862251369962,0.7058823529411765,0.6642857142857143,0.39867109634551495
3,T18,xgb_inner_oof,0.061271643943073974,0.7058823529411765,0.669047619047619,0.4013377926421405
3,T18,xgb_inner_oof,0.061641056414073594,0.6764705882352942,0.6714285714285714,0.3872053872053872
3,T18,xgb_inner_oof,0.06181975794741143,0.6764705882352942,0.6761904761904762,0.3898305084745763
3,T18,xgb_inner_oof,0.06292755033763157,0.6764705882352942,0.680952380952381,0.3924914675767918
3,T18,xgb_inner_oof,0.06361557327484582,0.6764705882352942,0.6857142857142857,0.3951890034364261
3,T18,xgb_inner_oof,0.06399030403016392,0.6764705882352942,0.6880952380952381,0.39655172413793105
3,T18,xgb_inner_oof,0.06504548412314731,0.6764705882352942,0.6928571428571428,0.3993055555555556
3,T18,xgb_inner_oof,0.06577955224206591,0.6764705882352942,0.6976190476190476,0.4020979020979021
3,T18,xgb_inner_oof,0.06733176826693427,0.6470588235294118,0.7,0.3873239436619718
3,T18,xgb_inner_oof,0.0675593784413922,0.6470588235294118,0.7047619047619048,0.3900709219858156
3,T18,xgb_inner_oof,0.06764589456438404,0.6470588235294118,0.7071428571428572,0.3914590747330961
3,T18,xgb_inner_oof,0.06823838906520421,0.6470588235294118,0.7119047619047619,0.3942652329749104
3,T18,xgb_inner_oof,0.06870220071123173,0.6470588235294118,0.7166666666666667,0.3971119133574007
3,T18,xgb_inner_oof,0.06940841457765967,0.6470588235294118,0.7214285714285714,0.4
3,T18,xgb_inner_oof,0.07044966604856315,0.6176470588235294,0.7238095238095238,0.38461538461538464
3,T18,xgb_inner_oof,0.07094105020202514,0.6176470588235294,0.7285714285714285,0.3874538745387454
3,T18,xgb_inner_oof,0.07126999333709844,0.6176470588235294,0.7309523809523809,0.3888888888888889
3,T18,xgb_inner_oof,0.07333348457466865,0.6176470588235294,0.7357142857142858,0.3917910447761194
3,T18,xgb_inner_oof,0.07452619852933048,0.6176470588235294,0.7404761904761905,0.39473684210526316
3,T18,xgb_inner_oof,0.07667576337356136,0.6176470588235294,0.7452380952380953,0.3977272727272727
3,T18,xgb_inner_oof,0.07685932402403539,0.6176470588235294,0.75,0.40076335877862596
3,T18,xgb_inner_oof,0.07713993472053873,0.6176470588235294,0.7547619047619047,0.40384615384615385
3,T18,xgb_inner_oof,0.07733802109917193,0.6176470588235294,0.7571428571428571,0.40540540540540543
3,T18,xgb_inner_oof,0.07801705536653405,0.6176470588235294,0.7619047619047619,0.4085603112840467
3,T18,xgb_inner_oof,0.07953788864791575,0.6176470588235294,0.7666666666666667,0.4117647058823529
3,T18,xgb_inner_oof,0.08203248475387251,0.6176470588235294,0.7714285714285715,0.4150197628458498
3,T18,xgb_inner_oof,0.08277029556019808,0.6176470588235294,0.7761904761904762,0.41832669322709165
3,T18,xgb_inner_oof,0.08368994570933938,0.6176470588235294,0.7785714285714286,0.42
3,T18,xgb_inner_oof,0.08501667151940218,0.6176470588235294,0.7833333333333333,0.42338709677419356
3,T18,xgb_inner_oof,0.08523511025453376,0.6176470588235294,0.7880952380952381,0.4268292682926829
3,T18,xgb_inner_oof,0.08561106477323599,0.5882352941176471,0.7904761904761904,0.4098360655737705
3,T18,xgb_inner_oof,0.08644907792155207,0.5588235294117647,0.7928571428571428,0.3925619834710744
3,T18,xgb_inner_oof,0.08670670393734647,0.5588235294117647,0.7976190476190477,0.3958333333333333
3,T18,xgb_inner_oof,0.0870070966288431,0.5588235294117647,0.8,0.39748953974895396
3,T18,xgb_inner_oof,0.09005457283721868,0.5588235294117647,0.8047619047619048,0.4008438818565401
3,T18,xgb_inner_oof,0.09091129593054173,0.5588235294117647,0.8095238095238095,0.40425531914893614
3,T18,xgb_inner_oof,0.09143781605366798,0.5588235294117647,0.8142857142857143,0.40772532188841204
3,T18,xgb_inner_oof,0.093237622111396,0.5294117647058824,0.8166666666666667,0.38961038961038963
3,T18,xgb_inner_oof,0.0948468538806258,0.5294117647058824,0.8214285714285714,0.3930131004366812
3,T18,xgb_inner_oof,0.09510011983175083,0.5,0.8214285714285714,0.37280701754385964
3,T18,xgb_inner_oof,0.09614397373565169,0.5,0.8261904761904761,0.37610619469026546
3,T18,xgb_inner_oof,0.09781217418908514,0.47058823529411764,0.8285714285714286,0.35714285714285715
3,T18,xgb_inner_oof,0.0988370093446167,0.4411764705882353,0.830952380952381,0.33783783783783783
3,T18,xgb_inner_oof,0.09941515915882343,0.4411764705882353,0.8357142857142857,0.3409090909090909
3,T18,xgb_inner_oof,0.10126098736209788,0.4411764705882353,0.8380952380952381,0.3424657534246575
3,T18,xgb_inner_oof,0.10295908154626396,0.4411764705882353,0.8428571428571429,0.3456221198156682
3,T18,xgb_inner_oof,0.10421300605384368,0.4411764705882353,0.8476190476190476,0.3488372093023256
3,T18,xgb_inner_oof,0.10672100225109399,0.4411764705882353,0.8523809523809524,0.352112676056338
3,T18,xgb_inner_oof,0.10757448650834212,0.4411764705882353,0.8571428571428571,0.35545023696682465
3,T18,xgb_inner_oof,0.10871189034729233,0.4411764705882353,0.861904761904762,0.3588516746411483
3,T18,xgb_inner_oof,0.10985216037386797,0.4411764705882353,0.8642857142857143,0.3605769230769231
3,T18,xgb_inner_oof,0.11184605469375472,0.4411764705882353,0.8690476190476191,0.3640776699029126
3,T18,xgb_inner_oof,0.11268922810879811,0.4411764705882353,0.8738095238095238,0.36764705882352944
3,T18,xgb_inner_oof,0.11453094807787792,0.4411764705882353,0.8785714285714286,0.3712871287128713
3,T18,xgb_inner_oof,0.11487367275737669,0.4411764705882353,0.8833333333333333,0.375
3,T18,xgb_inner_oof,0.11635486090425085,0.4411764705882353,0.888095238095238,0.3787878787878788
3,T18,xgb_inner_oof,0.1172396425646134,0.4411764705882353,0.8904761904761904,0.38071065989847713
3,T18,xgb_inner_oof,0.12284400537541335,0.4411764705882353,0.8952380952380953,0.38461538461538464
3,T18,xgb_inner_oof,0.13125469256071462,0.4411764705882353,0.9,0.38860103626943004
3,T18,xgb_inner_oof,0.13268582924723613,0.4117647058823529,0.9023809523809524,0.36649214659685864
3,T18,xgb_inner_oof,0.13526082844997295,0.38235294117647056,0.9047619047619048,0.3439153439153439
3,T18,xgb_inner_oof,0.13664391751818153,0.38235294117647056,0.9071428571428571,0.34574468085106386
3,T18,xgb_inner_oof,0.14131407313749184,0.35294117647058826,0.9095238095238095,0.3225806451612903
3,T18,xgb_inner_oof,0.1445998284444897,0.35294117647058826,0.9142857142857143,0.32608695652173914
3,T18,xgb_inner_oof,0.15227157640558786,0.35294117647058826,0.919047619047619,0.32967032967032966
3,T18,xgb_inner_oof,0.15702249471143115,0.35294117647058826,0.9238095238095239,0.3333333333333333
3,T18,xgb_inner_oof,0.16419689424464,0.35294117647058826,0.9285714285714286,0.33707865168539325
3,T18,xgb_inner_oof,0.1660899330816627,0.35294117647058826,0.930952380952381,0.3389830508474576
3,T18,xgb_inner_oof,0.17447733467888638,0.35294117647058826,0.9357142857142857,0.34285714285714286
3,T18,xgb_inner_oof,0.18191421081936054,0.35294117647058826,0.9404761904761905,0.3468208092485549
3,T18,xgb_inner_oof,0.19643790995416407,0.35294117647058826,0.9452380952380952,0.3508771929824561
3,T18,xgb_inner_oof,0.20234358319619095,0.3235294117647059,0.9476190476190476,0.3254437869822485
3,T18,xgb_inner_oof,0.21094148162337156,0.3235294117647059,0.9523809523809523,0.32934131736526945
3,T18,xgb_inner_oof,0.22030935949289823,0.3235294117647059,0.9547619047619048,0.3313253012048193
3,T18,xgb_inner_oof,0.22579559710476854,0.3235294117647059,0.9595238095238096,0.3353658536585366
3,T18,xgb_inner_oof,0.2428913077603186,0.3235294117647059,0.9642857142857143,0.3395061728395062
3,T18,xgb_inner_oof,0.2570149422741811,0.3235294117647059,0.969047619047619,0.34375
3,T18,xgb_inner_oof,0.269845952860837,0.3235294117647059,0.9738095238095238,0.34810126582278483
3,T18,xgb_inner_oof,0.2780791542839372,0.3235294117647059,0.9761904761904762,0.3503184713375796
3,T18,xgb_inner_oof,0.29902513674203746,0.29411764705882354,0.9785714285714285,0.3225806451612903
3,T18,xgb_inner_oof,0.32043571592700615,0.29411764705882354,0.9833333333333333,0.32679738562091504
3,T18,xgb_inner_oof,0.3397482919241911,0.2647058823529412,0.9857142857142858,0.2980132450331126
3,T18,xgb_inner_oof,0.3697973550126484,0.20588235294117646,0.9857142857142858,0.2348993288590604
3,T18,xgb_inner_oof,0.3732353928183092,0.17647058823529413,0.9880952380952381,0.20408163265306123
3,T18,xgb_inner_oof,0.3792806693836328,0.17647058823529413,0.9904761904761905,0.2054794520547945
3,T18,xgb_inner_oof,0.4199614815773922,0.14705882352941177,0.9928571428571429,0.1736111111111111
3,T18,xgb_inner_oof,0.5022005581604754,0.14705882352941177,0.9976190476190476,0.176056338028169
3,T18,xgb_inner_oof,0.5261918647790993,0.08823529411764706,0.9976190476190476,0.10714285714285714
3,T18,xgb_inner_oof,0.5349727948717533,0.058823529411764705,1.0,0.07246376811594203
3,T18,xgb_inner_oof,0.5504206096275229,0.0,1.0,0.0
3,T21,xgb_inner_oof,0.008534613701992785,1.0,0.0,0.10121457489878542
3,T21,xgb_inner_oof,0.00866108863060149,1.0,0.0022522522522522522,0.10141987829614604
3,T21,xgb_inner_oof,0.009216344822796988,1.0,0.006756756756756757,0.10183299389002037
3,T21,xgb_inner_oof,0.009700429066845012,1.0,0.01126126126126126,0.10224948875255624
3,T21,xgb_inner_oof,0.009883103211057108,1.0,0.015765765765765764,0.1026694045174538
3,T21,xgb_inner_oof,0.009955922990965073,1.0,0.02027027027027027,0.10309278350515463
3,T21,xgb_inner_oof,0.010333876250316721,1.0,0.02252252252252252,0.10330578512396695
3,T21,xgb_inner_oof,0.010759558286635301,1.0,0.02702702702702703,0.1037344398340249
3,T21,xgb_inner_oof,0.011042420302361747,1.0,0.03153153153153153,0.10416666666666667
3,T21,xgb_inner_oof,0.011156899815563288,1.0,0.036036036036036036,0.10460251046025104
3,T21,xgb_inner_oof,0.01124219340053784,1.0,0.04054054054054054,0.10504201680672269
3,T21,xgb_inner_oof,0.011335596145352973,1.0,0.04504504504504504,0.10548523206751055
3,T21,xgb_inner_oof,0.011388530418782766,1.0,0.0472972972972973,0.10570824524312897
3,T21,xgb_inner_oof,0.011443157931569569,1.0,0.0518018018018018,0.10615711252653928
3,T21,xgb_inner_oof,0.011519566302274069,1.0,0.05630630630630631,0.10660980810234541
3,T21,xgb_inner_oof,0.0116006782475407,1.0,0.060810810810810814,0.10706638115631692
3,T21,xgb_inner_oof,0.01165854990982334,1.0,0.06531531531531531,0.10752688172043011
3,T21,xgb_inner_oof,0.01170385321321566,1.0,0.06756756756756757,0.10775862068965517
3,T21,xgb_inner_oof,0.011795623965923561,1.0,0.07207207207207207,0.10822510822510822
3,T21,xgb_inner_oof,0.011973565604155655,1.0,0.07657657657657657,0.10869565217391304
3,T21,xgb_inner_oof,0.012086937916534549,1.0,0.08108108108108109,0.1091703056768559
3,T21,xgb_inner_oof,0.01233939013895377,1.0,0.08558558558558559,0.10964912280701754
3,T21,xgb_inner_oof,0.012507446858189008,1.0,0.09009009009009009,0.11013215859030837
3,T21,xgb_inner_oof,0.012556320675203635,1.0,0.09234234234234234,0.11037527593818984
3,T21,xgb_inner_oof,0.012589042723663107,1.0,0.09684684684684684,0.11086474501108648
3,T21,xgb_inner_oof,0.012627914304013343,1.0,0.10135135135135136,0.111358574610245
3,T21,xgb_inner_oof,0.012672631953099239,1.0,0.10585585585585586,0.11185682326621924
3,T21,xgb_inner_oof,0.01283753703374509,1.0,0.11036036036036036,0.11235955056179775
3,T21,xgb_inner_oof,0.013010342633215164,1.0,0.11486486486486487,0.11286681715575621
3,T21,xgb_inner_oof,0.013155824856919521,1.0,0.11711711711711711,0.11312217194570136
3,T21,xgb_inner_oof,0.0133053403443158,1.0,0.12162162162162163,0.11363636363636363
3,T21,xgb_inner_oof,0.01337565064753188,1.0,0.12612612612612611,0.1141552511415525
3,T21,xgb_inner_oof,0.013479877597433739,1.0,0.13063063063063063,0.11467889908256881
3,T21,xgb_inner_oof,0.013683852395153533,1.0,0.13513513513513514,0.1152073732718894
3,T21,xgb_inner_oof,0.013887236598259387,1.0,0.1373873873873874,0.11547344110854503
3,T21,xgb_inner_oof,0.014047266456459089,1.0,0.14189189189189189,0.11600928074245939
3,T21,xgb_inner_oof,0.014166561318629058,1.0,0.1463963963963964,0.11655011655011654
3,T21,xgb_inner_oof,0.014272917973918508,1.0,0.15090090090090091,0.117096018735363
3,T21,xgb_inner_oof,0.014352158124426844,1.0,0.1554054054054054,0.11764705882352941
3,T21,xgb_inner_oof,0.014388009558224338,1.0,0.15990990990990991,0.1182033096926714
3,T21,xgb_inner_oof,0.014439026600209137,1.0,0.16216216216216217,0.11848341232227488
3,T21,xgb_inner_oof,0.014502578189033936,1.0,0.16666666666666666,0.11904761904761904
3,T21,xgb_inner_oof,0.014530465356465343,1.0,0.17117117117117117,0.11961722488038277
3,T21,xgb_inner_oof,0.01460368662629681,0.9,0.17342342342342343,0.10817307692307693
3,T21,xgb_inner_oof,0.015047584926750644,0.9,0.17792792792792791,0.10869565217391304
3,T21,xgb_inner_oof,0.015127209740612844,0.9,0.18243243243243243,0.10922330097087378
3,T21,xgb_inner_oof,0.015145945789312162,0.9,0.18468468468468469,0.10948905109489052
3,T21,xgb_inner_oof,0.015256363522903285,0.9,0.1891891891891892,0.1100244498777506
3,T21,xgb_inner_oof,0.015299771869738939,0.9,0.19369369369369369,0.11056511056511056
3,T21,xgb_inner_oof,0.01545265057696886,0.9,0.1981981981981982,0.1111111111111111
3,T21,xgb_inner_oof,0.015545736102978009,0.9,0.20270270270270271,0.11166253101736973
3,T21,xgb_inner_oof,0.01563394240989053,0.9,0.20495495495495494,0.11194029850746269
3,T21,xgb_inner_oof,0.015750746508030204,0.9,0.20945945945945946,0.1125
3,T21,xgb_inner_oof,0.01587382274894546,0.9,0.21396396396396397,0.11306532663316583
3,T21,xgb_inner_oof,0.015987205654548736,0.9,0.21846846846846846,0.11363636363636363
3,T21,xgb_inner_oof,0.016111337225504754,0.9,0.22297297297297297,0.11421319796954314
3,T21,xgb_inner_oof,0.016248538219001872,0.9,0.22747747747747749,0.11479591836734694
3,T21,xgb_inner_oof,0.016275598912316093,0.9,0.22972972972972974,0.11508951406649616
3,T21,xgb_inner_oof,0.016332919232681577,0.9,0.23423423423423423,0.11568123393316196
3,T21,xgb_inner_oof,0.01638554660025094,0.9,0.23873873873873874,0.11627906976744186
3,T21,xgb_inner_oof,0.016434350719638904,0.9,0.24324324324324326,0.11688311688311688
3,T21,xgb_inner_oof,0.016516139460712218,0.9,0.24774774774774774,0.1174934725848564
3,T21,xgb_inner_oof,0.01667610757231282,0.9,0.25225225225225223,0.11811023622047244
3,T21,xgb_inner_oof,0.016718136708290324,0.9,0.2545045045045045,0.11842105263157894
3,T21,xgb_inner_oof,0.016783429193236308,0.9,0.25900900900900903,0.11904761904761904
3,T21,xgb_inner_oof,0.016868915260496015,0.9,0.2635135135135135,0.1196808510638298
3,T21,xgb_inner_oof,0.016995434469818348,0.9,0.268018018018018,0.12032085561497326
3,T21,xgb_inner_oof,0.017065983331995487,0.9,0.2725225225225225,0.12096774193548387
3,T21,xgb_inner_oof,0.01712193840275031,0.9,0.2747747747747748,0.12129380053908356
3,T21,xgb_inner_oof,0.017209301883539963,0.9,0.27927927927927926,0.12195121951219512
3,T21,xgb_inner_oof,0.017312039696938834,0.9,0.28378378378378377,0.1226158038147139
3,T21,xgb_inner_oof,0.017391462534110766,0.9,0.2882882882882883,0.1232876712328767
3,T21,xgb_inner_oof,0.017423352222488614,0.9,0.2927927927927928,0.12396694214876033
3,T21,xgb_inner_oof,0.01755097361310822,0.9,0.2972972972972973,0.12465373961218837
3,T21,xgb_inner_oof,0.017611712670575964,0.9,0.29954954954954954,0.125
3,T21,xgb_inner_oof,0.017772611229785566,0.9,0.30405405405405406,0.12569832402234637
3,T21,xgb_inner_oof,0.017852799610078768,0.9,0.30855855855855857,0.12640449438202248
3,T21,xgb_inner_oof,0.0178833111650153,0.9,0.3130630630630631,0.1271186440677966
3,T21,xgb_inner_oof,0.017956693823056872,0.9,0.31756756756756754,0.1278409090909091
3,T21,xgb_inner_oof,0.0179928432924596,0.9,0.32207207207207206,0.12857142857142856
3,T21,xgb_inner_oof,0.018003894439467164,0.9,0.32432432432432434,0.12893982808022922
3,T21,xgb_inner_oof,0.018093784630024614,0.9,0.32882882882882886,0.12968299711815562
3,T21,xgb_inner_oof,0.01813205734721713,0.9,0.3333333333333333,0.13043478260869565
3,T21,xgb_inner_oof,0.018286258303415917,0.9,0.33783783783783783,0.13119533527696792
3,T21,xgb_inner_oof,0.018380853159335415,0.9,0.34234234234234234,0.13196480938416422
3,T21,xgb_inner_oof,0.0184259653844183,0.9,0.34459459459459457,0.1323529411764706
3,T21,xgb_inner_oof,0.0184804885702948,0.9,0.3490990990990991,0.13313609467455623
3,T21,xgb_inner_oof,0.01853253044060739,0.9,0.3536036036036036,0.13392857142857142
3,T21,xgb_inner_oof,0.018577134148820517,0.9,0.3581081081081081,0.1347305389221557
3,T21,xgb_inner_oof,0.01862478591504548,0.8,0.36036036036036034,0.12048192771084337
3,T21,xgb_inner_oof,0.018755822801116907,0.8,0.36486486486486486,0.12121212121212122
3,T21,xgb_inner_oof,0.018933960524703163,0.8,0.36711711711711714,0.12158054711246201
3,T21,xgb_inner_oof,0.019225624360760668,0.8,0.3716216216216216,0.12232415902140673
3,T21,xgb_inner_oof,0.019307120190456682,0.8,0.3761261261261261,0.12307692307692308
3,T21,xgb_inner_oof,0.019314949703221347,0.8,0.38063063063063063,0.1238390092879257
3,T21,xgb_inner_oof,0.019380402464238056,0.8,0.38513513513513514,0.12461059190031153
3,T21,xgb_inner_oof,0.019429971363704418,0.8,0.38963963963963966,0.12539184952978055
3,T21,xgb_inner_oof,0.019489526831750644,0.8,0.3918918918918919,0.12578616352201258
3,T21,xgb_inner_oof,0.01954739845892301,0.7,0.39414414414414417,0.11075949367088607
3,T21,xgb_inner_oof,0.019563893882169347,0.7,0.39864864864864863,0.11146496815286625
3,T21,xgb_inner_oof,0.019650938284029355,0.7,0.40315315315315314,0.11217948717948718
3,T21,xgb_inner_oof,0.019973683914595954,0.7,0.40765765765765766,0.11290322580645161
3,T21,xgb_inner_oof,0.020138731511809706,0.7,0.4099099099099099,0.11326860841423948
3,T21,xgb_inner_oof,0.0201851106676095,0.7,0.4144144144144144,0.11400651465798045
3,T21,xgb_inner_oof,0.0201978421936744,0.7,0.4189189189189189,0.11475409836065574
3,T21,xgb_inner_oof,0.020263326800868793,0.7,0.42342342342342343,0.11551155115511551
3,T21,xgb_inner_oof,0.020317753303641453,0.7,0.42792792792792794,0.11627906976744186
3,T21,xgb_inner_oof,0.020352962347101527,0.7,0.43243243243243246,0.11705685618729098
3,T21,xgb_inner_oof,0.020367578513364702,0.7,0.4346846846846847,0.1174496644295302
3,T21,xgb_inner_oof,0.020398053075993773,0.7,0.4391891891891892,0.11824324324324324
3,T21,xgb_inner_oof,0.020477222680820875,0.7,0.4436936936936937,0.11904761904761904
3,T21,xgb_inner_oof,0.02051966251070876,0.7,0.44819819819819817,0.11986301369863013
3,T21,xgb_inner_oof,0.020655983382909783,0.7,0.4527027027027027,0.1206896551724138
3,T21,xgb_inner_oof,0.020747519539676178,0.7,0.4572072072072072,0.12152777777777778
3,T21,xgb_inner_oof,0.020786865201045317,0.7,0.4594594594594595,0.12195121951219512
3,T21,xgb_inner_oof,0.020953837585612076,0.7,0.46396396396396394,0.12280701754385964
3,T21,xgb_inner_oof,0.021115363432741112,0.7,0.46846846846846846,0.12367491166077739
3,T21,xgb_inner_oof,0.021251088670958714,0.7,0.47297297297297297,0.12455516014234876
3,T21,xgb_inner_oof,0.021392324442626197,0.7,0.4774774774774775,0.12544802867383512
3,T21,xgb_inner_oof,0.021472274005761387,0.7,0.4797297297297297,0.12589928057553956
3,T21,xgb_inner_oof,0.021572327956756426,0.7,0.48423423423423423,0.12681159420289856
3,T21,xgb_inner_oof,0.021580341022608383,0.7,0.48873873873873874,0.12773722627737227
3,T21,xgb_inner_oof,0.021596190563464485,0.7,0.49324324324324326,0.12867647058823528
3,T21,xgb_inner_oof,0.021621615517228722,0.7,0.49774774774774777,0.12962962962962962
3,T21,xgb_inner_oof,0.02164475931648395,0.7,0.5022522522522522,0.13059701492537312
3,T21,xgb_inner_oof,0.02165302990191735,0.7,0.5045045045045045,0.13108614232209737
3,T21,xgb_inner_oof,0.02168925315134104,0.7,0.509009009009009,0.1320754716981132
3,T21,xgb_inner_oof,0.021708562198220257,0.7,0.5135135135135135,0.13307984790874525
3,T21,xgb_inner_oof,0.021873103531374397,0.7,0.5180180180180181,0.13409961685823754
3,T21,xgb_inner_oof,0.021964330409903313,0.7,0.5225225225225225,0.13513513513513514
3,T21,xgb_inner_oof,0.022157207338665025,0.7,0.527027027027027,0.13618677042801555
3,T21,xgb_inner_oof,0.0221920734127559,0.7,0.5292792792792793,0.13671875
3,T21,xgb_inner_oof,0.02221266960278696,0.7,0.5337837837837838,0.1377952755905512
3,T21,xgb_inner_oof,0.02241106776539673,0.7,0.5382882882882883,0.1388888888888889
3,T21,xgb_inner_oof,0.02261601197090162,0.7,0.5427927927927928,0.14
3,T21,xgb_inner_oof,0.022830343015323284,0.7,0.5472972972972973,0.14112903225806453
3,T21,xgb_inner_oof,0.022849028410570512,0.7,0.5495495495495496,0.1417004048582996
3,T21,xgb_inner_oof,0.022899352322946313,0.7,0.5540540540540541,0.14285714285714285
3,T21,xgb_inner_oof,0.022937184552273844,0.7,0.5585585585585585,0.1440329218106996
3,T21,xgb_inner_oof,0.02298371074485934,0.7,0.5630630630630631,0.14522821576763487
3,T21,xgb_inner_oof,0.023060755941915378,0.7,0.5675675675675675,0.14644351464435146
3,T21,xgb_inner_oof,0.023104685865471673,0.7,0.5720720720720721,0.14767932489451477
3,T21,xgb_inner_oof,0.023158198173168124,0.7,0.5743243243243243,0.1483050847457627
3,T21,xgb_inner_oof,0.02328274408260449,0.7,0.5788288288288288,0.14957264957264957
3,T21,xgb_inner_oof,0.02331400291058292,0.7,0.5833333333333334,0.15086206896551724
3,T21,xgb_inner_oof,0.02333919533170163,0.7,0.5878378378378378,0.15217391304347827
3,T21,xgb_inner_oof,0.023525266951724993,0.7,0.5923423423423423,0.15350877192982457
3,T21,xgb_inner_oof,0.02367490959026264,0.7,0.5968468468468469,0.15486725663716813
3,T21,xgb_inner_oof,0.023683134939203484,0.7,0.5990990990990991,0.15555555555555556
3,T21,xgb_inner_oof,0.023744667202155054,0.6,0.6013513513513513,0.13452914798206278
3,T21,xgb_inner_oof,0.023769218218663964,0.6,0.6058558558558559,0.13574660633484162
3,T21,xgb_inner_oof,0.02379968410833954,0.6,0.6103603603603603,0.136986301369863
3,T21,xgb_inner_oof,0.023826409342845557,0.6,0.6148648648648649,0.1382488479262673
3,T21,xgb_inner_oof,0.02386561969565047,0.6,0.6171171171171171,0.1388888888888889
3,T21,xgb_inner_oof,0.02391383807647829,0.4,0.6171171171171171,0.09345794392523364
3,T21,xgb_inner_oof,0.023958769319402374,0.4,0.6216216216216216,0.09433962264150944
3,T21,xgb_inner_oof,0.024089372595199464,0.4,0.6261261261261262,0.09523809523809523
3,T21,xgb_inner_oof,0.024181310857156968,0.4,0.6306306306306306,0.09615384615384616
3,T21,xgb_inner_oof,0.02425129575684005,0.4,0.6351351351351351,0.0970873786407767
3,T21,xgb_inner_oof,0.02429268000990078,0.3,0.6351351351351351,0.07317073170731707
3,T21,xgb_inner_oof,0.024371377413394152,0.3,0.6396396396396397,0.07389162561576355
3,T21,xgb_inner_oof,0.02450620202358071,0.3,0.6441441441441441,0.07462686567164178
3,T21,xgb_inner_oof,0.024686155370432318,0.3,0.6486486486486487,0.07537688442211055
3,T21,xgb_inner_oof,0.024814292753031472,0.3,0.6531531531531531,0.07614213197969544
3,T21,xgb_inner_oof,0.02490422893696602,0.3,0.6576576576576577,0.07692307692307693
3,T21,xgb_inner_oof,0.0249648184848264,0.3,0.6599099099099099,0.07731958762886598
3,T21,xgb_inner_oof,0.02512279167976228,0.3,0.6644144144144144,0.078125
3,T21,xgb_inner_oof,0.025164173072295855,0.3,0.668918918918919,0.07894736842105263
3,T21,xgb_inner_oof,0.02519565393385617,0.3,0.6734234234234234,0.0797872340425532
3,T21,xgb_inner_oof,0.02526780459851036,0.3,0.6779279279279279,0.08064516129032258
3,T21,xgb_inner_oof,0.02543509872712717,0.3,0.6801801801801802,0.08108108108108109
3,T21,xgb_inner_oof,0.025646884199487904,0.3,0.6846846846846847,0.08196721311475409
3,T21,xgb_inner_oof,0.0257991516106696,0.3,0.6891891891891891,0.08287292817679558
3,T21,xgb_inner_oof,0.025987341571667624,0.3,0.6936936936936937,0.08379888268156424
3,T21,xgb_inner_oof,0.026145864047906406,0.3,0.6981981981981982,0.0847457627118644
3,T21,xgb_inner_oof,0.026178013452807597,0.3,0.7027027027027027,0.08571428571428572
3,T21,xgb_inner_oof,0.026243559897923034,0.3,0.704954954954955,0.08620689655172414
3,T21,xgb_inner_oof,0.0263022835153788,0.3,0.7094594594594594,0.0872093023255814
3,T21,xgb_inner_oof,0.026340361081918492,0.3,0.713963963963964,0.08823529411764706
3,T21,xgb_inner_oof,0.026374242766832166,0.3,0.7184684684684685,0.08928571428571429
3,T21,xgb_inner_oof,0.026446047368124594,0.3,0.722972972972973,0.09036144578313253
3,T21,xgb_inner_oof,0.026555406331893978,0.3,0.7274774774774775,0.09146341463414634
3,T21,xgb_inner_oof,0.02656498770301191,0.3,0.7297297297297297,0.09202453987730061
3,T21,xgb_inner_oof,0.02660416547295515,0.3,0.7342342342342343,0.09316770186335403
3,T21,xgb_inner_oof,0.02665207949026774,0.3,0.7387387387387387,0.09433962264150944
3,T21,xgb_inner_oof,0.026720178557970785,0.3,0.7432432432432432,0.09554140127388536
3,T21,xgb_inner_oof,0.026818841086630706,0.3,0.7477477477477478,0.0967741935483871
3,T21,xgb_inner_oof,0.026891677793566396,0.3,0.75,0.09740259740259741
3,T21,xgb_inner_oof,0.02716305611933785,0.3,0.7545045045045045,0.09868421052631579
3,T21,xgb_inner_oof,0.027218865422155035,0.3,0.759009009009009,0.1
3,T21,xgb_inner_oof,0.027308751691623404,0.3,0.7635135135135135,0.10135135135135136
3,T21,xgb_inner_oof,0.02743378982165788,0.3,0.7680180180180181,0.10273972602739725
3,T21,xgb_inner_oof,0.02754831445093615,0.3,0.7725225225225225,0.10416666666666667
3,T21,xgb_inner_oof,0.027606195753284993,0.3,0.7747747747747747,0.1048951048951049
3,T21,xgb_inner_oof,0.027708125773264758,0.3,0.7792792792792793,0.10638297872340426
3,T21,xgb_inner_oof,0.027779098950387444,0.3,0.7837837837837838,0.1079136690647482
3,T21,xgb_inner_oof,0.027833420155207095,0.3,0.7882882882882883,0.10948905109489052
3,T21,xgb_inner_oof,0.02789812491159123,0.3,0.7927927927927928,0.1111111111111111
3,T21,xgb_inner_oof,0.027965781772932213,0.3,0.7972972972972973,0.11278195488721804
3,T21,xgb_inner_oof,0.02799436760438382,0.3,0.7995495495495496,0.11363636363636363
3,T21,xgb_inner_oof,0.028090121029354494,0.3,0.8040540540540541,0.11538461538461539
3,T21,xgb_inner_oof,0.02820668267547883,0.3,0.8085585585585585,0.1171875
3,T21,xgb_inner_oof,0.028473085895240606,0.3,0.8130630630630631,0.11904761904761904
3,T21,xgb_inner_oof,0.028561806953637754,0.3,0.8175675675675675,0.12096774193548387
3,T21,xgb_inner_oof,0.028605987690518034,0.3,0.8198198198198198,0.12195121951219512
3,T21,xgb_inner_oof,0.02870021711502725,0.3,0.8243243243243243,0.12396694214876033
3,T21,xgb_inner_oof,0.028768499595754043,0.2,0.8265765765765766,0.08403361344537816
3,T21,xgb_inner_oof,0.028838518300383614,0.2,0.831081081081081,0.08547008547008547
3,T21,xgb_inner_oof,0.028873031410341442,0.2,0.8355855855855856,0.08695652173913043
3,T21,xgb_inner_oof,0.02902272004714681,0.2,0.8400900900900901,0.08849557522123894
3,T21,xgb_inner_oof,0.0290744990840116,0.2,0.8423423423423423,0.08928571428571429
3,T21,xgb_inner_oof,0.02929397126084049,0.2,0.8468468468468469,0.09090909090909091
3,T21,xgb_inner_oof,0.02942147387929151,0.2,0.8513513513513513,0.09259259259259259
3,T21,xgb_inner_oof,0.02979178469294452,0.2,0.8558558558558559,0.09433962264150944
3,T21,xgb_inner_oof,0.029870683220634277,0.2,0.8603603603603603,0.09615384615384616
3,T21,xgb_inner_oof,0.030057432828837705,0.2,0.8648648648648649,0.09803921568627451
3,T21,xgb_inner_oof,0.030155767028209338,0.2,0.8671171171171171,0.09900990099009901
3,T21,xgb_inner_oof,0.030397356251049314,0.2,0.8716216216216216,0.10101010101010101
3,T21,xgb_inner_oof,0.030616920893599627,0.2,0.8761261261261262,0.10309278350515463
3,T21,xgb_inner_oof,0.030963528583756374,0.1,0.8783783783783784,0.05263157894736842
3,T21,xgb_inner_oof,0.03137376563361451,0.1,0.8828828828828829,0.053763440860215055
3,T21,xgb_inner_oof,0.03159949762559184,0.1,0.8851351351351351,0.05434782608695652
3,T21,xgb_inner_oof,0.03185224906009776,0.1,0.8896396396396397,0.05555555555555555
3,T21,xgb_inner_oof,0.032031637857328196,0.1,0.8941441441441441,0.056818181818181816
3,T21,xgb_inner_oof,0.03217725510432653,0.1,0.8986486486486487,0.05813953488372093
3,T21,xgb_inner_oof,0.03233332370642397,0.1,0.9031531531531531,0.05952380952380952
3,T21,xgb_inner_oof,0.03249762152258709,0.0,0.9054054054054054,0.0
3,T21,xgb_inner_oof,0.03261465421166651,0.0,0.9076576576576577,0.0
3,T21,xgb_inner_oof,0.032774988637259965,0.0,0.9121621621621622,0.0
3,T21,xgb_inner_oof,0.03300983693908211,0.0,0.9166666666666666,0.0
3,T21,xgb_inner_oof,0.0331115480377907,0.0,0.9211711711711712,0.0
3,T21,xgb_inner_oof,0.03332904781238269,0.0,0.9256756756756757,0.0
3,T21,xgb_inner_oof,0.033605636007861074,0.0,0.9301801801801802,0.0
3,T21,xgb_inner_oof,0.03371908428575347,0.0,0.9324324324324325,0.0
3,T21,xgb_inner_oof,0.034029194793032694,0.0,0.9369369369369369,0.0
3,T21,xgb_inner_oof,0.034137920391137194,0.0,0.9414414414414415,0.0
3,T21,xgb_inner_oof,0.03430050394317319,0.0,0.9459459459459459,0.0
3,T21,xgb_inner_oof,0.03459108951154456,0.0,0.9504504504504504,0.0
3,T21,xgb_inner_oof,0.03489142738164504,0.0,0.9527027027027027,0.0
3,T21,xgb_inner_oof,0.0352338733737759,0.0,0.9572072072072072,0.0
3,T21,xgb_inner_oof,0.0354427843470119,0.0,0.9617117117117117,0.0
3,T21,xgb_inner_oof,0.03547263759765051,0.0,0.9662162162162162,0.0
3,T21,xgb_inner_oof,0.035540267931151615,0.0,0.9707207207207207,0.0
3,T21,xgb_inner_oof,0.03570530397369437,0.0,0.9752252252252253,0.0
3,T21,xgb_inner_oof,0.035829687561338336,0.0,0.9774774774774775,0.0
3,T21,xgb_inner_oof,0.036090855714233525,0.0,0.9819819819819819,0.0
3,T21,xgb_inner_oof,0.036465839808227624,0.0,0.9864864864864865,0.0
3,T21,xgb_inner_oof,0.03692006052996963,0.0,0.990990990990991,0.0
3,T21,xgb_inner_oof,0.038160165362988906,0.0,0.9954954954954955,0.0
3,T21,xgb_inner_oof,0.03875227032837401,0.0,1.0,0.0
3,any,xgb_inner_oof,0.013313228986267476,1.0,0.0,0.382262996941896
3,any,xgb_inner_oof,0.013714090646776823,1.0,0.0024752475247524753,0.38284839203675347
3,any,xgb_inner_oof,0.014349483209485175,1.0,0.007425742574257425,0.38402457757296465
3,any,xgb_inner_oof,0.01545022270716616,1.0,0.012376237623762377,0.3852080123266564
3,any,xgb_inner_oof,0.016668010525741572,1.0,0.017326732673267328,0.38639876352395675
3,any,xgb_inner_oof,0.01849024145046279,1.0,0.022277227722772276,0.3875968992248062
3,any,xgb_inner_oof,0.018805301429276125,1.0,0.024752475247524754,0.38819875776397517
3,any,xgb_inner_oof,0.019720784505864956,1.0,0.0297029702970297,0.3894080996884735
3,any,xgb_inner_oof,0.020310991118940483,1.0,0.034653465346534656,0.390625
3,any,xgb_inner_oof,0.02065185792615349,1.0,0.039603960396039604,0.39184952978056425
3,any,xgb_inner_oof,0.02109069801354806,1.0,0.04455445544554455,0.39308176100628933
3,any,xgb_inner_oof,0.02132775271615777,1.0,0.04950495049504951,0.3943217665615142
3,any,xgb_inner_oof,0.021691822796282824,1.0,0.05198019801980198,0.3949447077409163
3,any,xgb_inner_oof,0.022087661524380096,1.0,0.05693069306930693,0.39619651347068147
3,any,xgb_inner_oof,0.022379832573382746,1.0,0.06188118811881188,0.397456279809221
3,any,xgb_inner_oof,0.022632670188155908,0.98,0.06435643564356436,0.39074960127591707
3,any,xgb_inner_oof,0.023093356079456354,0.98,0.06930693069306931,0.392
3,any,xgb_inner_oof,0.02339021245795775,0.98,0.07178217821782178,0.3926282051282051
3,any,xgb_inner_oof,0.023846670917423124,0.98,0.07673267326732673,0.39389067524115756
3,any,xgb_inner_oof,0.02418795531789508,0.98,0.08168316831683169,0.3951612903225806
3,any,xgb_inner_oof,0.02463447880910952,0.98,0.08663366336633663,0.3964401294498382
3,any,xgb_inner_oof,0.025561834585729068,0.98,0.09158415841584158,0.3977272727272727
3,any,xgb_inner_oof,0.02624214234963229,0.98,0.09653465346534654,0.3990228013029316
3,any,xgb_inner_oof,0.026629108453794993,0.98,0.09900990099009901,0.399673735725938
3,any,xgb_inner_oof,0.026902830306394968,0.98,0.10396039603960396,0.40098199672667756
3,any,xgb_inner_oof,0.027538090479139184,0.98,0.10891089108910891,0.40229885057471265
3,any,xgb_inner_oof,0.02780404993047286,0.98,0.11386138613861387,0.40362438220757824
3,any,xgb_inner_oof,0.028077761135045946,0.98,0.1188118811881188,0.4049586776859504
3,any,xgb_inner_oof,0.028191046200352243,0.98,0.12376237623762376,0.40630182421227196
3,any,xgb_inner_oof,0.028318298972693938,0.98,0.12623762376237624,0.4069767441860465
3,any,xgb_inner_oof,0.029596734985663113,0.98,0.1311881188118812,0.4083333333333333
3,any,xgb_inner_oof,0.02970951471852482,0.96,0.13366336633663367,0.4013377926421405
3,any,xgb_inner_oof,0.029936600288181445,0.96,0.13861386138613863,0.40268456375838924
3,any,xgb_inner_oof,0.030332122343293612,0.96,0.14356435643564355,0.40404040404040403
3,any,xgb_inner_oof,0.030594751681291825,0.96,0.14603960396039603,0.40472175379426645
3,any,xgb_inner_oof,0.030751612228126703,0.96,0.15099009900990099,0.40609137055837563
3,any,xgb_inner_oof,0.03092591357495002,0.96,0.15594059405940594,0.4074702886247878
3,any,xgb_inner_oof,0.031230000519647347,0.96,0.1608910891089109,0.4088586030664395
3,any,xgb_inner_oof,0.031757814538074663,0.96,0.16584158415841585,0.41025641025641024
3,any,xgb_inner_oof,0.03212137055783074,0.96,0.1707920792079208,0.411663807890223
3,any,xgb_inner_oof,0.0322163426627607,0.96,0.17326732673267325,0.41237113402061853
3,any,xgb_inner_oof,0.03234276246891603,0.96,0.1782178217821782,0.41379310344827586
3,any,xgb_inner_oof,0.032597951221266075,0.96,0.18316831683168316,0.41522491349480967
3,any,xgb_inner_oof,0.033252856351131024,0.96,0.18811881188118812,0.4166666666666667
3,any,xgb_inner_oof,0.034236310402868744,0.96,0.19306930693069307,0.4181184668989547
3,any,xgb_inner_oof,0.034564775955444826,0.96,0.19801980198019803,0.4195804195804196
3,any,xgb_inner_oof,0.034673847398670646,0.96,0.2004950495049505,0.4203152364273205
3,any,xgb_inner_oof,0.034739008584883685,0.96,0.20544554455445543,0.421792618629174
3,any,xgb_inner_oof,0.03525961567311872,0.96,0.2103960396039604,0.42328042328042326
3,any,xgb_inner_oof,0.0354342255180531,0.96,0.21534653465346534,0.4247787610619469
3,any,xgb_inner_oof,0.035648017648062406,0.96,0.2202970297029703,0.42628774422735344
3,any,xgb_inner_oof,0.0358295639139895,0.96,0.22277227722772278,0.42704626334519574
3,any,xgb_inner_oof,0.036204008241494806,0.94,0.22524752475247525,0.41964285714285715
3,any,xgb_inner_oof,0.036612677720653894,0.94,0.2301980198019802,0.4211469534050179
3,any,xgb_inner_oof,0.03684103060359231,0.94,0.23514851485148514,0.4226618705035971
3,any,xgb_inner_oof,0.03750762517113472,0.94,0.2400990099009901,0.42418772563176893
3,any,xgb_inner_oof,0.03810821086935301,0.94,0.24504950495049505,0.4257246376811594
3,any,xgb_inner_oof,0.03816279906275806,0.94,0.24752475247524752,0.426497277676951
3,any,xgb_inner_oof,0.03857363766328048,0.94,0.2524752475247525,0.42805100182149364
3,any,xgb_inner_oof,0.0397078499378542,0.94,0.25742574257425743,0.4296160877513711
3,any,xgb_inner_oof,0.040349505007062095,0.94,0.2623762376237624,0.43119266055045874
3,any,xgb_inner_oof,0.04100771203247587,0.94,0.26732673267326734,0.43278084714548803
3,any,xgb_inner_oof,0.04158210585241654,0.94,0.2722772277227723,0.4343807763401109
3,any,xgb_inner_oof,0.042148177881910644,0.94,0.2747524752475248,0.4351851851851852
3,any,xgb_inner_oof,0.042680603011779485,0.94,0.27970297029702973,0.4368029739776952
3,any,xgb_inner_oof,0.04324252700613854,0.94,0.28465346534653463,0.43843283582089554
3,any,xgb_inner_oof,0.043969151817156216,0.92,0.2871287128712871,0.4307116104868914
3,any,xgb_inner_oof,0.0442094174492178,0.92,0.29207920792079206,0.4323308270676692
3,any,xgb_inner_oof,0.04421745350376215,0.92,0.29455445544554454,0.4331450094161959
3,any,xgb_inner_oof,0.04436809217043727,0.92,0.2995049504950495,0.43478260869565216
3,any,xgb_inner_oof,0.044727873846019006,0.92,0.30445544554455445,0.4364326375711575
3,any,xgb_inner_oof,0.04585528812555708,0.92,0.3094059405940594,0.4380952380952381
3,any,xgb_inner_oof,0.04613216546076951,0.92,0.31435643564356436,0.4397705544933078
3,any,xgb_inner_oof,0.046234425649236036,0.92,0.3193069306930693,0.44145873320537427
3,any,xgb_inner_oof,0.04651799857982211,0.92,0.3217821782178218,0.4423076923076923
3,any,xgb_inner_oof,0.0468820623404686,0.92,0.32673267326732675,0.444015444015444
3,any,xgb_inner_oof,0.047000502317027085,0.92,0.3316831683168317,0.44573643410852715
3,any,xgb_inner_oof,0.04720517681315668,0.92,0.33663366336633666,0.4474708171206226
3,any,xgb_inner_oof,0.04731253743207389,0.92,0.3415841584158416,0.44921875
3,any,xgb_inner_oof,0.047669124096035624,0.92,0.3465346534653465,0.45098039215686275
3,any,xgb_inner_oof,0.04774876036660322,0.9,0.3465346534653465,0.44204322200392926
3,any,xgb_inner_oof,0.04807454312213121,0.88,0.349009900990099,0.4339250493096647
3,any,xgb_inner_oof,0.0483561995619677,0.88,0.35396039603960394,0.43564356435643564
3,any,xgb_inner_oof,0.049171531582578434,0.88,0.3589108910891089,0.43737574552683894
3,any,xgb_inner_oof,0.04984586292340386,0.88,0.36386138613861385,0.43912175648702595
3,any,xgb_inner_oof,0.050420507271418835,0.88,0.36633663366336633,0.44
3,any,xgb_inner_oof,0.051406770187965474,0.88,0.3712871287128713,0.44176706827309237
3,any,xgb_inner_oof,0.05158474623109605,0.88,0.37623762376237624,0.4435483870967742
3,any,xgb_inner_oof,0.051698362256527124,0.88,0.3811881188118812,0.44534412955465585
3,any,xgb_inner_oof,0.05223553109714335,0.88,0.38613861386138615,0.44715447154471544
3,any,xgb_inner_oof,0.0530475761959302,0.88,0.3910891089108911,0.4489795918367347
3,any,xgb_inner_oof,0.0535756843897044,0.88,0.3935643564356436,0.4498977505112474
3,any,xgb_inner_oof,0.05369886677820581,0.88,0.39851485148514854,0.4517453798767967
3,any,xgb_inner_oof,0.054485482700970575,0.86,0.400990099009901,0.44329896907216493
3,any,xgb_inner_oof,0.05535961097625229,0.86,0.40594059405940597,0.4451345755693582
3,any,xgb_inner_oof,0.055704141795538606,0.84,0.4084158415841584,0.4365904365904366
3,any,xgb_inner_oof,0.05618673225602135,0.84,0.41336633663366334,0.4384133611691023
3,any,xgb_inner_oof,0.05674907910216684,0.84,0.4158415841584158,0.4393305439330544
3,any,xgb_inner_oof,0.05771779120287811,0.84,0.4207920792079208,0.4411764705882353
3,any,xgb_inner_oof,0.05831212939304431,0.84,0.42574257425742573,0.4430379746835443
3,any,xgb_inner_oof,0.05860378964680931,0.84,0.4306930693069307,0.4449152542372881
3,any,xgb_inner_oof,0.059227556719824756,0.84,0.43564356435643564,0.44680851063829785
3,any,xgb_inner_oof,0.05943627344626907,0.84,0.4381188118811881,0.44776119402985076
3,any,xgb_inner_oof,0.060980076308737224,0.84,0.4430693069306931,0.44967880085653106
3,any,xgb_inner_oof,0.06314346854745653,0.84,0.44801980198019803,0.45161290322580644
3,any,xgb_inner_oof,0.0635473367501957,0.84,0.452970297029703,0.4535637149028078
3,any,xgb_inner_oof,0.06387914101894519,0.84,0.45792079207920794,0.455531453362256
3,any,xgb_inner_oof,0.06454635043355142,0.82,0.4603960396039604,0.4466230936819172
3,any,xgb_inner_oof,0.06489425761188125,0.82,0.4628712871287129,0.44759825327510916
3,any,xgb_inner_oof,0.06579785180353842,0.8,0.46534653465346537,0.43859649122807015
3,any,xgb_inner_oof,0.06599133899051021,0.8,0.47029702970297027,0.44052863436123346
3,any,xgb_inner_oof,0.06613711027118394,0.8,0.4752475247524752,0.4424778761061947
3,any,xgb_inner_oof,0.06641191661994174,0.8,0.4801980198019802,0.4444444444444444
3,any,xgb_inner_oof,0.06661071356648782,0.8,0.48514851485148514,0.44642857142857145
3,any,xgb_inner_oof,0.06734899038881809,0.8,0.4876237623762376,0.44742729306487694
3,any,xgb_inner_oof,0.07024888776277818,0.8,0.49257425742574257,0.449438202247191
3,any,xgb_inner_oof,0.07079299143890477,0.8,0.4975247524752475,0.45146726862302483
3,any,xgb_inner_oof,0.0716164818816897,0.8,0.5024752475247525,0.45351473922902497
3,any,xgb_inner_oof,0.07255472266299759,0.8,0.5074257425742574,0.45558086560364464
3,any,xgb_inner_oof,0.0727442795001692,0.8,0.5099009900990099,0.45662100456621
3,any,xgb_inner_oof,0.07336321497417825,0.8,0.5148514851485149,0.45871559633027525
3,any,xgb_inner_oof,0.07402341584735511,0.8,0.5198019801980198,0.4608294930875576
3,any,xgb_inner_oof,0.07450429304010697,0.8,0.5247524752475248,0.46296296296296297
3,any,xgb_inner_oof,0.0751459541512895,0.8,0.5297029702970297,0.46511627906976744
3,any,xgb_inner_oof,0.07594398180639363,0.8,0.5346534653465347,0.4672897196261682
3,any,xgb_inner_oof,0.0761011826085105,0.8,0.5371287128712872,0.468384074941452
3,any,xgb_inner_oof,0.07639192410657634,0.8,0.5420792079207921,0.47058823529411764
3,any,xgb_inner_oof,0.07679980288708754,0.8,0.5470297029702971,0.4728132387706856
3,any,xgb_inner_oof,0.07702425651915136,0.8,0.551980198019802,0.4750593824228028
3,any,xgb_inner_oof,0.07732139710988667,0.8,0.556930693069307,0.477326968973747
3,any,xgb_inner_oof,0.07759298999129144,0.8,0.5618811881188119,0.47961630695443647
3,any,xgb_inner_oof,0.07801752791446123,0.8,0.5643564356435643,0.4807692307692308
3,any,xgb_inner_oof,0.07920599379440449,0.8,0.5693069306930693,0.4830917874396135
3,any,xgb_inner_oof,0.0797372618431074,0.78,0.5717821782178217,0.4733009708737864
3,any,xgb_inner_oof,0.08060316735020873,0.78,0.5767326732673267,0.47560975609756095
3,any,xgb_inner_oof,0.08152275538880574,0.76,0.5792079207920792,0.46568627450980393
3,any,xgb_inner_oof,0.08216042350048378,0.76,0.5816831683168316,0.4668304668304668
3,any,xgb_inner_oof,0.08229752029355533,0.76,0.5866336633663366,0.4691358024691358
3,any,xgb_inner_oof,0.08256814475849009,0.76,0.5915841584158416,0.47146401985111663
3,any,xgb_inner_oof,0.08422181244939402,0.76,0.5965346534653465,0.47381546134663344
3,any,xgb_inner_oof,0.0845377822539605,0.76,0.6014851485148515,0.47619047619047616
3,any,xgb_inner_oof,0.08579216857676372,0.76,0.6064356435643564,0.47858942065491183
3,any,xgb_inner_oof,0.0861210169230807,0.74,0.6064356435643564,0.4671717171717172
3,any,xgb_inner_oof,0.08700862052956043,0.74,0.6113861386138614,0.46954314720812185
3,any,xgb_inner_oof,0.08728333909471712,0.74,0.6163366336633663,0.4719387755102041
3,any,xgb_inner_oof,0.08763811393078508,0.74,0.6212871287128713,0.47435897435897434
3,any,xgb_inner_oof,0.08790849841842102,0.74,0.6262376237623762,0.47680412371134023
3,any,xgb_inner_oof,0.08984392547430241,0.74,0.6311881188118812,0.4792746113989637
3,any,xgb_inner_oof,0.09076160927276405,0.74,0.6336633663366337,0.4805194805194805
3,any,xgb_inner_oof,0.0920368455394685,0.72,0.6361386138613861,0.4699738903394256
3,any,xgb_inner_oof,0.09239901574185895,0.72,0.6410891089108911,0.47244094488188976
3,any,xgb_inner_oof,0.09431711131717618,0.72,0.6460396039603961,0.47493403693931396
3,any,xgb_inner_oof,0.09531222997692904,0.72,0.650990099009901,0.47745358090185674
3,any,xgb_inner_oof,0.09542138282144308,0.72,0.6534653465346535,0.4787234042553192
3,any,xgb_inner_oof,0.09825251924281259,0.7,0.655940594059406,0.4679144385026738
3,any,xgb_inner_oof,0.09958623975760286,0.7,0.6608910891089109,0.47043010752688175
3,any,xgb_inner_oof,0.10001114024380571,0.7,0.6658415841584159,0.47297297297297297
3,any,xgb_inner_oof,0.1015071938530506,0.68,0.6683168316831684,0.46195652173913043
3,any,xgb_inner_oof,0.10195928195139652,0.68,0.6732673267326733,0.4644808743169399
3,any,xgb_inner_oof,0.10225493412576431,0.68,0.6757425742574258,0.4657534246575342
3,any,xgb_inner_oof,0.10266889076540972,0.68,0.6806930693069307,0.46831955922865015
3,any,xgb_inner_oof,0.10504619749847077,0.66,0.6831683168316832,0.45706371191135736
3,any,xgb_inner_oof,0.10628092194724705,0.64,0.6856435643564357,0.4456824512534819
3,any,xgb_inner_oof,0.10743448516582552,0.64,0.6905940594059405,0.4481792717086835
3,any,xgb_inner_oof,0.10845213918676722,0.64,0.6955445544554455,0.4507042253521127
3,any,xgb_inner_oof,0.10875313152694037,0.64,0.698019801980198,0.4519774011299435
3,any,xgb_inner_oof,0.10906892986637061,0.64,0.7029702970297029,0.45454545454545453
3,any,xgb_inner_oof,0.10978012920781406,0.64,0.7079207920792079,0.45714285714285713
3,any,xgb_inner_oof,0.11029607773459069,0.64,0.7128712871287128,0.45977011494252873
3,any,xgb_inner_oof,0.11111468081810949,0.62,0.7153465346534653,0.4479768786127168
3,any,xgb_inner_oof,0.11144111302451021,0.62,0.7178217821782178,0.4492753623188406
3,any,xgb_inner_oof,0.11316744190417499,0.62,0.7227722772277227,0.4518950437317784
3,any,xgb_inner_oof,0.11428603884056747,0.62,0.7277227722772277,0.45454545454545453
3,any,xgb_inner_oof,0.11602316264813452,0.62,0.7326732673267327,0.45722713864306785
3,any,xgb_inner_oof,0.11705676493711442,0.6,0.7351485148514851,0.44510385756676557
3,any,xgb_inner_oof,0.11881500393429899,0.6,0.7400990099009901,0.44776119402985076
3,any,xgb_inner_oof,0.11978867029756371,0.6,0.7425742574257426,0.4491017964071856
3,any,xgb_inner_oof,0.1202243024415052,0.6,0.7475247524752475,0.45180722891566266
3,any,xgb_inner_oof,0.12074933701049018,0.6,0.7524752475247525,0.45454545454545453
3,any,xgb_inner_oof,0.12164234118452032,0.58,0.754950495049505,0.4420731707317073
3,any,xgb_inner_oof,0.12563708534019233,0.58,0.7599009900990099,0.4447852760736196
3,any,xgb_inner_oof,0.12813854681677256,0.56,0.7623762376237624,0.43209876543209874
3,any,xgb_inner_oof,0.12997616492356026,0.56,0.7648514851485149,0.43343653250773995
3,any,xgb_inner_oof,0.13419442343127486,0.56,0.7698019801980198,0.43613707165109034
3,any,xgb_inner_oof,0.13506395088655976,0.54,0.7722772277227723,0.4231974921630094
3,any,xgb_inner_oof,0.13581586697695874,0.54,0.7772277227722773,0.42586750788643535
3,any,xgb_inner_oof,0.13600365905701775,0.54,0.7821782178217822,0.42857142857142855
3,any,xgb_inner_oof,0.13832067845863283,0.52,0.7821782178217822,0.4140127388535032
3,any,xgb_inner_oof,0.1423977302570379,0.52,0.7871287128712872,0.4166666666666667
3,any,xgb_inner_oof,0.1437864785067442,0.52,0.7920792079207921,0.41935483870967744
3,any,xgb_inner_oof,0.14527798432382372,0.52,0.7970297029702971,0.42207792207792205
3,any,xgb_inner_oof,0.1489108365447015,0.52,0.801980198019802,0.42483660130718953
3,any,xgb_inner_oof,0.15515718177608667,0.52,0.806930693069307,0.4276315789473684
3,any,xgb_inner_oof,0.15728662862727993,0.52,0.8094059405940595,0.429042904290429
3,any,xgb_inner_oof,0.159077195894336,0.52,0.8143564356435643,0.4318936877076412
3,any,xgb_inner_oof,0.16422383155947798,0.5,0.8168316831683168,0.4180602006688963
3,any,xgb_inner_oof,0.16527162850356802,0.48,0.8193069306930693,0.40404040404040403
3,any,xgb_inner_oof,0.1661747568042506,0.48,0.8242574257425742,0.4067796610169492
3,any,xgb_inner_oof,0.16673565436606394,0.48,0.8292079207920792,0.40955631399317405
3,any,xgb_inner_oof,0.16812146688171603,0.48,0.8316831683168316,0.410958904109589
3,any,xgb_inner_oof,0.17009398041900103,0.46,0.8341584158415841,0.39655172413793105
3,any,xgb_inner_oof,0.1728509307433815,0.46,0.8391089108910891,0.3993055555555556
3,any,xgb_inner_oof,0.17551914973048038,0.46,0.844059405940594,0.4020979020979021
3,any,xgb_inner_oof,0.17642012949888783,0.46,0.849009900990099,0.40492957746478875
3,any,xgb_inner_oof,0.17661742655790408,0.46,0.8514851485148515,0.40636042402826855
3,any,xgb_inner_oof,0.17883783495591046,0.46,0.8564356435643564,0.4092526690391459
3,any,xgb_inner_oof,0.18076407611495543,0.46,0.8613861386138614,0.4121863799283154
3,any,xgb_inner_oof,0.18582352171366712,0.46,0.8663366336633663,0.4151624548736462
3,any,xgb_inner_oof,0.18896787306485036,0.46,0.8712871287128713,0.41818181818181815
3,any,xgb_inner_oof,0.19090146026185556,0.46,0.8762376237623762,0.42124542124542125
3,any,xgb_inner_oof,0.19153894500262322,0.46,0.8787128712871287,0.4227941176470588
3,any,xgb_inner_oof,0.19360892878099067,0.46,0.8836633663366337,0.42592592592592593
3,any,xgb_inner_oof,0.19544695892624678,0.46,0.8886138613861386,0.4291044776119403
3,any,xgb_inner_oof,0.19769013686058112,0.46,0.8935643564356436,0.4323308270676692
3,any,xgb_inner_oof,0.20135446175158228,0.44,0.8960396039603961,0.4166666666666667
3,any,xgb_inner_oof,0.2037521916274598,0.44,0.900990099009901,0.4198473282442748
3,any,xgb_inner_oof,0.2055341880420372,0.44,0.9034653465346535,0.421455938697318
3,any,xgb_inner_oof,0.21698731019906722,0.44,0.9084158415841584,0.4247104247104247
3,any,xgb_inner_oof,0.22011518351895432,0.42,0.9108910891089109,0.4085603112840467
3,any,xgb_inner_oof,0.22308349247793605,0.42,0.9158415841584159,0.4117647058823529
3,any,xgb_inner_oof,0.2254466756926755,0.4,0.9183168316831684,0.3952569169960474
3,any,xgb_inner_oof,0.22735836044763091,0.38,0.9183168316831684,0.376984126984127
3,any,xgb_inner_oof,0.23187034080124236,0.34,0.9183168316831684,0.34
3,any,xgb_inner_oof,0.23634748209467438,0.32,0.9207920792079208,0.3225806451612903
3,any,xgb_inner_oof,0.238897364749371,0.3,0.9232673267326733,0.3048780487804878
3,any,xgb_inner_oof,0.24320672170888188,0.28,0.9257425742574258,0.28688524590163933
3,any,xgb_inner_oof,0.24557373348213923,0.28,0.9306930693069307,0.2892561983471074
3,any,xgb_inner_oof,0.250745758708402,0.28,0.9331683168316832,0.29045643153526973
3,any,xgb_inner_oof,0.2559125443028982,0.28,0.9381188118811881,0.2928870292887029
3,any,xgb_inner_oof,0.26439483652878487,0.28,0.943069306930693,0.29535864978902954
3,any,xgb_inner_oof,0.2752959264776141,0.28,0.948019801980198,0.2978723404255319
3,any,xgb_inner_oof,0.27947404678570104,0.28,0.9529702970297029,0.30042918454935624
3,any,xgb_inner_oof,0.28845927573774865,0.28,0.9579207920792079,0.30303030303030304
3,any,xgb_inner_oof,0.2920152377252503,0.26,0.9579207920792079,0.2826086956521739
3,any,xgb_inner_oof,0.29760454986638185,0.24,0.9603960396039604,0.2631578947368421
3,any,xgb_inner_oof,0.30747049058680676,0.24,0.9653465346534653,0.26548672566371684
3,any,xgb_inner_oof,0.32182764317348117,0.22,0.9678217821782178,0.24553571428571427
3,any,xgb_inner_oof,0.3228664181343716,0.22,0.9727722772277227,0.24774774774774774
3,any,xgb_inner_oof,0.32344213550835205,0.2,0.9727722772277227,0.22624434389140272
3,any,xgb_inner_oof,0.3338470723800072,0.2,0.9777227722772277,0.228310502283105
3,any,xgb_inner_oof,0.3457754451039171,0.2,0.9826732673267327,0.2304147465437788
3,any,xgb_inner_oof,0.3765156845973467,0.2,0.9876237623762376,0.23255813953488372
3,any,xgb_inner_oof,0.4223076235902638,0.18,0.9900990099009901,0.2112676056338028
3,any,xgb_inner_oof,0.4493430586020591,0.18,0.995049504950495,0.2132701421800948
3,any,xgb_inner_oof,0.4567513444219044,0.16,0.995049504950495,0.19047619047619047
3,any,xgb_inner_oof,0.47077389297410943,0.14,0.9975247524752475,0.16826923076923078
3,any,xgb_inner_oof,0.49687882192454436,0.1,0.9975247524752475,0.12135922330097088
3,any,xgb_inner_oof,0.5234706213987635,0.06,0.9975247524752475,0.07352941176470588
3,any,xgb_inner_oof,0.5497445830093608,0.04,1.0,0.04950495049504951
3,any,xgb_inner_oof,0.6151229048287172,0.0,1.0,0.0
3,any,union_inner_oof,0.03510622432011278,1.0,0.0,0.382262996941896
3,any,union_inner_oof,0.037036356300997164,1.0,0.0024752475247524753,0.38284839203675347
3,any,union_inner_oof,0.04306461863330585,1.0,0.007425742574257425,0.38402457757296465
3,any,union_inner_oof,0.04521724055872939,1.0,0.012376237623762377,0.3852080123266564
3,any,union_inner_oof,0.0469609327378403,1.0,0.017326732673267328,0.38639876352395675
3,any,union_inner_oof,0.049144054113070934,1.0,0.022277227722772276,0.3875968992248062
3,any,union_inner_oof,0.049558518381894734,1.0,0.024752475247524754,0.38819875776397517
3,any,union_inner_oof,0.05029832869630768,1.0,0.0297029702970297,0.3894080996884735
3,any,union_inner_oof,0.05083673197508676,1.0,0.034653465346534656,0.390625
3,any,union_inner_oof,0.05191406391348613,1.0,0.039603960396039604,0.39184952978056425
3,any,union_inner_oof,0.052263564729675804,1.0,0.04455445544554455,0.39308176100628933
3,any,union_inner_oof,0.05251708070147959,1.0,0.04950495049504951,0.3943217665615142
3,any,union_inner_oof,0.05266779430513652,1.0,0.05198019801980198,0.3949447077409163
3,any,union_inner_oof,0.05292603174890298,1.0,0.05693069306930693,0.39619651347068147
3,any,union_inner_oof,0.0541100133764833,1.0,0.06188118811881188,0.397456279809221
3,any,union_inner_oof,0.05484434367045382,1.0,0.06683168316831684,0.39872408293460926
3,any,union_inner_oof,0.055085129312772374,1.0,0.07178217821782178,0.4
3,any,union_inner_oof,0.055295918371009056,1.0,0.07425742574257425,0.40064102564102566
3,any,union_inner_oof,0.055949095962465833,1.0,0.07920792079207921,0.40192926045016075
3,any,union_inner_oof,0.05623629645428574,1.0,0.08415841584158416,0.4032258064516129
3,any,union_inner_oof,0.056955990666531064,1.0,0.0891089108910891,0.4045307443365696
3,any,union_inner_oof,0.057421332990503504,1.0,0.09405940594059406,0.40584415584415584
3,any,union_inner_oof,0.05770745723524073,1.0,0.09900990099009901,0.40716612377850164
3,any,union_inner_oof,0.0578067948455373,1.0,0.10148514851485149,0.4078303425774878
3,any,union_inner_oof,0.058389665884594544,1.0,0.10643564356435643,0.40916530278232405
3,any,union_inner_oof,0.05869604480272317,1.0,0.11138613861386139,0.41050903119868637
3,any,union_inner_oof,0.05909227585712307,1.0,0.11633663366336634,0.41186161449752884
3,any,union_inner_oof,0.059438958385103824,1.0,0.12128712871287128,0.4132231404958678
3,any,union_inner_oof,0.05959166880162153,1.0,0.12623762376237624,0.41459369817578773
3,any,union_inner_oof,0.05973119931467913,1.0,0.12871287128712872,0.4152823920265781
3,any,union_inner_oof,0.06005571125213549,0.98,0.1311881188118812,0.4083333333333333
3,any,union_inner_oof,0.06054071732883032,0.98,0.13613861386138615,0.4096989966555184
3,any,union_inner_oof,0.06102530369524173,0.98,0.14108910891089108,0.4110738255033557
3,any,union_inner_oof,0.06179736348823173,0.98,0.14603960396039603,0.41245791245791247
3,any,union_inner_oof,0.06215904834686442,0.98,0.1485148514851485,0.4131534569983137
3,any,union_inner_oof,0.06274132859084824,0.98,0.15346534653465346,0.41455160744500846
3,any,union_inner_oof,0.06311673115742894,0.98,0.15841584158415842,0.4159592529711375
3,any,union_inner_oof,0.06339830859710455,0.98,0.16336633663366337,0.41737649063032367
3,any,union_inner_oof,0.06365324305463282,0.98,0.16831683168316833,0.4188034188034188
3,any,union_inner_oof,0.06404370981962398,0.98,0.17326732673267325,0.4202401372212693
3,any,union_inner_oof,0.06420228699564812,0.98,0.17574257425742573,0.4209621993127148
3,any,union_inner_oof,0.06434519164270175,0.98,0.1806930693069307,0.4224137931034483
3,any,union_inner_oof,0.0645216770291343,0.98,0.18564356435643564,0.42387543252595156
3,any,union_inner_oof,0.06468701351653883,0.98,0.1905940594059406,0.4253472222222222
3,any,union_inner_oof,0.06554366483082857,0.98,0.19554455445544555,0.4268292682926829
3,any,union_inner_oof,0.06636206159867508,0.98,0.2004950495049505,0.42832167832167833
3,any,union_inner_oof,0.06647905137158455,0.98,0.20297029702970298,0.4290718038528897
3,any,union_inner_oof,0.06677656531410558,0.98,0.2079207920792079,0.4305799648506151
3,any,union_inner_oof,0.06717591189847383,0.98,0.21287128712871287,0.43209876543209874
3,any,union_inner_oof,0.06780646746528463,0.98,0.21782178217821782,0.4336283185840708
3,any,union_inner_oof,0.06818914971384404,0.98,0.22277227722772278,0.4351687388987567
3,any,union_inner_oof,0.06839404738315308,0.98,0.22524752475247525,0.4359430604982206
3,any,union_inner_oof,0.06858312783932924,0.98,0.2301980198019802,0.4375
3,any,union_inner_oof,0.06889860663032876,0.98,0.23514851485148514,0.4390681003584229
3,any,union_inner_oof,0.06985749869975277,0.98,0.2400990099009901,0.44064748201438847
3,any,union_inner_oof,0.07037749764015666,0.98,0.24504950495049505,0.44223826714801445
3,any,union_inner_oof,0.0708939773386677,0.96,0.24752475247524752,0.43478260869565216
3,any,union_inner_oof,0.07100740271799139,0.96,0.25,0.4355716878402904
3,any,union_inner_oof,0.07148090085237968,0.96,0.25495049504950495,0.4371584699453552
3,any,union_inner_oof,0.07188273708943532,0.96,0.2599009900990099,0.43875685557586835
3,any,union_inner_oof,0.07234948166100735,0.96,0.26485148514851486,0.44036697247706424
3,any,union_inner_oof,0.07268791775166761,0.94,0.26732673267326734,0.43278084714548803
3,any,union_inner_oof,0.07312427641482078,0.94,0.2722772277227723,0.4343807763401109
3,any,union_inner_oof,0.07332381702999075,0.94,0.2747524752475248,0.4351851851851852
3,any,union_inner_oof,0.0735173494669214,0.94,0.27970297029702973,0.4368029739776952
3,any,union_inner_oof,0.0738798162579376,0.94,0.28465346534653463,0.43843283582089554
3,any,union_inner_oof,0.07411192606815037,0.94,0.2896039603960396,0.4400749063670412
3,any,union_inner_oof,0.0743709432699537,0.94,0.29455445544554454,0.4417293233082707
3,any,union_inner_oof,0.07475681296377029,0.94,0.297029702970297,0.4425612052730697
3,any,union_inner_oof,0.07516343082929633,0.94,0.30198019801980197,0.444234404536862
3,any,union_inner_oof,0.07549766746153863,0.94,0.3069306930693069,0.4459203036053131
3,any,union_inner_oof,0.07561934114731383,0.94,0.3118811881188119,0.44761904761904764
3,any,union_inner_oof,0.07589457649443404,0.94,0.31683168316831684,0.44933078393881454
3,any,union_inner_oof,0.0766851245976119,0.94,0.3217821782178218,0.4510556621880998
3,any,union_inner_oof,0.07696988772932029,0.94,0.32425742574257427,0.4519230769230769
3,any,union_inner_oof,0.07753648277894021,0.94,0.3292079207920792,0.45366795366795365
3,any,union_inner_oof,0.0781565566607062,0.94,0.3341584158415842,0.45542635658914726
3,any,union_inner_oof,0.07833350462436833,0.92,0.33663366336633666,0.4474708171206226
3,any,union_inner_oof,0.07857352448216748,0.9,0.33910891089108913,0.439453125
3,any,union_inner_oof,0.07871946167728183,0.9,0.34405940594059403,0.4411764705882353
3,any,union_inner_oof,0.07884955319574755,0.9,0.3465346534653465,0.44204322200392926
3,any,union_inner_oof,0.07912408303250129,0.9,0.35148514851485146,0.4437869822485207
3,any,union_inner_oof,0.07945591589523765,0.9,0.3564356435643564,0.44554455445544555
3,any,union_inner_oof,0.08006036643092629,0.9,0.3613861386138614,0.44731610337972166
3,any,union_inner_oof,0.0803598699580883,0.88,0.36386138613861385,0.43912175648702595
3,any,union_inner_oof,0.08044566949358756,0.88,0.36633663366336633,0.44
3,any,union_inner_oof,0.0808549148543698,0.88,0.3712871287128713,0.44176706827309237
3,any,union_inner_oof,0.08117746495473033,0.86,0.37376237623762376,0.4334677419354839
3,any,union_inner_oof,0.08148525755446828,0.86,0.3787128712871287,0.4352226720647773
3,any,union_inner_oof,0.08186518039908924,0.86,0.38366336633663367,0.4369918699186992
3,any,union_inner_oof,0.08233244110427296,0.86,0.3886138613861386,0.4387755102040816
3,any,union_inner_oof,0.08259817555437865,0.86,0.3910891089108911,0.4396728016359918
3,any,union_inner_oof,0.08317986755719892,0.86,0.39603960396039606,0.4414784394250513
3,any,union_inner_oof,0.08341128468674575,0.86,0.400990099009901,0.44329896907216493
3,any,union_inner_oof,0.08359952897526507,0.86,0.40594059405940597,0.4451345755693582
3,any,union_inner_oof,0.08397414593985914,0.86,0.41089108910891087,0.446985446985447
3,any,union_inner_oof,0.08453585685650472,0.86,0.4158415841584158,0.4488517745302714
3,any,union_inner_oof,0.08456857704839515,0.86,0.4183168316831683,0.4497907949790795
3,any,union_inner_oof,0.08482150444790643,0.86,0.42326732673267325,0.45168067226890757
3,any,union_inner_oof,0.08563404177573075,0.86,0.4282178217821782,0.45358649789029537
3,any,union_inner_oof,0.08599987952746618,0.86,0.43316831683168316,0.4555084745762712
3,any,union_inner_oof,0.08615791229585051,0.84,0.43564356435643564,0.44680851063829785
3,any,union_inner_oof,0.08633441401822445,0.84,0.4381188118811881,0.44776119402985076
3,any,union_inner_oof,0.08655075627850589,0.84,0.4430693069306931,0.44967880085653106
3,any,union_inner_oof,0.08682456012728529,0.84,0.44801980198019803,0.45161290322580644
3,any,union_inner_oof,0.08732147608365637,0.84,0.452970297029703,0.4535637149028078
3,any,union_inner_oof,0.08772869793566973,0.84,0.45792079207920794,0.455531453362256
3,any,union_inner_oof,0.0880548027622986,0.84,0.4628712871287129,0.45751633986928103
3,any,union_inner_oof,0.08811061742726689,0.84,0.46534653465346537,0.4585152838427948
3,any,union_inner_oof,0.08847897185893822,0.84,0.47029702970297027,0.4605263157894737
3,any,union_inner_oof,0.0886605808440194,0.84,0.4752475247524752,0.46255506607929514
3,any,union_inner_oof,0.08890255381168649,0.84,0.4801980198019802,0.4646017699115044
3,any,union_inner_oof,0.08925246712823803,0.84,0.48514851485148514,0.4666666666666667
3,any,union_inner_oof,0.08997515423703367,0.84,0.4900990099009901,0.46875
3,any,union_inner_oof,0.09015954424197042,0.84,0.49257425742574257,0.4697986577181208
3,any,union_inner_oof,0.09063175906197607,0.82,0.49504950495049505,0.4606741573033708
3,any,union_inner_oof,0.0913827499528162,0.82,0.5,0.46275395033860045
3,any,union_inner_oof,0.0930018717462327,0.82,0.504950495049505,0.46485260770975056
3,any,union_inner_oof,0.09351047121368206,0.82,0.5099009900990099,0.46697038724373574
3,any,union_inner_oof,0.09384096103885403,0.82,0.5123762376237624,0.4680365296803653
3,any,union_inner_oof,0.09451455908131784,0.82,0.5173267326732673,0.4701834862385321
3,any,union_inner_oof,0.09479920374099543,0.8,0.5198019801980198,0.4608294930875576
3,any,union_inner_oof,0.09535727745598277,0.8,0.5247524752475248,0.46296296296296297
3,any,union_inner_oof,0.09546327570282032,0.8,0.5297029702970297,0.46511627906976744
3,any,union_inner_oof,0.09596399954855284,0.8,0.5346534653465347,0.4672897196261682
3,any,union_inner_oof,0.09660394707464248,0.8,0.5371287128712872,0.468384074941452
3,any,union_inner_oof,0.09724603742632576,0.8,0.5420792079207921,0.47058823529411764
3,any,union_inner_oof,0.09772592977869338,0.8,0.5470297029702971,0.4728132387706856
3,any,union_inner_oof,0.09843027391037906,0.8,0.551980198019802,0.4750593824228028
3,any,union_inner_oof,0.09886331932505665,0.8,0.556930693069307,0.477326968973747
3,any,union_inner_oof,0.09914205002558568,0.8,0.5618811881188119,0.47961630695443647
3,any,union_inner_oof,0.09954203600792139,0.78,0.5618811881188119,0.46875
3,any,union_inner_oof,0.10033598693701962,0.76,0.5643564356435643,0.45893719806763283
3,any,union_inner_oof,0.10080390784160004,0.76,0.5693069306930693,0.46116504854368934
3,any,union_inner_oof,0.10114783278317341,0.76,0.5742574257425742,0.4634146341463415
3,any,union_inner_oof,0.10150773154338155,0.76,0.5792079207920792,0.46568627450980393
3,any,union_inner_oof,0.1015733303814979,0.76,0.5816831683168316,0.4668304668304668
3,any,union_inner_oof,0.10200523690081348,0.76,0.5866336633663366,0.4691358024691358
3,any,union_inner_oof,0.10264977704093603,0.76,0.5915841584158416,0.47146401985111663
3,any,union_inner_oof,0.10311815208936254,0.76,0.5965346534653465,0.47381546134663344
3,any,union_inner_oof,0.10330086939075661,0.76,0.6014851485148515,0.47619047619047616
3,any,union_inner_oof,0.10437788203621645,0.74,0.6039603960396039,0.4659949622166247
3,any,union_inner_oof,0.10449752501112824,0.74,0.6064356435643564,0.4671717171717172
3,any,union_inner_oof,0.10512544344933494,0.74,0.6113861386138614,0.46954314720812185
3,any,union_inner_oof,0.10579719410303895,0.74,0.6163366336633663,0.4719387755102041
3,any,union_inner_oof,0.10600227573010451,0.74,0.6212871287128713,0.47435897435897434
3,any,union_inner_oof,0.10626114451824159,0.74,0.6262376237623762,0.47680412371134023
3,any,union_inner_oof,0.10710040805184479,0.74,0.6311881188118812,0.4792746113989637
3,any,union_inner_oof,0.10727669194815154,0.74,0.6336633663366337,0.4805194805194805
3,any,union_inner_oof,0.10765204739475948,0.74,0.6386138613861386,0.4830287206266319
3,any,union_inner_oof,0.10807304646793342,0.74,0.6435643564356436,0.48556430446194226
3,any,union_inner_oof,0.10848722519475024,0.74,0.6485148514851485,0.48812664907651715
3,any,union_inner_oof,0.10901808317845829,0.74,0.6534653465346535,0.4907161803713528
3,any,union_inner_oof,0.10918867682768124,0.74,0.655940594059406,0.4920212765957447
3,any,union_inner_oof,0.1095981070049914,0.72,0.6584158415841584,0.48128342245989303
3,any,union_inner_oof,0.11081024286296698,0.72,0.6633663366336634,0.4838709677419355
3,any,union_inner_oof,0.1112148080064903,0.72,0.6683168316831684,0.4864864864864865
3,any,union_inner_oof,0.11372011065289356,0.72,0.6732673267326733,0.4891304347826087
3,any,union_inner_oof,0.11510997782298232,0.72,0.6782178217821783,0.4918032786885246
3,any,union_inner_oof,0.11549956620502733,0.72,0.6806930693069307,0.4931506849315068
3,any,union_inner_oof,0.11649464509745583,0.7,0.6831683168316832,0.4820936639118457
3,any,union_inner_oof,0.11719939425632692,0.68,0.6856435643564357,0.4709141274238227
3,any,union_inner_oof,0.11778376141969377,0.68,0.6905940594059405,0.4735376044568245
3,any,union_inner_oof,0.11992125873685866,0.68,0.6955445544554455,0.47619047619047616
3,any,union_inner_oof,0.1207348006201614,0.68,0.7004950495049505,0.4788732394366197
3,any,union_inner_oof,0.12153461706204954,0.68,0.7029702970297029,0.480225988700565
3,any,union_inner_oof,0.12258565992471138,0.68,0.7079207920792079,0.48295454545454547
3,any,union_inner_oof,0.12310038818737357,0.68,0.7128712871287128,0.4857142857142857
3,any,union_inner_oof,0.12373890987675323,0.68,0.7178217821782178,0.4885057471264368
3,any,union_inner_oof,0.12432103549540319,0.68,0.7227722772277227,0.4913294797687861
3,any,union_inner_oof,0.12500790825030417,0.68,0.7252475247524752,0.4927536231884058
3,any,union_inner_oof,0.12577891652518886,0.68,0.7301980198019802,0.4956268221574344
3,any,union_inner_oof,0.12635478703210484,0.68,0.7351485148514851,0.49853372434017595
3,any,union_inner_oof,0.1271149544109373,0.68,0.7400990099009901,0.5014749262536873
3,any,union_inner_oof,0.1273871478804981,0.66,0.7425742574257426,0.4896142433234421
3,any,union_inner_oof,0.12816964901569666,0.66,0.7475247524752475,0.4925373134328358
3,any,union_inner_oof,0.12869276305599398,0.66,0.75,0.4940119760479042
3,any,union_inner_oof,0.12950717718703308,0.64,0.7524752475247525,0.4819277108433735
3,any,union_inner_oof,0.13007848723325172,0.64,0.7574257425742574,0.48484848484848486
3,any,union_inner_oof,0.1310536104170647,0.64,0.7623762376237624,0.4878048780487805
3,any,union_inner_oof,0.13240479976689418,0.62,0.7648514851485149,0.4754601226993865
3,any,union_inner_oof,0.1326672527654258,0.62,0.7698019801980198,0.4783950617283951
3,any,union_inner_oof,0.13305800267026213,0.62,0.7722772277227723,0.47987616099071206
3,any,union_inner_oof,0.13395453448510802,0.62,0.7772277227722773,0.48286604361370716
3,any,union_inner_oof,0.13545057683402856,0.6,0.7797029702970297,0.4702194357366771
3,any,union_inner_oof,0.1386723182585946,0.6,0.7846534653465347,0.47318611987381703
3,any,union_inner_oof,0.14052119069998936,0.6,0.7896039603960396,0.47619047619047616
3,any,union_inner_oof,0.14151377693744377,0.6,0.7920792079207921,0.47770700636942676
3,any,union_inner_oof,0.1429033858689368,0.58,0.7945544554455446,0.46474358974358976
3,any,union_inner_oof,0.1444382642356703,0.58,0.7995049504950495,0.46774193548387094
3,any,union_inner_oof,0.145392740418672,0.58,0.8044554455445545,0.4707792207792208
3,any,union_inner_oof,0.146492168523424,0.58,0.8094059405940595,0.4738562091503268
3,any,union_inner_oof,0.1466208982553645,0.58,0.8143564356435643,0.4769736842105263
3,any,union_inner_oof,0.14678239321314968,0.58,0.8168316831683168,0.47854785478547857
3,any,union_inner_oof,0.14739647198689093,0.56,0.8193069306930693,0.46511627906976744
3,any,union_inner_oof,0.14918641919678438,0.56,0.8242574257425742,0.4682274247491639
3,any,union_inner_oof,0.15015583720810166,0.56,0.8292079207920792,0.4713804713804714
3,any,union_inner_oof,0.1515734779970957,0.54,0.8316831683168316,0.4576271186440678
3,any,union_inner_oof,0.1555687346803628,0.54,0.8366336633663366,0.46075085324232085
3,any,union_inner_oof,0.15818060650170152,0.52,0.8366336633663366,0.4452054794520548
3,any,union_inner_oof,0.15938835992380707,0.5,0.8391089108910891,0.43103448275862066
3,any,union_inner_oof,0.160450630239995,0.5,0.844059405940594,0.4340277777777778
3,any,union_inner_oof,0.165075189289989,0.5,0.849009900990099,0.4370629370629371
3,any,union_inner_oof,0.17025088902905033,0.5,0.8539603960396039,0.44014084507042256
3,any,union_inner_oof,0.1705290672899879,0.5,0.8564356435643564,0.4416961130742049
3,any,union_inner_oof,0.17114722470361582,0.5,0.8613861386138614,0.44483985765124556
3,any,union_inner_oof,0.17208670097249074,0.48,0.8638613861386139,0.43010752688172044
3,any,union_inner_oof,0.1736002740418966,0.48,0.8688118811881188,0.4332129963898917
3,any,union_inner_oof,0.1752731428965696,0.46,0.8712871287128713,0.41818181818181815
3,any,union_inner_oof,0.17712714715828592,0.44,0.8737623762376238,0.40293040293040294
3,any,union_inner_oof,0.17756719644456148,0.42,0.8737623762376238,0.3860294117647059
3,any,union_inner_oof,0.1796081244818742,0.42,0.8787128712871287,0.3888888888888889
3,any,union_inner_oof,0.182468688199372,0.42,0.8836633663366337,0.3917910447761194
3,any,union_inner_oof,0.1838925190458579,0.4,0.8861386138613861,0.37593984962406013
3,any,union_inner_oof,0.18705705931357075,0.4,0.8910891089108911,0.3787878787878788
3,any,union_inner_oof,0.18862447811352623,0.4,0.8960396039603961,0.3816793893129771
3,any,union_inner_oof,0.18981610638145008,0.4,0.8985148514851485,0.3831417624521073
3,any,union_inner_oof,0.1929460591440219,0.4,0.9034653465346535,0.3861003861003861
3,any,union_inner_oof,0.1976908967287716,0.4,0.9084158415841584,0.38910505836575876
3,any,union_inner_oof,0.20191910197660334,0.4,0.9133663366336634,0.39215686274509803
3,any,union_inner_oof,0.20390848212999912,0.38,0.9158415841584159,0.37549407114624506
3,any,union_inner_oof,0.20645682290224754,0.38,0.9183168316831684,0.376984126984127
3,any,union_inner_oof,0.20992078855681684,0.36,0.9207920792079208,0.36
3,any,union_inner_oof,0.2137342998858388,0.36,0.9257425742574258,0.3629032258064516
3,any,union_inner_oof,0.21839803868236707,0.36,0.9306930693069307,0.36585365853658536
3,any,union_inner_oof,0.22297627042948304,0.34,0.9331683168316832,0.3483606557377049
3,any,union_inner_oof,0.2364329936208422,0.34,0.9381188118811881,0.3512396694214876
3,any,union_inner_oof,0.24025521261492727,0.34,0.9405940594059405,0.35269709543568467
3,any,union_inner_oof,0.24522758547761125,0.34,0.9455445544554455,0.35564853556485354
3,any,union_inner_oof,0.26204786062221197,0.32,0.948019801980198,0.33755274261603374
3,any,union_inner_oof,0.2721461378097849,0.3,0.9504950495049505,0.3191489361702128
3,any,union_inner_oof,0.27814510293049804,0.3,0.9554455445544554,0.3218884120171674
3,any,union_inner_oof,0.28759542013838,0.3,0.9603960396039604,0.3246753246753247
3,any,union_inner_oof,0.2973673539242342,0.3,0.9628712871287128,0.32608695652173914
3,any,union_inner_oof,0.31389239374568295,0.3,0.9678217821782178,0.32894736842105265
3,any,union_inner_oof,0.3302833389564591,0.28,0.9702970297029703,0.30973451327433627
3,any,union_inner_oof,0.33746066186075807,0.26,0.9727722772277227,0.29017857142857145
3,any,union_inner_oof,0.3437086133538632,0.26,0.9777227722772277,0.2927927927927928
3,any,union_inner_oof,0.34980756366772303,0.24,0.9777227722772277,0.27149321266968324
3,any,union_inner_oof,0.36586128515762584,0.22,0.9801980198019802,0.2511415525114155
3,any,union_inner_oof,0.3758950181281433,0.22,0.9851485148514851,0.2534562211981567
3,any,union_inner_oof,0.40177563717143133,0.2,0.9876237623762376,0.23255813953488372
3,any,union_inner_oof,0.424951163829329,0.18,0.9900990099009901,0.2112676056338028
3,any,union_inner_oof,0.4409358834745892,0.16,0.9925742574257426,0.1895734597156398
3,any,union_inner_oof,0.4773168751130928,0.16,0.995049504950495,0.19047619047619047
3,any,union_inner_oof,0.5261571682210057,0.12,0.995049504950495,0.14423076923076922
3,any,union_inner_oof,0.5456946770858235,0.1,0.9975247524752475,0.12135922330097088
3,any,union_inner_oof,0.5596850543466722,0.08,1.0,0.09803921568627451
3,any,union_inner_oof,0.5992148123281313,0.04,1.0,0.04950495049504951
3,any,union_inner_oof,0.6906932438349273,0.0,1.0,0.0
