重复,多因素减仅BMI_区间负对数评分
1,0.012511616445485086
2,-0.020358642264987546
3,0.015902978609186158
4,0.0005323971647687643
5,0.02315775115442669
6,0.0034242633466757075
7,-0.001049913551044686
8,0.00019111165181968722
9,0.022389550446132188
10,-0.016954563377298164
11,0.006815606082240858
12,0.01622231945833225
13,-0.002957807662082104
14,0.0029548510733566563
15,-0.012653648983828918
16,-0.008217375628058547
17,-0.006802419723341986
18,-0.004965997998062049
19,-0.005079718633780399
20,-0.01639326571873128
21,0.032432812791333164
22,-0.01700506067852534
23,-0.0020716567466420497
24,0.003227838089308843
25,0.00728450661977163
26,-0.0014903456255524442
27,-0.005441297001843301
28,0.01184295071985392
29,-0.030654413553470455
30,0.0014985508964459843
31,0.004616341194845075
32,0.015291416683801034
33,0.0037743328199350253
34,0.004631384756268316
35,-0.019110639065348163
36,-0.001137014774729776
37,0.002586734393651061
38,0.007335715072305678
39,0.021422614289603355
40,0.0026863395062497546
41,0.01484805126278452
42,-0.009633301127286656
43,0.017070661489439275
44,0.011509805335883763
45,0.015385772949519365
46,0.0011249319773481764
47,0.00881217580049316
48,0.013616993557910509
49,-0.012434988953674276
50,0.00780499581049681
51,0.024209350256534423
52,-0.021410243556659513
53,-0.009873609163199437
54,0.0058755730573812
55,0.029163449069520116
56,0.0014000583241612992
57,0.00853871757350446
58,0.008129980325126187
59,0.012621084056182664
60,-0.004994998682898574
61,0.011664561675718324
62,0.006421071800770302
63,0.012430986527562686
64,0.013511854833180499
65,0.012175969455100298
66,0.0036752841232155454
67,0.006446246716977396
68,0.0096296242606488
69,-0.012728997079974763
70,-0.013755789551826535
71,-0.00987381142053747
72,-0.013682967887191174
73,-0.00024284505097403196
74,0.004606076846067217
75,-0.014461721198778713
76,0.016025412835930442
77,-0.0002298534002484507
78,-0.016122508641725177
79,0.016602992370296187
80,-0.0006242706000193129
81,3.6404747156333967e-05
82,0.0008886947388225706
83,0.013518651365865234
84,0.011018196330716445
85,-0.005569196353064123
86,0.0010116205209046187
87,-0.003139228298300773
88,-0.0005574750690979425
89,0.01768125623830962
90,0.00806190777224469
91,0.03554746218488413
92,0.01129539018036045
93,0.002850094174060742
94,-0.018339809883111933
95,0.017913417996715232
96,-0.0013366049072137123
97,-0.017099962101522065
98,0.012007714303615299
99,-0.0043960980546050386
100,-0.005799435344330467
101,0.010643537836492
102,0.023345778272460444
103,0.00925420611252636
104,0.007462149114179031
105,-0.0013820623021733864
106,-0.0036546515107195305
107,0.026398684834689067
108,0.00028832539580869526
109,-0.002675210896633163
110,-0.019463948213268897
111,0.015392746024047327
112,-0.016903884013406388
113,0.003255393415793863
114,0.010083600025626301
115,0.0014497484196857556
116,-1.945688852757932e-05
117,-0.0021871578551969735
118,0.008937184797283405
119,-0.004139910382904304
120,-0.017427057637425393
121,0.001955521940340213
122,0.019181655199801695
123,0.006513293421666371
124,-0.006415374169111261
125,-0.004032634348036507
126,0.007709575272219605
127,-0.00441343984075204
128,-0.006775349221266263
129,-0.005688304748910096
130,0.016066430387324256
131,0.00750242472473933
132,0.00044485805950390215
133,-0.00866938178677613
134,0.009898956983419806
135,-0.009463038662589324
136,0.019792755377223203
137,-0.0021991388769779015
138,-0.0007296595788771408
139,-0.002947714829408517
140,-0.0019277368722677218
141,-0.004981863434410747
142,0.007559719029578545
143,0.0034015539395701455
144,0.00530373716064257
145,-0.007345929041584469
146,0.0054387319674686525
147,-0.004073041261218208
148,-0.008026671749629283
149,-0.002707140668289908
150,0.01007557349494119
151,0.007855617876840632
152,-0.006535961907296395
153,-0.012210580694438072
154,-0.004517589216912562
155,0.007030159989265902
156,-0.004658669505803361
157,-0.00033868501311554383
158,-0.005344129614146948
159,0.017724610349616865
160,0.014309518116982087
161,-0.009126488850684381
162,0.0009799029183517299
163,-0.0006239008664095737
164,-0.008341124529351068
165,-0.005401187739117361
166,-0.004425966253581194
167,-0.008623663401861457
168,0.0003795868841002531
169,0.024899808913238567
170,0.02184123686967552
171,-0.007295382485496738
172,0.0038576263161858933
173,-0.010937727932058295
174,0.018523755981245643
175,-0.009584191611741821
176,0.00865373083632171
177,-0.002864567845625248
178,-0.010745051388406207
179,-0.007371161552561311
180,-3.7138951781590515e-05
181,0.023832672106001835
182,-0.016827248967437966
183,0.0062466572926327575
184,-0.003730234467404844
185,-0.010769037474378882
186,-0.0012424636277733527
187,-0.01677733877598763
188,0.008884850623531799
189,0.00013799199103785127
190,0.008984365985994686
191,-0.002299201469526399
192,0.02446451906963911
193,0.018677288397463517
194,0.0030733321485922455
195,0.010382349601534762
196,-0.011844701766666972
197,-0.0018240128510026187
198,0.0047695771319235785
199,-0.005809395475468519
200,-0.0032512361620737505
201,-0.011805752767077378
202,-0.0024941506985684033
203,-0.0013846521273732032
204,0.007189228454117413
205,0.002909566619862142
206,-0.0014053131147888792
207,-0.004948579659034337
208,0.00826328979203507
209,-0.0009675230902291682
210,-0.0030196800796403523
211,0.007280474686930623
212,0.005400921061514886
213,0.00046479890959658836
214,0.012551296639832489
215,0.026011110309925055
216,0.003885894408783607
217,0.0007479470444865251
218,0.012959122865807686
219,-0.006259821363625616
220,-0.002212953316234546
221,0.011804192026341757
222,0.013038770686834853
223,-0.0159285800511516
224,0.010484775862299804
225,-0.006527379492336803
226,0.017269801431355775
227,0.011052945516274228
228,-0.005636665150317722
229,0.012328112913491703
230,0.019030806371361147
231,-0.012527346319133532
232,0.006841279925569998
233,0.009585649156401288
234,0.024134432466913585
235,0.004944520523201404
236,0.01613895303267508
237,0.017119380285079578
238,0.005283610575406901
239,0.011954653050539443
240,0.037359298478998715
241,-0.004379058397347267
242,-0.004970076237845049
243,-0.008838382517490495
244,-0.01013876602853094
245,0.0019046415184092776
246,-0.00520765845385678
247,-0.023047461275476962
248,-0.01025566472078066
249,0.0036692494342547813
250,0.01380253110895041
251,0.02171925419399682
252,-0.013634642921449919
253,-0.002406907866454165
254,-0.0051717390665929315
255,-0.007150248260175242
256,0.0042121761120082184
257,0.019541023808065498
258,-0.001997176974495725
259,-0.011786367510876429
260,-0.011423659905109544
261,0.006250335835195352
262,0.003823736384025228
263,0.009518290598493332
264,0.007819841279907263
265,-0.002077351396330945
266,0.014079385180186572
267,0.011372735684303744
268,-0.013410547143825488
269,0.009679745310084463
270,0.015526603771633589
271,-0.015821681799702596
272,0.0038953662581370143
273,-0.010433912704702153
274,0.005366491011254837
275,0.0021956601092456888
276,-0.001420506436453022
277,0.02968126514519173
278,-0.008957795411515125
279,-0.018642252337248304
280,-0.003163961544781495
281,0.0028639108910662042
282,0.016361525754506147
283,-0.004758493880916632
284,0.01686766301928941
285,-0.007087190083917137
286,-0.0026590000261771545
287,0.0015628533434074166
288,0.004120261572178154
289,-0.0018526901412806703
290,-0.009675434428986027
291,0.0027907893059636022
292,0.013343082820463356
293,0.0023215777591998944
294,0.0011901558108172179
295,-0.0024446050982978654
296,-0.011964938406397129
297,-0.0018052822476358633
298,0.0160576999496157
299,0.0007822896640542788
300,0.04635449218268102
301,-0.006977905034806802
302,0.015742009452497083
303,-0.005603841862600208
304,-0.017428830147090887
305,0.006516271935230079
306,-0.005044166725161914
307,0.010834604229923661
308,-0.0076657983392037984
309,0.017734211661738563
310,0.032981671071192334
311,0.00569382684552561
312,0.006088654736476099
313,0.008355250377271053
314,-0.0004302058443884453
315,-0.005675977243508343
316,-3.108307492605724e-05
317,-0.0007200812165728002
318,-0.009921648994584467
319,-0.01926711306261122
320,-0.000682499404732656
321,0.0026577874660085187
322,-0.007053659510765408
323,0.03190982418668761
324,0.006174014773459574
325,0.0011462241279633363
326,0.013107933126963461
327,0.014180930400638945
328,-0.012993382049973107
329,-0.005962425098045682
330,-0.0008357585972067716
331,0.0020763857443867914
332,0.013806805509225367
333,-0.00047556501098068273
334,-0.009506410962777592
335,-0.003976771151384721
336,0.014984538933690766
337,-0.007100358020522974
338,-0.014460520618588928
339,0.01831511944612818
340,-0.005126608036974609
341,-0.01636699244403999
342,-0.017842138998508415
343,0.022429689230118677
344,0.008977612399930467
345,0.013079223297903128
346,0.004987152742705937
347,0.009495478080973943
348,-0.013679679785669651
349,-0.0006521279296098794
350,0.0014568696652468764
351,-0.010219288042201543
352,0.0019207455933609888
353,0.010889077187999242
354,-0.0026629401841162977
355,-0.004678128800656446
356,-0.008213043563807587
357,0.0025187839718436304
358,-0.016460952667709982
359,-0.005045300503874669
360,0.0004696067507862335
361,-0.006807145301061446
362,0.0009072007889771606
363,-0.010949551606754761
364,0.008353031315841601
365,-0.0038988735920136197
366,-0.004887694120402746
367,-0.0023650302146613613
368,0.024380322499298595
369,0.0479972157841706
370,0.0051989326692824895
371,0.017341651570087845
372,0.0014148906264842848
373,0.003581742314308183
374,-0.0008107189443299343
375,-0.002960891344648427
376,-0.012655107026057183
377,0.005826040541197975
378,0.0180077083689912
379,0.0017534657213246225
380,0.01799855092415191
381,-0.016788938129011704
382,0.03018829437097535
383,0.004495084443128429
384,0.011644563796015858
385,0.018266490537740952
386,-0.005634746372538119
387,0.02145857972736959
388,0.0018444312133466896
389,-0.0005650189841763274
390,4.002168297467094e-05
391,-0.010925853340945705
392,-0.029851663004939678
393,0.03017338599756869
394,0.02879752044614122
395,-0.001086672551924091
396,-0.009832093981158184
397,-0.0022100497984549957
398,0.006502404461618059
399,0.007127318030140981
400,0.00952173299831245
401,0.006874778906202077
402,0.018456605224488134
403,-0.01459845198292086
404,0.010954857718706081
405,-0.019476657204937745
406,-0.017499945266472212
407,0.023442676153111897
408,-0.0055174083474986875
409,-0.013341447507784125
410,0.007638343588940803
411,-0.0006399108558635728
412,0.01962732372950143
413,0.038561720004727476
414,-0.012025805957409605
415,-0.013567247860581298
416,-0.01077623923611184
417,0.0066392557912456135
418,-0.008667296170818151
419,0.01827943738281545
420,0.0035381292840564295
421,-0.002317269832385111
422,0.01138993043318949
423,0.014329417736069156
424,0.007196954657873734
425,-0.019065408617764238
426,0.02269940718199728
427,-0.0035245696737051745
428,-0.003894701429452131
429,0.009960390616434915
430,0.009290881601383586
431,0.010423332170942738
432,-0.014834907048831834
433,0.0005822966361794078
434,0.017006456176807298
435,-0.010385934426497614
436,0.003521854423362454
437,0.004101773437422485
438,0.011632129567215209
439,0.023037753887797236
440,-0.007136607055687389
441,0.0028816778049536762
442,0.012789896773303938
443,0.007763453786889743
444,-0.0033572826800907004
445,0.013318811991587375
446,-0.007311140382852935
447,0.00512404010628706
448,0.0036896159031304626
449,0.012884500958510391
450,0.010017533134222796
451,-0.007581749004399332
452,-0.0005555057807101969
453,-0.005083728657042418
454,-0.001950148810458219
455,0.007568741432196037
456,0.0018761749164238582
457,0.007988512718847039
458,0.007771546166856542
459,0.01700707547437678
460,0.0016489293576598559
461,0.01309399587236345
462,0.00797742940154752
463,0.010020084346345725
464,-0.02249689695177767
465,-0.007990872189731903
466,0.002058132489547327
467,0.02505534219044899
468,-0.006582554017558675
469,0.03417548647099157
470,0.004985275808622556
471,-0.011470025275855179
472,0.004244224305304226
473,-0.0017345983056377171
474,-0.006707384610891883
475,-0.006614503753431231
476,0.01761191988750267
477,0.013760931222765541
478,-0.011888304233654189
479,0.007496475163524267
480,0.012038396176780163
481,-0.0032406675818145527
482,0.01822295814633004
483,0.002560644650142121
484,0.0033001336187501186
485,-0.00723606195276922
486,0.003995327124397243
487,-0.0022081251720121446
488,-0.00013510728396290905
489,-0.004363005909734768
490,0.00789062739031377
491,-0.00795567644168908
492,0.0013835802020860904
493,-0.02049402848152001
494,0.005680105483400087
495,0.01665705313577472
496,-0.004889226575560249
497,-0.01412444272366135
498,0.0030410988436418607
499,-0.001659974734468231
500,-0.004239205549056194
501,0.02733867497291393
502,0.009917357993846843
503,-0.005961571338686402
504,0.01681260234960027
505,0.008135016280185245
506,0.007277427173039728
507,-0.0020369118508656776
508,0.0060082815577808145
509,-0.007854912955191435
510,-0.012259539568583543
511,0.0005829303718083584
512,0.0072418267345251966
513,0.0007973539044339306
514,-0.010917781308863558
515,-0.0019304767054509793
516,0.009687120781013662
517,-0.000214937648887961
518,0.012434271341897639
519,-0.013785542280697612
520,-0.008151004729862622
521,-0.009847276725426287
522,0.0023518512993653527
523,0.00824079175831421
524,0.004533596152714536
525,0.008603115893760761
526,0.0007475293658878437
527,0.006809989182491611
528,0.02482623450695711
529,0.012270299951210413
530,0.01794982566253614
531,0.012151962324518614
532,0.015103155428255414
533,-0.0035998207445874383
534,0.002805487668692964
535,-0.011891723068421966
536,0.0047177134475691
537,-0.023989678450034975
538,0.00037250608735727196
539,0.03149131363883946
540,-0.001589970465201554
541,-0.006228441338007675
542,0.011125118855812764
543,0.010451454757451994
544,-0.002708072058862601
545,-0.00225967265663944
546,0.004424190852126583
547,0.001953949484012748
548,-0.007613984698018926
549,-0.015391299258540703
550,0.012975836490003594
551,0.00894403296984798
552,-0.0009161745520431192
553,-0.009942040543501856
554,0.0019723876550052873
555,-0.006163962686458668
556,-0.01472480495506961
557,-0.00495027212612016
558,0.0026950732138807994
559,0.007405715817818246
560,0.0119255616108464
561,0.005798382893599225
562,0.011172100560296867
563,-0.015338283567597739
564,0.009843707558151407
565,0.013250825608207178
566,0.011817862538424439
567,-0.01784618070436647
568,-0.02147204609782118
569,0.01917127381627726
570,0.002184232961808722
571,0.01211306776872228
572,-0.008314383797673484
573,-0.021283637823489337
574,-0.007158370328452141
575,0.014107655519458508
576,0.008660798785998293
577,-0.0026385441739926675
578,0.005580198841680987
579,0.007721141568925673
580,0.012642834149073768
581,-0.0021169215726443936
582,-0.00797022838185499
583,0.030185064115506952
584,-0.0111318381520194
585,0.014997408155447816
586,0.011381491404169492
587,-0.00954955765479507
588,0.009452240549889022
589,0.007047043869986482
590,-0.004583598519957098
591,-0.0007744579076998646
592,0.012932731489216738
593,0.013162576992910714
594,0.03025066885025404
595,-0.02075191066789208
596,-0.004573876056281287
597,-0.004978254969062299
598,-0.007478792694100745
599,-0.003364494086467644
600,0.011790380884835706
601,0.008755331679390379
602,0.0010126487544634226
603,0.025068978620713684
604,0.001887245768123534
605,0.0022239863243290925
606,0.009301399484546833
607,0.004963034084172071
608,0.022198574663416053
609,0.001054442148984544
610,0.00479691887796879
611,-0.0004663853341047115
612,0.008703775604712867
613,0.01830087668663514
614,0.004864962745875761
615,0.0007345009663872782
616,0.0006869931512799871
617,0.0011910209410352008
618,-0.005471335490589353
619,0.021480639213329395
620,0.020836498182626936
621,-0.009026328641073968
622,-0.018456701119292814
623,-0.00046957760720190783
624,0.008914035440445006
625,0.001079521401073381
626,0.010313403069136615
627,-0.006410326393067364
628,-0.011290541149887024
629,-0.012588695551450221
630,0.0059399159979408155
631,0.0035083595908850587
632,0.0065389083565742185
633,-0.025324670560464002
634,0.003852997022553663
635,0.031208350865896288
636,0.007388562405806379
637,0.0049920735325094555
638,-0.008340276803869829
639,0.013760957455492464
640,0.0011235818110509044
641,0.012939573073118554
642,0.008212313705554872
643,0.014587803480998288
644,-0.008301299408929127
645,0.0033999237816033697
646,0.012813662682482822
647,0.01976966265795691
648,-0.0029514005541025
649,-0.0012938892971331418
650,-0.0015404050212883293
651,-0.0024645519608752346
652,-0.0014999392953831
653,0.02362375182897694
654,0.02846893181856543
655,-0.011235446485664154
656,0.003367135080146264
657,-0.005173235251559511
658,0.012820397773896408
659,0.004147329239603303
660,0.02008162784150002
661,-0.003951534798483232
662,0.01164858254751431
663,-0.00684170715719825
664,-0.012593942876533181
665,0.012112804818685747
666,0.003491352715092013
667,0.012426838830680931
668,0.013870493902841199
669,0.01528147713468893
670,0.012553956936467799
671,0.015774385860982502
672,-0.010693907216383578
673,0.012795937083035157
674,0.0025533855156251004
675,0.0292174101561397
676,0.0011694491951651327
677,-0.0047059916356871415
678,-0.0013111354773593098
679,-0.0016686423936485256
680,0.02121880702788219
681,0.00606197080753059
682,0.003191547749413179
683,0.008761624052764776
684,-0.006634536808348086
685,-0.003423657838472169
686,0.01668413103140544
687,0.012859142169040896
688,0.005104372396141447
689,0.015215202916830005
690,-0.02303200151042932
691,-0.0005433228072601169
692,-0.005369227015816829
693,0.010201245841449639
694,-0.005241753098138518
695,-0.0038970202608233596
696,0.009662170629333739
697,0.006918974651563707
698,-0.01619150317409547
699,-0.010925859845758917
700,0.005257781439225075
701,0.021002652500022655
702,0.014164751722814062
703,-0.02170652395224089
704,-0.0008539682974905946
705,0.00032003878114511075
706,-0.0001775949885416672
707,-6.648724595402038e-05
708,0.011054512236248194
709,0.025606600596196356
710,0.012706939839843133
711,0.003268254232406286
712,0.017632725338666434
713,-0.014264833174528037
714,-0.01297563412949448
715,-0.0013199544433706418
716,0.011672142513919058
717,0.014171198281343484
718,-0.007788795213309041
719,-0.02176914721863231
720,-0.008235247784778825
721,0.014795243118432248
722,-0.0029229090729113267
723,0.002167423141608943
724,0.003706684031570009
725,-0.011472578552033671
726,-0.01854593779597461
727,0.004146522404560939
728,0.00967939205089622
729,-0.0031996941992619575
730,0.0009523188507819221
731,0.012881700335781036
732,-0.0158089237299573
733,-0.025680524526167404
734,0.000944717351670745
735,0.005230569647230112
736,0.004879902154403112
737,0.009822890816448897
738,-0.006417820815845608
739,0.01756640702777169
740,0.010316114873586002
741,0.01103195332432666
742,-0.0010355805953531124
743,0.0024274725208903317
744,0.015673105012198704
745,0.0012390450705443408
746,-0.006366994283440499
747,0.015985488349517327
748,0.001620375886434015
749,-0.018702468113731212
750,0.004692356143948124
751,0.006780264705216541
752,0.020506705993608963
753,0.008594004800521063
754,0.004350060787581041
755,0.021460109987819904
756,0.01284222693034388
757,-0.005063302125311405
758,-0.016576976882622538
759,-0.013808627001433524
760,-0.00870086709495722
761,0.026055934388924746
762,-0.000948564788651633
763,0.010300276281934256
764,0.0019039935906833368
765,0.0005214357798519782
766,-0.0020265914409861047
767,0.0012439584968020824
768,-0.007129597268605174
769,-0.005617662890358622
770,-0.001777104817958598
771,0.003291380192742832
772,-0.018662330045054878
773,0.0001779443374697469
774,-0.004405291846946122
775,0.013121774976245802
776,-0.0025983050295819996
777,0.007321260722570599
778,0.015344166463096475
779,0.0012194687427235745
780,-0.007657566369969259
781,-0.0022003575797639174
782,-0.017552243447993224
783,0.0006936751673089378
784,0.008191605513084652
785,-0.006197379794228464
786,-0.012176773814781437
787,0.008255553893007854
788,-0.023013479497158845
789,0.004850299659772641
790,0.005971950280869566
791,0.008129963702059964
792,0.017155904127758855
793,0.001148519107734352
794,-0.00825604997383062
795,0.004455963954662084
796,0.019074111392261537
797,0.0020744513401357717
798,0.010654111824615608
799,0.015183022592496685
800,-0.007789225364820292
801,-0.009082303457451629
802,0.0371854695384434
803,0.01412194800866953
804,0.0160052044940933
805,-0.014972308223514098
806,0.008894206310392184
807,0.002834650152121418
808,0.035724259248658435
809,0.005982272777989121
810,0.0037886702526055815
811,0.018432974114961812
812,-0.011219929983514662
813,0.036266864255503475
814,-0.007836334993167889
815,0.022739992132178016
816,-0.0012224932988385297
817,0.028313236002710008
818,0.021601555775054446
819,0.012093040781763157
820,0.020382749162154747
821,-0.0032421214839668143
822,0.027979332145142092
823,0.006959036752421321
824,-0.014724652641021338
825,0.007017140231886794
826,-0.013399835515060389
827,-0.003636795741879037
828,0.0047342834340441614
829,-0.009535301313848533
830,0.03189604230614355
831,0.02997224948892931
832,-0.0189369575835073
833,0.010019066143154209
834,0.00029156467869818556
835,-0.014631441447822737
836,-0.008725657395804168
837,0.00028219614014479575
838,-0.007960157361313136
839,-0.0028434647580215396
840,-0.014449417738294414
841,-0.004195366233887498
842,0.018653724214384125
843,0.02460256076299731
844,-0.0016707703459067586
845,0.01833083420119612
846,-0.010572687647038692
847,0.004284494213043549
848,0.015281220380618667
849,0.021584347578084303
850,-0.002286940367588964
851,-0.008308590603878268
852,0.04972042709760435
853,0.007093962549355712
854,0.008218273287189931
855,0.01152064085171684
856,-0.0028596923538412914
857,-0.0016358347739545665
858,-0.0034247271419022255
859,-0.0047483613100644745
860,0.0005209385282758645
861,0.014962413765477795
862,-0.00032846855926969235
863,-0.01850547966317825
864,-0.006511089661789973
865,-0.0016697647633260083
866,0.007715865176910574
867,0.015715090726290765
868,0.017686386886060414
869,0.0053480995458722695
870,-0.0054838519284611245
871,-0.015975465065567927
872,0.01799577478631808
873,-0.009697697439985019
874,-0.002700543000261209
875,0.011824768902341158
876,0.02139264967181987
877,0.0016458884143619493
878,0.011645663803626192
879,-0.002831217257570515
880,-0.008394141845662808
881,0.0007631563745434541
882,0.020845914561979567
883,-0.012739971748719024
884,0.005698411025633534
885,0.016562985997733676
886,0.018177433681898832
887,-0.011299490235140956
888,0.007973085120707692
889,0.012860014379266309
890,-0.010153558048999622
891,-0.015769180676617263
892,-0.017269394341714286
893,-0.018222884507809196
894,-0.004402264130893487
895,-0.00581296021435014
896,0.002415920700881975
897,-0.008282413608978927
898,0.007890080253448438
899,0.004544330434147045
900,-0.003551340115181539
901,-0.00761188108404897
902,0.0023708246741780048
903,0.031977322177987454
904,0.015527664786887658
905,0.028805429104912725
906,0.004518908999229144
907,0.01140741475938486
908,-0.001329240930860228
909,0.008107806626339965
910,0.005500217150493424
911,0.009254115289810981
912,0.016213902195895583
913,0.0032601256269000263
914,-0.002909604778551393
915,0.0087528745992735
916,-0.004456517005739796
917,-0.009647682961575097
918,0.03826132953292258
919,-0.004223632631175844
920,-0.010085299918049245
921,-0.009805521166949112
922,-0.010905080802274624
923,0.016758157572507076
924,-0.011203813606686638
925,0.00768364749021768
926,0.006410970944340996
927,0.010801474334370903
928,-0.014880040983871875
929,-0.009681165287470907
930,-0.0017364342698067846
931,-0.0122777307222193
932,0.005338138344309603
933,-0.003281609413260525
934,0.004281888736786781
935,-0.0028969814049984647
936,-0.01871474317923528
937,-0.0028992028741616155
938,-0.010321265986402
939,-0.006207715897720569
940,-0.014269938118864189
941,0.014518069365163254
942,0.021361753726953477
943,0.03111916570593604
944,0.0035082517867179846
945,0.007845518554463124
946,0.005936156077951724
947,0.018784375843655384
948,-0.010090423789065332
949,-0.006761610214060721
950,0.014184819204741097
951,0.019360564757226466
952,-0.011410212566079771
953,0.0009280445090345986
954,-0.0035481810063727414
955,0.023030248013983665
956,0.0027106483863213976
957,0.02990119530085034
958,0.009716175027566986
959,-0.0040339164215314706
960,0.0025980503750349273
961,0.011646005937993132
962,-0.0049120959121770995
963,-0.005748212817459484
964,0.01215681751640418
965,-0.009898213443371027
966,0.005675492582288076
967,0.020136133452045988
968,0.029930196061555732
969,0.0006816430250139237
970,-0.0025416713711568085
971,0.00952143716437032
972,0.01882684447171733
973,0.005415322452732645
974,0.01097667829969909
975,0.006074129042893773
976,-0.005414138060381687
977,-0.004643963071067954
978,-0.010911621879933773
979,-0.003846761527599463
980,0.027404099062233723
981,0.015837009732997755
982,0.019200881446318305
983,0.023385651870241195
984,0.005578239909543961
985,0.001824592233428825
986,-0.004718755022400957
987,-0.010745000366348305
988,0.016679307554937243
989,0.005845132900149117
990,-0.019793559342518367
991,0.013919828671996927
992,-0.0002142757507365906
993,-0.012558233794661578
994,0.010473371189847402
995,0.02120264851795671
996,-0.011330620919712174
997,-0.01633880257618577
998,-0.008569196740339466
999,-0.0024744551421493066
1000,0.013612727524980817
1001,0.013631995949854729
1002,0.01060076353583597
1003,0.0002825544891796473
1004,-0.006187734345688135
1005,0.015404105257364685
1006,0.019026796952466504
1007,0.022821370935689415
1008,-0.011578708815416148
1009,0.020661022032678156
1010,-0.008249294252846687
1011,-0.016294159877720985
1012,0.020518023995499603
1013,-0.018151220775573566
1014,0.016205046921669634
1015,0.01840268407940245
1016,-0.0033361663396984154
1017,0.020316925278225723
1018,-0.004791742095035029
1019,0.008496985640362963
1020,-0.01208907870291924
1021,0.01422976608509956
1022,0.006497032838400733
1023,0.0009338970321881171
1024,0.011247075840272328
1025,-0.0020982037409793407
1026,0.000400423438954705
1027,0.005067821711332839
1028,-0.002983329857338055
1029,0.01610000507882877
1030,-0.01864155809659358
1031,0.034855096047922925
1032,0.008976270291193102
1033,0.02968989323310938
1034,0.012201358993626824
1035,-0.0058176480393474115
1036,-0.001454499317920253
1037,-0.002801922236165467
1038,-0.014721446547386514
1039,-0.017764650271480005
1040,-0.0028812993290577064
1041,0.017198029081497826
1042,0.006249922626412159
1043,0.0026521863431547246
1044,-0.0020784039597695533
1045,-0.005591268130846005
1046,-0.0009210828236259937
1047,0.010918281689324091
1048,-0.014860606811317583
1049,0.016382750293537248
1050,-0.004760652732196805
1051,0.002153462567966328
1052,0.026382112480473223
1053,0.006796485012467074
1054,0.004234140629557823
1055,0.005247426485567649
1056,-0.018290503088825023
1057,0.0030705884272404656
1058,0.002985057639196013
1059,0.014205367608255795
1060,-0.0040761316045716985
1061,-0.015787664557679174
1062,0.015503626855713576
1063,0.0030906612369767774
1064,0.014910519444687211
1065,-0.01665489812501257
1066,0.02520397427324199
1067,0.025992235605395906
1068,-0.00017652502314217025
1069,0.003033226681598622
1070,0.005120015547163056
1071,0.004008270037386853
1072,-0.0028528333741160133
1073,0.0047715442394007206
1074,0.03100757996911325
1075,0.01766136294897645
1076,0.010349471306446822
1077,-0.0033877849389748927
1078,-0.01308872150712166
1079,0.006534236332103361
1080,0.03237910949526093
1081,0.0004994661715155858
1082,-0.011456796808037434
1083,0.0021694015315711686
1084,0.008037840599107943
1085,-0.008941551408560258
1086,0.0023255714487152475
1087,-0.009436720669741128
1088,0.01851340958812747
1089,0.010461709383776623
1090,0.01763128378868638
1091,0.03037335560364286
1092,-0.010964058801641204
1093,-0.00921384320332742
1094,-0.014651918981931597
1095,0.00962727614095054
1096,0.013841260360589995
1097,-0.005044735634588618
1098,0.009522213025395403
1099,0.00042349479621706803
1100,-0.013619267829103917
1101,0.011848736177892784
1102,-0.0003258258830101462
1103,0.004733711458624726
1104,0.0020687473488816784
1105,0.03041501886430539
1106,0.03478262086256658
1107,-0.020266553571056254
1108,0.009674927795293546
1109,0.013133681344772344
1110,0.00968678101802795
1111,0.00380882616924582
1112,0.0033757068543490785
1113,-0.0018560600391171482
1114,0.01710393894018799
1115,-0.002637439785346399
1116,-0.003949235769914819
1117,0.015578890081595131
1118,0.017281618755676856
1119,0.012388530600456337
1120,0.010483831035681391
1121,0.005465133786442833
1122,-0.006582637077729727
1123,0.01713937192244194
1124,0.011551935907439123
1125,-0.011271648519628868
1126,0.0021160945702832427
1127,-0.017232911035018353
1128,0.023626362966146248
1129,0.016186812861277933
1130,0.017819073020637954
1131,-0.011300342250287844
1132,0.012679340106568833
1133,0.003867802077283323
1134,-0.005123604979828736
1135,-0.008330391721263016
1136,0.007803636631749536
1137,-5.84798370927565e-06
1138,-0.0006223416469618824
1139,-0.00813903876927114
1140,0.006194371750584359
1141,0.001142178487440432
1142,0.04252798702970294
1143,0.01107366962305759
1144,0.00030161599264449506
1145,0.0005418539569861355
1146,0.006546724683207062
1147,-0.006041485440795252
1148,-0.0075363905312747035
1149,0.01040897289685415
1150,0.018750905018986384
1151,0.008986477785538701
1152,-0.008186719958254061
1153,0.003435003815467266
1154,0.01331570255449352
1155,-0.018309442788467
1156,0.004925693224474342
1157,0.03485440995285561
1158,0.01371380451325128
1159,0.015119482263032825
1160,-0.009581365381571122
1161,-0.010921740890348355
1162,0.0013350795100300326
1163,-0.0023904226110661128
1164,0.013679462950877951
1165,0.0313685059631451
1166,0.0010531804021628908
1167,0.0075127151721307486
1168,-0.0053294352287862985
1169,0.023065807788665262
1170,-0.009658414941448104
1171,0.0045685440485764076
1172,0.020148242170475613
1173,0.006268497420874623
1174,0.009829508442362364
1175,0.031614461862754475
1176,0.01162948431974622
1177,0.01883642220625952
1178,-0.005327292899020173
1179,0.020084777346818048
1180,0.014359986505881354
1181,0.021539626919590386
1182,0.012886964340667698
1183,0.03125594828569102
1184,0.0055732919217580425
1185,-0.005249392332490682
1186,-0.0040305329314953104
1187,0.021180849140990173
1188,-0.006523207465591051
1189,0.02154620911125268
1190,0.018343492856419348
1191,-0.011275195724069997
1192,0.0016642996050343234
1193,-0.007171859618981756
1194,0.019703662244712084
1195,0.004778731625933422
1196,0.01905664972319334
1197,0.015353955267470062
1198,0.011887972861844644
1199,0.007189931224413587
1200,0.013868041799950341
1201,0.026018197230213633
1202,-0.020457434479141026
1203,0.03599419009768353
1204,0.006984693292354718
1205,0.008892028165626405
1206,0.021222532099099065
1207,0.008486667416346412
1208,0.011454228581175268
1209,0.021429151385835406
1210,0.006007591983749799
1211,0.004839233124430232
1212,0.006697533580206645
1213,0.003434641058425099
1214,-0.009405486798370647
1215,-0.0060316680384107525
1216,0.018611135303303647
1217,-0.006572949853138317
1218,0.004838647705424458
1219,-0.006633410668629031
1220,0.007937662800835632
1221,0.00015095945122636258
1222,-0.004936436818432354
1223,-0.014280771892528637
1224,0.012792579721880977
1225,0.01746779345444629
1226,-0.006535228896254827
1227,0.0007467801726667604
1228,-0.00892442442055573
1229,0.014367453047771095
1230,-0.012642864002592642
1231,0.001027745348630454
1232,-0.007974541565679432
1233,-0.021766715265751736
1234,0.0061974597374487685
1235,-0.004960356086976314
1236,0.03496894975165639
1237,0.007256910947448123
1238,-0.005541285285659841
1239,-0.009987328457577624
1240,0.00902830035761888
1241,0.004930639194924917
1242,-0.017208105689121025
1243,0.008615163131576927
1244,0.0079331434582722
1245,-0.008616287216998319
1246,-0.011751300245131577
1247,-0.006611889779007287
1248,-0.01202405327307211
1249,-0.0006694055531132516
1250,0.001099859157034436
1251,0.014701372777843356
1252,0.02621157872057976
1253,-0.009998345412565654
1254,0.0051625016935605
1255,0.016530033652251877
1256,0.005934534376245732
1257,0.0026864967531015516
1258,0.014042728167670548
1259,-0.006147795948038092
1260,-0.012863728566100853
1261,-0.01138030036196296
1262,0.005534579691749285
1263,0.0034814346802702835
1264,0.0041437590623777535
1265,0.0026658387582026593
1266,-0.016729387904784048
1267,-0.002428079612778578
1268,0.004199622841882244
1269,-0.014852808558442614
1270,-0.0008154337556201568
1271,-0.010410450361351402
1272,-0.005768526665666406
1273,0.0024125126376004303
1274,0.004703439939646444
1275,-0.003721007179115365
1276,0.009342727413460894
1277,0.003739996861165607
1278,0.0021915943432900668
1279,0.006526601524845139
1280,-0.00450699532238333
1281,0.007212376631993838
1282,0.005031561586415742
1283,0.009046764649378725
1284,0.017432011750080932
1285,-0.0020292432105009487
1286,0.007402768138844679
1287,0.004299612179941301
1288,-0.014815328796787363
1289,-0.0081884308114607
1290,-0.016146979313734624
1291,0.017496674445469124
1292,0.0031590172428230512
1293,0.025268258654269904
1294,-0.00870115949452102
1295,-0.014026801010872373
1296,-0.020748647496214728
1297,0.008184668677225193
1298,0.013548406404338296
1299,0.006066684016292095
1300,-0.00936439447152273
1301,-0.0002872141775064605
1302,0.004566006444922881
1303,-0.0004839280379726347
1304,0.013595010138361062
1305,-0.013998597260295233
1306,-0.022340260319051605
1307,0.0023009626999923884
1308,0.007320558647878889
1309,0.002688171198048698
1310,-0.004731166142240631
1311,-0.017334630763583714
1312,-0.028254711454550094
1313,0.020325816950186152
1314,0.0055901861863520315
1315,-0.01600667117287321
1316,0.008762593696587785
1317,0.003427710332784681
1318,0.0020849509542136663
1319,0.01233788505997652
1320,0.022637397286399644
1321,0.028847795502397924
1322,0.004833141337843903
1323,0.011744179824655367
1324,0.006092168786636772
1325,0.009749218985357458
1326,-0.018982071123469665
1327,0.009968454958537145
1328,-0.01863252529610041
1329,-0.0023649827652197997
1330,0.013421581195481525
1331,0.00046786401951405944
1332,-0.008082307636645986
1333,0.005316840349765515
1334,-0.004791227597276694
1335,0.01949924048172097
1336,-0.007662937449854549
1337,0.011714524185619692
1338,-0.012230159323375234
1339,-0.009577578975804031
1340,0.008001084623521563
1341,-0.012011116762523673
1342,-0.010943620723253117
1343,0.0035561136687370628
1344,-0.00800240998174394
1345,-0.0156627409078028
1346,0.008413566301335608
1347,-0.0037532065166305754
1348,0.009500915361011065
1349,0.03309296721828831
1350,0.0006587552053735456
1351,0.02135525994328281
1352,0.005605406010717967
1353,0.0162194674626802
1354,0.008328093116824734
1355,-0.015468941079197135
1356,0.010744604272146905
1357,-0.012739718508640533
1358,0.017193122008867103
1359,-0.004623033397276549
1360,-0.008247780654017966
1361,-0.014866725290117733
1362,-0.0029837438924286462
1363,-0.00017727895908195953
1364,-0.01441844745771499
1365,0.018266570215768153
1366,0.0026697856625527584
1367,0.0065239778097499115
1368,-0.004731534310723107
1369,0.001807791987135295
1370,0.019325819990636872
1371,-0.0014542425801420933
1372,-0.0006948875222115564
1373,-0.00349948031745057
1374,0.006792891556794598
1375,-0.010968626754016539
1376,-0.006890473266295265
1377,0.003356375439812076
1378,-0.004801587735793116
1379,-0.0012947468984090952
1380,0.003431390034009761
1381,0.003603143436946671
1382,-0.00019982034919410887
1383,0.003780547464840871
1384,0.006031126056573965
1385,-0.0028670201271403972
1386,0.01476299474484394
1387,0.011106340444242259
1388,-0.009009046973896947
1389,0.016824800698918112
1390,-0.003907929890280057
1391,-0.018005028320526077
1392,0.0015080887138633873
1393,0.005462496014367796
1394,0.004867877699964689
1395,0.010231533864626446
1396,-0.004362916599261564
1397,0.015913247526012676
1398,-0.00045656941187252056
1399,0.002556361875512441
1400,-0.01427525171370769
1401,0.00019306348724296786
1402,0.00045066910841174573
1403,-0.0047127537336427725
1404,-0.02443854194357179
1405,-0.00660198084365212
1406,0.015319805822306487
1407,-0.003853521781703836
1408,0.00454392360882838
1409,0.012495302230117473
1410,0.012964807814955664
1411,0.017592068139110212
1412,0.008161742452154503
1413,-0.0096291969994972
1414,-0.0007724792210794848
1415,0.005212643072222918
1416,0.001385654479854105
1417,-0.01516029886349135
1418,-0.003211838709425816
1419,0.009977036568421185
1420,-0.006989315932473331
1421,-0.0056634969319346645
1422,-0.0125916238321953
1423,0.018553706305722773
1424,0.01343459331711723
1425,-0.0016299600399713478
1426,-0.008184649746358576
1427,0.010423326157288726
1428,-0.01531555087993842
1429,-0.00916791793890552
1430,0.013585387875266012
1431,0.001254374899613557
1432,0.0013339157332857938
1433,-0.008818274901601846
1434,0.014869189756596008
1435,-0.006389142027842667
1436,-0.02401711136343217
1437,-0.001448440435265815
1438,-0.0005055198184450467
1439,0.009093570627759692
1440,0.002970482046346174
1441,0.001277035814914602
1442,-0.013099193239717956
1443,-0.006806386381806273
1444,0.01331791416183487
1445,0.018347348812296306
1446,-0.00301267529540412
1447,-0.006684634467729954
1448,0.005358247682569708
1449,0.0027665324131137484
1450,-0.010176716526073666
1451,0.030584218460325534
1452,-0.00282845003901295
1453,0.005433957701297608
1454,0.005880882145710641
1455,-0.0006063016407611405
1456,0.012999292332667686
1457,-0.004389320208483653
1458,0.007818711558494753
1459,0.010781723115140978
1460,0.006207350161587325
1461,-0.0021677356805103938
1462,0.011440611000757984
1463,0.0062008459217932025
1464,0.023092432231920566
1465,-0.001911512652338705
1466,-0.006547900924534202
1467,-0.0012268942329524614
1468,0.02898212318354444
1469,0.007009301647507445
1470,0.003998504919915761
1471,0.005514096299080327
1472,-0.0025679576836562675
1473,0.004264291986893374
1474,-0.008639502894450098
1475,-0.005104739693339804
1476,-0.019391132774504195
1477,-0.005908550305569804
1478,0.002568686492619512
1479,0.0038635515475563737
1480,0.004404738942075937
1481,-0.005560390170967769
1482,-0.019947888183945082
1483,0.0003747840897026401
1484,0.02309248481551615
1485,0.018978708665693997
1486,0.016543226215088934
1487,-0.0016166210724601643
1488,0.0011554899929632067
1489,0.00754021898461714
1490,-0.01975096199549608
1491,0.0004890619633119728
1492,0.01474119188686043
1493,0.018302183652194833
1494,-0.005785995666352859
1495,0.010208823692596004
1496,0.007004900264903927
1497,0.01638541609596151
1498,0.003875648150730813
1499,-0.0005001365806209319
1500,0.009641774769204728
1501,-0.0182806932141047
1502,-0.017705625069787304
1503,0.024576357740250323
1504,0.03766050356511153
1505,-0.008598363790027423
1506,0.007738588085637988
1507,-0.0023215975491476643
1508,0.00408006102465873
1509,0.004857943760278608
1510,-0.02270671972967128
1511,0.02228808476961048
1512,-0.006967250491418284
1513,-0.005685660662415573
1514,0.012399865903383694
1515,-0.014834108193876516
1516,0.010668075050357113
1517,0.002907183720009407
1518,0.0031947713986649837
1519,-0.003763902615301549
1520,0.014100362819615572
1521,0.018010439445922677
1522,0.002910399014998996
1523,0.024154401100591874
1524,-0.019492994600987492
1525,-0.0004225342716967471
1526,0.02217844415301268
1527,0.00812188301499341
1528,0.01636743078178242
1529,-0.006709280503886113
1530,0.005790254456743773
1531,-0.0021883227657973963
1532,0.004508506113476368
1533,-0.0051816619721424435
1534,0.006423285921639028
1535,-0.001898994883488116
1536,0.033660780988236993
1537,0.015305860020370304
1538,0.02583951723989347
1539,-0.004693773968211521
1540,0.019595452863970828
1541,0.016101933295510996
1542,-0.007496820485641547
1543,-0.0025743723348153405
1544,0.032001457581223185
1545,0.017527896392648967
1546,0.009856690967322862
1547,-0.0015056837066933291
1548,0.020381503718986782
1549,-0.011643168418357254
1550,-0.01883460426188893
1551,0.005331966150951294
1552,0.02818215948428541
1553,0.0014153600429461643
1554,0.002223835871306251
1555,0.005926881830022397
1556,-0.0027123858649041547
1557,0.017439450042774095
1558,0.011119536527051044
1559,0.00299905249146346
1560,0.02077739769439708
1561,-0.012620001450451336
1562,0.001407017184595205
1563,0.011592057355385602
1564,-0.02273098714236828
1565,0.014131242579650299
1566,0.020243745727922667
1567,0.0003522711767883074
1568,-0.0011838228883905414
1569,-0.009028388573954566
1570,0.0015416465442793252
1571,-0.00160011196578044
1572,0.00918255627426726
1573,-0.008106789955443047
1574,0.011060132948226295
1575,-0.00718096570532272
1576,0.007352176687887821
1577,0.010526122100904717
1578,0.020426322807089434
1579,-0.001719902902109947
1580,0.009934142868010514
1581,0.03269987718863327
1582,0.013293425994690425
1583,0.007809626704630321
1584,0.005407614311728056
1585,-0.004260903799569875
1586,0.01921577988008003
1587,-0.015280669419132462
1588,-0.008373854818344486
1589,-0.023745276029615542
1590,-0.006046798512319733
1591,-0.004668507111189919
1592,0.010025072573837411
1593,-0.003996324687985882
1594,0.009463327580952242
1595,0.013253056638333711
1596,0.024171520310616115
1597,-0.005973847594712665
1598,0.019271349468221666
1599,0.0061246357997250785
1600,-0.0004367822233857357
1601,0.011191488949783616
1602,-0.008844281906371501
1603,0.003586191769970151
1604,-0.020116121887587227
1605,0.01955592321327891
1606,-0.009536492474957387
1607,0.011622041923777355
1608,-0.0063121985632186095
1609,0.003932081424990129
1610,0.017373170558862044
1611,0.014255733884910892
1612,-0.007870515935083509
1613,0.002595759663325801
1614,0.0050842143100938994
1615,0.02300629948434591
1616,0.011480146606789613
1617,0.01719052819512868
1618,0.009173538314416153
1619,0.010829791616220988
1620,-0.01140163958885901
1621,-0.018024665162685565
1622,0.0033860363660024838
1623,0.013551978036293679
1624,-0.00895124172891019
1625,0.0032144620410538213
1626,-0.009384560052924392
1627,-0.01456767979572846
1628,-0.008473929965295906
1629,-0.012759639891598978
1630,-0.0007236797722297189
1631,-0.01356117780968758
1632,-0.0020695049846328486
1633,-0.00483435570746643
1634,0.004887696412706263
1635,0.005895736965334054
1636,-0.008163447466349814
1637,-0.005570767035166024
1638,0.005485436480941061
1639,0.005473454440916794
1640,0.000674292671858621
1641,0.007832848047944476
1642,-0.011704334455780304
1643,-0.006816958467466366
1644,0.005053439580484476
1645,0.017669336818046423
1646,-0.013235551426737182
1647,0.023896831308841023
1648,-0.0005350570045872582
1649,0.005003868439065386
1650,-0.0020046357336813547
1651,-0.001673420285480436
1652,-0.012687617029224399
1653,0.004044521848176533
1654,0.00999069469140408
1655,-0.005768504527808774
1656,0.011306304682612896
1657,0.00461049724156751
1658,0.002384733586443975
1659,-0.0061239331562242495
1660,0.006271577392517692
1661,-0.0082643271728701
1662,0.006611377582892375
1663,0.01070938930129193
1664,-0.0017404929785906713
1665,0.020315499976991988
1666,-0.0059910021291325975
1667,-0.016000595725622506
1668,-0.012933399848935202
1669,0.027218740380064912
1670,0.011858869774736628
1671,0.013499744576980315
1672,0.023886451036667884
1673,0.0008230972458267643
1674,0.00024445887986119125
1675,-0.006999079798973467
1676,-0.007007184221774699
1677,-0.002657390091498367
1678,-0.006313911879868247
1679,0.006670258641911294
1680,0.002271611523846352
1681,0.007445455389597164
1682,0.0005292618883120859
1683,0.025977677816604823
1684,0.010057476930628905
1685,0.0018769988035280479
1686,-0.01548573869971489
1687,0.0068829031745017595
1688,0.01504895350492957
1689,-0.012660462375419079
1690,-0.0017221440771313854
1691,0.01270674590228262
1692,-0.0019974831597395115
1693,0.0013944201887299437
1694,-0.015581145137743033
1695,0.018862224173041984
1696,-0.017242951852339497
1697,0.013329069636761826
1698,-0.022421161519516536
1699,-0.010790311577727049
1700,0.025331971738031072
1701,-0.0018931544978915413
1702,0.005706393185552327
1703,-0.004704647128278522
1704,0.011275112781764011
1705,-0.0012719043224936276
1706,-0.010083055598979514
1707,0.009632567409125619
1708,-0.00252870985215392
1709,-0.02164869038921971
1710,-0.008081318036785103
1711,-0.006527242719706015
1712,0.010971834024160099
1713,-0.002687095486790903
1714,0.0038265902359381097
1715,0.006816578587084438
1716,0.014632341070572263
1717,-0.0022289394745254676
1718,0.016818937336635344
1719,0.013087865306462663
1720,-0.0019836150438244144
1721,-0.013688873931108736
1722,-0.005654013939193849
1723,-0.00016950399601395016
1724,-0.009236999830717251
1725,0.02576027134082964
1726,0.0247744719119566
1727,0.014514309746750104
1728,0.01749946570658955
1729,-0.0022090990405039825
1730,0.017051600546050847
1731,0.005878732316659009
1732,0.012683555577697821
1733,0.002941248785694461
1734,-0.0012515684818936433
1735,0.0084157254137278
1736,-0.0009548925734911903
1737,-0.006333067959464589
1738,-0.012224131077238144
1739,0.01098072133804618
1740,8.34032182290817e-05
1741,0.010513126155726022
1742,-0.01522022399992523
1743,0.011207308764562279
1744,0.002079660625702001
1745,-0.0049028180372932256
1746,0.015379641487360221
1747,0.013164257891686461
1748,0.01112480774287467
1749,-0.005022725288366523
1750,0.0022322854403831194
1751,-0.0122502072552115
1752,0.009320754333874135
1753,-0.0023281837302553446
1754,0.019646304798099215
1755,0.025871319016425552
1756,-0.004383849735166903
1757,0.007917098244610713
1758,0.024364800217674256
1759,-0.003509341313420776
1760,0.016959628907922172
1761,-0.015117923628244436
1762,-0.0024655343556710565
1763,0.007971111299498368
1764,0.005618985167642885
1765,0.010279666871268014
1766,-0.0005743940890202688
1767,0.01535367659666485
1768,-0.009766565506323275
1769,-0.00865517667521438
1770,-0.001662774952338431
1771,0.008598039349047832
1772,-0.010911590149429242
1773,-0.006125118079814984
1774,0.01956650537203903
1775,-0.020817616606418628
1776,0.0110482456272412
1777,0.008963003056702093
1778,-0.004187561083580911
1779,0.010208544352323061
1780,0.013358591669812571
1781,-0.002169729523924881
1782,0.002390177714909951
1783,-0.0033026951041937
1784,0.00910546556348351
1785,0.006653405795998232
1786,-0.022165256387691273
1787,0.007696769603141329
1788,-0.008830890132576548
1789,-0.01989085855393809
1790,0.0002837613842431021
1791,0.009365611049108546
1792,0.02383820937753729
1793,0.001921328549935287
1794,0.010123749845255738
1795,0.013823019162065044
1796,0.01868186166331428
1797,0.012883695726073452
1798,0.014199548835130785
1799,0.007130480861664045
1800,-0.006540616706134827
1801,0.010559499007245152
1802,-0.0036351438090494246
1803,-0.0005381276434115735
1804,-0.0034439405671171488
1805,0.020074046744008346
1806,0.01488603096498283
1807,-0.008504712759576344
1808,0.00019279334784784633
1809,0.014081591523358883
1810,-0.003483637978037272
1811,-0.0014282633839560407
1812,0.018690888342157038
1813,0.0076766192507511325
1814,0.01782551952848773
1815,-0.009750595598747294
1816,-0.0032708879868550856
1817,0.0033219841231084163
1818,-0.015077595027972443
1819,0.017641586329369366
1820,-0.00010316533362809076
1821,0.014300604088315488
1822,0.007513072582219651
1823,-0.004668063217924444
1824,-0.013079708632653175
1825,-0.0035268518298983914
1826,0.0023155660012254054
1827,-0.0077386876995565535
1828,-0.011680208308309629
1829,-0.010358898972444712
1830,0.0028577078706966373
1831,-0.0033156292831739427
1832,0.01469273170989914
1833,-0.0035041481259582017
1834,0.0063580740241611505
1835,-0.0056002959713316045
1836,0.005284848705641049
1837,-9.657572181030307e-05
1838,-0.004936685160352093
1839,0.004668445043858902
1840,0.011624156139191115
1841,-0.013610072532711188
1842,-0.014657336411595685
1843,0.007649376790300012
1844,-0.005143768226387452
1845,-0.010943127372277397
1846,0.015088083174974594
1847,-0.004391614473357518
1848,0.004685515665978533
1849,0.009038068305439403
1850,-0.000952692717578175
1851,0.010472167714650855
1852,0.005792092006884561
1853,-0.010394294168667322
1854,0.020792684634068474
1855,-0.007755155687926998
1856,-0.027816950045254685
1857,0.015777983930278332
1858,0.011230487568137368
1859,-0.013532507770950983
1860,-0.01051310712397143
1861,0.0039031923601861784
1862,-0.0203402737388013
1863,-0.007000862785350369
1864,-0.009370086657817108
1865,-0.009679787032143653
1866,0.006008628893974747
1867,-0.0028086050884984174
1868,0.007563419882009781
1869,-0.003860202089441685
1870,-0.004234561540367036
1871,0.0008464655793675481
1872,0.0024091931520465186
1873,0.023972774308559017
1874,-0.0010353754983184634
1875,-0.005366566058815401
1876,-0.0012079536176628643
1877,-0.015654608560563776
1878,0.006899743600375394
1879,-0.011243316344131764
1880,-0.0007731669945281342
1881,-0.011716656392918908
1882,0.019343935425112996
1883,-0.008314080402401352
1884,-0.011094797759130613
1885,0.005099334227037789
1886,0.032499246723619576
1887,-0.0009967137918351543
1888,-0.011032433463791425
1889,-0.0023723407049445334
1890,0.0166218112838407
1891,0.0004963656391412623
1892,0.04017222553213724
1893,0.0001498986504900093
1894,0.0025106543641971973
1895,-0.007561754181963108
1896,-0.0031670090576689683
1897,-0.009104802812074398
1898,0.003600734674211145
1899,0.015336178057323947
1900,0.0008856422361798551
1901,0.0014307980620424739
1902,0.020354336415188638
1903,-0.004186972364525312
1904,0.0010072196508643585
1905,0.00489981985993756
1906,-0.011831278246458642
1907,0.011603208026187547
1908,0.026014291830720952
1909,-0.010599437758897568
1910,0.006641780262073331
1911,0.0029708355267077506
1912,0.0074962568710459495
1913,-0.0014682748539468326
1914,0.012698109863787409
1915,0.009446901721879446
1916,0.002666914079999075
1917,-0.01240924575053965
1918,0.013524566768459657
1919,-0.00456188216047803
1920,-0.009756939013571083
1921,-0.0009614874801281995
1922,0.004593311247256855
1923,-0.0028324557230723166
1924,0.0019714863429779812
1925,-0.010090632157863537
1926,0.005969568229146136
1927,0.007568404564478836
1928,0.0077378894341580485
1929,0.004747855392068714
1930,0.021318280817671537
1931,0.011229038634646745
1932,0.010446831281250095
1933,0.008788551357135048
1934,0.0005816409470786964
1935,-0.006924207546738466
1936,-0.005869411569763091
1937,-0.0015553125696254248
1938,0.007363007455871195
1939,-0.008616946046261564
1940,-0.008894232117208087
1941,-0.005449682199022808
1942,-0.01603998469248276
1943,0.00380121322972191
1944,0.011929283628305257
1945,0.002919037252003171
1946,0.0017012112584015961
1947,0.004364599792712515
1948,-0.0014470700454128418
1949,0.00445781615327861
1950,0.01842689852806611
1951,-0.00045392449239680066
1952,-0.021276007590946253
1953,0.010468948809731315
1954,0.020267209262024105
1955,-0.010611470257205172
1956,-0.021428929700780235
1957,0.0009227341117008181
1958,-0.005345849065382651
1959,0.003296810246877588
1960,0.021865908922225882
1961,0.005735066881621018
1962,-0.0008179157816245708
1963,0.006089805057268963
1964,-0.004204493423668114
1965,0.007902406502904375
1966,-0.01557310188331081
1967,-0.002066861064629329
1968,0.0012721579327608689
1969,-0.003912184963171384
1970,-0.0005660794869924319
1971,0.006864549384452673
1972,0.006147071533208779
1973,-0.018810211890939007
1974,-0.0007161870783979844
1975,-0.005759635744791082
1976,0.023144224113045623
1977,0.032504615479187385
1978,0.009181823738923272
1979,-6.466133674410616e-06
1980,-0.0029573645168793736
1981,0.0014000615106182423
1982,-0.012876109007534074
1983,0.005265111726774918
1984,-0.002017674279064893
1985,0.014757607620808756
1986,0.001190616495047716
1987,-0.009898656559655255
1988,-0.0036597103082233935
1989,0.005371750908907101
1990,-0.004866034696158423
1991,0.004165036417699682
1992,0.019337533430273945
1993,4.0665176978550695e-05
1994,-0.0007469451380104769
1995,0.007820702005394753
1996,0.021542671067665973
1997,0.010667606205206917
1998,-0.005769625669826428
1999,-0.006900240833970472
2000,0.01564530916549211
2001,0.00012474086650803866
2002,-0.010587562915520786
2003,0.0004079345906659491
2004,0.00956233242816345
2005,0.007730142650458303
2006,0.014195067734978197
2007,0.03174339073776662
2008,0.02423242261218655
2009,0.03185715455577256
2010,-0.006292065510075083
2011,0.015018605588600627
2012,0.0060179343556656965
2013,-0.004196589587009934
2014,0.02016291864728839
2015,0.02091628752844937
2016,0.002081743786604564
2017,0.012556473339918947
2018,-0.015579379766823375
2019,-0.013837129896153636
2020,0.0028761945578188778
2021,-0.009492646001599922
2022,-0.002824705848013679
2023,-0.005432346829451746
2024,-0.006511881827379275
2025,-0.011100788206759976
2026,-0.003103832700225211
2027,-0.0007035621506793442
2028,0.003275712007773381
2029,-0.007286280527446857
2030,-0.008715042978120927
2031,0.029879813055950517
2032,0.004469667590618586
2033,0.015146572555321036
2034,0.017383539737610018
2035,-0.001342833682523979
2036,-0.009466435642466948
2037,0.0070422118945548595
2038,-0.00919546431239143
2039,0.0023626266706636245
2040,0.018077236415850777
2041,-0.00015687639105028842
2042,0.0013017586811170819
2043,-0.008396937785835957
2044,-0.011493071218542837
2045,0.009314776554794586
2046,-0.027058382903830672
2047,-0.0012663374463758592
2048,0.005710066574888055
2049,0.0051581674764895466
2050,-0.0013293788029132732
2051,0.004891187375975851
2052,-0.0006532745974082818
2053,0.0016176896223401265
2054,0.030234369321093843
2055,-0.0030070449178337317
2056,-0.0009935024578778347
2057,-0.007697298286444245
2058,0.00131025990923921
2059,-0.0014959979050510961
2060,0.007672480667694587
2061,-0.0035648342565664168
2062,-0.018047840046185978
2063,-0.010419984671357026
2064,0.008709448466196446
2065,0.020253232772765407
2066,-0.017206870111328564
2067,-0.007239377215035462
2068,0.012751865091252172
2069,0.015805559193624363
2070,0.01638071571240968
2071,0.009449138268480465
2072,-0.0024856486259175656
2073,-0.021271383510894443
2074,0.007300998088325708
2075,-0.019485733943991234
2076,-0.003695742166195688
2077,-0.019998784384621448
2078,0.0018877645775475856
2079,0.003252853361169091
2080,0.01670364256019303
2081,0.0034801946433155816
2082,0.0020733335365433407
2083,-0.014458106844467496
2084,-0.0014175025504001417
2085,0.00752853466672477
2086,0.0178025051316543
2087,0.011498070267318911
2088,0.0014574619550299854
2089,0.0010998920669478933
2090,0.022658086791848175
2091,0.023659114429568303
2092,-0.012980629760988256
2093,0.014435492646486537
2094,0.008946914330175101
2095,0.002541574607136159
2096,-6.12235213010566e-05
2097,-0.009476877062953193
2098,0.01649673145114131
2099,-0.0013254538798087277
2100,0.0035987031335292536
2101,0.0021054541274061586
2102,0.00563781396293438
2103,-0.013437304096196312
2104,0.021663971820197546
2105,-0.01074238732449632
2106,0.009563012185317977
2107,0.003129426893282902
2108,0.013571814208003229
2109,-0.025508626601786707
2110,0.00397431206150412
2111,0.0011560541022925782
2112,-0.009463479278421012
2113,-0.00581967317684688
2114,0.010255119983725098
2115,-0.008131118501627071
2116,0.009934246939576188
2117,-0.005049314033883876
2118,-0.02191298853383598
2119,0.021476981066781142
2120,-0.002807585701381545
2121,0.010209796365094944
2122,0.018244082843710565
2123,0.0017307477605242492
2124,0.0024154485015097185
2125,0.04309437176422628
2126,-0.0030119889779959587
2127,0.0070858692428034985
2128,-0.0038072743466423336
2129,-0.0071827824735118525
2130,0.004351744857907727
2131,0.01583932733733217
2132,-0.008647882834582857
2133,-0.009685274387665154
2134,-0.010269032637225096
2135,0.03572563512550553
2136,-0.0048337649152228514
2137,0.007998288413777489
2138,-0.003153316322304266
2139,-0.0003738798087355392
2140,0.006907679225041657
2141,0.023560359901727678
2142,0.010437435701679154
2143,-0.004285380488832976
2144,0.011030323667587764
2145,0.010202248508443586
2146,-0.0059206307651249864
2147,-0.017453239994098313
2148,-0.014409923284081286
2149,0.025604785100015136
2150,-0.00031473782798003327
2151,-0.008368785497656935
2152,-0.010432860466868714
2153,-0.01758369501669896
2154,-0.007608858097466202
2155,0.010542881427193217
2156,0.0048488963757267085
2157,0.00942398103206291
2158,0.023174687064320375
2159,0.0006318087118782413
2160,-0.007034100630368051
2161,0.01993446427388104
2162,-0.010237783845799087
2163,0.001712084673874093
2164,-0.008586401325043626
2165,-0.0005632034795547526
2166,0.010634703001998536
2167,0.010748975047319356
2168,-0.016021318452710244
2169,0.017136846457496756
2170,0.023049504118581653
2171,-0.01022924635958341
2172,0.05245749131885565
2173,0.012162925079745413
2174,-0.017734089087887112
2175,-0.009869042605662702
2176,0.018488030839753443
2177,-0.004380727563486455
2178,0.013659239964816036
2179,0.007624007385872113
2180,0.011277588381293224
2181,0.0036162394605842698
2182,-0.004775378210466499
2183,0.004977231426359609
2184,-0.0045197555585171955
2185,0.004827595947184226
2186,0.001349015941754306
2187,0.0027922833051738853
2188,-0.007913721585904497
2189,0.017360731036337
2190,0.020607813005851395
2191,0.010600455530353717
2192,-0.004455745818512679
2193,0.002424289819795259
2194,0.009908110884932524
2195,-0.017527164977782006
2196,0.004517054946656563
2197,0.013758959840051313
2198,-0.0005987272410859786
2199,0.013155228435890674
2200,0.010908394758370455
2201,0.017345342759734535
2202,0.0010167037393189896
2203,0.003199968330309711
2204,0.011778972113496792
2205,0.021641206732546665
2206,0.010100277751014691
2207,0.006757768865560233
2208,0.0023736472714660103
2209,0.0015868968612411999
2210,0.015662492195544813
2211,-0.009979237747019015
2212,-0.009490069252109847
2213,0.015068347536631624
2214,0.0027164092992693774
2215,0.013359048780959275
2216,-0.015246288621106628
2217,0.011942446489849498
2218,-0.00663810788041793
2219,0.01682607683942336
2220,0.005590485902198915
2221,0.0017475687013670698
2222,0.03268380880188422
2223,0.00015538742797050668
2224,-0.006320811988713227
2225,-0.001034932225498264
2226,-0.0011184524755619178
2227,0.009272795846310562
2228,-0.00954288344050292
2229,0.006029538248046983
2230,0.016630366469511843
2231,0.007978526247995383
2232,-0.006264867189115085
2233,0.003537185058189114
2234,0.016175623065147096
2235,-0.006042093999070329
2236,-0.00691819301452806
2237,-0.0057132965272175045
2238,-0.009824775886036842
2239,0.0006868518219024312
2240,-0.000955632506266837
2241,0.004893123383076271
2242,0.004633018362786784
2243,0.00997897352751299
2244,-0.007799629989213094
2245,0.005960230582386216
2246,0.01838881729484278
2247,-0.014665078536481656
2248,-0.01307451702798733
2249,0.0009017021387932469
2250,-0.000704484459699565
2251,-0.0028689050465219097
2252,-0.002274944291131908
2253,0.01864584748563822
2254,0.0030167666536765735
2255,-0.0015455680050506361
2256,-0.0017965533635911322
2257,0.001914161048727458
2258,-0.006761291960553208
2259,-0.011744612844505915
2260,-0.00020331000070310655
2261,0.0003505199628017518
2262,0.003275454978304727
2263,0.02159255696839979
2264,0.010962099001168726
2265,0.0070739673039742585
2266,-0.00338534170058777
2267,-0.0031748675995184822
2268,-0.00031391602933395103
2269,0.0031638746981598907
2270,0.013286632877857354
2271,0.005353877416719646
2272,0.0025299997463908864
2273,0.01737106897426235
2274,0.018862309179372528
2275,0.021642473764759015
2276,0.013296302490157935
2277,0.012614623200313023
2278,0.010201072378663984
2279,-0.0059187698735647
2280,-0.0023044985624443124
2281,0.007317505576889424
2282,0.003355873009074197
2283,0.00269685833699916
2284,0.017177661716747054
2285,-0.01311071073975851
2286,-0.009627530269586834
2287,-0.007092985788570738
2288,-0.005949312020657098
2289,0.002203080441181991
2290,0.00040034582631535054
2291,0.0022367135738598555
2292,0.029158755341077213
2293,-0.0012198453045410354
2294,-0.008516012011857439
2295,-0.013142205601561633
2296,0.0005894766861732779
2297,0.01793050230497604
2298,-0.006279122302028741
2299,-0.0025113520952192115
2300,0.006812615550800456
2301,-0.008484909007299422
2302,0.0023872826329547365
2303,-0.018801429289824832
2304,0.021833020633711175
2305,-0.002555916389294708
2306,0.0046818187279451294
2307,-0.0018186816638613276
2308,0.004548917060340348
2309,0.017321859646749607
2310,0.005017558447234162
2311,-0.005746066895150333
2312,0.04505650019742777
2313,0.002212772716237044
2314,-0.01229435417429139
2315,-0.004240986635768796
2316,-0.0011342104022716458
2317,0.0062452729629680955
2318,0.00292575569741357
2319,0.016555442026249288
2320,0.0010599871211133976
2321,0.0418325776924665
2322,0.01144071673792175
2323,0.016263252751009635
2324,0.007340095100106702
2325,0.0021826987646238276
2326,0.005806574170000967
2327,0.008703399359871208
2328,0.00834022367471943
2329,0.00420689214092607
2330,-0.018663748329509847
2331,-0.002244866768370721
2332,-0.0031062426965324462
2333,-0.010248867009609886
2334,-0.00688932534240462
2335,-0.0016179084499315217
2336,0.024682505145971475
2337,0.0218910928444131
2338,0.018579591282428778
2339,-0.004075398303593665
2340,-0.0044947926747687435
2341,-0.009945012475825752
2342,0.021699487226412836
2343,0.03353557259549033
2344,0.012313556803422767
2345,-0.0034711134592302975
2346,0.011266444758602357
2347,-0.0032777769519820514
2348,-0.005543123040053912
2349,0.014153883205693416
2350,0.011363383086781075
2351,-0.0032731487391071848
2352,0.026922816964822273
2353,0.007211075686872006
2354,0.006799178103663686
2355,0.0020303475377773765
2356,0.005748268876005197
2357,0.027038614616443912
2358,0.007902731537984486
2359,0.010333834755835476
2360,0.02342248762937862
2361,-0.013850693280851362
2362,0.011467567669750682
2363,0.02597341603710244
2364,-0.00011597086011048864
2365,0.01404212609155226
2366,0.015757660586235844
2367,0.0026114118243372457
2368,-0.0066467280512888536
2369,0.022602689411815542
2370,-0.002473427636583841
2371,-0.0113218061449156
2372,0.009992373464438447
2373,-0.0035186341984089755
2374,-0.010058653997009642
2375,0.024647772767033574
2376,0.02235467057103571
2377,-0.002421483021130972
2378,-0.006857333082279857
2379,0.007472476631525821
2380,0.030662362758627774
2381,-0.0015043533927049139
2382,0.028269199000337145
2383,-0.008973319942060402
2384,-0.010989371034582012
2385,0.0012775739626742083
2386,-0.004875595725164778
2387,0.0043887282607224685
2388,0.007699889252909588
2389,0.016829672702754123
2390,-0.011353806955455239
2391,0.0013966455772301378
2392,-0.02850747003350014
2393,0.03047419119784213
2394,-0.014179301647291045
2395,0.005938540166609623
2396,0.008350119909016223
2397,0.005469894729953838
2398,-0.008999088501171522
2399,0.0031503053561917453
2400,0.0010696008756672219
2401,0.010832372635136754
2402,8.702375419967572e-05
2403,0.006446869911718908
2404,0.00789452639385531
2405,0.006798173224331417
2406,0.000450382156306581
2407,0.007786600135828591
2408,-0.009610015468486933
2409,-0.00365709239324973
2410,-0.000597239916376803
2411,-0.012369401725532875
2412,-0.01004609995499474
2413,-0.013832626624425201
2414,0.005314082506857471
2415,-0.007367647469813855
2416,0.007860763193018169
2417,0.021726546059116357
2418,-0.005351046422053996
2419,-0.00036107551572612487
2420,-0.0031462315987576873
2421,0.007484529258177058
2422,0.013142362361774556
2423,-0.002196213232876922
2424,-0.0010307047386063598
2425,0.017775744227847314
2426,-0.0050274591102719155
2427,0.0031997687139388433
2428,0.018694844356496057
2429,-0.002559449729785381
2430,0.033468194214328305
2431,-0.007496465347262935
2432,0.006435541386655667
2433,-0.0003535068789245963
2434,-0.0003957836625012157
2435,0.00724736559875328
2436,0.009868490263463715
2437,0.02358560753257381
2438,0.00762728900595325
2439,-0.008382836952204509
2440,0.017954158753019107
2441,-0.012198449331539445
2442,0.004502345719719576
2443,-0.01265290246293025
2444,-0.008082134901896241
2445,0.013652051871840263
2446,-0.009761313102204872
2447,-0.018647067402629038
2448,0.006189650180720365
2449,-0.006614955054121561
2450,-0.007646327367530162
2451,0.002278991348922084
2452,-0.009824552823498011
2453,-0.004787822760829076
2454,0.03668990743458834
2455,-0.011211315884263173
2456,-0.00879676586595242
2457,-0.004193130921903624
2458,0.023281067584980598
2459,0.007089681995894526
2460,-0.012209536534892809
2461,-0.0066462963888294126
2462,-0.003227030181196091
2463,0.0023842195690036198
2464,-0.0032910839602373295
2465,0.0011764924498935633
2466,-0.010563186897662964
2467,-0.0033509233471520914
2468,-0.017667690598927113
2469,0.006619359776512686
2470,-0.008068646951782242
2471,-0.013091894059611376
2472,-0.005018541164113266
2473,0.004604962239113372
2474,0.0016726257068334313
2475,0.007223831222179169
2476,-0.001941106795046785
2477,-0.01764429564057816
2478,-0.01696409792988635
2479,0.015239242360926683
2480,0.0038465938720114792
2481,0.034329643204767925
2482,0.012140298321738945
2483,0.009476227146240659
2484,0.002875620678086175
2485,0.009656724496607831
2486,0.013074198727094904
2487,0.01042615569633323
2488,0.002722704274237243
2489,0.0017916679635734275
2490,-0.011198247669828474
2491,0.0059468267443973915
2492,-0.0007844580837468157
2493,0.010193560249658786
2494,-6.849095268413415e-05
2495,-0.0011927638521613347
2496,-0.00030613951021071025
2497,0.005553401915352994
2498,0.013792884240486353
2499,0.015899709271245246
2500,-0.000108293474984732
2501,0.0043166626330396855
2502,0.007526412162132681
2503,-0.01811903411791029
2504,0.011038806539821068
2505,-0.021708566791598594
2506,0.023606830865429515
2507,0.0018285385749211914
2508,0.008937858297052815
2509,-0.01284254982100041
2510,-0.0013801737139545437
2511,0.019464153969780483
2512,-0.003677383931233591
2513,0.020053726318576243
2514,-0.018668847711021678
2515,0.004889716760370351
2516,0.01585364163018833
2517,0.00872503433204807
2518,0.00566263521314574
2519,0.006455233070104437
2520,0.025529920863691238
2521,-0.009970910172864394
2522,-0.013780920188244086
2523,-0.00597253813088704
2524,0.013379180799871278
2525,-0.02061738357711252
2526,-0.01458792846318825
2527,-0.0015708369737212435
2528,0.019999760631848894
2529,-0.006721525420403838
2530,0.0009878247284894743
2531,-0.007700475291165243
2532,-0.017477841792789554
2533,-0.006566882665389686
2534,-0.0015282841364638458
2535,-0.0023340538716490333
2536,-0.012310609953610123
2537,-0.0018521211305324364
2538,-0.00047031167598945295
2539,-0.004359217588942706
2540,0.0016825952167558028
2541,0.006332325939118707
2542,0.016145103337900854
2543,0.02921180041511231
2544,0.0015542747557043455
2545,-0.00850095265703396
2546,-0.0006562174987972146
2547,0.013675999708055525
2548,0.014690370066289354
2549,0.02519352233479922
2550,0.02661807800996813
2551,-0.007320582594652383
2552,0.01492258081323491
2553,-0.0031956266713576782
2554,0.01619716604396835
2555,-0.008925398668043628
2556,0.019241489323883743
2557,-0.006624230723497149
2558,-0.015976339647251963
2559,-0.007228949160894777
2560,-0.0016913008224985432
2561,-0.0018361718621630314
2562,0.0013932493352170764
2563,0.011090671879578014
2564,0.015011588396892834
2565,0.007320956816520119
2566,-0.016898919824105595
2567,-0.009929207581402436
2568,-0.016383040045604275
2569,0.0011598047035954588
2570,-0.008134286727163407
2571,0.009934248385482907
2572,-0.008679715818105652
2573,-0.0008966912496803841
2574,-0.00864549908266216
2575,0.00154003351169096
2576,0.01273516010942267
2577,0.0013721625700190783
2578,0.013708890447454746
2579,0.0010456393581461639
2580,0.0076294703101473845
2581,0.01350134427423801
2582,-0.005770026121696708
2583,0.036313930047163795
2584,0.01005311136372795
2585,-0.01716981137291886
2586,0.018086470645180826
2587,0.0012969038955714387
2588,0.011662450809838413
2589,-0.001312753243237208
2590,-0.004436707113005274
2591,0.012559708629677174
2592,0.008690989080811623
2593,-0.012822491410864516
2594,-0.0010302323036305207
2595,0.012223455565566074
2596,0.0030782782557229075
2597,-0.012232697816219947
2598,-0.0014883981287612787
2599,-0.00692903101660524
2600,0.0030170349926780453
2601,0.014406455933708354
2602,-0.005138944838864356
2603,-0.0037331379339988384
2604,-0.0005576646859283312
2605,0.01269898179259468
2606,0.010628858124142892
2607,0.00616113184423019
2608,0.018243902076635492
2609,-0.024554806565290202
2610,0.014775428966823783
2611,-0.008848757593902513
2612,-0.0006021466029413352
2613,0.028686668967847325
2614,0.0043320846463940224
2615,0.010243327309958408
2616,-0.0059843953176189684
2617,-0.001432816343539346
2618,0.005308456517320514
2619,0.0182250535863794
2620,0.0030869162585357747
2621,-0.013373664977795796
2622,0.018158356426858004
2623,-0.014260701460081394
2624,0.02016578134954712
2625,0.02227746773893288
2626,0.007331106379022332
2627,-0.014824156090911478
2628,-0.004439897326076963
2629,0.0179677547379027
2630,0.00041920228207659546
2631,-0.005013419652394771
2632,-0.007829262777786703
2633,0.024940260157435036
2634,-0.008724652310600762
2635,0.0073228841325733455
2636,-0.005189259438875016
2637,-0.012763684394271203
2638,0.005012636666355285
2639,0.011093460008823365
2640,-0.010436776556726304
2641,-0.0037771751615738387
2642,0.0038119965744917083
2643,-0.00409148435113241
2644,0.0064330662461510495
2645,-0.017116882132585342
2646,0.00940970331800708
2647,0.013207393073848677
2648,0.010297130532194502
2649,-0.003997844497591894
2650,-0.0023801230962528187
2651,-0.0014743206042591062
2652,0.0036588527065701923
2653,-0.00040809167413317536
2654,-0.012575887718709195
2655,0.009610185919448946
2656,0.006608605092326129
2657,0.007234945974821365
2658,0.009299431252423012
2659,0.02343325115092133
2660,-0.003817720060052718
2661,-0.010798193537216031
2662,0.003238933547798515
2663,-0.0030610532018506033
2664,0.00118905394116727
2665,-0.006252682082831052
2666,0.008106719573444087
2667,0.007028871334043865
2668,0.02178689620047721
2669,0.01794784561003413
2670,0.033129741263314826
2671,0.0012581277317206742
2672,0.017217976292095594
2673,0.013767305783385924
2674,0.008184116986482148
2675,0.021936046763348666
2676,0.016360660972284412
2677,0.00642455009625873
2678,0.00755020530456268
2679,-0.003719639482529372
2680,0.005348045271337765
2681,0.010364229882187024
2682,-0.015811487813756974
2683,0.01590580806714872
2684,-0.007756051331692509
2685,0.005626954132236145
2686,-0.0019430518697185575
2687,0.00948540654005189
2688,0.0005674274339103709
2689,0.007388752046242314
2690,-0.005843276743605923
2691,-0.00773543146579238
2692,-0.013021160433548638
2693,-0.0015628270969043926
2694,-0.008934003427973009
2695,0.0036512360884152174
2696,0.004634897834904985
2697,0.0137267996523008
2698,-0.00622980231659802
2699,0.0029125456130371743
2700,0.005493649103799566
2701,0.002984303581006071
2702,-0.01286732464698604
2703,0.004691599467630496
2704,0.007499604421164017
2705,-0.006954435968234559
2706,0.0028609197128698044
2707,-0.007764897604736398
2708,-0.00841389434059176
2709,-0.003411516597065327
2710,0.01659347336532369
2711,0.016258496543737788
2712,0.016698358096228237
2713,-0.007512891199386823
2714,0.01178988927345823
2715,0.007372634592974147
2716,0.0015369801887752121
2717,0.015488273248140757
2718,0.026172370066246422
2719,0.0035825032935641876
2720,0.0011697857840886076
2721,-0.0007332660848707569
2722,-0.008385993919582708
2723,0.0052005454303660735
2724,-0.0038635873440152663
2725,0.008706453837230437
2726,0.024147692288323884
2727,0.001566214789191491
2728,-0.009272065197240716
2729,-0.002515533000971174
2730,0.003947426930245538
2731,-0.009424729112355073
2732,0.016121777767569286
2733,0.008313702456264373
2734,0.003442235729129803
2735,0.014716565897631461
2736,-0.014344346547729233
2737,0.0015071125078220413
2738,0.008572561031410953
2739,0.011402008186841513
2740,0.001768812544170319
2741,0.0034435085192627383
2742,0.030518859581587246
2743,0.012868156519104881
2744,0.015842533499689684
2745,0.004806660912974875
2746,-0.0012489148769021722
2747,0.011811648082007964
2748,-0.0032610587886951503
2749,-0.0029212340053402707
2750,-0.008736362587632253
2751,0.006386664552494754
2752,-0.015270362536635539
2753,-0.0050241390665451795
2754,0.007167109928977158
2755,0.001735785089296556
2756,0.0014354604611765593
2757,0.030982264731985305
2758,-0.009194563845815023
2759,-0.0054823544523676365
2760,-0.010937901437688333
2761,0.025092420625357763
2762,-0.00971266982482434
2763,0.016621161498772387
2764,0.0013606273810371362
2765,-0.006947669847632402
2766,0.023466894894601093
2767,0.01300956910380113
2768,-0.008316002001807874
2769,0.009708796651792166
2770,0.024857923477223084
2771,0.002942330595991773
2772,0.0031265341043221185
2773,-0.003490488538985218
2774,0.031167197460728973
2775,0.011828665269283492
2776,0.0012310917585977345
2777,-0.011505828937618626
2778,-0.006796552533239686
2779,-0.007459825415441194
2780,-0.006004569801508099
2781,-0.00824761182424822
2782,0.0037707073176298954
2783,0.006846553633086874
2784,0.013256001845006072
2785,0.0032265319887934945
2786,0.007317889850945661
2787,0.016463240829772602
2788,0.004819796377249224
2789,0.012849383409158997
2790,-0.015204984471760502
2791,0.010991792482939864
2792,0.007657648328105512
2793,0.0030980412332014214
2794,-0.005355281851168473
2795,0.012437064757994153
2796,0.006845706642980511
2797,0.015194248137818523
2798,0.002933102550886949
2799,0.0053568748667106045
2800,-0.010764371030235958
2801,0.00494749645905332
2802,0.022178075851526133
2803,-0.0006117782807952258
2804,0.0022666055483924795
2805,0.03149664232508703
2806,0.022743406907430343
2807,0.01865472721880675
2808,-0.007866823844604945
2809,-0.001322694973711697
2810,0.003078578600078247
2811,0.015670615402026886
2812,0.016448733149475717
2813,-0.0021677817142858827
2814,0.00735542546049602
2815,-0.0024965797329398985
2816,0.019082804479542
2817,-0.0038798853393741265
2818,0.00383453021353271
2819,-0.02565370708993662
2820,-0.00878892657649837
2821,0.0030957886115493237
2822,0.01349089084217624
2823,0.021829849157556938
2824,-0.01100474757441207
2825,-0.015449527233013774
2826,-0.0010575715594581642
2827,0.012952263983741033
2828,0.002086431002232736
2829,-0.01274895096078423
2830,0.043071398493453664
2831,0.0211331590714269
2832,0.00865706081955736
2833,-0.0015805356705908262
2834,0.0015010778244655906
2835,-0.003527735261426503
2836,-0.0010351980168331618
2837,0.016591520117229325
2838,0.0036030545968526347
2839,0.003915482131100112
2840,-0.0010384827780407933
2841,-0.009637553524634919
2842,0.008248463542218335
2843,0.014285311974504986
2844,0.02435568188008104
2845,-0.001918637234451719
2846,0.007628387492491713
2847,0.010119853520290335
2848,-0.008849243064550245
2849,0.01647807164427925
2850,-0.01809533393627632
2851,0.010399391706758037
2852,0.008680832781792712
2853,-0.0035579582555246014
2854,0.010575987567916615
2855,0.0034051412660872265
2856,-0.018054034488264346
2857,0.010687281852815507
2858,-0.009448204412438025
2859,0.022575720354231697
2860,-0.008641847992277605
2861,-0.005698195557468694
2862,0.0007686947857471786
2863,0.022794395434844062
2864,0.008644376310179674
2865,0.0020022130295268737
2866,-0.008074828561330823
2867,0.012766705151406557
2868,-0.010004207592695566
2869,0.018128223805959492
2870,0.0024221327824854744
2871,0.03671040116681016
2872,0.005260412122997016
2873,0.006562430782338053
2874,-0.013154665102517145
2875,0.006119505325435275
2876,-0.0037411818406907216
2877,-0.0038910684660668124
2878,-0.013584705791545222
2879,0.009155731005052015
2880,0.012977097324313737
2881,-0.009358584808643875
2882,-0.006469051996319604
2883,0.018614842854418584
2884,-0.008324117800667618
2885,0.022525400437803638
2886,-0.011730671627995657
2887,-0.006958174159579656
2888,0.007056367950085184
2889,-0.013552334739704177
2890,-0.0019993976153485017
2891,0.01234378746635739
2892,-0.009786178644527022
2893,0.001684816951556327
2894,-0.005131432875685349
2895,-0.005771238737469096
2896,0.010164962183618535
2897,0.013708419586258198
2898,0.016808707284217832
2899,-0.00385416786800564
2900,0.011696744204288142
2901,-0.0015584138557488655
2902,0.014054028063914925
2903,0.007253667240844667
2904,0.011588536604229259
2905,-0.012706295485862726
2906,0.002688859419070013
2907,-0.0029851626980692803
2908,0.007855680743064733
2909,0.026948634138319844
2910,0.017406118503616327
2911,0.015666364646226526
2912,0.008738130700384726
2913,0.019165280043118325
2914,0.0017453903460740374
2915,-0.0129266245344365
2916,-0.0007228332363439572
2917,-0.003465475652463865
2918,-0.0058753254186094455
2919,-0.0033216437052111703
2920,0.005653981781383588
2921,0.0024985752581709584
2922,0.0046319273217320526
2923,0.002322632719740576
2924,0.014168742195805363
2925,0.009783489015375698
2926,-0.0058386526883627615
2927,0.007373650404500706
2928,0.011913062364794901
2929,0.0018732298411350205
2930,0.005006639975783295
2931,-0.0007491754432444933
2932,0.01272516774375631
2933,0.013394603180688233
2934,0.013824999569494567
2935,0.0073133489541441134
2936,0.02181000067518725
2937,0.004346720264783977
2938,0.0014712758086119302
2939,0.027306495216249678
2940,7.373948599635786e-05
2941,0.0012090597609832063
2942,0.006349411480046873
2943,-0.01289865985954982
2944,-0.01534425820446913
2945,0.006844606959707976
2946,-0.02349717974051292
2947,0.012746683182109387
2948,-0.005518933911353387
2949,0.008569630367410897
2950,0.018297100930065837
2951,-0.017291174713272326
2952,-0.00302999797288001
2953,0.002794708186108399
2954,-0.015917849796451087
2955,0.003436103994587853
2956,0.00523487913489464
2957,0.026284867412632373
2958,0.009062905623368618
2959,0.004348547561296693
2960,-0.011944181761421903
2961,-3.204020556217749e-05
2962,-0.0015146599657308874
2963,0.00797732946173239
2964,-0.0030906268305186963
2965,-0.008480789363059663
2966,-0.004384596654396402
2967,0.011711602289298913
2968,0.00928028184228779
2969,-0.0024259643212937135
2970,0.005052673036291784
2971,0.023637658469057323
2972,0.012174663088887228
2973,-0.0034193505383561464
2974,0.006964844109697253
2975,0.02383710108712268
2976,0.018801519697539352
2977,0.019537445688170844
2978,-0.006860474582651214
2979,0.0013889192767571872
2980,0.009020148933236976
2981,0.009963168933474927
2982,-0.01198776589190486
2983,0.011563370859173111
2984,-0.006621217538139523
2985,0.013296352465746035
2986,0.0025258936356951987
2987,-0.01077429927685562
2988,0.008066125718132885
2989,0.0013164283334951405
2990,0.008301388027604602
2991,0.017819826139016347
2992,-0.008254720625208363
2993,0.0016943317013880823
2994,-0.0006958545727817656
2995,-0.0025059690645969344
2996,-0.005108142996059787
2997,-0.002013394665978289
2998,0.0026066347131503344
2999,0.00597057528097638
3000,0.010507995978428004
3001,-0.0021443058585454296
3002,-0.01108055229540319
3003,0.01529404517775426
3004,-0.0027328316445068583
3005,0.025435680003630966
3006,0.002180346132170466
3007,-0.019311407157883907
3008,-0.015781530043756768
3009,-0.008664425067828597
3010,0.003046415525119029
3011,0.022561346919723845
3012,0.0024496691630889705
3013,0.006398732471969367
3014,0.01742126242979328
3015,-0.0031549434878463314
3016,-0.0023584898711218037
3017,0.004813732851454913
3018,0.01177820157942891
3019,-0.012951408259152596
3020,0.011499912614998742
3021,-0.020564606710527247
3022,0.011471552972712434
3023,0.0014780013827977233
3024,0.011474273245167728
3025,0.008424943494518795
3026,-0.0007127512157979237
3027,0.01133780389870538
3028,0.011809409595102453
3029,0.005667750013878063
3030,0.014673753898703427
3031,0.0031423560832793116
3032,-0.004770393197834068
3033,-0.007961984942137658
3034,-0.0031747239640444688
3035,-0.005754965484852836
3036,-0.01165781746073267
3037,-0.0017463171925845005
3038,0.0016241773260814653
3039,0.00011663376316017799
3040,-0.0034121750666833484
3041,0.006421405087022348
3042,0.0027169551280092816
3043,0.002054463843355127
3044,0.004136348317134464
3045,-0.008702614234701242
3046,0.003677921933971919
3047,0.025775897773855055
3048,0.00948547719685504
3049,0.006502971414294748
3050,-0.008838733753899958
3051,0.01041665158603319
3052,0.010747067973798978
3053,0.007638626389605075
3054,-0.017406751990499392
3055,0.005621723424481927
3056,-0.0001316258160196403
3057,-0.01500128052851196
3058,-0.010289795342479823
3059,0.030237448810913937
3060,-0.02574250028497398
3061,0.015281528191444531
3062,-0.0042326625171323065
3063,0.009674236121282369
3064,0.007235936001284352
3065,0.0030733327783947924
3066,0.01385566749165963
3067,0.0025814476027496
3068,0.00031373654688866625
3069,0.021100000801068296
3070,0.007387287363960282
3071,0.002621708391221057
3072,0.00671779289370265
3073,-0.007766275369773538
3074,0.012985138983011063
3075,0.013328039841548811
3076,-0.012654931467811052
3077,0.018936995666136013
3078,0.0059958600198112885
3079,-0.005701752020746817
3080,-0.0036529916567549984
3081,-0.006915791044206458
3082,-0.0021310851450520455
3083,-0.016050633537112263
3084,-0.015019855879983184
3085,-0.004024792606505746
3086,0.022751303775121107
3087,0.00818725864656
3088,-0.005722737165112153
3089,-0.0006028568879986483
3090,-0.004601820364939341
3091,0.005250654303691611
3092,0.013953805881216018
3093,0.012821949154195073
3094,0.03087995209801147
3095,-0.004420363252676556
3096,0.03325940013320655
3097,-0.007350084160965175
3098,-0.00916186705610067
3099,0.00937116859172138
3100,0.0012785810249029386
3101,-0.014003418901177065
3102,0.01023222734811061
3103,0.014839105991796532
3104,0.00021643660194773078
3105,0.023284266618718165
3106,0.024895035736335912
3107,0.0005802962833845091
3108,0.01564161582518088
3109,0.0036198932712948884
3110,-0.023997785660171442
3111,0.018714549145953916
3112,-0.0019722747268046156
3113,-0.0033749049656299494
3114,0.0014615629011088395
3115,0.0043231365450131926
3116,0.00721388555982955
3117,-0.0006281532335090876
3118,0.009361927899069037
3119,0.027873749589237686
3120,4.5774983753984936e-05
3121,-0.009014659830409059
3122,-0.00231292588528335
3123,0.007706479687595923
3124,0.007943143202212299
3125,0.015737964517373138
3126,0.004551099911806413
3127,-0.003081829671673836
3128,-0.0164442443935042
3129,0.017872015895471813
3130,0.005998147030153859
3131,-0.013462831963963362
3132,0.011065945789030474
3133,-0.013667893193309976
3134,0.015993986849471193
3135,-0.0036129521003226595
3136,-0.00637982371758937
3137,-0.010937534730858808
3138,0.011152548209582128
3139,0.027185852811656967
3140,-0.0025619251642662122
3141,0.0022083834150536884
3142,-0.009109458857834797
3143,0.014245197945602235
3144,0.026243353055206288
3145,-0.004431171303213593
3146,0.014195084754032366
3147,-0.007713223748873104
3148,0.005064325576530893
3149,-0.008342949442712258
3150,0.019307906866817437
3151,0.004375525790048718
3152,0.00916693316990437
3153,0.015104048352507865
3154,-0.003523848367898281
3155,0.007626749988837256
3156,0.021217643575357097
3157,0.007329484327131178
3158,-0.015660246232064138
3159,-0.0017909094800969477
3160,0.004657273281451881
3161,-0.0028738688213590883
3162,0.007369503765153476
3163,-0.01055146078990155
3164,0.005298406333469822
3165,-0.010868857640999265
3166,-0.01237866738087801
3167,-0.015160466834070775
3168,0.005823101585534161
3169,0.003998107430658481
3170,-0.005688912403216691
3171,-0.00788670595887238
3172,0.009096026124856636
3173,-0.010163068055724585
3174,-0.005998805868939005
3175,-0.010127758254488172
3176,-0.0031037054272000796
3177,-0.006910720861455914
3178,0.01277606132915129
3179,0.003102653931578719
3180,-0.0034803068386643245
3181,0.0010353811582867675
3182,0.012380066415730287
3183,0.02140823509545183
3184,0.027502473536172137
3185,0.03268673779104438
3186,0.004403048052565093
3187,0.002352775859595025
3188,0.006484643923202534
3189,0.006743048929219322
3190,0.0032501844182514514
3191,0.01219956635121668
3192,0.010956048619949175
3193,-0.009062411621267018
3194,-0.0030749851419711767
3195,-0.0024472736091857563
3196,0.0030166389650416697
3197,-0.008523094621352185
3198,0.0012588425416481825
3199,0.013709063684256336
3200,0.02728750984997695
3201,0.0005771696164181932
3202,-0.009547104104908364
3203,-0.02269287086216585
3204,0.007859216505214855
3205,-0.00600037897369089
3206,-0.002525024190871882
3207,0.009067856273674575
3208,0.014570199943095474
3209,0.012702236724180546
3210,0.002767341326766609
3211,0.0038383153334345783
3212,0.0016092067780272333
3213,-0.00327593571252232
3214,-0.00862444405629561
3215,0.012669981141395866
3216,0.0033181258187242857
3217,-0.002981796470811933
3218,-0.01128240592337744
3219,0.005349586609004011
3220,0.012807937794857498
3221,0.008334584000899772
3222,0.002089835396732872
3223,-0.019772806043984188
3224,-0.004159822456753476
3225,-0.003842387822008995
3226,-0.0041011182740659955
3227,0.010886542312528714
3228,-0.008296955884621763
3229,0.024955951732963524
3230,0.004435444135254777
3231,0.007771066693451945
3232,-0.003471710736266076
3233,-0.004462320063886258
3234,-0.002202543116014033
3235,0.026417251387322656
3236,-0.007581977083323868
3237,-0.010948446396645991
3238,-0.0056759257445190186
3239,0.005083039542253463
3240,-0.010493186327810195
3241,-0.01280795449207313
3242,0.0235260699243146
3243,0.004054330387771396
3244,0.017113734938070023
3245,0.007633083676510985
3246,0.012786161173598286
3247,-0.011455856280937508
3248,0.0031504883351703887
3249,0.007962021735208389
3250,0.014244657790345141
3251,-0.0026057725706954277
3252,0.01846140215591997
3253,-0.002227134274421334
3254,0.030001574733893473
3255,0.010096876723876796
3256,0.0031179931680302107
3257,-0.012866061994524612
3258,0.028303521128529945
3259,0.001131988820813709
3260,0.007342408408461153
3261,-0.0026488100196184823
3262,-0.010008283366169823
3263,0.0018956072588255692
3264,0.0010356005262218166
3265,0.006298619027581362
3266,0.02486060159965523
3267,0.014126009823578367
3268,-0.007419107542204862
3269,-0.0009358329650592726
3270,0.026219405257140897
3271,-0.005261947156134054
3272,0.0020547627803141084
3273,-0.0007000027958016022
3274,-0.01632738715164907
3275,0.015445965627123205
3276,0.01062370561904279
3277,-0.006064955184138207
3278,0.0017467417746107302
3279,0.014135222124894858
3280,-0.009018031102140597
3281,-0.01156056689254707
3282,0.02243771500024979
3283,0.01406887894120227
3284,0.0003997089287239952
3285,-0.022826555120316144
3286,-0.01384533184430545
3287,0.022145373510577944
3288,-0.0019620316585922106
3289,-0.01688723030100665
3290,0.008485060517121855
3291,0.00027684131323335457
3292,-0.003502317388024557
3293,-0.003970022549584289
3294,4.0981583709048496e-05
3295,-0.010219684767370098
3296,-0.0023504758998291945
3297,-0.02232762867579912
3298,0.012117356211670344
3299,-0.014573237127354994
3300,0.02553196382613494
3301,0.022627388881452784
3302,0.025230629566929952
3303,-0.00808074903492798
3304,0.006016908706657713
3305,-0.020104956321053174
3306,-0.0025728922643698873
3307,0.007441942392553563
3308,0.01047783266798484
3309,0.00493413880021697
3310,-0.008119870095935254
3311,0.02764232174100359
3312,-0.001234881716415503
3313,0.008419675172792122
3314,-0.007125371125037988
3315,0.0012794652595085887
3316,0.004113029394832106
3317,-0.0020714422988440217
3318,0.009070137471232571
3319,0.0010458405385564004
3320,0.004665122469645231
3321,-0.010108725817008413
3322,0.020035951412733205
3323,-0.007441196616121155
3324,0.013028357273632673
3325,-0.007538671361518558
3326,0.013552099847689162
3327,0.002638594704099923
3328,0.026699893404260572
3329,0.0027410268320436056
3330,-0.012799911058383488
3331,0.024412039523466385
3332,-0.00786947000793062
3333,-0.006248469395926392
3334,-0.008421016841373625
3335,0.015456543642286267
3336,0.013041198510925353
3337,0.003094611127799367
3338,0.004908219940020866
3339,-0.009061121223520431
3340,-0.005217187392029705
3341,0.0007078678660776985
3342,0.0009405346671364952
3343,0.014144055465322963
3344,3.0013114427048547e-05
3345,-0.004663425158179959
3346,-0.005471970116325221
3347,-0.01695024807847069
3348,-0.0010451322748426194
3349,0.00821069222168791
3350,0.01953073602258251
3351,0.01762440825598837
3352,-0.0006673959707681925
3353,-0.004753848359928506
3354,0.02454196079651853
3355,0.00960116309521811
3356,0.0003703770629094639
3357,0.00692154930888394
3358,-0.0013422130065612547
3359,-0.0006926294723276056
3360,-0.0002509808806050642
3361,0.015242637813290195
3362,-0.0042320346061394485
3363,0.010274043562248474
3364,0.011880718920339246
3365,0.010229774689110018
3366,0.010969225924623915
3367,-0.006538479839597016
3368,-0.0026609351705370104
3369,-0.01199784279182384
3370,-0.01765563473279968
3371,-0.0020978802905502734
3372,-0.018405207322387398
3373,0.024718990065753187
3374,-0.01819658853476849
3375,0.030665948923470947
3376,-0.01607655010533397
3377,0.013764481754674372
3378,-0.005858234431172974
3379,-0.013610496972252209
3380,-0.01745442726015829
3381,0.010127348895250935
3382,0.007729523973107211
3383,-0.016987664870345174
3384,0.0054315673281543205
3385,0.0090758330761206
3386,-0.01649751131197223
3387,0.014504293501274183
3388,0.005881422732115502
3389,-0.02456193573055914
3390,0.004758169284884209
3391,0.003081639969168641
3392,0.0020191501271493812
3393,-0.002530292591871336
3394,0.00839235571370336
3395,0.015363525733249917
3396,0.020121115949872648
3397,-0.017974100598181348
3398,0.021945379655913366
3399,-0.03322874580353403
3400,0.005382536431499464
3401,0.013883160607160657
3402,0.007441803453907696
3403,0.004803153004860032
3404,0.006018979228871759
3405,-0.01954555127619052
3406,-0.004004019826291519
3407,0.0279724063085313
3408,0.003396477048132101
3409,-0.0033122098903186482
3410,0.0052457412000452945
3411,0.010302646359989783
3412,-0.00019388029403197645
3413,0.004624267253704571
3414,0.006919436613246749
3415,0.010259242517406007
3416,0.0037490742071208966
3417,0.008591104507727064
3418,-0.0023740791613639806
3419,-0.011347910494940881
3420,-0.00019679624119471123
3421,0.007916190207696567
3422,0.011664241271494789
3423,0.0009791778623543502
3424,-0.01646874926729719
3425,-0.004870912056238546
3426,0.02861111354808954
3427,-0.0002082830725185824
3428,-0.015300453103969644
3429,-0.0013339840381086587
3430,0.0023857353057879604
3431,0.021354486995120606
3432,0.016464930486670866
3433,0.009592292849867933
3434,0.03847173702772251
3435,-0.012159158102622507
3436,-0.005415381459884146
3437,0.003249848066770685
3438,0.026472436931552736
3439,0.0018090424335010643
3440,0.011007571965880638
3441,0.00503068588105107
3442,0.013843030250285064
3443,0.02100930374791807
3444,-0.010840482263224413
3445,0.019362686975375486
3446,-0.004714058590277646
3447,-0.002882128521668021
3448,-0.018852101001620183
3449,0.01250322065307745
3450,0.005422935634658132
3451,0.026160481474495262
3452,0.029813943903131315
3453,-0.01391156728890457
3454,-0.00948387657287384
3455,-0.006339849304708361
3456,0.0010571254569013502
3457,7.090334685450789e-05
3458,0.01955760049900761
3459,0.010985204682589981
3460,-0.0012712944088962151
3461,0.00636224122346718
3462,0.00680407466223639
3463,-0.008561795471016908
3464,-0.004725418831856077
3465,-0.01421082499743966
3466,0.005589352471561655
3467,0.0072964301158414974
3468,0.0021855117623170244
3469,-0.0026506376880773086
3470,0.004763943699473616
3471,-0.005815161274732133
3472,0.017509837877180242
3473,0.0072735991858888455
3474,0.004380282252156773
3475,-0.005136712383352978
3476,0.0054880855799370335
3477,-0.01788421700114113
3478,-0.00807312827800472
3479,-0.0019293124426425228
3480,0.013288579353168635
3481,0.012739449201752103
3482,-0.009843087096116686
3483,0.0012313973474287207
3484,0.002853074845291334
3485,0.010924620453394995
3486,0.010376529527238859
3487,0.009511904713712957
3488,0.003186517976163086
3489,0.01841756449995053
3490,0.0038889294401445083
3491,0.0036992311181762456
3492,0.003610236184552081
3493,0.026686450877532148
3494,-0.004516278292668095
3495,-0.01295080590350814
3496,0.010872488742056305
3497,0.01070373954074136
3498,-0.0017061605853506702
3499,0.0014295099891519865
3500,-0.00494961092519037
3501,0.022544998978266232
3502,0.009402544873869842
3503,-0.01127301240955397
3504,0.016273480960103826
3505,0.01117041606863196
3506,0.0082542180501221
3507,-0.0030001938426201416
3508,0.005697997086021984
3509,0.017240578017363405
3510,0.015009778774561151
3511,0.002737527652210337
3512,0.021700304704023125
3513,0.008004564473890393
3514,0.01717282475305239
3515,0.021719297882410497
3516,0.002288634257037986
3517,0.0026321202850551617
3518,0.002894572695824125
3519,0.01597699658960057
3520,0.006453100494573484
3521,0.0026270228306725565
3522,-0.018040914314433082
3523,0.003823331648693171
3524,0.010465621716098333
3525,0.02598289575006272
3526,-0.0027642635398500023
3527,0.020294984862895885
3528,0.001641743635094171
3529,-0.008839882182626603
3530,0.02390502012574926
3531,-0.002685166838768553
3532,-0.006255476255412249
3533,0.008856657785251666
3534,-0.01662019948376228
3535,-0.005378650812299923
3536,-0.009737863214826309
3537,-0.0014485369168918026
3538,0.02001741993980488
3539,-0.00832818022701895
3540,-0.01677190124634743
3541,-0.003751591969996633
3542,0.003649732358363073
3543,-0.007456375032920506
3544,-0.006722628781730862
3545,-0.008573073744925988
3546,0.004699773066874522
3547,0.021135665612587232
3548,-0.017732613334621797
3549,0.009461517434426104
3550,0.006731131900882299
3551,0.020773080968835227
3552,0.008611849127194841
3553,-0.001682403363473014
3554,-0.007237375904325092
3555,0.00437312944198231
3556,-0.0021594037247699206
3557,0.01353631092441399
3558,-0.00019993750360087408
3559,0.010685377365582633
3560,-0.006176226548756108
3561,-0.0012551654552198648
3562,0.000281303201971311
3563,0.00033462947281756426
3564,0.002720714637815447
3565,-0.024014078360796883
3566,-0.000659588408766228
3567,0.015737827245432347
3568,0.00462732725870889
3569,0.0037762863484519602
3570,-0.003456443485630834
3571,-0.01423169960468017
3572,-0.0077690585406463165
3573,0.0017264360679718764
3574,0.016504653499435522
3575,0.005515292787248453
3576,0.03463717448934115
3577,0.014276499953972245
3578,0.018237984913583118
3579,-0.0021076766732613514
3580,0.020383268310879398
3581,-0.0035039172781557723
3582,0.0019654369687010904
3583,-0.0005625738042445648
3584,0.003438604100819371
3585,0.026085916922434865
3586,0.035611927488229084
3587,-0.005205017275941332
3588,0.02239171750722321
3589,0.004701459163538742
3590,0.023220353412045605
3591,-0.012640453270044661
3592,-0.013761557162108662
3593,0.014877458867700337
3594,-0.003803200960480194
3595,0.01111918619489399
3596,-0.02322420200982431
3597,-0.003821315520978712
3598,0.002912631339482976
3599,-0.004552723461485862
3600,-0.015123951307824759
3601,-0.023259882097824338
3602,-0.0017885269139571484
3603,0.007659932054662133
3604,-0.01099211641661063
3605,0.006188560637891128
3606,-0.003197270288730178
3607,-0.01590743374648842
3608,0.013747840136706869
3609,-0.004256892647412146
3610,0.0006298611893591679
3611,-0.003302529443819821
3612,0.02855291498046948
3613,-0.006115352352437756
3614,0.02910722332415083
3615,0.0053252924791882756
3616,-0.02615650283308004
3617,0.00864111010905795
3618,0.03060095941179708
3619,0.010988939415792024
3620,-0.006451721096250467
3621,-0.007016906561944813
3622,-0.015606323846356547
3623,0.01983919031551954
3624,0.008022865432415111
3625,0.011201693883147191
3626,-0.02167260431788433
3627,0.0010569835167667074
3628,0.011241243247591085
3629,0.012066114721002911
3630,0.006425865197736299
3631,-0.0012659919657893764
3632,0.0022654369973048997
3633,-0.016502404156244033
3634,0.010019526755483694
3635,0.0007872472249064196
3636,0.016209300928026433
3637,0.0011855889375845662
3638,0.0014789531673220315
3639,0.0022862865025742194
3640,-0.00014449614881600675
3641,-0.026770814203170918
3642,0.02014623155306605
3643,-0.009867063000051685
3644,-0.023277127878124516
3645,0.004687779606296666
3646,0.014868134274085768
3647,-0.014896733022674809
3648,-0.02234384899245683
3649,-0.0007255884087736072
3650,0.005290649626447272
3651,0.019243586861474468
3652,0.0040091404656118915
3653,-0.002022573467929002
3654,0.002942266476060928
3655,0.0029962386516783827
3656,0.0070362097882955095
3657,-0.008162010425512027
3658,0.00034593706327663723
3659,0.006037924202943577
3660,0.0031268834526169778
3661,0.015542208554463356
3662,-0.014166403176001182
3663,0.0008985702706291355
3664,-0.013037195301720395
3665,-0.004269732305392724
3666,0.008947415067537766
3667,0.00197498584018087
3668,0.006865622515313364
3669,0.02163942757035174
3670,-0.013061669065935463
3671,-0.006006408662546277
3672,0.0030418277760240913
3673,-0.002709245888631184
3674,0.005374196851303492
3675,0.00625039244879744
3676,0.01937994723332638
3677,-0.0016554451456094615
3678,0.02484797778924936
3679,0.011596102449252707
3680,0.00955315564398352
3681,-0.006916951776692466
3682,-0.007825880363849288
3683,0.012223270929500934
3684,0.01294642633324904
3685,-0.0020518743644400306
3686,0.0034255629687331714
3687,-0.0037689372161821767
3688,-0.008656759607949023
3689,-0.01598052035635375
3690,-0.01984930927683473
3691,0.0025780279601915787
3692,0.01786610957057278
3693,-0.0002867582118187084
3694,0.013792198039483441
3695,0.006391444811238259
3696,-0.026885951365148784
3697,0.005421659479417778
3698,0.006506556027188794
3699,-2.902479658954677e-05
3700,-0.0019441040161018888
3701,0.026668370326859
3702,0.003410080197234231
3703,-0.009668867724922071
3704,-0.008565196605110473
3705,0.02698120615991766
3706,0.0005309952679329831
3707,-0.001551115465148341
3708,0.01123197424214334
3709,0.016132989004782616
3710,-0.016986093689807066
3711,-0.005266486817055185
3712,-0.002160087515247133
3713,-0.0009595439838775405
3714,0.014003873642414566
3715,0.0006255918612797037
3716,-0.009676151789422499
3717,0.0032076966439345948
3718,0.0019194595810301269
3719,0.013565983679901535
3720,0.016906364516184127
3721,-0.009410789995981389
3722,0.007677157993587484
3723,-0.0066337388892993695
3724,0.00338816496287455
3725,-0.018671211401711265
3726,0.04599488029743436
3727,-0.012597298543380674
3728,-0.007606734310748044
3729,-0.0016713320078551482
3730,0.014039999715274231
3731,-0.0012428290022617142
3732,0.0022916027569599116
3733,0.01961543683017988
3734,-0.007631691507004013
3735,-0.01352888769293225
3736,0.004558218419139885
3737,0.023533155854054737
3738,0.003578565789407049
3739,0.024298855631870512
3740,-0.0030727591348538416
3741,0.002321794767633662
3742,0.020880868898303165
3743,0.002028455275633274
3744,-0.01922077429203441
3745,0.017613643759816226
3746,-0.0011392712353920826
3747,-0.02021575378451638
3748,-0.01809821302118289
3749,0.019948312052224797
3750,-0.012263196038213848
3751,0.01672667988634569
3752,-0.0025550549188776512
3753,0.02326084263329585
3754,0.014926275936578054
3755,0.02020856426348852
3756,-0.008162950631517668
3757,0.0008405228038576014
3758,0.003257017534728102
3759,0.007813050370035431
3760,0.002933849280664681
3761,0.013771207284623579
3762,0.00976140757015996
3763,-0.001417964801958544
3764,-0.0006685845484936058
3765,0.0029787959853527194
3766,0.0044862822113408965
3767,0.003466531134711469
3768,0.02062131789781926
3769,0.011042828008431142
3770,0.003947441811090731
3771,-0.0021691607475104054
3772,0.019016275480672043
3773,-0.003997511832512857
3774,0.0022436076950764832
3775,0.0013111737442006543
3776,-0.009862676171390696
3777,-0.019703095933526506
3778,0.007866201870904945
3779,0.001921363687309574
3780,-0.004181573118788244
3781,0.012236657944733945
3782,-0.00915390021092208
3783,0.0291955966430551
3784,0.0002337916312876849
3785,-0.005083829589360969
3786,0.012371483224480274
3787,-0.014620237945883923
3788,0.009353003466932238
3789,-0.009044504676791711
3790,0.012026657207433048
3791,0.005040006872907416
3792,0.0017511378858955636
3793,0.01022412250687029
3794,0.01777681378280148
3795,-0.012457033121140704
3796,0.00642222037885495
3797,-0.005154627476634823
3798,0.014373358748382565
3799,0.016880756223247844
3800,0.002619438749908033
3801,-0.008295298663645555
3802,-0.007674280558637807
3803,-0.0038055290615640145
3804,-0.007007753990798519
3805,0.014855948521719646
3806,0.01730340909727771
3807,-0.005898748879933944
3808,0.0029604409493659343
3809,0.00393697670299997
3810,0.0022805857303396853
3811,-0.0062253262549800716
3812,0.009283284099018716
3813,0.021715113310941885
3814,0.0004582020692126156
3815,-0.02780286690108414
3816,0.008104702563907405
3817,0.004077765582218949
3818,-0.010649626292002636
3819,-0.006846854027272063
3820,0.015048645167808562
3821,0.019504079293514276
3822,-0.004259678863105484
3823,-0.00441101679602169
3824,0.0013630319353130516
3825,-0.0018681858918586846
3826,0.005653698645415192
3827,-0.004459250580806402
3828,0.0016441588146309406
3829,-0.009581347477565448
3830,0.009643972635559899
3831,0.0044383173601920504
3832,0.02384556031051882
3833,0.0052908593532566
3834,0.01996790962508744
3835,-0.023370470671317787
3836,0.003071942846700394
3837,0.00536160576099888
3838,-0.019586538262512693
3839,0.024998151971766084
3840,0.008983328003831881
3841,0.010048070010483008
3842,0.00631728740379627
3843,0.010809836013403585
3844,-0.010456882155944862
3845,0.004962906033815185
3846,0.020685749171742974
3847,0.008955727067228851
3848,-0.013537765574437371
3849,-0.011902736636558975
3850,-0.012615519809898886
3851,-0.0009456599112291226
3852,-0.0007501580297503399
3853,0.003384463385894534
3854,0.010767004771971903
3855,0.0023588322189431027
3856,0.01848457508995428
3857,0.01804503781218
3858,0.005782335593664841
3859,0.002108413093718198
3860,0.0036993036074153807
3861,-0.0056912331229962134
3862,-0.015510745288273117
3863,0.01597531546426991
3864,-0.0037426531623816982
3865,0.013515889808028281
3866,0.006017262539138549
3867,-0.015767859644368092
3868,-0.00938014236131983
3869,0.009792075307776623
3870,0.006842955906885441
3871,-0.005411810730940887
3872,0.0033290419265108967
3873,0.005361856781144424
3874,0.003199277365574478
3875,-0.009168975554527743
3876,0.014526809829667284
3877,0.006394711921318039
3878,-0.0006011746544509614
3879,-0.004491467198320416
3880,0.009952979109867015
3881,-0.01733466071016141
3882,-0.0043790782722859115
3883,0.029270713828666188
3884,-0.007874455630167271
3885,-0.0018405920813979748
3886,0.003985832047120555
3887,0.004501220431969591
3888,0.007792747363838831
3889,-0.0002957458629672395
3890,-0.013974212925813804
3891,0.006706755375154854
3892,0.0005497326634173417
3893,-0.006283807120616786
3894,0.0012788625001440197
3895,0.005897468146674093
3896,-0.010421956889226064
3897,0.0010645850501365328
3898,-0.011935654094107838
3899,0.001017680814823372
3900,-0.003197446677826882
3901,0.0135049626560079
3902,0.009631003938280107
3903,-0.006685529981489054
3904,-0.002405132366046314
3905,0.003075574815342753
3906,-0.0035206848980196964
3907,0.009935848531039338
3908,0.009287397762291589
3909,-0.013267417939007346
3910,0.00319444062267842
3911,0.026079759961653605
3912,-0.007889175959120621
3913,0.007691525033283979
3914,0.005542800378756613
3915,-0.022122905796811025
3916,0.012183158305210624
3917,0.015401459012799138
3918,-0.010053853756919136
3919,-0.0029857779492045485
3920,0.016444033962978537
3921,-0.005265412910325976
3922,0.004377999469918327
3923,0.007104781357674087
3924,-0.010583797246698274
3925,0.006631114370283917
3926,0.00486819719764912
3927,0.00017152073290337523
3928,0.002437240416834499
3929,0.016524185835864215
3930,-0.01405218619820215
3931,0.026732127352761623
3932,0.030337312323272362
3933,-0.019168001318443106
3934,-0.003374013415085622
3935,0.004484440418722923
3936,-0.027100887156617223
3937,-0.017240603695979347
3938,-0.013112086283528751
3939,-0.014170850952631167
3940,-0.008167175242333052
3941,0.024878058143288046
3942,0.005310636112789028
3943,0.012755797261740235
3944,-0.007183459344201273
3945,0.020328944279470924
3946,-0.012889360741142834
3947,0.008771609026714445
3948,0.018029055490350023
3949,0.022499219900761706
3950,0.04007740559888947
3951,0.01800087720158663
3952,0.016457697092080146
3953,0.01390121469576724
3954,0.0026852596468948196
3955,0.027433888903331077
3956,-0.0029153141698390287
3957,0.012120473206600549
3958,0.005376625242730532
3959,0.0005485347378933945
3960,0.017453735915881077
3961,-0.004534974781190055
3962,-0.0023374987765784655
3963,-0.002696896612833534
3964,0.019703861833307506
3965,-0.0030222364138362883
3966,0.014701105892688913
3967,0.010644922816258649
3968,0.00516204173601091
3969,0.011343280645460928
3970,-0.007759262303888667
3971,0.014212363850183348
3972,0.0011036719407634527
3973,0.0023470618288237307
3974,-0.013863575985182834
3975,-0.003518115000397526
3976,0.014748653112683247
3977,-0.008860445631829814
3978,-0.02297318245872947
3979,0.01551572880196884
3980,0.002265472851253393
3981,0.009552758439663675
3982,0.002889437423442943
3983,-0.008888489398165078
3984,0.025435933039020506
3985,-0.012876286387841118
3986,-0.002590934089500333
3987,-0.0030531946156479007
3988,0.010037365096302972
3989,-0.010067830588689883
3990,0.0037042542703844892
3991,0.00933410889891218
3992,-0.0028974135046243915
3993,-0.004006906751224024
3994,0.015014377033517613
3995,0.029341102416057935
3996,0.00540141812713229
3997,0.006867793125503529
3998,-0.0017307858234857996
3999,-0.010472661049905707
4000,0.01844932519676172
4001,0.009864175111196707
4002,0.009249851829262233
4003,0.005462704857748633
4004,0.043770660157792705
4005,0.009306588893692784
4006,0.00014202054950419703
4007,-0.013413085553583703
4008,-0.012763352822219744
4009,0.0012146601068466387
4010,-0.013294427982676044
4011,0.008657031287117624
4012,0.009032728232801015
4013,0.008070590187185747
4014,0.009641561036102012
4015,0.03133300346510581
4016,0.003401662165584171
4017,0.007877866375393278
4018,-1.7025198815720127e-05
4019,0.0015455096334601398
4020,-0.0020018452433823806
4021,-0.0015050073543408664
4022,-0.006013770374614004
4023,0.03624773206741918
4024,0.0025148774639632827
4025,0.020314713897168653
4026,-0.01947158969067193
4027,0.0066786134632942674
4028,0.005501552491544922
4029,0.005358176568758975
4030,0.017731669278724747
4031,0.0023657888274528057
4032,-0.004202065975093278
4033,0.0011591057950321687
4034,0.017883311401624913
4035,-0.01636153497927381
4036,-0.016816956504356766
4037,-0.012253876990967064
4038,0.005340751201885637
4039,0.017376630445619795
4040,-0.0073052349179817
4041,0.014342251334949423
4042,0.030706610720368496
4043,0.0005923961538930978
4044,0.004323336106711774
4045,0.003688004708145985
4046,0.030097219411830408
4047,0.01007764788666224
4048,-0.003714514804230416
4049,-0.010910363543814632
4050,-0.007616175467423477
4051,0.016985690429749085
4052,0.006089322579485415
4053,0.00302187624317834
4054,0.004491371200431516
4055,-0.00010849601450096677
4056,0.014864861965816746
4057,-0.01473144493710767
4058,0.00951889812116579
4059,0.0051316780253849986
4060,-0.01069098549689823
4061,0.010907566042187785
4062,0.012336930023203744
4063,0.005742187037078192
4064,0.01202229425601664
4065,-0.0010283489775667692
4066,0.020217428798862482
4067,0.004499782709389927
4068,-0.02106732977279828
4069,-0.005535950514041494
4070,0.00034169424687647675
4071,-0.0007564548252746215
4072,0.02014609308212033
4073,-0.008105878346304973
4074,0.005960405862984042
4075,-0.01077380780209448
4076,-0.0088148392396027
4077,0.014092717463373265
4078,-0.0014821722223504281
4079,0.02089119983751361
4080,-0.017841643725143467
4081,-0.009541403048671722
4082,-0.011927166675267416
4083,-0.012601198880933633
4084,-0.0025780719020938596
4085,0.0034767784976228104
4086,0.001580446154565538
4087,-0.001894314380281151
4088,0.021563453580956314
4089,-0.004949630962358137
4090,0.02153691404716809
4091,-0.0041390072031571995
4092,0.0263533819020136
4093,0.0010560781149887611
4094,0.012253111393134149
4095,0.006227649221666991
4096,0.006948537264990345
4097,-0.003131892917196406
4098,-0.010975887954876336
4099,0.0006696457860937188
4100,0.0011810456847996666
4101,0.012033317483633336
4102,0.006478552829621882
4103,-0.01653701389662924
4104,0.010924780418104163
4105,-0.004356216733847175
4106,0.03376814131425057
4107,0.030688670285145145
4108,0.002269046430441205
4109,0.021716450001288377
4110,-0.009370036553390604
4111,-0.011138927048329542
4112,-0.0014818614060098088
4113,0.002782802133053432
4114,0.009156700068696844
4115,-0.017374625407729185
4116,0.0022789773353313653
4117,0.0007989392111939712
4118,-0.015150186819262229
4119,-0.012655501181115122
4120,-0.004212575452518096
4121,-0.01908593081788344
4122,0.0013800826946928407
4123,-0.017672056935847252
4124,0.014329198231394539
4125,0.011524843090473557
4126,0.013808151133776364
4127,-0.003856399833221824
4128,0.024046401692287476
4129,-0.008322326020675164
4130,0.0038154222734717966
4131,0.012929376991751713
4132,-0.0033375598096969813
4133,0.014420156017285798
4134,0.0021535790993857055
4135,0.007487427992136569
4136,0.015225459114711213
4137,0.0031446102651785626
4138,0.022359229064999736
4139,0.011855356105783199
4140,0.018788885881268133
4141,0.02052950897074022
4142,0.009721854256915642
4143,-0.004729004463545806
4144,0.03047369070509501
4145,-0.003172061433745964
4146,0.010568373718893886
4147,0.017881190538248746
4148,0.009122210876514585
4149,0.020305588106400783
4150,0.028837821669024592
4151,-0.004455291433777366
4152,0.007708217230935031
4153,-0.010127944424234939
4154,0.011409218197972358
4155,0.002056041192260813
4156,-0.004621077629178577
4157,-0.018948227920597464
4158,0.005395707054925027
4159,-0.0069543890352868
4160,0.011341321006125131
4161,0.004927576664603068
4162,0.0030369803414346404
4163,0.029343643539640314
4164,0.0034467013075723217
4165,0.0029025901064043272
4166,0.0012825117631244417
4167,-0.007951896421388955
4168,-0.019311829235460307
4169,-0.005482374971142543
4170,-0.008948292010987628
4171,-0.0025422882366316246
4172,0.026621789194178846
4173,0.01098197609909979
4174,0.01589842612075505
4175,-0.009004503438830717
4176,0.008434904940335795
4177,-0.004842921793229762
4178,0.009668179742321002
4179,0.026488005133757448
4180,-0.006844683147014286
4181,-0.013220200418054452
4182,0.0034871693994243144
4183,0.0066577697921796014
4184,-0.016116119021681082
4185,0.009171295329671928
4186,0.007455760176950514
4187,0.0027976777581187706
4188,0.01193166535202539
4189,0.011144011859912928
4190,-0.022011015198921888
4191,0.014763010832068515
4192,-0.002694751967805953
4193,-0.007405713233240776
4194,0.002559322069785479
4195,-0.005498612480618675
4196,0.01803422305865265
4197,0.004581342529501914
4198,0.0075552172156653895
4199,-0.009865263658622224
4200,-0.017195726978579188
4201,0.018274016693493718
4202,0.012697390739332404
4203,0.013303280491686609
4204,-0.004610030455934692
4205,-0.0072156967990259675
4206,0.005156446569543017
4207,0.008007008724694998
4208,-0.016478151352194225
4209,-0.008366432837084655
4210,0.01338477612317582
4211,-0.012878770013460402
4212,-0.010708044283323408
4213,-0.0073973500101854025
4214,-0.001672520870694454
4215,-0.00021785709193384634
4216,0.005646784879322571
4217,-0.012280324700940716
4218,-0.006713963437776425
4219,-0.019172164010386794
4220,0.021192267595436676
4221,-0.0158460447457155
4222,-0.008840708259210713
4223,-0.0014347620702112925
4224,0.005743782136757536
4225,0.03282421587467034
4226,0.009897759569849892
4227,0.015072377756357584
4228,-0.008754205682382209
4229,0.009166603585719633
4230,0.005640259766006453
4231,-0.016693705617462026
4232,-0.0044058781956848305
4233,0.019131083258417208
4234,0.006748529378814052
4235,0.022801689826553763
4236,-0.00397717739314213
4237,-0.006497745756221605
4238,0.0020036878116701387
4239,0.011762773279208969
4240,-0.013412001665482322
4241,0.004758208091217728
4242,0.006107367866388559
4243,0.007117789897550815
4244,-0.01109533584426243
4245,-0.004097151630735768
4246,0.015861107314186218
4247,-0.002337841692986667
4248,0.011628596644529001
4249,-0.016616117588182294
4250,-0.004697062613757121
4251,0.01953914136518559
4252,0.0028284066614213156
4253,-0.019156048588692878
4254,-0.0066365522481638
4255,-0.003914220923189051
4256,0.011574230787988806
4257,-0.0207461802179119
4258,-0.006490086967827116
4259,0.0061164810097824795
4260,-0.005117287048409244
4261,0.003350820309882455
4262,0.0021330772536857453
4263,-0.003995174119461609
4264,-0.011261523500445798
4265,0.0024990968843198267
4266,-0.012027858065264314
4267,-0.004804432274268332
4268,-0.0038561384874441374
4269,0.009146892173517872
4270,-0.003893925532673516
4271,0.02947625989574145
4272,-0.0014912459021753709
4273,0.004075240308542048
4274,0.020572576946148127
4275,0.007475873782819821
4276,0.013413931620962594
4277,0.006975182387598948
4278,0.005654944277056117
4279,-0.010906508910745486
4280,0.02952883579552509
4281,-0.0040173930511727355
4282,0.003605967779946267
4283,0.010595736347808414
4284,-0.0033374158818888257
4285,-0.005101848169984963
4286,0.0001222560118998722
4287,0.0021068201757407645
4288,0.0026506515053566046
4289,-0.007808660032278729
4290,-0.0029984433125698033
4291,0.020064728025908862
4292,-0.004044726388845528
4293,0.04159859967076271
4294,0.0197099319106847
4295,-0.0029332819945362917
4296,-0.0008811309500652752
4297,0.016785859951514975
4298,0.03803123129032399
4299,-0.019614154451602497
4300,0.0178021593222619
4301,-0.00753206998528318
4302,-0.012588777612317656
4303,0.01682434339267749
4304,0.0012827158566230225
4305,-0.023018905444195582
4306,0.016025686723193128
4307,0.0038660925938206157
4308,-0.003759568765810191
4309,-0.0032881077295089218
4310,-0.009536366985357918
4311,0.014704321698915692
4312,0.008829240572108127
4313,0.0004192573270657093
4314,0.010842321066675237
4315,-0.001696656185728436
4316,0.023189989688048297
4317,0.016821675388868258
4318,0.012256855220833448
4319,0.0022360301933440235
4320,0.009641767505702501
4321,0.0042240363813465295
4322,0.01685980194864795
4323,-0.006904529042574505
4324,0.035875645762727
4325,-0.003074365553689216
4326,0.006139525708947348
4327,0.017446619777473214
4328,-0.017344528276742602
4329,-0.0013052659633434646
4330,-0.011547732082982178
4331,-0.004719997552010293
4332,0.018454667207213005
4333,0.0005249805128977949
4334,-0.0039697514117267765
4335,-0.0009830186013484385
4336,-0.004847311293745532
4337,-0.015830943664960496
4338,-0.012727289066409388
4339,0.005192358890568083
4340,0.004829093562885626
4341,0.0014538198691619597
4342,0.018164715081007178
4343,0.012809757230869334
4344,-0.01211140918586871
4345,0.0028550705058395932
4346,-0.002901000241585179
4347,-0.02059501559880846
4348,-0.0036378229305232004
4349,0.013344515359785971
4350,0.03943050402330228
4351,-0.011106998652649833
4352,0.01266923147062174
4353,-0.018961550409829876
4354,-0.002088872189237431
4355,-0.007737185997080304
4356,0.009617336151287785
4357,0.0381678059495925
4358,0.0026407000116618635
4359,-0.0012761241931292056
4360,0.0384513427018509
4361,0.027642616146143176
4362,0.008964667737726775
4363,0.009258123227803852
4364,0.023572931086052074
4365,-0.0007321990109901266
4366,0.0121668688896737
4367,-0.004425023076697137
4368,-0.01842718165904487
4369,0.015217334283955284
4370,-0.010326668020060036
4371,0.008553664646140428
4372,0.0015925536264682232
4373,0.015644034038091437
4374,0.02172081674571453
4375,-0.005335862895800101
4376,-4.062528931104175e-05
4377,-0.016029604201855827
4378,0.008768849419258448
4379,0.002168560861049404
4380,0.001564169693762545
4381,-0.0029610489220229428
4382,-0.022061449066555505
4383,-0.004360424315730816
4384,-0.0005867031572863374
4385,0.0008830404547089066
4386,0.013566618298154575
4387,-0.0002710579791343787
4388,-0.0076986428076849574
4389,0.014156661733032457
4390,0.006422945002922699
4391,0.012572978812151487
4392,-0.0054221673530285164
4393,0.001971857027329155
4394,0.0019655460020861484
4395,0.017033487649108954
4396,-0.017622226002480867
4397,-0.004459089877075154
4398,0.0036912451614765232
4399,0.008067259922872303
4400,-0.008389641251325358
4401,-0.007198961175784204
4402,0.02022196068398467
4403,0.005329747083517564
4404,-0.014997780421054261
4405,-0.005698339474929666
4406,0.00030969002740489443
4407,0.017484243770879985
4408,0.004846439997588397
4409,0.014281127923381997
4410,0.008659735155913081
4411,-0.006177155940801897
4412,0.020582763471466023
4413,0.005545202646679324
4414,0.011031317898909732
4415,-0.00445859804316321
4416,0.013001474669399595
4417,0.001889843681266119
4418,-0.0029393065087643926
4419,-0.0069767305552754545
4420,0.0065661209272053385
4421,0.003109684474229427
4422,-0.01041980636995748
4423,-0.003775517999514576
4424,0.0011684513065664073
4425,0.0012653017212757118
4426,-0.002645864904545175
4427,-0.0016179267042318282
4428,-0.012595882918806601
4429,0.016836138177299335
4430,-0.010596867502723704
4431,-0.012701432043951154
4432,0.013258891913031706
4433,0.010954647519998384
4434,-0.007781950011964326
4435,-0.015350318768375393
4436,0.005783156422088651
4437,0.04498120974997019
4438,-9.151623060462984e-06
4439,-0.010052574537088436
4440,-0.003706690222346675
4441,0.021976594837437725
4442,0.01181652047916067
4443,0.004392546459554374
4444,-0.004235704409234255
4445,0.0035577587102196173
4446,-0.007727451984611903
4447,0.02197743048052905
4448,-0.014120014180850519
4449,0.01879549205506551
4450,0.020257331255291246
4451,-0.003008746367694659
4452,-0.0035144470855944026
4453,0.007978088095749914
4454,0.004793267624315303
4455,0.010506120297892765
4456,-0.004798067757952792
4457,0.004849407290435875
4458,0.025439552025548495
4459,0.003555863976780711
4460,-0.0057597511195329335
4461,0.01904747290632665
4462,0.015744247959898237
4463,-0.010638158511961406
4464,0.034840506786421095
4465,-0.016161673177970747
4466,0.02094582322427484
4467,-0.012327607942933494
4468,-0.024522869169076623
4469,0.02083788125272811
4470,-0.007857067869178058
4471,0.0070867322463549895
4472,-0.012510807745801572
4473,-0.00893408562867082
4474,-0.004599649132301485
4475,-0.02120483882216388
4476,0.013011047976247489
4477,0.006524003754573646
4478,0.007791718880223022
4479,-0.00014657195366879047
4480,-0.007022066804120977
4481,-0.005146245690158216
4482,0.008635000469391911
4483,0.007575696167530444
4484,-0.008572378824827658
4485,0.0029476096703605656
4486,-0.008932492364063705
4487,-0.009898739636305635
4488,-0.005103342381540699
4489,-0.009200109651128129
4490,0.01476001739372392
4491,0.02497925860536873
4492,-0.0038987460024458
4493,-0.004771504280565869
4494,0.012709907667529859
4495,-0.0004397893752951098
4496,0.014822156203014181
4497,0.0025460546238354476
4498,0.021653800011347583
4499,0.0048359643767615715
4500,0.018641071596110448
4501,-0.004417676549742298
4502,0.002326425063592308
4503,-0.010019627811991321
4504,0.01352906793280716
4505,0.0025952242125415396
4506,-0.012840581420977064
4507,0.0037538005831920297
4508,0.008659121538630578
4509,-0.004522612255318338
4510,-0.01788236552912923
4511,0.01902197439346268
4512,0.020704646255045103
4513,-2.743985823236251e-05
4514,0.008725149157824874
4515,-0.004363760382965426
4516,-0.013427105125205513
4517,0.006254383106736719
4518,0.004610648678149216
4519,0.014518093871428692
4520,0.004571903554019482
4521,-0.0012993205532338971
4522,-0.02170336228358003
4523,0.002316128781006183
4524,-0.014464174300889476
4525,0.003110412261096324
4526,-0.002337378647810631
4527,0.011677729319221038
4528,0.004507435766585988
4529,0.012701161351391748
4530,0.021817984249253877
4531,-0.0028591860340684066
4532,0.0022929491541565424
4533,0.013371509643155383
4534,-0.004777650023587357
4535,0.007872466247959405
4536,-0.002001733148940266
4537,-0.0074389100979748825
4538,-0.004107037695304886
4539,-0.0004644536011826658
4540,0.01617401773118115
4541,0.019506942119110072
4542,-0.013340878797137896
4543,0.015198835651742924
4544,-0.0025662620840031856
4545,0.011860835077574312
4546,0.0038955359836234603
4547,0.017061988210910574
4548,0.009523930296204514
4549,0.002424557136238559
4550,-0.009703249161118591
4551,0.004528686417337646
4552,0.01592115151289786
4553,0.018966879746837056
4554,0.01390377590410818
4555,0.01460557110955704
4556,0.018348388107227588
4557,0.009018950877182932
4558,0.028971096849935096
4559,-0.012131445260805
4560,-0.011416078407047395
4561,0.032265629985836555
4562,0.008577411906067213
4563,0.017392294351000193
4564,0.008690099375713712
4565,-0.012887122199488586
4566,-0.0038095404624654754
4567,-0.008183611069758411
4568,0.006510386455325322
4569,0.002021198377518917
4570,0.01688448998454784
4571,0.00688509991232
4572,-0.006028597445312544
4573,-0.000824064267702908
4574,-0.006603607569107581
4575,-0.005491321230199173
4576,0.008938050232834269
4577,-0.0013277131775018653
4578,-0.013646233781753399
4579,0.0016839811581709988
4580,0.0031207728214378712
4581,0.0013681156237130493
4582,0.0010653629448455998
4583,-0.0033779133323319065
4584,-0.0025009266996273262
4585,-0.005079577944457886
4586,-0.006253155620085375
4587,0.03059549807385382
4588,0.014614812592687682
4589,0.022078218703476062
4590,-0.0015900384011320083
4591,0.011976039560948335
4592,0.0007317175532760937
4593,-0.0026347682751329477
4594,-0.0019007065634517749
4595,-0.0010609556377864106
4596,0.02192412796542281
4597,-0.012114212685372985
4598,-0.0016982892319327226
4599,-0.0009456915501649392
4600,-0.018558511471812245
4601,0.023655103414306575
4602,0.0016566893605607794
4603,0.011291885522163472
4604,0.0053194301835899245
4605,0.007196701175613397
4606,0.02032625316619046
4607,0.012032771322880451
4608,-0.0016520386111421779
4609,-0.006116835544745205
4610,0.008031358400922518
4611,0.02009273309650443
4612,0.014232191185781602
4613,-0.012839716664338504
4614,0.0003265743077837666
4615,0.004156418186891677
4616,0.008154577674813958
4617,0.007109088088227531
4618,0.006536386342571934
4619,-0.005999871034011643
4620,0.008981804415879896
4621,0.010402607109767311
4622,-0.0016402980595532943
4623,-0.002116516521840011
4624,0.0015300766842092802
4625,-0.010035581818094426
4626,0.01056225723506583
4627,-0.004384560099653913
4628,-0.022513796909101786
4629,0.007017885061355376
4630,0.01893921781013348
4631,0.009559831705061006
4632,-0.003135132251532008
4633,-0.0003048848512587161
4634,0.019220313904948612
4635,-0.016407937077981948
4636,0.000819679170563657
4637,0.01576017967645075
4638,0.002504724529868
4639,0.010823523483379713
4640,0.02548271369675192
4641,0.01569754517187987
4642,0.0052939555708726264
4643,0.010393512775444775
4644,0.009973504423180164
4645,0.005607681480819753
4646,-0.008782215475913437
4647,-0.0020205800274590885
4648,0.0216120742228531
4649,-0.003314071042019143
4650,-0.011530070996310525
4651,-0.007942188594420573
4652,-0.016563502208661072
4653,-0.012782047637667184
4654,0.0020583232899662645
4655,-0.0002490335764200245
4656,-0.005487156772931099
4657,-0.0014847303437743454
4658,-0.0019404520224067497
4659,-0.016869073965021377
4660,0.004768661986359173
4661,0.011399993192890819
4662,0.00032645746699270763
4663,0.006054779680947375
4664,0.00510332281410659
4665,-0.010421617878057003
4666,0.010680382964661252
4667,0.0091062018002323
4668,0.0016675494892318505
4669,0.014471698732404207
4670,0.005998143747771267
4671,0.006287218474378997
4672,-0.008186594841036472
4673,0.016924293914290692
4674,-0.006103496341060431
4675,-0.00019695545144761184
4676,-0.006730557430134356
4677,-0.010327561578053377
4678,0.02049045906425874
4679,0.0007642723409075295
4680,-0.01257293861824332
4681,0.03138756150907287
4682,-0.008868392093121782
4683,-0.0040887598592392015
4684,-0.012037679945920976
4685,0.022280453129706782
4686,-0.01461583974467175
4687,0.010302226200944896
4688,-0.01605396517546941
4689,-0.0028074795739937916
4690,9.317204482501416e-06
4691,0.0008271531299816097
4692,0.011461480045649236
4693,0.005633580477083492
4694,-0.0023362163568098845
4695,0.003949291030855431
4696,0.014767748592401637
4697,0.0015455299929460439
4698,0.022056371826050757
4699,-0.010936664354558838
4700,0.017343981354917055
4701,0.01258350024088895
4702,-0.0055847106538944305
4703,0.010695035836344537
4704,0.006616974741226672
4705,0.012209668196951504
4706,0.019755347115928003
4707,0.0005438927096161305
4708,-0.020880930654770966
4709,-0.005333102065480983
4710,-0.00027293036916583706
4711,0.027585776664841924
4712,0.019155849881227864
4713,0.007634470987829418
4714,0.01471887203599311
4715,0.01999812874797145
4716,0.006621741524341097
4717,0.005024226739003892
4718,0.016189590727139963
4719,0.017920197258002705
4720,-0.000952804636991541
4721,0.00873192945875922
4722,-0.004353564238066479
4723,0.0014857499803605898
4724,0.01120023905266203
4725,0.002737961622549543
4726,0.00802253214920313
4727,0.0039010425963485673
4728,-0.003011455071227663
4729,-0.0001221089572625502
4730,0.013654412096510507
4731,0.009312166902944972
4732,0.0055320277725033765
4733,-0.008954509359969828
4734,0.0004542539835792615
4735,-0.005295550993587057
4736,0.005394241727227465
4737,-0.0061700435726247975
4738,-0.016388354896488797
4739,-0.010845848986674235
4740,0.028216704065286646
4741,0.014755749181315784
4742,0.0011196153574470511
4743,-0.00422381749319169
4744,0.009925858019963553
4745,-0.0051670219094041795
4746,-0.003568553156817563
4747,-0.0002480821449322756
4748,0.009652718588287377
4749,-0.008757833817451837
4750,1.3549711559229482e-05
4751,0.022127066347535012
4752,-0.0013921941742380845
4753,0.004140031023054922
4754,-0.004499850448729343
4755,-0.0005676766747012484
4756,0.00624619077711555
4757,0.007464465840410708
4758,-2.7739277978045692e-05
4759,0.005492688596726103
4760,-0.014887082840982023
4761,0.0215744133896686
4762,-0.01262346048047079
4763,-0.003822344231480618
4764,0.019994975103264655
4765,0.0010161453457001458
4766,0.015076802336097912
4767,0.0033734425838248695
4768,-0.0009594416112595286
4769,0.010248344829287713
4770,0.032008860881252564
4771,0.018514433931301744
4772,-0.00022060349017332748
4773,-0.013735482514660583
4774,-0.0038661508853077113
4775,-0.010075905076267194
4776,-0.013557338303745293
4777,0.018051753141330628
4778,-0.0030861219281617057
4779,-0.009476674280794361
4780,0.007206502174429982
4781,0.012022139279689951
4782,-0.012144156149190545
4783,0.000733389966199768
4784,-0.020513955722057848
4785,-0.006452646570595062
4786,0.004367844415247495
4787,-0.018916527399858805
4788,0.022390201942167967
4789,-0.01548343100386408
4790,0.01603019871200282
4791,0.0037776900979761678
4792,0.010368024060297088
4793,0.023776479734107257
4794,0.010175002256289811
4795,0.00013238861592871392
4796,-0.005035068975136442
4797,0.005015599451892696
4798,0.03141341643873247
4799,-0.006671264021188703
4800,-0.014713254519331016
4801,0.010820729707263757
4802,0.003556404715120323
4803,0.007029474446285164
4804,-0.006014528338646557
4805,0.014854745274963308
4806,0.0009838499920135524
4807,-0.011477434002854168
4808,-0.0012880019782958417
4809,0.015611314483839707
4810,0.003966011480237929
4811,0.006552994303548014
4812,-0.005105259064844001
4813,-0.004956218195457208
4814,-0.009804780864729771
4815,0.002062110271049732
4816,3.91982577762144e-06
4817,0.0067197028423724
4818,0.018931513702665905
4819,-0.00123252932488564
4820,0.008641876123445136
4821,0.009462651657229093
4822,-0.00030046188022499746
4823,0.019574567591419033
4824,0.017436147141194052
4825,0.02107686298951241
4826,0.011361879362993179
4827,-0.004551202495401377
4828,0.001266352841293122
4829,-0.008461302878704573
4830,-0.007172967213243029
4831,0.005253118147946575
4832,0.0020885258918076103
4833,-0.020708812011420042
4834,0.012342462485364981
4835,0.0074350874617263776
4836,0.028562066919904146
4837,-0.022652561806005812
4838,0.008846526591983367
4839,-0.0011975718899781842
4840,-0.0039334685820575695
4841,0.006552479798652819
4842,0.016701024957834227
4843,-0.003084311246570898
4844,0.03159666656705668
4845,-0.0029708207060052867
4846,0.008169678209534636
4847,0.0014492196679488417
4848,0.013802863016866871
4849,0.01745917525107949
4850,-0.007381770565772707
4851,0.0018328551130841482
4852,-0.006053392025945834
4853,0.004054031481176092
4854,-0.005023307352138995
4855,0.008908344796317346
4856,0.0257251397617715
4857,0.015075403013064955
4858,-0.00895842135874574
4859,-0.013800601226184286
4860,-0.008551931056150822
4861,-0.008077313068865053
4862,-0.004139361755360272
4863,-0.01756106184466717
4864,0.02634221422496154
4865,0.018327922913782994
4866,-0.021688424141846335
4867,0.0006295096346709539
4868,-0.0004585397636124706
4869,0.001360334182953446
4870,-0.00893677018023964
4871,0.011835713295079356
4872,-0.009892641357766623
4873,0.002806737747964541
4874,0.03268661807589033
4875,-0.006929060326466591
4876,0.016087347031575286
4877,-0.007171774645517633
4878,0.02082294082986732
4879,0.02212792534120955
4880,-0.012205893074974378
4881,-0.01540462776490063
4882,-0.01350285975125513
4883,0.020038321470665636
4884,0.022437111915640573
4885,0.025695118451409076
4886,0.012732962892770525
4887,-0.009437350344688367
4888,0.01062876735200509
4889,0.01277627605134586
4890,0.026928874121207175
4891,-0.005506271904867296
4892,0.01328052295710647
4893,-0.0013219071721320033
4894,-0.0007777888051917519
4895,0.01446076485725031
4896,0.004553050550812782
4897,-0.01921005309952871
4898,-0.0014105824837416453
4899,0.009026762338340117
4900,0.014746431551685313
4901,-0.010818819118654854
4902,-0.003669722381701395
4903,-0.0013804316934884005
4904,0.0008862152396355236
4905,0.0006086273882922737
4906,0.001294117638838886
4907,0.028604924857685066
4908,0.003742186553351068
4909,0.01565679437738725
4910,0.0022601650398906066
4911,-0.0048240287909262995
4912,0.0002721556687310251
4913,-0.013178123709318576
4914,0.00926702915220656
4915,0.012012474185674716
4916,0.021845172854119868
4917,0.02106841822858207
4918,-0.0014137579548562048
4919,0.009360761191382077
4920,-0.007435292607906676
4921,0.023852075549833356
4922,0.002627454646598713
4923,-0.012686157661000053
4924,-0.0070950536224568435
4925,0.005265267152397763
4926,0.010393641195462874
4927,-0.007539255707883933
4928,0.00229930166392071
4929,0.0040817340819095885
4930,0.021920763708734543
4931,0.01154176815494472
4932,-0.0022217213656358197
4933,0.002305030344447488
4934,0.009322579355364525
4935,-0.01026533040665102
4936,0.009487093837409222
4937,-0.008619310207647226
4938,0.01015973335100896
4939,-0.012982863454390517
4940,-0.012981809001106352
4941,0.0038520113474126982
4942,0.0009875333651807854
4943,0.0008347678230533327
4944,0.027151896450910228
4945,0.014977774869617285
4946,0.01270041440114017
4947,-0.01454204078360316
4948,-0.011583436001847882
4949,0.012088372607131774
4950,0.004926807508405171
4951,0.01452808909539354
4952,-0.0196983742774739
4953,0.02861086273392397
4954,0.0034693144727676955
4955,-0.030709015456783326
4956,-0.010189165323396403
4957,0.012202593498107444
4958,-0.005722801319412315
4959,0.00796593389536104
4960,0.009204032037856224
4961,0.007185637672943954
4962,-0.00464127240449131
4963,-0.0017478628303328463
4964,0.014350797432411988
4965,0.010745475999496356
4966,-0.008395332319271077
4967,-0.011853145533399197
4968,0.015422733757955246
4969,0.011767572865855449
4970,0.007642583816799371
4971,0.0022359636305778123
4972,-0.004042576512549159
4973,-0.007453846889747765
4974,-0.010454903573893181
4975,0.007631911812903284
4976,0.0012117230523217472
4977,0.009862370638120786
4978,0.01750808858396775
4979,0.019790614956353657
4980,0.005234967759709407
4981,-0.010796380351298958
4982,-0.0017364797161863428
4983,-0.012074384947370741
4984,0.018611527920145435
4985,-0.007468756169224283
4986,-0.009982681683998356
4987,0.015877511214026904
4988,-0.0020288930817994807
4989,0.017175766004113833
4990,0.00793575156278287
4991,-0.004205228541476025
4992,0.01622825280982685
4993,-0.008975072483986537
4994,0.013470394483033197
4995,0.013076186187805329
4996,0.01600642312713033
4997,-0.017677492125909234
4998,-0.025448878769053385
4999,-0.003940241858011023
5000,-0.010364615146194533
