准确性权重,时间权重,稳定性权重,最优方案,最低综合风险,风险_15/18,风险_16/18,风险_18/22
0.0,1.0,0.0,15/18,0.1845906902086677,0.1845906902086677,0.24210807918673086,0.4127875869448903
0.0,0.99,0.01,15/18,0.184444783306581,0.184444783306581,0.24028699839486353,0.4086597110754414
0.0,0.98,0.02,15/18,0.18429887640449436,0.18429887640449436,0.23846591760299624,0.4045318352059925
0.0,0.97,0.03,15/18,0.18415296950240764,0.18415296950240764,0.2366448368111289,0.4004039593365436
0.0,0.96,0.04,15/18,0.184007062600321,0.184007062600321,0.23482375601926161,0.3962760834670947
0.0,0.95,0.05,15/18,0.1838611556982343,0.1838611556982343,0.23300267522739432,0.3921482075976458
0.0,0.94,0.06,15/18,0.18371524879614765,0.18371524879614765,0.231181594435527,0.3880203317281969
0.0,0.9299999999999999,0.07,15/18,0.18356934189406093,0.18356934189406093,0.2293605136436597,0.383892455858748
0.0,0.92,0.08,15/18,0.18342343499197428,0.18342343499197428,0.2275394328517924,0.37976457998929913
0.0,0.91,0.09,15/18,0.18327752808988762,0.18327752808988762,0.2257183520599251,0.37563670411985023
0.0,0.9,0.1,15/18,0.18313162118780094,0.18313162118780094,0.22389727126805778,0.37150882825040127
0.0,0.89,0.11,15/18,0.18298571428571425,0.18298571428571425,0.22207619047619045,0.36738095238095236
0.0,0.88,0.12,15/18,0.18283980738362757,0.18283980738362757,0.22025510968432316,0.36325307651150346
0.0,0.87,0.13,15/18,0.1826939004815409,0.1826939004815409,0.21843402889245583,0.35912520064205455
0.0,0.86,0.14,15/18,0.18254799357945423,0.18254799357945423,0.21661294810058856,0.35499732477260565
0.0,0.85,0.15,15/18,0.18240208667736754,0.18240208667736754,0.21479186730872124,0.35086944890315674
0.0,0.84,0.16,15/18,0.18225617977528086,0.18225617977528086,0.21297078651685392,0.34674157303370784
0.0,0.83,0.17,15/18,0.1821102728731942,0.1821102728731942,0.21114970572498662,0.34261369716425893
0.0,0.8200000000000001,0.18,15/18,0.18196436597110754,0.18196436597110754,0.20932862493311932,0.3384858212948101
0.0,0.81,0.19,15/18,0.18181845906902083,0.18181845906902083,0.20750754414125203,0.3343579454253612
0.0,0.8,0.2,15/18,0.18167255216693418,0.18167255216693418,0.2056864633493847,0.3302300695559123
0.0,0.79,0.21,15/18,0.1815266452648475,0.1815266452648475,0.20386538255751738,0.32610219368646337
0.0,0.78,0.22,15/18,0.18138073836276083,0.18138073836276083,0.20204430176565008,0.32197431781701447
0.0,0.77,0.23,15/18,0.18123483146067415,0.18123483146067415,0.20022322097378278,0.31784644194756556
0.0,0.76,0.24,15/18,0.18108892455858747,0.18108892455858747,0.1984021401819155,0.31371856607811666
0.0,0.75,0.25,15/18,0.18094301765650078,0.18094301765650078,0.19658105939004816,0.30959069020866775
0.0,0.74,0.26,15/18,0.1807971107544141,0.1807971107544141,0.19475997859818084,0.30546281433921885
0.0,0.73,0.27,15/18,0.18065120385232744,0.18065120385232744,0.19293889780631354,0.30133493846976994
0.0,0.72,0.28,15/18,0.18050529695024076,0.18050529695024076,0.19111781701444622,0.29720706260032104
0.0,0.71,0.29,15/18,0.18035939004815407,0.18035939004815407,0.18929673622257892,0.29307918673087213
0.0,0.7,0.3,15/18,0.1802134831460674,0.1802134831460674,0.1874756554307116,0.2889513108614232
0.0,0.69,0.31,15/18,0.18006757624398073,0.18006757624398073,0.18565457463884427,0.2848234349919743
0.0,0.6799999999999999,0.32,15/18,0.17992166934189402,0.17992166934189402,0.183833493846977,0.28069555912252536
0.0,0.6699999999999999,0.33,15/18,0.17977576243980736,0.17977576243980736,0.18201241305510968,0.27656768325307646
0.0,0.6599999999999999,0.34,15/18,0.17962985553772068,0.17962985553772068,0.18019133226324238,0.27243980738362755
0.0,0.65,0.35,16/18,0.17837025147137509,0.17948394863563402,0.17837025147137509,0.2683119315141787
0.0,0.64,0.36,16/18,0.17654917067950776,0.17933804173354734,0.17654917067950776,0.2641840556447298
0.0,0.63,0.37,16/18,0.17472808988764046,0.17919213483146068,0.17472808988764046,0.2600561797752809
0.0,0.62,0.38,16/18,0.17290700909577314,0.17904622792937397,0.17290700909577314,0.255928303905832
0.0,0.61,0.39,16/18,0.17108592830390584,0.1789003210272873,0.17108592830390584,0.2518004280363831
0.0,0.6,0.4,16/18,0.16926484751203852,0.17875441412520063,0.16926484751203852,0.24767255216693418
0.0,0.5900000000000001,0.41,16/18,0.16744376672017122,0.17860850722311397,0.16744376672017122,0.24354467629748533
0.0,0.5800000000000001,0.42,16/18,0.16562268592830395,0.1784626003210273,0.16562268592830395,0.23941680042803642
0.0,0.5700000000000001,0.43,16/18,0.16380160513643663,0.17831669341894063,0.16380160513643663,0.23528892455858752
0.0,0.56,0.44,16/18,0.16198052434456933,0.17817078651685392,0.16198052434456933,0.2311610486891386
0.0,0.55,0.45,16/18,0.160159443552702,0.17802487961476726,0.160159443552702,0.22703317281968968
0.0,0.54,0.46,16/18,0.15833836276083468,0.17787897271268058,0.15833836276083468,0.22290529695024078
0.0,0.53,0.47,16/18,0.1565172819689674,0.1777330658105939,0.1565172819689674,0.21877742108079187
0.0,0.52,0.48,16/18,0.15469620117710006,0.17758715890850724,0.15469620117710006,0.21464954521134297
0.0,0.51,0.49,16/18,0.15287512038523277,0.17744125200642052,0.15287512038523277,0.21052166934189406
0.0,0.5,0.5,16/18,0.15105403959336544,0.17729534510433387,0.15105403959336544,0.20639379347244516
0.0,0.49,0.51,16/18,0.14923295880149814,0.1771494382022472,0.14923295880149814,0.20226591760299625
0.0,0.48,0.52,16/18,0.14741187800963082,0.1770035313001605,0.14741187800963082,0.19813804173354735
0.0,0.47,0.53,16/18,0.14559079721776352,0.17685762439807384,0.14559079721776352,0.19401016586409844
0.0,0.45999999999999996,0.54,16/18,0.14376971642589623,0.1767117174959872,0.14376971642589623,0.18988228999464954
0.0,0.44999999999999996,0.55,16/18,0.1419486356340289,0.17656581059390047,0.1419486356340289,0.18575441412520063
0.0,0.43999999999999995,0.56,16/18,0.1401275548421616,0.17641990369181382,0.1401275548421616,0.18162653825575173
0.0,0.43000000000000005,0.57,16/18,0.1383064740502943,0.17627399678972713,0.1383064740502943,0.17749866238630285
0.0,0.42000000000000004,0.58,16/18,0.136485393258427,0.17612808988764045,0.136485393258427,0.17337078651685395
0.0,0.41000000000000003,0.59,16/18,0.1346643124665597,0.1759821829855538,0.1346643124665597,0.16924291064740504
0.0,0.4,0.6,16/18,0.13284323167469236,0.1758362760834671,0.13284323167469236,0.16511503477795614
0.0,0.39,0.61,16/18,0.13102215088282507,0.17569036918138042,0.13102215088282507,0.16098715890850723
0.0,0.38,0.62,16/18,0.12920107009095777,0.17554446227929377,0.12920107009095777,0.15685928303905833
0.0,0.37,0.63,16/18,0.12737998929909045,0.17539855537720705,0.12737998929909045,0.15273140716960942
0.0,0.36,0.64,16/18,0.12555890850722315,0.1752526484751204,0.12555890850722315,0.14860353130016052
0.0,0.35,0.65,16/18,0.12373782771535582,0.17510674157303371,0.12373782771535582,0.1444756554307116
0.0,0.33999999999999997,0.66,16/18,0.12191674692348853,0.17496083467094703,0.12191674692348853,0.14034777956126268
0.0,0.32999999999999996,0.67,16/18,0.12009566613162122,0.17481492776886037,0.12009566613162122,0.13621990369181378
0.0,0.31999999999999995,0.68,16/18,0.11827458533975391,0.1746690208667737,0.11827458533975391,0.13209202782236487
0.0,0.31000000000000005,0.69,16/18,0.11645350454788661,0.174523113964687,0.11645350454788661,0.12796415195291602
0.0,0.30000000000000004,0.7,16/18,0.1146324237560193,0.17437720706260035,0.1146324237560193,0.12383627608346712
0.0,0.29000000000000004,0.71,16/18,0.11281134296415199,0.17423130016051366,0.11281134296415199,0.11970840021401821
0.0,0.28,0.72,16/18,0.11099026217228469,0.17408539325842698,0.11099026217228469,0.1155805243445693
0.0,0.27,0.73,16/18,0.10916918138041737,0.17393948635634032,0.10916918138041737,0.11145264847512039
0.0,0.26,0.74,18/22,0.10732477260567148,0.1737935794542536,0.10734810058855006,0.10732477260567148
0.0,0.25,0.75,18/22,0.10319689673622258,0.17364767255216695,0.10552701979668275,0.10319689673622258
0.0,0.24,0.76,18/22,0.09906902086677367,0.1735017656500803,0.10370593900481545,0.09906902086677367
0.0,0.22999999999999998,0.77,18/22,0.09494114499732477,0.1733558587479936,0.10188485821294813,0.09494114499732477
0.0,0.21999999999999997,0.78,18/22,0.09081326912787586,0.17320995184590693,0.10006377742108083,0.09081326912787586
0.0,0.20999999999999996,0.79,18/22,0.08668539325842695,0.17306404494382024,0.09824269662921352,0.08668539325842695
0.0,0.19999999999999996,0.8,18/22,0.08255751738897804,0.17291813804173356,0.09642161583734621,0.08255751738897804
0.0,0.18999999999999995,0.81,18/22,0.07842964151952914,0.1727722311396469,0.0946005350454789,0.07842964151952914
0.0,0.18000000000000005,0.82,18/22,0.07430176565008027,0.17262632423756022,0.09277945425361162,0.07430176565008027
0.0,0.17000000000000004,0.83,18/22,0.07017388978063137,0.17248041733547353,0.09095837346174429,0.07017388978063137
0.0,0.16000000000000003,0.84,18/22,0.06604601391118246,0.17233451043338688,0.089137292669877,0.06604601391118246
0.0,0.15000000000000002,0.85,18/22,0.06191813804173356,0.17218860353130017,0.08731621187800967,0.06191813804173356
0.0,0.14,0.86,18/22,0.05779026217228465,0.1720426966292135,0.08549513108614237,0.05779026217228465
0.0,0.13,0.87,18/22,0.05366238630283574,0.17189678972712683,0.08367405029427505,0.05366238630283574
0.0,0.12,0.88,18/22,0.04953451043338684,0.17175088282504017,0.08185296950240775,0.04953451043338684
0.0,0.10999999999999999,0.89,18/22,0.04540663456393793,0.17160497592295348,0.08003188871054044,0.04540663456393793
0.0,0.09999999999999998,0.9,18/22,0.04127875869448902,0.17145906902086683,0.07821080791867313,0.04127875869448902
0.0,0.08999999999999997,0.91,18/22,0.037150882825040116,0.17131316211878012,0.07638972712680582,0.037150882825040116
0.0,0.07999999999999996,0.92,18/22,0.03302300695559121,0.17116725521669346,0.07456864633493851,0.03302300695559121
0.0,0.06999999999999995,0.93,18/22,0.028895131086142303,0.17102134831460677,0.0727475655430712,0.028895131086142303
0.0,0.06000000000000005,0.94,18/22,0.02476725521669344,0.1708754414125201,0.07092648475120392,0.02476725521669344
0.0,0.050000000000000044,0.95,18/22,0.020639379347244535,0.17072953451043343,0.0691054039593366,0.020639379347244535
0.0,0.040000000000000036,0.96,18/22,0.016511503477795626,0.17058362760834675,0.0672843231674693,0.016511503477795626
0.0,0.030000000000000027,0.97,18/22,0.01238362760834672,0.1704377207062601,0.06546324237560198,0.01238362760834672
0.0,0.020000000000000018,0.98,18/22,0.008255751738897813,0.17029181380417338,0.06364216158373467,0.008255751738897813
0.0,0.010000000000000009,0.99,18/22,0.004127875869448907,0.17014590690208672,0.061821080791867364,0.004127875869448907
0.0,0.0,1.0,18/22,0.0,0.17000000000000004,0.06000000000000005,0.0
0.01,0.99,0.0,15/18,0.18364237554432555,0.18364237554432555,0.2404427578342875,0.40910508678587604
0.01,0.98,0.01,15/18,0.1834964686422389,0.1834964686422389,0.23862167704242018,0.40497721091642713
0.01,0.97,0.02,15/18,0.1833505617401522,0.1833505617401522,0.23680059625055289,0.40084933504697823
0.01,0.96,0.03,15/18,0.18320465483806553,0.18320465483806553,0.23497951545868556,0.3967214591775293
0.01,0.95,0.04,15/18,0.18305874793597884,0.18305874793597884,0.2331584346668183,0.3925935833080804
0.01,0.94,0.05,15/18,0.1829128410338922,0.1829128410338922,0.23133735387495097,0.3884657074386315
0.01,0.9299999999999999,0.06,15/18,0.1827669341318055,0.1827669341318055,0.22951627308308364,0.3843378315691826
0.01,0.9199999999999999,0.07,15/18,0.18262102722971882,0.18262102722971882,0.22769519229121635,0.3802099556997337
0.01,0.91,0.08,15/18,0.18247512032763216,0.18247512032763216,0.22587411149934905,0.37608207983028485
0.01,0.9,0.09,15/18,0.18232921342554548,0.18232921342554548,0.22405303070748175,0.3719542039608359
0.01,0.89,0.1,15/18,0.18218330652345882,0.18218330652345882,0.22223194991561443,0.367826328091387
0.01,0.88,0.11,15/18,0.1820373996213721,0.1820373996213721,0.2204108691237471,0.3636984522219381
0.01,0.87,0.12,15/18,0.18189149271928545,0.18189149271928545,0.2185897883318798,0.3595705763524892
0.01,0.86,0.13,15/18,0.18174558581719877,0.18174558581719877,0.2167687075400125,0.3554427004830403
0.01,0.85,0.14,15/18,0.1815996789151121,0.1815996789151121,0.21494762674814522,0.35131482461359137
0.01,0.84,0.15,15/18,0.1814537720130254,0.1814537720130254,0.2131265459562779,0.34718694874414247
0.01,0.83,0.16,15/18,0.18130786511093874,0.18130786511093874,0.21130546516441057,0.34305907287469356
0.01,0.82,0.17,15/18,0.18116195820885206,0.18116195820885206,0.20948438437254327,0.33893119700524466
0.01,0.81,0.18,15/18,0.1810160513067654,0.1810160513067654,0.20766330358067597,0.3348033211357958
0.01,0.8,0.19,15/18,0.18087014440467875,0.18087014440467875,0.20584222278880868,0.3306754452663469
0.01,0.79,0.2,15/18,0.18072423750259203,0.18072423750259203,0.20402114199694135,0.326547569396898
0.01,0.78,0.21,15/18,0.18057833060050538,0.18057833060050538,0.20220006120507403,0.3224196935274491
0.01,0.77,0.22,15/18,0.1804324236984187,0.1804324236984187,0.20037898041320676,0.3182918176580002
0.01,0.76,0.23,15/18,0.180286516796332,0.180286516796332,0.19855789962133943,0.3141639417885513
0.01,0.75,0.24,15/18,0.18014060989424532,0.18014060989424532,0.19673681882947214,0.3100360659191024
0.01,0.74,0.25,15/18,0.17999470299215864,0.17999470299215864,0.1949157380376048,0.3059081900496535
0.01,0.73,0.26,15/18,0.17984879609007198,0.17984879609007198,0.1930946572457375,0.30178031418020457
0.01,0.72,0.27,15/18,0.1797028891879853,0.1797028891879853,0.1912735764538702,0.29765243831075566
0.01,0.71,0.28,15/18,0.17955698228589861,0.17955698228589861,0.18945249566200287,0.29352456244130676
0.01,0.7,0.29,15/18,0.17941107538381193,0.17941107538381193,0.18763141487013557,0.28939668657185785
0.01,0.69,0.3,15/18,0.17926516848172527,0.17926516848172527,0.18581033407826825,0.28526881070240895
0.01,0.6799999999999999,0.31,15/18,0.1791192615796386,0.1791192615796386,0.18398925328640095,0.28114093483296
0.01,0.6699999999999999,0.32,15/18,0.1789733546775519,0.1789733546775519,0.18216817249453365,0.2770130589635111
0.01,0.6599999999999999,0.33,15/18,0.17882744777546525,0.17882744777546525,0.18034709170266633,0.2728851830940622
0.01,0.6499999999999999,0.34,16/18,0.17852601091079903,0.17868154087337856,0.17852601091079903,0.2687573072246133
0.01,0.64,0.35,16/18,0.17670493011893174,0.1785356339712919,0.17670493011893174,0.2646294313551644
0.01,0.63,0.36,16/18,0.1748838493270644,0.17838972706920522,0.1748838493270644,0.2605015554857155
0.01,0.62,0.37,16/18,0.17306276853519711,0.17824382016711854,0.17306276853519711,0.2563736796162666
0.01,0.61,0.38,16/18,0.1712416877433298,0.17809791326503188,0.1712416877433298,0.2522458037468177
0.01,0.6,0.39,16/18,0.1694206069514625,0.17795200636294517,0.1694206069514625,0.2481179278773688
0.01,0.59,0.4,16/18,0.1675995261595952,0.1778060994608585,0.1675995261595952,0.2439900520079199
0.01,0.5800000000000001,0.41,16/18,0.1657784453677279,0.17766019255877186,0.1657784453677279,0.23986217613847105
0.01,0.5700000000000001,0.42,16/18,0.1639573645758606,0.1775142856566852,0.1639573645758606,0.23573430026902215
0.01,0.56,0.43,16/18,0.16213628378399328,0.1773683787545985,0.16213628378399328,0.2316064243995732
0.01,0.55,0.44,16/18,0.16031520299212598,0.17722247185251183,0.16031520299212598,0.2274785485301243
0.01,0.54,0.45,16/18,0.15849412220025866,0.17707656495042515,0.15849412220025866,0.2233506726606754
0.01,0.53,0.46,16/18,0.15667304140839133,0.17693065804833846,0.15667304140839133,0.2192227967912265
0.01,0.52,0.47,16/18,0.15485196061652404,0.17678475114625178,0.15485196061652404,0.2150949209217776
0.01,0.51,0.48,16/18,0.1530308798246567,0.1766388442441651,0.1530308798246567,0.2109670450523287
0.01,0.5,0.49,16/18,0.15120979903278942,0.17649293734207844,0.15120979903278942,0.20683916918287978
0.01,0.49,0.5,16/18,0.1493887182409221,0.17634703043999175,0.1493887182409221,0.20271129331343088
0.01,0.48,0.51,16/18,0.14756763744905477,0.17620112353790507,0.14756763744905477,0.19858341744398197
0.01,0.47,0.52,16/18,0.14574655665718747,0.1760552166358184,0.14574655665718747,0.19445554157453307
0.01,0.45999999999999996,0.53,16/18,0.14392547586532017,0.17590930973373173,0.14392547586532017,0.19032766570508416
0.01,0.44999999999999996,0.54,16/18,0.14210439507345285,0.17576340283164504,0.14210439507345285,0.18619978983563526
0.01,0.43999999999999995,0.55,16/18,0.14028331428158552,0.1756174959295584,0.14028331428158552,0.18207191396618636
0.01,0.42999999999999994,0.56,16/18,0.13846223348971826,0.17547158902747167,0.13846223348971826,0.17794403809673742
0.01,0.42000000000000004,0.57,16/18,0.13664115269785096,0.17532568212538502,0.13664115269785096,0.17381616222728857
0.01,0.41000000000000003,0.58,16/18,0.13482007190598363,0.17517977522329836,0.13482007190598363,0.16968828635783967
0.01,0.4,0.59,16/18,0.13299899111411634,0.17503386832121165,0.13299899111411634,0.16556041048839076
0.01,0.39,0.6,16/18,0.13117791032224901,0.174887961419125,0.13117791032224901,0.16143253461894186
0.01,0.38,0.61,16/18,0.12935682953038172,0.17474205451703834,0.12935682953038172,0.15730465874949295
0.01,0.37,0.62,16/18,0.1275357487385144,0.17459614761495162,0.1275357487385144,0.15317678288004405
0.01,0.36,0.63,16/18,0.1257146679466471,0.17445024071286497,0.1257146679466471,0.14904890701059514
0.01,0.35,0.64,16/18,0.12389358715477977,0.17430433381077826,0.12389358715477977,0.14492103114114624
0.01,0.33999999999999997,0.65,16/18,0.12207250636291248,0.1741584269086916,0.12207250636291248,0.1407931552716973
0.01,0.32999999999999996,0.66,16/18,0.12025142557104516,0.17401252000660494,0.12025142557104516,0.1366652794022484
0.01,0.31999999999999995,0.67,16/18,0.11843034477917785,0.17386661310451823,0.11843034477917785,0.1325374035327995
0.01,0.30999999999999994,0.68,16/18,0.11660926398731053,0.17372070620243157,0.11660926398731053,0.1284095276633506
0.01,0.30000000000000004,0.69,16/18,0.11478818319544325,0.1735747993003449,0.11478818319544325,0.12428165179390174
0.01,0.29000000000000004,0.7,16/18,0.11296710240357595,0.17342889239825823,0.11296710240357595,0.12015377592445284
0.01,0.28,0.71,16/18,0.11114602161170864,0.17328298549617155,0.11114602161170864,0.11602590005500392
0.01,0.27,0.72,16/18,0.10932494081984132,0.17313707859408486,0.10932494081984132,0.11189802418555501
0.01,0.26,0.73,16/18,0.10750386002797402,0.17299117169199818,0.10750386002797402,0.10777014831610611
0.01,0.25,0.74,18/22,0.1036422724466572,0.17284526478991152,0.10568277923610671,0.1036422724466572
0.01,0.24,0.75,18/22,0.0995143965772083,0.17269935788782484,0.1038616984442394,0.0995143965772083
0.01,0.22999999999999998,0.76,18/22,0.0953865207077594,0.17255345098573815,0.1020406176523721,0.0953865207077594
0.01,0.21999999999999997,0.77,18/22,0.09125864483831049,0.1724075440836515,0.10021953686050478,0.09125864483831049
0.01,0.20999999999999996,0.78,18/22,0.08713076896886157,0.1722616371815648,0.09839845606863748,0.08713076896886157
0.01,0.19999999999999996,0.79,18/22,0.08300289309941267,0.17211573027947813,0.09657737527677016,0.08300289309941267
0.01,0.18999999999999995,0.8,18/22,0.07887501722996376,0.17196982337739145,0.09475629448490286,0.07887501722996376
0.01,0.17999999999999994,0.81,18/22,0.07474714136051486,0.1718239164753048,0.09293521369303553,0.07474714136051486
0.01,0.17000000000000004,0.82,18/22,0.070619265491066,0.1716780095732181,0.09111413290116825,0.070619265491066
0.01,0.16000000000000003,0.83,18/22,0.06649138962161709,0.17153210267113142,0.08929305210930094,0.06649138962161709
0.01,0.15000000000000002,0.84,18/22,0.06236351375216818,0.17138619576904476,0.08747197131743363,0.06236351375216818
0.01,0.14,0.85,18/22,0.058235637882719266,0.17124028886695805,0.08565089052556632,0.058235637882719266
0.01,0.13,0.86,18/22,0.05410776201327036,0.1710943819648714,0.08382980973369901,0.05410776201327036
0.01,0.12,0.87,18/22,0.049979886143821456,0.1709484750627847,0.0820087289418317,0.049979886143821456
0.01,0.10999999999999999,0.88,18/22,0.04585201027437255,0.17080256816069805,0.08018764814996439,0.04585201027437255
0.01,0.09999999999999998,0.89,18/22,0.04172413440492364,0.17065666125861137,0.07836656735809708,0.04172413440492364
0.01,0.08999999999999997,0.9,18/22,0.037596258535474734,0.1705107543565247,0.07654548656622977,0.037596258535474734
0.01,0.07999999999999996,0.91,18/22,0.03346838266602583,0.170364847454438,0.07472440577436246,0.03346838266602583
0.01,0.06999999999999995,0.92,18/22,0.02934050679657692,0.17021894055235132,0.07290332498249516,0.02934050679657692
0.01,0.05999999999999994,0.93,18/22,0.025212630927128013,0.17007303365026466,0.07108224419062785,0.025212630927128013
0.01,0.050000000000000044,0.94,18/22,0.021084755057679153,0.16992712674817798,0.06926116339876055,0.021084755057679153
0.01,0.040000000000000036,0.95,18/22,0.016956879188230245,0.16978121984609132,0.06744008260689324,0.016956879188230245
0.01,0.030000000000000027,0.96,18/22,0.012829003318781338,0.16963531294400463,0.06561900181502593,0.012829003318781338
0.01,0.020000000000000018,0.97,18/22,0.008701127449332432,0.16948940604191798,0.06379792102315862,0.008701127449332432
0.01,0.010000000000000009,0.98,18/22,0.004573251579883525,0.16934349913983127,0.06197684023129132,0.004573251579883525
0.01,0.0,0.99,18/22,0.000445375710434619,0.16919759223774458,0.06015575943942401,0.000445375710434619
0.02,0.98,0.0,15/18,0.18269406087998347,0.18269406087998347,0.23877743648184413,0.40542258662686176
0.02,0.97,0.01,15/18,0.18254815397789678,0.18254815397789678,0.2369563556899768,0.40129471075741285
0.02,0.96,0.02,15/18,0.18240224707581013,0.18240224707581013,0.2351352748981095,0.39716683488796395
0.02,0.95,0.03,15/18,0.1822563401737234,0.1822563401737234,0.2333141941062422,0.39303895901851504
0.02,0.94,0.04,15/18,0.18211043327163676,0.18211043327163676,0.23149311331437492,0.38891108314906614
0.02,0.9299999999999999,0.05,15/18,0.18196452636955007,0.18196452636955007,0.2296720325225076,0.38478320727961723
0.02,0.9199999999999999,0.06,15/18,0.18181861946746342,0.18181861946746342,0.22785095173064027,0.38065533141016833
0.02,0.9099999999999999,0.07,15/18,0.1816727125653767,0.1816727125653767,0.22602987093877297,0.3765274555407194
0.02,0.9,0.08,15/18,0.18152680566329005,0.18152680566329005,0.22420879014690567,0.3723995796712705
0.02,0.89,0.09,15/18,0.1813808987612034,0.1813808987612034,0.22238770935503838,0.3682717038018216
0.02,0.88,0.1,15/18,0.1812349918591167,0.1812349918591167,0.22056662856317105,0.3641438279323727
0.02,0.87,0.11,15/18,0.18108908495703002,0.18108908495703002,0.21874554777130373,0.3600159520629238
0.02,0.86,0.12,15/18,0.18094317805494334,0.18094317805494334,0.21692446697943646,0.3558880761934749
0.02,0.85,0.13,15/18,0.18079727115285668,0.18079727115285668,0.21510338618756913,0.351760200324026
0.02,0.84,0.14,15/18,0.18065136425077,0.18065136425077,0.21328230539570184,0.3476323244545771
0.02,0.83,0.15,15/18,0.1805054573486833,0.1805054573486833,0.2114612246038345,0.3435044485851282
0.02,0.82,0.16,15/18,0.18035955044659663,0.18035955044659663,0.2096401438119672,0.3393765727156793
0.02,0.8099999999999999,0.17,15/18,0.18021364354450994,0.18021364354450994,0.2078190630200999,0.3352486968462304
0.02,0.8,0.18,15/18,0.18006773664242332,0.18006773664242332,0.2059979822282326,0.3311208209767815
0.02,0.79,0.19,15/18,0.1799218297403366,0.1799218297403366,0.2041769014363653,0.3269929451073326
0.02,0.78,0.2,15/18,0.17977592283824995,0.17977592283824995,0.20235582064449797,0.3228650692378837
0.02,0.77,0.21,15/18,0.17963001593616326,0.17963001593616326,0.20053473985263068,0.3187371933684348
0.02,0.76,0.22,15/18,0.1794841090340766,0.1794841090340766,0.19871365906076338,0.3146093174989859
0.02,0.75,0.23,15/18,0.17933820213198992,0.17933820213198992,0.19689257826889606,0.310481441629537
0.02,0.74,0.24,15/18,0.1791922952299032,0.1791922952299032,0.19507149747702876,0.3063535657600881
0.02,0.73,0.25,15/18,0.17904638832781655,0.17904638832781655,0.19325041668516144,0.3022256898906392
0.02,0.72,0.26,15/18,0.17890048142572987,0.17890048142572987,0.1914293358932941,0.2980978140211903
0.02,0.71,0.27,15/18,0.1787545745236432,0.1787545745236432,0.18960825510142681,0.2939699381517414
0.02,0.7,0.28,15/18,0.17860866762155653,0.17860866762155653,0.1877871743095595,0.2898420622822925
0.02,0.69,0.29,15/18,0.17846276071946984,0.17846276071946984,0.18596609351769217,0.2857141864128436
0.02,0.6799999999999999,0.3,15/18,0.17831685381738316,0.17831685381738316,0.1841450127258249,0.2815863105433946
0.02,0.6699999999999999,0.31,15/18,0.17817094691529645,0.17817094691529645,0.18232393193395757,0.2774584346739457
0.02,0.6599999999999999,0.32,15/18,0.1780250400132098,0.1780250400132098,0.18050285114209028,0.2733305588044968
0.02,0.6499999999999999,0.33,15/18,0.17787913311112313,0.17787913311112313,0.17868177035022295,0.2692026829350479
0.02,0.6399999999999999,0.34,16/18,0.17686068955835565,0.17773322620903645,0.17686068955835565,0.265074807065599
0.02,0.63,0.35,16/18,0.17503960876648836,0.1775873193069498,0.17503960876648836,0.26094693119615014
0.02,0.62,0.36,16/18,0.17321852797462103,0.1774414124048631,0.17321852797462103,0.25681905532670124
0.02,0.61,0.37,16/18,0.17139744718275374,0.17729550550277642,0.17139744718275374,0.25269117945725234
0.02,0.6,0.38,16/18,0.1695763663908864,0.17714959860068974,0.1695763663908864,0.24856330358780343
0.02,0.59,0.39,16/18,0.16775528559901914,0.17700369169860308,0.16775528559901914,0.24443542771835453
0.02,0.58,0.4,16/18,0.16593420480715182,0.1768577847965164,0.16593420480715182,0.24030755184890562
0.02,0.5700000000000001,0.41,16/18,0.16411312401528452,0.17671187789442974,0.16411312401528452,0.23617967597945677
0.02,0.56,0.42,16/18,0.16229204322341723,0.17656597099234306,0.16229204322341723,0.23205180011000784
0.02,0.55,0.43,16/18,0.1604709624315499,0.17642006409025637,0.1604709624315499,0.22792392424055893
0.02,0.54,0.44,16/18,0.1586498816396826,0.1762741571881697,0.1586498816396826,0.22379604837111003
0.02,0.53,0.45,16/18,0.15682880084781528,0.17612825028608303,0.15682880084781528,0.21966817250166112
0.02,0.52,0.46,16/18,0.15500772005594798,0.17598234338399635,0.15500772005594798,0.21554029663221222
0.02,0.51,0.47,16/18,0.1531866392640807,0.17583643648190966,0.1531866392640807,0.21141242076276331
0.02,0.5,0.48,16/18,0.15136555847221336,0.175690529579823,0.15136555847221336,0.2072845448933144
0.02,0.49,0.49,16/18,0.14954447768034607,0.1755446226777363,0.14954447768034607,0.2031566690238655
0.02,0.48,0.5,16/18,0.14772339688847874,0.17539871577564964,0.14772339688847874,0.1990287931544166
0.02,0.47,0.51,16/18,0.14590231609661145,0.17525280887356298,0.14590231609661145,0.1949009172849677
0.02,0.45999999999999996,0.52,16/18,0.14408123530474412,0.17510690197147627,0.14408123530474412,0.1907730414155188
0.02,0.44999999999999996,0.53,16/18,0.14226015451287682,0.1749609950693896,0.14226015451287682,0.18664516554606989
0.02,0.43999999999999995,0.54,16/18,0.1404390737210095,0.17481508816730296,0.1404390737210095,0.18251728967662098
0.02,0.42999999999999994,0.55,16/18,0.1386179929291422,0.17466918126521624,0.1386179929291422,0.17838941380717205
0.02,0.41999999999999993,0.56,16/18,0.1367969121372749,0.1745232743631296,0.1367969121372749,0.17426153793772314
0.02,0.41000000000000003,0.57,16/18,0.1349758313454076,0.1743773674610429,0.1349758313454076,0.1701336620682743
0.02,0.4,0.58,16/18,0.13315475055354029,0.17423146055895622,0.13315475055354029,0.1660057861988254
0.02,0.39,0.59,16/18,0.131333669761673,0.17408555365686956,0.131333669761673,0.16187791032937648
0.02,0.38,0.6,16/18,0.12951258896980566,0.17393964675478288,0.12951258896980566,0.15775003445992758
0.02,0.37,0.61,16/18,0.12769150817793837,0.1737937398526962,0.12769150817793837,0.15362215859047867
0.02,0.36,0.62,16/18,0.12587042738607104,0.1736478329506095,0.12587042738607104,0.14949428272102977
0.02,0.35,0.63,16/18,0.12404934659420375,0.17350192604852283,0.12404934659420375,0.14536640685158086
0.02,0.33999999999999997,0.64,16/18,0.12222826580233645,0.17335601914643617,0.12222826580233645,0.14123853098213193
0.02,0.32999999999999996,0.65,16/18,0.12040718501046913,0.17321011224434948,0.12040718501046913,0.13711065511268303
0.02,0.31999999999999995,0.66,16/18,0.11858610421860181,0.1730642053422628,0.11858610421860181,0.13298277924323412
0.02,0.30999999999999994,0.67,16/18,0.1167650234267345,0.17291829844017614,0.1167650234267345,0.12885490337378522
0.02,0.29999999999999993,0.68,16/18,0.11494394263486718,0.17277239153808946,0.11494394263486718,0.1247270275043363
0.02,0.29000000000000004,0.69,16/18,0.11312286184299991,0.17262648463600277,0.11312286184299991,0.12059915163488745
0.02,0.28,0.7,16/18,0.1113017810511326,0.17248057773391612,0.1113017810511326,0.11647127576543853
0.02,0.27,0.71,16/18,0.10948070025926529,0.1723346708318294,0.10948070025926529,0.11234339989598963
0.02,0.26,0.72,16/18,0.10765961946739797,0.17218876392974275,0.10765961946739797,0.10821552402654072
0.02,0.25,0.73,18/22,0.10408764815709182,0.1720428570276561,0.10583853867553067,0.10408764815709182
0.02,0.24,0.74,18/22,0.09995977228764291,0.17189695012556938,0.10401745788366334,0.09995977228764291
0.02,0.22999999999999998,0.75,18/22,0.09583189641819401,0.17175104322348272,0.10219637709179605,0.09583189641819401
0.02,0.21999999999999997,0.76,18/22,0.0917040205487451,0.17160513632139607,0.10037529629992872,0.0917040205487451
0.02,0.20999999999999996,0.77,18/22,0.08757614467929618,0.17145922941930938,0.09855421550806143,0.08757614467929618
0.02,0.19999999999999996,0.78,18/22,0.08344826880984728,0.17131332251722267,0.0967331347161941,0.08344826880984728
0.02,0.18999999999999995,0.79,18/22,0.07932039294039837,0.17116741561513601,0.0949120539243268,0.07932039294039837
0.02,0.17999999999999994,0.8,18/22,0.07519251707094947,0.17102150871304933,0.09309097313245948,0.07519251707094947
0.02,0.16999999999999993,0.81,18/22,0.07106464120150056,0.17087560181096267,0.09126989234059218,0.07106464120150056
0.02,0.16000000000000003,0.82,18/22,0.0669367653320517,0.170729694908876,0.08944881154872489,0.0669367653320517
0.02,0.15000000000000002,0.83,18/22,0.0628088894626028,0.1705837880067893,0.08762773075685758,0.0628088894626028
0.02,0.14,0.84,18/22,0.058681013593153884,0.17043788110470265,0.08580664996499027,0.058681013593153884
0.02,0.13,0.85,18/22,0.05455313772370498,0.17029197420261594,0.08398556917312297,0.05455313772370498
0.02,0.12,0.86,18/22,0.050425261854256075,0.17014606730052928,0.08216448838125565,0.050425261854256075
0.02,0.10999999999999999,0.87,18/22,0.04629738598480717,0.1700001603984426,0.08034340758938835,0.04629738598480717
0.02,0.09999999999999998,0.88,18/22,0.04216951011535826,0.1698542534963559,0.07852232679752104,0.04216951011535826
0.02,0.08999999999999997,0.89,18/22,0.03804163424590935,0.16970834659426925,0.07670124600565373,0.03804163424590935
0.02,0.07999999999999996,0.9,18/22,0.03391375837646045,0.1695624396921826,0.07488016521378642,0.03391375837646045
0.02,0.06999999999999995,0.91,18/22,0.02978588250701154,0.1694165327900959,0.07305908442191911,0.02978588250701154
0.02,0.05999999999999994,0.92,18/22,0.02565800663756263,0.1692706258880092,0.07123800363005181,0.02565800663756263
0.02,0.04999999999999993,0.93,18/22,0.021530130768113727,0.16912471898592255,0.06941692283818449,0.021530130768113727
0.02,0.040000000000000036,0.94,18/22,0.017402254898664864,0.16897881208383586,0.0675958420463172,0.017402254898664864
0.02,0.030000000000000027,0.95,18/22,0.013274379029215957,0.1688329051817492,0.06577476125444989,0.013274379029215957
0.02,0.020000000000000018,0.96,18/22,0.00914650315976705,0.16868699827966252,0.06395368046258258,0.00914650315976705
0.02,0.010000000000000009,0.97,18/22,0.005018627290318145,0.16854109137757584,0.06213259967071527,0.005018627290318145
0.02,0.0,0.98,18/22,0.000890751420869238,0.16839518447548915,0.06031151887884796,0.000890751420869238
0.03,0.97,0.0,15/18,0.18174574621564132,0.18174574621564132,0.23711211512940078,0.4017400864678475
0.03,0.96,0.01,15/18,0.18159983931355467,0.18159983931355467,0.23529103433753346,0.3976122105983986
0.03,0.95,0.02,15/18,0.18145393241146798,0.18145393241146798,0.2334699535456662,0.39348433472894967
0.03,0.94,0.03,15/18,0.1813080255093813,0.1813080255093813,0.23164887275379886,0.38935645885950076
0.03,0.9299999999999999,0.04,15/18,0.18116211860729461,0.18116211860729461,0.22982779196193157,0.38522858299005186
0.03,0.9199999999999999,0.05,15/18,0.18101621170520796,0.18101621170520796,0.22800671117006424,0.38110070712060296
0.03,0.9099999999999999,0.06,15/18,0.18087030480312127,0.18087030480312127,0.22618563037819692,0.37697283125115405
0.03,0.8999999999999999,0.07,15/18,0.1807243979010346,0.1807243979010346,0.22436454958632962,0.37284495538170515
0.03,0.89,0.08,15/18,0.18057849099894793,0.18057849099894793,0.22254346879446232,0.36871707951225624
0.03,0.88,0.09,15/18,0.18043258409686125,0.18043258409686125,0.22072238800259503,0.36458920364280734
0.03,0.87,0.1,15/18,0.1802866771947746,0.1802866771947746,0.2189013072107277,0.36046132777335843
0.03,0.86,0.11,15/18,0.18014077029268788,0.18014077029268788,0.2170802264188604,0.3563334519039095
0.03,0.85,0.12,15/18,0.17999486339060122,0.17999486339060122,0.2152591456269931,0.3522055760344606
0.03,0.84,0.13,15/18,0.17984895648851454,0.17984895648851454,0.21343806483512578,0.3480777001650117
0.03,0.83,0.14,15/18,0.17970304958642788,0.17970304958642788,0.2116169840432585,0.3439498242955628
0.03,0.82,0.15,15/18,0.17955714268434117,0.17955714268434117,0.20979590325139116,0.3398219484261139
0.03,0.8099999999999999,0.16,15/18,0.17941123578225449,0.17941123578225449,0.20797482245952384,0.335694072556665
0.03,0.7999999999999999,0.17,15/18,0.17926532888016783,0.17926532888016783,0.20615374166765654,0.3315661966872161
0.03,0.79,0.18,15/18,0.17911942197808117,0.17911942197808117,0.20433266087578925,0.32743832081776725
0.03,0.78,0.19,15/18,0.17897351507599452,0.17897351507599452,0.20251158008392195,0.32331044494831834
0.03,0.77,0.2,15/18,0.1788276081739078,0.1788276081739078,0.20069049929205465,0.31918256907886944
0.03,0.76,0.21,15/18,0.17868170127182115,0.17868170127182115,0.19886941850018733,0.31505469320942053
0.03,0.75,0.22,15/18,0.17853579436973446,0.17853579436973446,0.19704833770832003,0.31092681733997163
0.03,0.74,0.23,15/18,0.17838988746764778,0.17838988746764778,0.1952272569164527,0.3067989414705227
0.03,0.73,0.24,15/18,0.1782439805655611,0.1782439805655611,0.1934061761245854,0.3026710656010738
0.03,0.72,0.25,15/18,0.1780980736634744,0.1780980736634744,0.19158509533271809,0.2985431897316249
0.03,0.71,0.26,15/18,0.17795216676138775,0.17795216676138775,0.18976401454085076,0.294415313862176
0.03,0.7,0.27,15/18,0.17780625985930107,0.17780625985930107,0.18794293374898347,0.2902874379927271
0.03,0.69,0.28,15/18,0.17766035295721438,0.17766035295721438,0.18612185295711614,0.2861595621232782
0.03,0.6799999999999999,0.29,15/18,0.1775144460551277,0.1775144460551277,0.18430077216524887,0.28203168625382924
0.03,0.6699999999999999,0.3,15/18,0.17736853915304104,0.17736853915304104,0.18247969137338155,0.27790381038438033
0.03,0.6599999999999999,0.31,15/18,0.17722263225095436,0.17722263225095436,0.18065861058151422,0.27377593451493143
0.03,0.6499999999999999,0.32,15/18,0.17707672534886768,0.17707672534886768,0.17883752978964693,0.2696480586454825
0.03,0.6399999999999999,0.33,15/18,0.17693081844678102,0.17693081844678102,0.1770164489977796,0.2655201827760336
0.03,0.6299999999999999,0.34,16/18,0.1751953682059123,0.17678491154469433,0.1751953682059123,0.2613923069065847
0.03,0.62,0.35,16/18,0.173374287414045,0.17663900464260768,0.173374287414045,0.25726443103713587
0.03,0.61,0.36,16/18,0.17155320662217768,0.176493097740521,0.17155320662217768,0.25313655516768696
0.03,0.6,0.37,16/18,0.1697321258303104,0.1763471908384343,0.1697321258303104,0.24900867929823803
0.03,0.59,0.38,16/18,0.1679110450384431,0.17620128393634765,0.1679110450384431,0.24488080342878912
0.03,0.58,0.39,16/18,0.1660899642465758,0.17605537703426094,0.1660899642465758,0.24075292755934022
0.03,0.57,0.4,16/18,0.16426888345470847,0.17590947013217428,0.16426888345470847,0.2366250516898913
0.03,0.56,0.41,16/18,0.16244780266284117,0.17576356323008763,0.16244780266284117,0.23249717582044244
0.03,0.55,0.42,16/18,0.16062672187097388,0.17561765632800094,0.16062672187097388,0.22836929995099353
0.03,0.54,0.43,16/18,0.15880564107910655,0.17547174942591426,0.15880564107910655,0.22424142408154463
0.03,0.53,0.44,16/18,0.15698456028723926,0.1753258425238276,0.15698456028723926,0.22011354821209572
0.03,0.52,0.45,16/18,0.15516347949537193,0.17517993562174092,0.15516347949537193,0.21598567234264682
0.03,0.51,0.46,16/18,0.15334239870350463,0.17503402871965423,0.15334239870350463,0.2118577964731979
0.03,0.5,0.47,16/18,0.1515213179116373,0.17488812181756755,0.1515213179116373,0.207729920603749
0.03,0.49,0.48,16/18,0.14970023711977,0.17474221491548086,0.14970023711977,0.2036020447343001
0.03,0.48,0.49,16/18,0.1478791563279027,0.1745963080133942,0.1478791563279027,0.1994741688648512
0.03,0.47,0.5,16/18,0.1460580755360354,0.17445040111130752,0.1460580755360354,0.1953462929954023
0.03,0.45999999999999996,0.51,16/18,0.14423699474416807,0.17430449420922084,0.14423699474416807,0.1912184171259534
0.03,0.44999999999999996,0.52,16/18,0.14241591395230077,0.17415858730713418,0.14241591395230077,0.18709054125650448
0.03,0.43999999999999995,0.53,16/18,0.14059483316043345,0.1740126804050475,0.14059483316043345,0.18296266538705558
0.03,0.42999999999999994,0.54,16/18,0.13877375236856615,0.17386677350296081,0.13877375236856615,0.17883478951760665
0.03,0.41999999999999993,0.55,16/18,0.13695267157669883,0.17372086660087413,0.13695267157669883,0.17470691364815774
0.03,0.4099999999999999,0.56,16/18,0.13513159078483153,0.17357495969878745,0.13513159078483153,0.17057903777870884
0.03,0.4,0.57,16/18,0.13331050999296423,0.1734290527967008,0.13331050999296423,0.16645116190926
0.03,0.39,0.58,16/18,0.1314894292010969,0.17328314589461413,0.1314894292010969,0.16232328603981108
0.03,0.38,0.59,16/18,0.12966834840922964,0.17313723899252742,0.12966834840922964,0.15819541017036218
0.03,0.37,0.6,16/18,0.12784726761736231,0.17299133209044076,0.12784726761736231,0.15406753430091327
0.03,0.36,0.61,16/18,0.126026186825495,0.17284542518835408,0.126026186825495,0.14993965843146437
0.03,0.35,0.62,16/18,0.1242051060336277,0.1726995182862674,0.1242051060336277,0.14581178256201546
0.03,0.33999999999999997,0.63,16/18,0.1223840252417604,0.17255361138418074,0.1223840252417604,0.14168390669256653
0.03,0.32999999999999996,0.64,16/18,0.12056294444989307,0.17240770448209403,0.12056294444989307,0.13755603082311763
0.03,0.31999999999999995,0.65,16/18,0.11874186365802576,0.17226179758000737,0.11874186365802576,0.13342815495366872
0.03,0.30999999999999994,0.66,16/18,0.11692078286615845,0.17211589067792069,0.11692078286615845,0.12930027908421982
0.03,0.29999999999999993,0.67,16/18,0.11509970207429114,0.171969983775834,0.11509970207429114,0.1251724032147709
0.03,0.2899999999999999,0.68,16/18,0.11327862128242383,0.17182407687374734,0.11327862128242383,0.12104452734532202
0.03,0.28,0.69,16/18,0.11145754049055655,0.17167816997166066,0.11145754049055655,0.11691665147587316
0.03,0.27,0.7,16/18,0.10963645969868924,0.17153226306957398,0.10963645969868924,0.11278877560642425
0.03,0.26,0.71,16/18,0.10781537890682191,0.1713863561674873,0.10781537890682191,0.10866089973697535
0.03,0.25,0.72,18/22,0.10453302386752644,0.17124044926540063,0.10599429811495462,0.10453302386752644
0.03,0.24,0.73,18/22,0.10040514799807754,0.17109454236331395,0.1041732173230873,0.10040514799807754
0.03,0.22999999999999998,0.74,18/22,0.09627727212862863,0.17094863546122727,0.10235213653122,0.09627727212862863
0.03,0.21999999999999997,0.75,18/22,0.09214939625917973,0.1708027285591406,0.10053105573935268,0.09214939625917973
0.03,0.20999999999999996,0.76,18/22,0.08802152038973081,0.17065682165705393,0.09870997494748537,0.08802152038973081
0.03,0.19999999999999996,0.77,18/22,0.0838936445202819,0.17051091475496727,0.09688889415561806,0.0838936445202819
0.03,0.18999999999999995,0.78,18/22,0.079765768650833,0.17036500785288056,0.09506781336375075,0.079765768650833
0.03,0.17999999999999994,0.79,18/22,0.0756378927813841,0.1702191009507939,0.09324673257188346,0.0756378927813841
0.03,0.16999999999999993,0.8,18/22,0.07151001691193519,0.17007319404870722,0.09142565178001613,0.07151001691193519
0.03,0.15999999999999992,0.81,18/22,0.06738214104248628,0.16992728714662053,0.08960457098814884,0.06738214104248628
0.03,0.15000000000000002,0.82,18/22,0.06325426517303742,0.16978138024453387,0.08778349019628154,0.06325426517303742
0.03,0.14,0.83,18/22,0.0591263893035885,0.1696354733424472,0.08596240940441423,0.0591263893035885
0.03,0.13,0.84,18/22,0.0549985134341396,0.1694895664403605,0.08414132861254692,0.0549985134341396
0.03,0.12,0.85,18/22,0.05087063756469069,0.16934365953827382,0.08232024782067962,0.05087063756469069
0.03,0.10999999999999999,0.86,18/22,0.04674276169524179,0.16919775263618714,0.0804991670288123,0.04674276169524179
0.03,0.09999999999999998,0.87,18/22,0.04261488582579288,0.16905184573410048,0.07867808623694499,0.04261488582579288
0.03,0.08999999999999997,0.88,18/22,0.03848700995634397,0.16890593883201382,0.07685700544507768,0.03848700995634397
0.03,0.07999999999999996,0.89,18/22,0.03435913408689507,0.16876003192992714,0.07503592465321038,0.03435913408689507
0.03,0.06999999999999995,0.9,18/22,0.03023125821744616,0.16861412502784046,0.07321484386134305,0.03023125821744616
0.03,0.05999999999999994,0.91,18/22,0.02610338234799725,0.16846821812575377,0.07139376306947576,0.02610338234799725
0.03,0.04999999999999993,0.92,18/22,0.021975506478548346,0.1683223112236671,0.06957268227760845,0.021975506478548346
0.03,0.039999999999999925,0.93,18/22,0.017847630609099437,0.16817640432158043,0.06775160148574114,0.017847630609099437
0.03,0.030000000000000027,0.94,18/22,0.013719754739650578,0.16803049741949375,0.06593052069387384,0.013719754739650578
0.03,0.020000000000000018,0.95,18/22,0.00959187887020167,0.16788459051740706,0.06410943990200654,0.00959187887020167
0.03,0.010000000000000009,0.96,18/22,0.0054640030007527636,0.1677386836153204,0.062288359110139226,0.0054640030007527636
0.03,0.0,0.97,18/22,0.001336127131303857,0.16759277671323372,0.060467278318271915,0.001336127131303857
0.04,0.96,0.0,15/18,0.18079743155129924,0.18079743155129924,0.23544679377695743,0.3980575863088332
0.04,0.95,0.01,15/18,0.18065152464921255,0.18065152464921255,0.23362571298509013,0.3939297104393843
0.04,0.94,0.02,15/18,0.1805056177471259,0.1805056177471259,0.23180463219322284,0.3898018345699354
0.04,0.9299999999999999,0.03,15/18,0.18035971084503918,0.18035971084503918,0.2299835514013555,0.3856739587004865
0.04,0.9199999999999999,0.04,15/18,0.18021380394295253,0.18021380394295253,0.22816247060948822,0.3815460828310376
0.04,0.9099999999999999,0.05,15/18,0.18006789704086584,0.18006789704086584,0.2263413898176209,0.3774182069615887
0.04,0.8999999999999999,0.06,15/18,0.1799219901387792,0.1799219901387792,0.22452030902575357,0.37329033109213977
0.04,0.8899999999999999,0.07,15/18,0.17977608323669247,0.17977608323669247,0.22269922823388627,0.36916245522269087
0.04,0.88,0.08,15/18,0.17963017633460582,0.17963017633460582,0.22087814744201897,0.36503457935324196
0.04,0.87,0.09,15/18,0.17948426943251916,0.17948426943251916,0.21905706665015168,0.36090670348379306
0.04,0.86,0.1,15/18,0.17933836253043248,0.17933836253043248,0.21723598585828438,0.35677882761434415
0.04,0.85,0.11,15/18,0.1791924556283458,0.1791924556283458,0.21541490506641706,0.35265095174489525
0.04,0.84,0.12,15/18,0.1790465487262591,0.1790465487262591,0.21359382427454976,0.34852307587544634
0.04,0.83,0.13,15/18,0.17890064182417245,0.17890064182417245,0.21177274348268244,0.34439520000599744
0.04,0.82,0.14,15/18,0.17875473492208577,0.17875473492208577,0.20995166269081514,0.34026732413654853
0.04,0.8099999999999999,0.15,15/18,0.17860882801999906,0.17860882801999906,0.20813058189894781,0.3361394482670996
0.04,0.7999999999999999,0.16,15/18,0.1784629211179124,0.1784629211179124,0.2063095011070805,0.3320115723976507
0.04,0.7899999999999999,0.17,15/18,0.17831701421582571,0.17831701421582571,0.2044884203152132,0.3278836965282018
0.04,0.78,0.18,15/18,0.17817110731373909,0.17817110731373909,0.2026673395233459,0.32375582065875297
0.04,0.77,0.19,15/18,0.17802520041165237,0.17802520041165237,0.20084625873147863,0.31962794478930406
0.04,0.76,0.2,15/18,0.17787929350956572,0.17787929350956572,0.1990251779396113,0.31550006891985516
0.04,0.75,0.21,15/18,0.17773338660747903,0.17773338660747903,0.19720409714774398,0.31137219305040625
0.04,0.74,0.22,15/18,0.17758747970539235,0.17758747970539235,0.19538301635587668,0.30724431718095735
0.04,0.73,0.23,15/18,0.1774415728033057,0.1774415728033057,0.19356193556400936,0.30311644131150844
0.04,0.72,0.24,15/18,0.17729566590121898,0.17729566590121898,0.19174085477214206,0.29898856544205954
0.04,0.71,0.25,15/18,0.17714975899913232,0.17714975899913232,0.18991977398027474,0.29486068957261063
0.04,0.7,0.26,15/18,0.17700385209704564,0.17700385209704564,0.1880986931884074,0.29073281370316173
0.04,0.69,0.27,15/18,0.17685794519495898,0.17685794519495898,0.18627761239654012,0.2866049378337128
0.04,0.6799999999999999,0.28,15/18,0.1767120382928723,0.1767120382928723,0.18445653160467282,0.28247706196426386
0.04,0.6699999999999999,0.29,15/18,0.17656613139078559,0.17656613139078559,0.18263545081280552,0.27834918609481496
0.04,0.6599999999999999,0.3,15/18,0.17642022448869893,0.17642022448869893,0.1808143700209382,0.27422131022536606
0.04,0.6499999999999999,0.31,15/18,0.17627431758661224,0.17627431758661224,0.17899328922907087,0.27009343435591715
0.04,0.6399999999999999,0.32,15/18,0.17612841068452556,0.17612841068452556,0.17717220843720358,0.26596555848646825
0.04,0.6299999999999999,0.33,16/18,0.17535112764533625,0.1759825037824389,0.17535112764533625,0.26183768261701934
0.04,0.6199999999999999,0.34,16/18,0.17353004685346896,0.17583659688035222,0.17353004685346896,0.25770980674757044
0.04,0.61,0.35,16/18,0.17170896606160166,0.17569068997826554,0.17170896606160166,0.2535819308781216
0.04,0.6,0.36,16/18,0.16988788526973433,0.17554478307617888,0.16988788526973433,0.24945405500867265
0.04,0.59,0.37,16/18,0.16806680447786707,0.1753988761740922,0.16806680447786707,0.24532617913922375
0.04,0.58,0.38,16/18,0.16624572368599974,0.1752529692720055,0.16624572368599974,0.24119830326977484
0.04,0.57,0.39,16/18,0.16442464289413244,0.17510706236991885,0.16442464289413244,0.23707042740032594
0.04,0.5599999999999999,0.4,16/18,0.16260356210226512,0.17496115546783217,0.16260356210226512,0.23294255153087703
0.04,0.55,0.41,16/18,0.16078248131039782,0.17481524856574548,0.16078248131039782,0.22881467566142816
0.04,0.54,0.42,16/18,0.15896140051853053,0.17466934166365883,0.15896140051853053,0.22468679979197925
0.04,0.53,0.43,16/18,0.1571403197266632,0.17452343476157214,0.1571403197266632,0.22055892392253035
0.04,0.52,0.44,16/18,0.1553192389347959,0.17437752785948546,0.1553192389347959,0.21643104805308144
0.04,0.51,0.45,16/18,0.15349815814292858,0.1742316209573988,0.15349815814292858,0.21230317218363254
0.04,0.49999999999999994,0.46,16/18,0.15167707735106126,0.1740857140553121,0.15167707735106126,0.2081752963141836
0.04,0.49,0.47,16/18,0.14985599655919396,0.17393980715322543,0.14985599655919396,0.20404742044473473
0.04,0.48,0.48,16/18,0.14803491576732664,0.17379390025113878,0.14803491576732664,0.19991954457528582
0.04,0.47,0.49,16/18,0.14621383497545934,0.17364799334905207,0.14621383497545934,0.19579166870583692
0.04,0.45999999999999996,0.5,16/18,0.14439275418359204,0.1735020864469654,0.14439275418359204,0.19166379283638801
0.04,0.44999999999999996,0.51,16/18,0.14257167339172472,0.17335617954487875,0.14257167339172472,0.1875359169669391
0.04,0.43999999999999995,0.52,16/18,0.1407505925998574,0.17321027264279204,0.1407505925998574,0.1834080410974902
0.04,0.42999999999999994,0.53,16/18,0.1389295118079901,0.17306436574070538,0.1389295118079901,0.17928016522804127
0.04,0.41999999999999993,0.54,16/18,0.1371084310161228,0.1729184588386187,0.1371084310161228,0.17515228935859237
0.04,0.4099999999999999,0.55,16/18,0.13528735022425548,0.17277255193653202,0.13528735022425548,0.17102441348914346
0.04,0.3999999999999999,0.56,16/18,0.13346626943238815,0.17262664503444536,0.13346626943238815,0.16689653761969456
0.04,0.39,0.57,16/18,0.13164518864052088,0.17248073813235867,0.13164518864052088,0.1627686617502457
0.04,0.38,0.58,16/18,0.12982410784865356,0.172334831230272,0.12982410784865356,0.1586407858807968
0.04,0.37,0.59,16/18,0.12800302705678626,0.1721889243281853,0.12800302705678626,0.1545129100113479
0.04,0.36,0.6,16/18,0.12618194626491896,0.17204301742609862,0.12618194626491896,0.150385034141899
0.04,0.35,0.61,16/18,0.12436086547305164,0.17189711052401196,0.12436086547305164,0.1462571582724501
0.04,0.33999999999999997,0.62,16/18,0.12253978468118434,0.17175120362192528,0.12253978468118434,0.14212928240300116
0.04,0.32999999999999996,0.63,16/18,0.12071870388931702,0.1716052967198386,0.12071870388931702,0.13800140653355225
0.04,0.31999999999999995,0.64,16/18,0.11889762309744972,0.17145938981775194,0.11889762309744972,0.13387353066410335
0.04,0.30999999999999994,0.65,16/18,0.1170765423055824,0.17131348291566525,0.1170765423055824,0.12974565479465444
0.04,0.29999999999999993,0.66,16/18,0.11525546151371509,0.17116757601357857,0.11525546151371509,0.12561777892520554
0.04,0.2899999999999999,0.67,16/18,0.11343438072184779,0.1710216691114919,0.11343438072184779,0.12148990305575663
0.04,0.2799999999999999,0.68,16/18,0.11161329992998048,0.17087576220940523,0.11161329992998048,0.11736202718630773
0.04,0.27,0.69,16/18,0.10979221913811318,0.17072985530731855,0.10979221913811318,0.11323415131685886
0.04,0.26,0.7,16/18,0.10797113834624587,0.17058394840523186,0.10797113834624587,0.10910627544740996
0.04,0.25,0.71,18/22,0.10497839957796105,0.17043804150314518,0.10615005755437856,0.10497839957796105
0.04,0.24,0.72,18/22,0.10085052370851215,0.17029213460105852,0.10432897676251127,0.10085052370851215
0.04,0.22999999999999998,0.73,18/22,0.09672264783906324,0.17014622769897184,0.10250789597064396,0.09672264783906324
0.04,0.21999999999999997,0.74,18/22,0.09259477196961434,0.17000032079688515,0.10068681517877665,0.09259477196961434
0.04,0.20999999999999996,0.75,18/22,0.08846689610016542,0.1698544138947985,0.09886573438690933,0.08846689610016542
0.04,0.19999999999999996,0.76,18/22,0.08433902023071652,0.1697085069927118,0.09704465359504202,0.08433902023071652
0.04,0.18999999999999995,0.77,18/22,0.08021114436126761,0.16956260009062513,0.09522357280317471,0.08021114436126761
0.04,0.17999999999999994,0.78,18/22,0.0760832684918187,0.16941669318853844,0.0934024920113074,0.0760832684918187
0.04,0.16999999999999993,0.79,18/22,0.0719553926223698,0.16927078628645176,0.0915814112194401,0.0719553926223698
0.04,0.15999999999999992,0.8,18/22,0.0678275167529209,0.1691248793843651,0.08976033042757278,0.0678275167529209
0.04,0.1499999999999999,0.81,18/22,0.06369964088347199,0.16897897248227844,0.08793924963570549,0.06369964088347199
0.04,0.14,0.82,18/22,0.05957176501402312,0.16883306558019173,0.08611816884383819,0.05957176501402312
0.04,0.13,0.83,18/22,0.05544388914457422,0.16868715867810508,0.08429708805197086,0.05544388914457422
0.04,0.12,0.84,18/22,0.05131601327512531,0.16854125177601842,0.08247600726010357,0.05131601327512531
0.04,0.10999999999999999,0.85,18/22,0.04718813740567641,0.1683953448739317,0.08065492646823626,0.04718813740567641
0.04,0.09999999999999998,0.86,18/22,0.043060261536227495,0.16824943797184502,0.07883384567636895,0.043060261536227495
0.04,0.08999999999999997,0.87,18/22,0.03893238566677859,0.16810353106975837,0.07701276488450164,0.03893238566677859
0.04,0.07999999999999996,0.88,18/22,0.034804509797329686,0.16795762416767168,0.07519168409263433,0.034804509797329686
0.04,0.06999999999999995,0.89,18/22,0.030676633927880777,0.16781171726558503,0.07337060330076703,0.030676633927880777
0.04,0.05999999999999994,0.9,18/22,0.02654875805843187,0.16766581036349834,0.0715495225088997,0.02654875805843187
0.04,0.04999999999999993,0.91,18/22,0.022420882188982964,0.16751990346141166,0.06972844171703241,0.022420882188982964
0.04,0.039999999999999925,0.92,18/22,0.018293006319534056,0.16737399655932497,0.06790736092516508,0.018293006319534056
0.04,0.029999999999999916,0.93,18/22,0.014165130450085151,0.16722808965723832,0.06608628013329777,0.014165130450085151
0.04,0.020000000000000018,0.94,18/22,0.01003725458063629,0.16708218275515163,0.06426519934143049,0.01003725458063629
0.04,0.010000000000000009,0.95,18/22,0.005909378711187382,0.16693627585306495,0.06244411854956318,0.005909378711187382
0.04,0.0,0.96,18/22,0.001781502841738476,0.1667903689509783,0.06062303775769587,0.001781502841738476
0.05,0.95,0.0,15/18,0.1798491168869571,0.1798491168869571,0.23378147242451408,0.39437508614981887
0.05,0.94,0.01,15/18,0.17970320998487044,0.17970320998487044,0.23196039163264676,0.39024721028036996
0.05,0.9299999999999999,0.02,15/18,0.17955730308278375,0.17955730308278375,0.23013931084077946,0.38611933441092106
0.05,0.9199999999999999,0.03,15/18,0.17941139618069707,0.17941139618069707,0.22831823004891214,0.38199145854147215
0.05,0.9099999999999999,0.04,15/18,0.17926548927861038,0.17926548927861038,0.22649714925704484,0.37786358267202325
0.05,0.8999999999999999,0.05,15/18,0.17911958237652373,0.17911958237652373,0.22467606846517751,0.37373570680257434
0.05,0.8899999999999999,0.06,15/18,0.17897367547443704,0.17897367547443704,0.2228549876733102,0.36960783093312544
0.05,0.8799999999999999,0.07,15/18,0.17882776857235036,0.17882776857235036,0.2210339068814429,0.36547995506367653
0.05,0.87,0.08,15/18,0.1786818616702637,0.1786818616702637,0.2192128260895756,0.3613520791942276
0.05,0.86,0.09,15/18,0.17853595476817702,0.17853595476817702,0.21739174529770833,0.3572242033247787
0.05,0.85,0.1,15/18,0.17839004786609036,0.17839004786609036,0.215570664505841,0.3530963274553298
0.05,0.84,0.11,15/18,0.17824414096400365,0.17824414096400365,0.21374958371397368,0.3489684515858809
0.05,0.83,0.12,15/18,0.178098234061917,0.178098234061917,0.21192850292210638,0.344840575716432
0.05,0.82,0.13,15/18,0.1779523271598303,0.1779523271598303,0.21010742213023906,0.3407126998469831
0.05,0.8099999999999999,0.14,15/18,0.17780642025774362,0.17780642025774362,0.20828634133837176,0.3365848239775342
0.05,0.7999999999999999,0.15,15/18,0.17766051335565694,0.17766051335565694,0.20646526054650444,0.3324569481080853
0.05,0.7899999999999999,0.16,15/18,0.17751460645357026,0.17751460645357026,0.2046441797546371,0.3283290722386364
0.05,0.7799999999999999,0.17,15/18,0.1773686995514836,0.1773686995514836,0.20282309896276982,0.3242011963691875
0.05,0.77,0.18,15/18,0.17722279264939694,0.17722279264939694,0.20100201817090255,0.32007332049973863
0.05,0.76,0.19,15/18,0.1770768857473103,0.1770768857473103,0.19918093737903525,0.31594544463028973
0.05,0.75,0.2,15/18,0.17693097884522357,0.17693097884522357,0.19735985658716793,0.3118175687608408
0.05,0.74,0.21,15/18,0.1767850719431369,0.1767850719431369,0.1955387757953006,0.3076896928913919
0.05,0.73,0.22,15/18,0.17663916504105023,0.17663916504105023,0.1937176950034333,0.303561817021943
0.05,0.72,0.23,15/18,0.17649325813896355,0.17649325813896355,0.19189661421156598,0.2994339411524941
0.05,0.71,0.24,15/18,0.17634735123687686,0.17634735123687686,0.19007553341969868,0.2953060652830452
0.05,0.7,0.25,15/18,0.17620144433479018,0.17620144433479018,0.18825445262783136,0.2911781894135963
0.05,0.69,0.26,15/18,0.17605553743270352,0.17605553743270352,0.18643337183596403,0.2870503135441474
0.05,0.6799999999999999,0.27,15/18,0.17590963053061684,0.17590963053061684,0.18461229104409677,0.28292243767469843
0.05,0.6699999999999999,0.28,15/18,0.17576372362853016,0.17576372362853016,0.18279121025222944,0.27879456180524953
0.05,0.6599999999999999,0.29,15/18,0.17561781672644347,0.17561781672644347,0.18097012946036212,0.2746666859358006
0.05,0.6499999999999999,0.3,15/18,0.1754719098243568,0.1754719098243568,0.17914904866849482,0.2705388100663517
0.05,0.6399999999999999,0.31,15/18,0.17532600292227013,0.17532600292227013,0.1773279678766275,0.2664109341969028
0.05,0.6299999999999999,0.32,15/18,0.17518009602018345,0.17518009602018345,0.1755068870847602,0.2622830583274539
0.05,0.6199999999999999,0.33,16/18,0.17368580629289287,0.17503418911809676,0.17368580629289287,0.258155182458005
0.05,0.6099999999999999,0.34,16/18,0.17186472550102558,0.1748882822160101,0.17186472550102558,0.2540273065885561
0.05,0.6,0.35,16/18,0.17004364470915828,0.17474237531392342,0.17004364470915828,0.24989943071910728
0.05,0.59,0.36,16/18,0.16822256391729098,0.17459646841183674,0.16822256391729098,0.24577155484965837
0.05,0.58,0.37,16/18,0.1664014831254237,0.17445056150975008,0.1664014831254237,0.24164367898020947
0.05,0.57,0.38,16/18,0.16458040233355636,0.1743046546076634,0.16458040233355636,0.23751580311076056
0.05,0.5599999999999999,0.39,16/18,0.16275932154168907,0.1741587477055767,0.16275932154168907,0.23338792724131166
0.05,0.5499999999999999,0.4,16/18,0.16093824074982174,0.17401284080349005,0.16093824074982174,0.22926005137186276
0.05,0.54,0.41,16/18,0.15911715995795445,0.17386693390140337,0.15911715995795445,0.22513217550241388
0.05,0.53,0.42,16/18,0.15729607916608715,0.17372102699931669,0.15729607916608715,0.22100429963296497
0.05,0.52,0.43,16/18,0.15547499837421982,0.17357512009723003,0.15547499837421982,0.21687642376351607
0.05,0.51,0.44,16/18,0.15365391758235256,0.17342921319514334,0.15365391758235256,0.21274854789406716
0.05,0.49999999999999994,0.45,16/18,0.1518328367904852,0.17328330629305666,0.1518328367904852,0.20862067202461823
0.05,0.48999999999999994,0.46,16/18,0.1500117559986179,0.17313739939096998,0.1500117559986179,0.20449279615516933
0.05,0.48,0.47,16/18,0.1481906752067506,0.1729914924888833,0.1481906752067506,0.20036492028572045
0.05,0.47,0.48,16/18,0.14636959441488331,0.17284558558679664,0.14636959441488331,0.19623704441627154
0.05,0.45999999999999996,0.49,16/18,0.144548513623016,0.17269967868470995,0.144548513623016,0.19210916854682264
0.05,0.44999999999999996,0.5,16/18,0.1427274328311487,0.17255377178262327,0.1427274328311487,0.18798129267737373
0.05,0.43999999999999995,0.51,16/18,0.14090635203928137,0.1724078648805366,0.14090635203928137,0.18385341680792483
0.05,0.42999999999999994,0.52,16/18,0.13908527124741407,0.1722619579784499,0.13908527124741407,0.1797255409384759
0.05,0.41999999999999993,0.53,16/18,0.13726419045554675,0.17211605107636324,0.13726419045554675,0.175597665069027
0.05,0.4099999999999999,0.54,16/18,0.13544310966367945,0.17197014417427658,0.13544310966367945,0.1714697891995781
0.05,0.3999999999999999,0.55,16/18,0.13362202887181213,0.17182423727218987,0.13362202887181213,0.16734191333012918
0.05,0.3899999999999999,0.56,16/18,0.1318009480799448,0.17167833037010322,0.1318009480799448,0.16321403746068028
0.05,0.38,0.57,16/18,0.12997986728807753,0.17153242346801656,0.12997986728807753,0.15908616159123143
0.05,0.37,0.58,16/18,0.1281587864962102,0.17138651656592985,0.1281587864962102,0.15495828572178252
0.05,0.36,0.59,16/18,0.1263377057043429,0.1712406096638432,0.1263377057043429,0.15083040985233362
0.05,0.35,0.6,16/18,0.1245166249124756,0.1710947027617565,0.1245166249124756,0.14670253398288471
0.05,0.33999999999999997,0.61,16/18,0.12269554412060829,0.17094879585966982,0.12269554412060829,0.14257465811343578
0.05,0.32999999999999996,0.62,16/18,0.120874463328741,0.17080288895758317,0.120874463328741,0.13844678224398688
0.05,0.31999999999999995,0.63,16/18,0.11905338253687367,0.17065698205549648,0.11905338253687367,0.13431890637453797
0.05,0.30999999999999994,0.64,16/18,0.11723230174500637,0.1705110751534098,0.11723230174500637,0.13019103050508907
0.05,0.29999999999999993,0.65,16/18,0.11541122095313905,0.17036516825132314,0.11541122095313905,0.12606315463564016
0.05,0.2899999999999999,0.66,16/18,0.11359014016127175,0.17021926134923646,0.11359014016127175,0.12193527876619126
0.05,0.2799999999999999,0.67,16/18,0.11176905936940444,0.17007335444714977,0.11176905936940444,0.11780740289674235
0.05,0.2699999999999999,0.68,16/18,0.10994797857753713,0.16992744754506311,0.10994797857753713,0.11367952702729345
0.05,0.26,0.69,16/18,0.10812689778566983,0.16978154064297643,0.10812689778566983,0.10955165115784458
0.05,0.25,0.7,18/22,0.10542377528839568,0.16963563374088975,0.10630581699380252,0.10542377528839568
0.05,0.24,0.71,18/22,0.10129589941894677,0.16948972683880306,0.10448473620193521,0.10129589941894677
0.05,0.22999999999999998,0.72,18/22,0.09716802354949787,0.1693438199367164,0.10266365541006792,0.09716802354949787
0.05,0.21999999999999997,0.73,18/22,0.09304014768004897,0.16919791303462972,0.10084257461820059,0.09304014768004897
0.05,0.20999999999999996,0.74,18/22,0.08891227181060005,0.16905200613254304,0.0990214938263333,0.08891227181060005
0.05,0.19999999999999996,0.75,18/22,0.08478439594115114,0.16890609923045635,0.09720041303446597,0.08478439594115114
0.05,0.18999999999999995,0.76,18/22,0.08065652007170224,0.1687601923283697,0.09537933224259867,0.08065652007170224
0.05,0.17999999999999994,0.77,18/22,0.07652864420225333,0.16861428542628304,0.09355825145073135,0.07652864420225333
0.05,0.16999999999999993,0.78,18/22,0.07240076833280443,0.16846837852419633,0.09173717065886405,0.07240076833280443
0.05,0.15999999999999992,0.79,18/22,0.06827289246335552,0.16832247162210964,0.08991608986699674,0.06827289246335552
0.05,0.1499999999999999,0.8,18/22,0.0641450165939066,0.168176564720023,0.08809500907512943,0.0641450165939066
0.05,0.1399999999999999,0.81,18/22,0.0600171407244577,0.1680306578179363,0.08627392828326212,0.0600171407244577
0.05,0.13,0.82,18/22,0.055889264855008836,0.16788475091584965,0.08445284749139484,0.055889264855008836
0.05,0.12,0.83,18/22,0.05176138898555993,0.16773884401376296,0.08263176669952751,0.05176138898555993
0.05,0.10999999999999999,0.84,18/22,0.047633513116111026,0.16759293711167628,0.0808106859076602,0.047633513116111026
0.05,0.09999999999999998,0.85,18/22,0.043505637246662114,0.1674470302095896,0.0789896051157929,0.043505637246662114
0.05,0.08999999999999997,0.86,18/22,0.03937776137721321,0.1673011233075029,0.07716852432392558,0.03937776137721321
0.05,0.07999999999999996,0.87,18/22,0.035249885507764304,0.16715521640541625,0.07534744353205827,0.035249885507764304
0.05,0.06999999999999995,0.88,18/22,0.031122009638315396,0.16700930950332957,0.07352636274019098,0.031122009638315396
0.05,0.05999999999999994,0.89,18/22,0.026994133768866488,0.1668634026012429,0.07170528194832367,0.026994133768866488
0.05,0.04999999999999993,0.9,18/22,0.022866257899417583,0.16671749569915623,0.06988420115645635,0.022866257899417583
0.05,0.039999999999999925,0.91,18/22,0.018738382029968675,0.16657158879706954,0.06806312036458904,0.018738382029968675
0.05,0.029999999999999916,0.92,18/22,0.01461050616051977,0.16642568189498286,0.06624203957272173,0.01461050616051977
0.05,0.019999999999999907,0.93,18/22,0.010482630291070863,0.1662797749928962,0.06442095878085442,0.010482630291070863
0.05,0.010000000000000009,0.94,18/22,0.006354754421622002,0.16613386809080952,0.06259987798898714,0.006354754421622002
0.05,0.0,0.95,18/22,0.002226878552173095,0.16598796118872283,0.06077879719711983,0.002226878552173095
0.06,0.94,0.0,15/18,0.178900802222615,0.178900802222615,0.23211615107207073,0.3906925859908046
0.06,0.9299999999999999,0.01,15/18,0.17875489532052832,0.17875489532052832,0.2302950702802034,0.3865647101213557
0.06,0.9199999999999999,0.02,15/18,0.17860898841844167,0.17860898841844167,0.2284739894883361,0.3824368342519068
0.06,0.9099999999999999,0.03,15/18,0.17846308151635495,0.17846308151635495,0.22665290869646879,0.37830895838245787
0.06,0.8999999999999999,0.04,15/18,0.1783171746142683,0.1783171746142683,0.2248318279046015,0.37418108251300897
0.06,0.8899999999999999,0.05,15/18,0.1781712677121816,0.1781712677121816,0.22301074711273416,0.37005320664356006
0.06,0.8799999999999999,0.06,15/18,0.17802536081009496,0.17802536081009496,0.22118966632086684,0.36592533077411116
0.06,0.8699999999999999,0.07,15/18,0.17787945390800824,0.17787945390800824,0.21936858552899954,0.36179745490466225
0.06,0.86,0.08,15/18,0.1777335470059216,0.1777335470059216,0.21754750473713227,0.35766957903521335
0.06,0.85,0.09,15/18,0.17758764010383493,0.17758764010383493,0.21572642394526498,0.35354170316576444
0.06,0.84,0.1,15/18,0.17744173320174825,0.17744173320174825,0.21390534315339765,0.34941382729631554
0.06,0.83,0.11,15/18,0.17729582629966156,0.17729582629966156,0.21208426236153033,0.34528595142686663
0.06,0.82,0.12,15/18,0.17714991939757488,0.17714991939757488,0.21026318156966303,0.34115807555741773
0.06,0.8099999999999999,0.13,15/18,0.1770040124954882,0.1770040124954882,0.2084421007777957,0.3370301996879688
0.06,0.7999999999999999,0.14,15/18,0.17685810559340154,0.17685810559340154,0.2066210199859284,0.3329023238185199
0.06,0.7899999999999999,0.15,15/18,0.17671219869131483,0.17671219869131483,0.2047999391940611,0.328774447949071
0.06,0.7799999999999999,0.16,15/18,0.17656629178922817,0.17656629178922817,0.20297885840219376,0.3246465720796221
0.06,0.7699999999999999,0.17,15/18,0.17642038488714148,0.17642038488714148,0.2011577776103265,0.3205186962101732
0.06,0.76,0.18,15/18,0.17627447798505486,0.17627447798505486,0.1993366968184592,0.31639082034072435
0.06,0.75,0.19,15/18,0.17612857108296814,0.17612857108296814,0.1975156160265919,0.31226294447127545
0.06,0.74,0.2,15/18,0.17598266418088146,0.17598266418088146,0.19569453523472458,0.30813506860182655
0.06,0.73,0.21,15/18,0.1758367572787948,0.1758367572787948,0.19387345444285725,0.30400719273237764
0.06,0.72,0.22,15/18,0.17569085037670812,0.17569085037670812,0.19205237365098995,0.29987931686292874
0.06,0.71,0.23,15/18,0.17554494347462146,0.17554494347462146,0.19023129285912263,0.29575144099347983
0.06,0.7,0.24,15/18,0.17539903657253475,0.17539903657253475,0.18841021206725533,0.2916235651240309
0.06,0.69,0.25,15/18,0.1752531296704481,0.1752531296704481,0.186589131275388,0.287495689254582
0.06,0.6799999999999999,0.26,15/18,0.1751072227683614,0.1751072227683614,0.1847680504835207,0.28336781338513306
0.06,0.6699999999999999,0.27,15/18,0.17496131586627472,0.17496131586627472,0.18294696969165342,0.27923993751568416
0.06,0.6599999999999999,0.28,15/18,0.17481540896418807,0.17481540896418807,0.1811258888997861,0.27511206164623525
0.06,0.6499999999999999,0.29,15/18,0.17466950206210136,0.17466950206210136,0.17930480810791877,0.27098418577678635
0.06,0.6399999999999999,0.3,15/18,0.17452359516001467,0.17452359516001467,0.17748372731605147,0.26685630990733744
0.06,0.6299999999999999,0.31,15/18,0.174377688257928,0.174377688257928,0.17566264652418415,0.26272843403788854
0.06,0.6199999999999999,0.32,16/18,0.17384156573231685,0.17423178135584133,0.17384156573231685,0.25860055816843963
0.06,0.6099999999999999,0.33,16/18,0.17202048494044953,0.17408587445375465,0.17202048494044953,0.2544726822989907
0.06,0.5999999999999999,0.34,16/18,0.17019940414858223,0.17393996755166796,0.17019940414858223,0.2503448064295418
0.06,0.59,0.35,16/18,0.16837832335671496,0.1737940606495813,0.16837832335671496,0.246216930560093
0.06,0.58,0.36,16/18,0.16655724256484764,0.17364815374749462,0.16655724256484764,0.2420890546906441
0.06,0.57,0.37,16/18,0.16473616177298034,0.17350224684540794,0.16473616177298034,0.2379611788211952
0.06,0.5599999999999999,0.38,16/18,0.16291508098111301,0.17335633994332128,0.16291508098111301,0.23383330295174629
0.06,0.5499999999999999,0.39,16/18,0.16109400018924572,0.1732104330412346,0.16109400018924572,0.22970542708229738
0.06,0.5399999999999999,0.4,16/18,0.1592729193973784,0.1730645261391479,0.1592729193973784,0.22557755121284848
0.06,0.53,0.41,16/18,0.1574518386055111,0.17291861923706126,0.1574518386055111,0.2214496753433996
0.06,0.52,0.42,16/18,0.1556307578136438,0.1727727123349746,0.1556307578136438,0.2173217994739507
0.06,0.51,0.43,16/18,0.1538096770217765,0.1726268054328879,0.1538096770217765,0.2131939236045018
0.06,0.49999999999999994,0.44,16/18,0.15198859622990918,0.17248089853080123,0.15198859622990918,0.20906604773505286
0.06,0.48999999999999994,0.45,16/18,0.15016751543804185,0.17233499162871455,0.15016751543804185,0.20493817186560395
0.06,0.4799999999999999,0.46,16/18,0.14834643464617453,0.17218908472662786,0.14834643464617453,0.20081029599615505
0.06,0.47,0.47,16/18,0.14652535385430726,0.1720431778245412,0.14652535385430726,0.19668242012670617
0.06,0.45999999999999996,0.48,16/18,0.14470427306243994,0.17189727092245452,0.14470427306243994,0.19255454425725727
0.06,0.44999999999999996,0.49,16/18,0.14288319227057264,0.17175136402036784,0.14288319227057264,0.18842666838780836
0.06,0.43999999999999995,0.5,16/18,0.14106211147870532,0.17160545711828118,0.14106211147870532,0.18429879251835946
0.06,0.42999999999999994,0.51,16/18,0.13924103068683802,0.17145955021619447,0.13924103068683802,0.18017091664891052
0.06,0.41999999999999993,0.52,16/18,0.1374199498949707,0.1713136433141078,0.1374199498949707,0.17604304077946162
0.06,0.4099999999999999,0.53,16/18,0.1355988691031034,0.17116773641202113,0.1355988691031034,0.1719151649100127
0.06,0.3999999999999999,0.54,16/18,0.13377778831123607,0.17102182950993444,0.13377778831123607,0.1677872890405638
0.06,0.3899999999999999,0.55,16/18,0.13195670751936878,0.17087592260784779,0.13195670751936878,0.1636594131711149
0.06,0.3799999999999999,0.56,16/18,0.13013562672750145,0.1707300157057611,0.13013562672750145,0.159531537301666
0.06,0.37,0.57,16/18,0.12831454593563418,0.17058410880367442,0.12831454593563418,0.15540366143221715
0.06,0.36,0.58,16/18,0.12649346514376686,0.17043820190158776,0.12649346514376686,0.15127578556276824
0.06,0.35,0.59,16/18,0.12467238435189955,0.17029229499950105,0.12467238435189955,0.14714790969331934
0.06,0.33999999999999997,0.6,16/18,0.12285130356003225,0.1701463880974144,0.12285130356003225,0.1430200338238704
0.06,0.32999999999999996,0.61,16/18,0.12103022276816494,0.17000048119532774,0.12103022276816494,0.1388921579544215
0.06,0.31999999999999995,0.62,16/18,0.11920914197629762,0.16985457429324102,0.11920914197629762,0.1347642820849726
0.06,0.30999999999999994,0.63,16/18,0.11738806118443032,0.16970866739115437,0.11738806118443032,0.1306364062155237
0.06,0.29999999999999993,0.64,16/18,0.115566980392563,0.16956276048906768,0.115566980392563,0.1265085303460748
0.06,0.2899999999999999,0.65,16/18,0.1137458996006957,0.169416853586981,0.1137458996006957,0.12238065447662587
0.06,0.2799999999999999,0.66,16/18,0.11192481880882839,0.16927094668489434,0.11192481880882839,0.11825277860717696
0.06,0.2699999999999999,0.67,16/18,0.11010373801696108,0.16912503978280766,0.11010373801696108,0.11412490273772806
0.06,0.2599999999999999,0.68,16/18,0.10828265722509375,0.16897913288072097,0.10828265722509375,0.10999702686827915
0.06,0.25,0.69,18/22,0.10586915099883029,0.16883322597863432,0.10646157643322648,0.10586915099883029
0.06,0.24,0.7,18/22,0.10174127512938139,0.16868731907654763,0.10464049564135917,0.10174127512938139
0.06,0.22999999999999998,0.71,18/22,0.09761339925993248,0.16854141217446095,0.10281941484949186,0.09761339925993248
0.06,0.21999999999999997,0.72,18/22,0.09348552339048358,0.1683955052723743,0.10099833405762454,0.09348552339048358
0.06,0.20999999999999996,0.73,18/22,0.08935764752103466,0.1682495983702876,0.09917725326575724,0.08935764752103466
0.06,0.19999999999999996,0.74,18/22,0.08522977165158575,0.16810369146820092,0.09735617247388992,0.08522977165158575
0.06,0.18999999999999995,0.75,18/22,0.08110189578213685,0.16795778456611427,0.09553509168202262,0.08110189578213685
0.06,0.17999999999999994,0.76,18/22,0.07697401991268794,0.16781187766402758,0.09371401089015531,0.07697401991268794
0.06,0.16999999999999993,0.77,18/22,0.07284614404323904,0.1676659707619409,0.091892930098288,0.07284614404323904
0.06,0.15999999999999992,0.78,18/22,0.06871826817379013,0.1675200638598542,0.09007184930642069,0.06871826817379013
0.06,0.1499999999999999,0.79,18/22,0.06459039230434123,0.16737415695776753,0.08825076851455338,0.06459039230434123
0.06,0.1399999999999999,0.8,18/22,0.06046251643489232,0.16722825005568087,0.08642968772268607,0.06046251643489232
0.06,0.1299999999999999,0.81,18/22,0.05633464056544341,0.1670823431535942,0.08460860693081876,0.05633464056544341
0.06,0.12,0.82,18/22,0.05220676469599455,0.1669364362515075,0.08278752613895148,0.05220676469599455
0.06,0.10999999999999999,0.83,18/22,0.048078888826545645,0.16679052934942085,0.08096644534708416,0.048078888826545645
0.06,0.09999999999999998,0.84,18/22,0.04395101295709673,0.16664462244733416,0.07914536455521685,0.04395101295709673
0.06,0.08999999999999997,0.85,18/22,0.03982313708764783,0.16649871554524748,0.07732428376334954,0.03982313708764783
0.06,0.07999999999999996,0.86,18/22,0.03569526121819892,0.1663528086431608,0.07550320297148223,0.03569526121819892
0.06,0.06999999999999995,0.87,18/22,0.03156738534875002,0.16620690174107414,0.07368212217961492,0.03156738534875002
0.06,0.05999999999999994,0.88,18/22,0.027439509479301107,0.16606099483898745,0.07186104138774763,0.027439509479301107
0.06,0.04999999999999993,0.89,18/22,0.0233116336098522,0.1659150879369008,0.0700399605958803,0.0233116336098522
0.06,0.039999999999999925,0.9,18/22,0.019183757740403297,0.1657691810348141,0.06821887980401299,0.019183757740403297
0.06,0.029999999999999916,0.91,18/22,0.015055881870954389,0.16562327413272743,0.06639779901214568,0.015055881870954389
0.06,0.019999999999999907,0.92,18/22,0.010928006001505482,0.16547736723064074,0.06457671822027838,0.010928006001505482
0.06,0.009999999999999898,0.93,18/22,0.006800130132056575,0.16533146032855406,0.06275563742841106,0.006800130132056575
0.06,0.0,0.94,18/22,0.002672254262607714,0.1651855534264674,0.06093455663654378,0.002672254262607714
0.07,0.9299999999999999,0.0,15/18,0.17795248755827286,0.17795248755827286,0.23045082971962738,0.3870100858317903
0.07,0.9199999999999999,0.01,15/18,0.1778065806561862,0.1778065806561862,0.22862974892776006,0.3828822099623414
0.07,0.9099999999999999,0.02,15/18,0.17766067375409952,0.17766067375409952,0.22680866813589276,0.3787543340928925
0.07,0.8999999999999999,0.03,15/18,0.17751476685201284,0.17751476685201284,0.22498758734402544,0.3746264582234436
0.07,0.8899999999999999,0.04,15/18,0.17736885994992616,0.17736885994992616,0.22316650655215814,0.3704985823539947
0.07,0.8799999999999999,0.05,15/18,0.1772229530478395,0.1772229530478395,0.22134542576029081,0.3663707064845458
0.07,0.8699999999999999,0.06,15/18,0.17707704614575281,0.17707704614575281,0.2195243449684235,0.3622428306150969
0.07,0.8599999999999999,0.07,15/18,0.1769311392436661,0.1769311392436661,0.21770326417655622,0.3581149547456479
0.07,0.85,0.08,15/18,0.17678523234157947,0.17678523234157947,0.21588218338468892,0.35398707887619907
0.07,0.84,0.09,15/18,0.1766393254394928,0.1766393254394928,0.21406110259282163,0.34985920300675016
0.07,0.83,0.1,15/18,0.17649341853740613,0.17649341853740613,0.2122400218009543,0.34573132713730126
0.07,0.82,0.11,15/18,0.17634751163531942,0.17634751163531942,0.21041894100908698,0.34160345126785235
0.07,0.8099999999999999,0.12,15/18,0.17620160473323274,0.17620160473323274,0.20859786021721968,0.33747557539840345
0.07,0.7999999999999999,0.13,15/18,0.17605569783114608,0.17605569783114608,0.20677677942535236,0.33334769952895454
0.07,0.7899999999999999,0.14,15/18,0.1759097909290594,0.1759097909290594,0.20495569863348506,0.32921982365950564
0.07,0.7799999999999999,0.15,15/18,0.1757638840269727,0.1757638840269727,0.20313461784161774,0.32509194779005673
0.07,0.7699999999999999,0.16,15/18,0.17561797712488603,0.17561797712488603,0.20131353704975044,0.32096407192060783
0.07,0.7599999999999999,0.17,15/18,0.17547207022279937,0.17547207022279937,0.19949245625788314,0.3168361960511589
0.07,0.75,0.18,15/18,0.1753261633207127,0.1753261633207127,0.19767137546601585,0.3127083201817101
0.07,0.74,0.19,15/18,0.175180256418626,0.175180256418626,0.19585029467414855,0.30858044431226117
0.07,0.73,0.2,15/18,0.17503434951653934,0.17503434951653934,0.19402921388228123,0.30445256844281227
0.07,0.72,0.21,15/18,0.17488844261445266,0.17488844261445266,0.1922081330904139,0.30032469257336336
0.07,0.71,0.22,15/18,0.174742535712366,0.174742535712366,0.1903870522985466,0.29619681670391446
0.07,0.7,0.23,15/18,0.17459662881027932,0.17459662881027932,0.18856597150667928,0.29206894083446555
0.07,0.69,0.24,15/18,0.17445072190819264,0.17445072190819264,0.18674489071481198,0.28794106496501665
0.07,0.6799999999999999,0.25,15/18,0.17430481500610595,0.17430481500610595,0.1849238099229447,0.2838131890955677
0.07,0.6699999999999999,0.26,15/18,0.1741589081040193,0.1741589081040193,0.18310272913107736,0.2796853132261188
0.07,0.6599999999999999,0.27,15/18,0.1740130012019326,0.1740130012019326,0.18128164833921007,0.2755574373566699
0.07,0.6499999999999999,0.28,15/18,0.17386709429984593,0.17386709429984593,0.17946056754734274,0.27142956148722097
0.07,0.6399999999999999,0.29,15/18,0.17372118739775924,0.17372118739775924,0.17763948675547542,0.26730168561777207
0.07,0.6299999999999999,0.3,15/18,0.17357528049567256,0.17357528049567256,0.17581840596360812,0.26317380974832316
0.07,0.6199999999999999,0.31,15/18,0.1734293735935859,0.1734293735935859,0.1739973251717408,0.25904593387887426
0.07,0.6099999999999999,0.32,16/18,0.1721762443798735,0.17328346669149922,0.1721762443798735,0.25491805800942535
0.07,0.5999999999999999,0.33,16/18,0.17035516358800618,0.17313755978941253,0.17035516358800618,0.25079018213997645
0.07,0.5899999999999999,0.34,16/18,0.1685340827961389,0.17299165288732588,0.1685340827961389,0.24666230627052754
0.07,0.58,0.35,16/18,0.1667130020042716,0.1728457459852392,0.1667130020042716,0.2425344304010787
0.07,0.57,0.36,16/18,0.16489192121240429,0.1726998390831525,0.16489192121240429,0.2384065545316298
0.07,0.5599999999999999,0.37,16/18,0.163070840420537,0.17255393218106585,0.163070840420537,0.23427867866218088
0.07,0.5499999999999999,0.38,16/18,0.16124975962866966,0.17240802527897917,0.16124975962866966,0.23015080279273198
0.07,0.5399999999999999,0.39,16/18,0.15942867883680237,0.17226211837689248,0.15942867883680237,0.22602292692328307
0.07,0.5299999999999999,0.4,16/18,0.15760759804493504,0.17211621147480582,0.15760759804493504,0.22189505105383417
0.07,0.52,0.41,16/18,0.15578651725306775,0.17197030457271914,0.15578651725306775,0.2177671751843853
0.07,0.51,0.42,16/18,0.15396543646120045,0.17182439767063246,0.15396543646120045,0.2136392993149364
0.07,0.49999999999999994,0.43,16/18,0.15214435566933313,0.17167849076854577,0.15214435566933313,0.20951142344548745
0.07,0.48999999999999994,0.44,16/18,0.15032327487746583,0.1715325838664591,0.15032327487746583,0.20538354757603855
0.07,0.4799999999999999,0.45,16/18,0.1485021940855985,0.17138667696437243,0.1485021940855985,0.20125567170658964
0.07,0.4699999999999999,0.46,16/18,0.1466811132937312,0.17124077006228575,0.1466811132937312,0.19712779583714074
0.07,0.45999999999999996,0.47,16/18,0.1448600325018639,0.17109486316019906,0.1448600325018639,0.19299991996769186
0.07,0.44999999999999996,0.48,16/18,0.1430389517099966,0.1709489562581124,0.1430389517099966,0.18887204409824296
0.07,0.43999999999999995,0.49,16/18,0.1412178709181293,0.17080304935602572,0.1412178709181293,0.18474416822879405
0.07,0.42999999999999994,0.5,16/18,0.139396790126262,0.17065714245393904,0.139396790126262,0.18061629235934512
0.07,0.41999999999999993,0.51,16/18,0.13757570933439467,0.17051123555185238,0.13757570933439467,0.17648841648989622
0.07,0.4099999999999999,0.52,16/18,0.13575462854252734,0.17036532864976567,0.13575462854252734,0.1723605406204473
0.07,0.3999999999999999,0.53,16/18,0.13393354775066005,0.170219421747679,0.13393354775066005,0.1682326647509984
0.07,0.3899999999999999,0.54,16/18,0.13211246695879272,0.17007351484559236,0.13211246695879272,0.1641047888815495
0.07,0.3799999999999999,0.55,16/18,0.13029138616692543,0.16992760794350564,0.13029138616692543,0.1599769130121006
0.07,0.3699999999999999,0.56,16/18,0.1284703053750581,0.169781701041419,0.1284703053750581,0.1558490371426517
0.07,0.36,0.57,16/18,0.12664922458319083,0.1696357941393323,0.12664922458319083,0.15172116127320284
0.07,0.35,0.58,16/18,0.12482814379132351,0.16948988723724562,0.12482814379132351,0.14759328540375394
0.07,0.33999999999999997,0.59,16/18,0.12300706299945621,0.16934398033515896,0.12300706299945621,0.143465409534305
0.07,0.32999999999999996,0.6,16/18,0.1211859822075889,0.16919807343307228,0.1211859822075889,0.1393375336648561
0.07,0.31999999999999995,0.61,16/18,0.11936490141572159,0.1690521665309856,0.11936490141572159,0.1352096577954072
0.07,0.30999999999999994,0.62,16/18,0.11754382062385427,0.16890625962889894,0.11754382062385427,0.1310817819259583
0.07,0.29999999999999993,0.63,16/18,0.11572273983198697,0.16876035272681225,0.11572273983198697,0.12695390605650939
0.07,0.2899999999999999,0.64,16/18,0.11390165904011967,0.16861444582472557,0.11390165904011967,0.1228260301870605
0.07,0.2799999999999999,0.65,16/18,0.11208057824825235,0.1684685389226389,0.11208057824825235,0.11869815431761159
0.07,0.2699999999999999,0.66,16/18,0.11025949745638504,0.16832263202055223,0.11025949745638504,0.11457027844816269
0.07,0.2599999999999999,0.67,16/18,0.10843841666451773,0.16817672511846554,0.10843841666451773,0.11044240257871378
0.07,0.2499999999999999,0.68,18/22,0.10631452670926488,0.16803081821637886,0.1066173358726504,0.10631452670926488
0.07,0.24,0.69,18/22,0.10218665083981601,0.16788491131429217,0.10479625508078312,0.10218665083981601
0.07,0.22999999999999998,0.7,18/22,0.09805877497036711,0.16773900441220552,0.10297517428891581,0.09805877497036711
0.07,0.21999999999999997,0.71,18/22,0.0939308991009182,0.16759309751011883,0.1011540934970485,0.0939308991009182
0.07,0.20999999999999996,0.72,18/22,0.08980302323146928,0.16744719060803215,0.09933301270518119,0.08980302323146928
0.07,0.19999999999999996,0.73,18/22,0.08567514736202038,0.1673012837059455,0.09751193191331389,0.08567514736202038
0.07,0.18999999999999995,0.74,18/22,0.08154727149257147,0.1671553768038588,0.09569085112144657,0.08154727149257147
0.07,0.17999999999999994,0.75,18/22,0.07741939562312257,0.16700946990177212,0.09386977032957927,0.07741939562312257
0.07,0.16999999999999993,0.76,18/22,0.07329151975367366,0.16686356299968547,0.09204868953771196,0.07329151975367366
0.07,0.15999999999999992,0.77,18/22,0.06916364388422476,0.16671765609759878,0.09022760874584465,0.06916364388422476
0.07,0.1499999999999999,0.78,18/22,0.06503576801477584,0.1665717491955121,0.08840652795397734,0.06503576801477584
0.07,0.1399999999999999,0.79,18/22,0.060907892145326936,0.1664258422934254,0.08658544716211003,0.060907892145326936
0.07,0.1299999999999999,0.8,18/22,0.05678001627587803,0.16627993539133876,0.0847643663702427,0.05678001627587803
0.07,0.11999999999999988,0.81,18/22,0.05265214040642912,0.16613402848925207,0.08294328557837541,0.05265214040642912
0.07,0.10999999999999999,0.82,18/22,0.04852426453698026,0.1659881215871654,0.08112220478650811,0.04852426453698026
0.07,0.09999999999999998,0.83,18/22,0.04439638866753135,0.16584221468507873,0.0793011239946408,0.04439638866753135
0.07,0.08999999999999997,0.84,18/22,0.04026851279808245,0.16569630778299205,0.07748004320277349,0.04026851279808245
0.07,0.07999999999999996,0.85,18/22,0.03614063692863354,0.16555040088090536,0.0756589624109062,0.03614063692863354
0.07,0.06999999999999995,0.86,18/22,0.03201276105918464,0.16540449397881868,0.07383788161903887,0.03201276105918464
0.07,0.05999999999999994,0.87,18/22,0.02788488518973573,0.16525858707673202,0.07201680082717157,0.02788488518973573
0.07,0.04999999999999993,0.88,18/22,0.023757009320286824,0.16511268017464534,0.07019572003530426,0.023757009320286824
0.07,0.039999999999999925,0.89,18/22,0.019629133450837916,0.16496677327255865,0.06837463924343695,0.019629133450837916
0.07,0.029999999999999916,0.9,18/22,0.015501257581389007,0.164820866370472,0.06655355845156964,0.015501257581389007
0.07,0.019999999999999907,0.91,18/22,0.0113733817119401,0.16467495946838528,0.06473247765970233,0.0113733817119401
0.07,0.009999999999999898,0.92,18/22,0.007245505842491194,0.16452905256629863,0.06291139686783502,0.007245505842491194
0.07,-1.1102230246251565e-16,0.93,18/22,0.003117629973042287,0.16438314566421194,0.06109031607596771,0.003117629973042287
0.08,0.92,0.0,15/18,0.17700417289393078,0.17700417289393078,0.22878550836718403,0.3833275856727761
0.08,0.91,0.01,15/18,0.17685826599184412,0.17685826599184412,0.2269644275753167,0.3791997098033272
0.08,0.9,0.02,15/18,0.17671235908975744,0.17671235908975744,0.2251433467834494,0.3750718339338782
0.08,0.89,0.03,15/18,0.17656645218767075,0.17656645218767075,0.2233222659915821,0.3709439580644293
0.08,0.88,0.04,15/18,0.17642054528558407,0.17642054528558407,0.2215011851997148,0.3668160821949804
0.08,0.87,0.05,15/18,0.1762746383834974,0.1762746383834974,0.21968010440784747,0.3626882063255315
0.08,0.8600000000000001,0.06,15/18,0.17612873148141076,0.17612873148141076,0.2178590236159802,0.35856033045608265
0.08,0.8500000000000001,0.07,15/18,0.17598282457932404,0.17598282457932404,0.2160379428241129,0.35443245458663375
0.08,0.8400000000000001,0.08,15/18,0.1758369176772374,0.1758369176772374,0.21421686203224558,0.35030457871718484
0.08,0.8300000000000001,0.09,15/18,0.1756910107751507,0.1756910107751507,0.21239578124037828,0.34617670284773594
0.08,0.8200000000000001,0.1,15/18,0.17554510387306405,0.17554510387306405,0.21057470044851095,0.34204882697828703
0.08,0.81,0.11,15/18,0.17539919697097733,0.17539919697097733,0.20875361965664363,0.33792095110883813
0.08,0.8,0.12,15/18,0.17525329006889068,0.17525329006889068,0.20693253886477633,0.3337930752393892
0.08,0.79,0.13,15/18,0.175107383166804,0.175107383166804,0.205111458072909,0.3296651993699403
0.08,0.78,0.14,15/18,0.17496147626471734,0.17496147626471734,0.2032903772810417,0.3255373235004914
0.08,0.77,0.15,15/18,0.17481556936263062,0.17481556936263062,0.20146929648917442,0.3214094476310425
0.08,0.76,0.16,15/18,0.17466966246054397,0.17466966246054397,0.1996482156973071,0.3172815717615936
0.08,0.75,0.17,15/18,0.17452375555845728,0.17452375555845728,0.1978271349054398,0.3131536958921447
0.08,0.74,0.18,15/18,0.1743778486563706,0.1743778486563706,0.19600605411357247,0.3090258200226958
0.08,0.73,0.19,15/18,0.17423194175428391,0.17423194175428391,0.19418497332170517,0.3048979441532469
0.08,0.72,0.2,15/18,0.17408603485219723,0.17408603485219723,0.19236389252983785,0.300770068283798
0.08,0.7100000000000001,0.21,15/18,0.1739401279501106,0.1739401279501106,0.19054281173797055,0.2966421924143491
0.08,0.7000000000000001,0.22,15/18,0.17379422104802392,0.17379422104802392,0.18872173094610326,0.2925143165449002
0.08,0.6900000000000001,0.23,15/18,0.17364831414593723,0.17364831414593723,0.18690065015423593,0.28838644067545127
0.08,0.68,0.24,15/18,0.17350240724385055,0.17350240724385055,0.18507956936236866,0.28425856480600237
0.08,0.67,0.25,15/18,0.17335650034176386,0.17335650034176386,0.18325848857050134,0.28013068893655346
0.08,0.66,0.26,15/18,0.1732105934396772,0.1732105934396772,0.181437407778634,0.27600281306710456
0.08,0.65,0.27,15/18,0.17306468653759052,0.17306468653759052,0.17961632698676672,0.27187493719765565
0.08,0.64,0.28,15/18,0.17291877963550384,0.17291877963550384,0.1777952461948994,0.26774706132820675
0.08,0.6300000000000001,0.29,15/18,0.17277287273341718,0.17277287273341718,0.17597416540303212,0.2636191854587579
0.08,0.6200000000000001,0.3,15/18,0.1726269658313305,0.1726269658313305,0.1741530846111648,0.259491309589309
0.08,0.6100000000000001,0.31,16/18,0.17233200381929747,0.1724810589292438,0.17233200381929747,0.2553634337198601
0.08,0.6000000000000001,0.32,16/18,0.17051092302743018,0.17233515202715713,0.17051092302743018,0.2512355578504112
0.08,0.5900000000000001,0.33,16/18,0.16868984223556285,0.17218924512507047,0.16868984223556285,0.24710768198096228
0.08,0.5800000000000001,0.34,16/18,0.16686876144369558,0.1720433382229838,0.16686876144369558,0.24297980611151337
0.08,0.5700000000000001,0.35,16/18,0.16504768065182826,0.1718974313208971,0.16504768065182826,0.23885193024206447
0.08,0.56,0.36,16/18,0.16322659985996094,0.17175152441881042,0.16322659985996094,0.23472405437261554
0.08,0.55,0.37,16/18,0.16140551906809364,0.17160561751672374,0.16140551906809364,0.23059617850316663
0.08,0.54,0.38,16/18,0.15958443827622631,0.17145971061463705,0.15958443827622631,0.22646830263371773
0.08,0.53,0.39,16/18,0.15776335748435902,0.1713138037125504,0.15776335748435902,0.22234042676426882
0.08,0.52,0.4,16/18,0.1559422766924917,0.1711678968104637,0.1559422766924917,0.21821255089481992
0.08,0.51,0.41,16/18,0.1541211959006244,0.17102198990837703,0.1541211959006244,0.214084675025371
0.08,0.5,0.42,16/18,0.1523001151087571,0.17087608300629037,0.1523001151087571,0.2099567991559221
0.08,0.49000000000000005,0.43,16/18,0.1504790343168898,0.17073017610420368,0.1504790343168898,0.20582892328647323
0.08,0.48000000000000004,0.44,16/18,0.14865795352502248,0.170584269202117,0.14865795352502248,0.20170104741702433
0.08,0.47000000000000003,0.45,16/18,0.14683687273315518,0.17043836230003034,0.14683687273315518,0.19757317154757542
0.08,0.46,0.46,16/18,0.14501579194128789,0.17029245539794363,0.14501579194128789,0.19344529567812652
0.08,0.45000000000000007,0.47,16/18,0.14319471114942056,0.17014654849585698,0.14319471114942056,0.1893174198086776
0.08,0.44000000000000006,0.48,16/18,0.14137363035755326,0.17000064159377032,0.14137363035755326,0.1851895439392287
0.08,0.43000000000000005,0.49,16/18,0.13955254956568597,0.1698547346916836,0.13955254956568597,0.1810616680697798
0.08,0.42000000000000004,0.5,16/18,0.13773146877381864,0.16970882778959695,0.13773146877381864,0.1769337922003309
0.08,0.41000000000000003,0.51,16/18,0.13591038798195132,0.1695629208875103,0.13591038798195132,0.172805916330882
0.08,0.4,0.52,16/18,0.13408930719008402,0.16941701398542358,0.13408930719008402,0.1686780404614331
0.08,0.39,0.53,16/18,0.1322682263982167,0.16927110708333692,0.1322682263982167,0.16455016459198418
0.08,0.38,0.54,16/18,0.1304471456063494,0.16912520018125027,0.1304471456063494,0.16042228872253528
0.08,0.37,0.55,16/18,0.12862606481448208,0.16897929327916356,0.12862606481448208,0.15629441285308637
0.08,0.36,0.56,16/18,0.12680498402261478,0.1688333863770769,0.12680498402261478,0.15216653698363747
0.08,0.3500000000000001,0.57,16/18,0.12498390323074748,0.16868747947499022,0.12498390323074748,0.1480386611141886
0.08,0.3400000000000001,0.58,16/18,0.12316282243888017,0.16854157257290353,0.12316282243888017,0.1439107852447397
0.08,0.33000000000000007,0.59,16/18,0.12134174164701288,0.16839566567081687,0.12134174164701288,0.13978290937529078
0.08,0.32000000000000006,0.6,16/18,0.11952066085514557,0.1682497587687302,0.11952066085514557,0.13565503350584188
0.08,0.31000000000000005,0.61,16/18,0.11769958006327824,0.1681038518666435,0.11769958006327824,0.13152715763639297
0.08,0.30000000000000004,0.62,16/18,0.11587849927141095,0.16795794496455685,0.11587849927141095,0.12739928176694407
0.08,0.29000000000000004,0.63,16/18,0.11405741847954365,0.16781203806247016,0.11405741847954365,0.12327140589749516
0.08,0.28,0.64,16/18,0.11223633768767632,0.16766613116038348,0.11223633768767632,0.11914353002804624
0.08,0.27,0.65,16/18,0.11041525689580901,0.1675202242582968,0.11041525689580901,0.11501565415859734
0.08,0.26,0.66,16/18,0.1085941761039417,0.1673743173562101,0.1085941761039417,0.11088777828914843
0.08,0.25,0.67,18/22,0.10675990241969953,0.16722841045412346,0.10677309531207439,0.10675990241969953
0.08,0.24,0.68,18/22,0.10263202655025062,0.16708250355203677,0.10495201452020708,0.10263202655025062
0.08,0.2300000000000001,0.69,18/22,0.09850415068080176,0.1669365966499501,0.1031309337283398,0.09850415068080176
0.08,0.22000000000000008,0.7,18/22,0.09437627481135286,0.16679068974786343,0.10130985293647249,0.09437627481135286
0.08,0.21000000000000008,0.71,18/22,0.09024839894190395,0.16664478284577672,0.09948877214460518,0.09024839894190395
0.08,0.20000000000000007,0.72,18/22,0.08612052307245505,0.16649887594369006,0.09766769135273787,0.08612052307245505
0.08,0.19000000000000006,0.73,18/22,0.08199264720300613,0.1663529690416034,0.09584661056087057,0.08199264720300613
0.08,0.18000000000000005,0.74,18/22,0.07786477133355722,0.1662070621395167,0.09402552976900325,0.07786477133355722
0.08,0.17000000000000004,0.75,18/22,0.07373689546410832,0.16606115523743004,0.09220444897713594,0.07373689546410832
0.08,0.16000000000000003,0.76,18/22,0.06960901959465941,0.16591524833534338,0.09038336818526863,0.06960901959465941
0.08,0.15000000000000002,0.77,18/22,0.06548114372521051,0.1657693414332567,0.08856228739340131,0.06548114372521051
0.08,0.14,0.78,18/22,0.061353267855761597,0.16562343453116998,0.086741206601534,0.061353267855761597
0.08,0.13,0.79,18/22,0.05722539198631269,0.16547752762908333,0.08492012580966671,0.05722539198631269
0.08,0.12,0.8,18/22,0.05309751611686379,0.16533162072699664,0.08309904501779938,0.05309751611686379
0.08,0.10999999999999999,0.81,18/22,0.04896964024741488,0.16518571382490999,0.08127796422593209,0.04896964024741488
0.08,0.10000000000000009,0.82,18/22,0.04484176437796602,0.1650398069228233,0.07945688343406479,0.04484176437796602
0.08,0.09000000000000008,0.83,18/22,0.040713888508517114,0.16489390002073662,0.07763580264219748,0.040713888508517114
0.08,0.08000000000000007,0.84,18/22,0.0365860126390682,0.16474799311864996,0.07581472185033017,0.0365860126390682
0.08,0.07000000000000006,0.85,18/22,0.0324581367696193,0.16460208621656325,0.07399364105846287,0.0324581367696193
0.08,0.06000000000000005,0.86,18/22,0.028330260900170393,0.1644561793144766,0.07217256026659555,0.028330260900170393
0.08,0.050000000000000044,0.87,18/22,0.024202385030721488,0.1643102724123899,0.07035147947472824,0.024202385030721488
0.08,0.040000000000000036,0.88,18/22,0.02007450916127258,0.16416436551030325,0.06853039868286093,0.02007450916127258
0.08,0.030000000000000027,0.89,18/22,0.01594663329182367,0.16401845860821657,0.06670931789099363,0.01594663329182367
0.08,0.020000000000000018,0.9,18/22,0.011818757422374765,0.1638725517061299,0.0648882370991263,0.011818757422374765
0.08,0.010000000000000009,0.91,18/22,0.007690881552925858,0.1637266448040432,0.06306715630725901,0.007690881552925858
0.08,0.0,0.92,18/22,0.003563005683476952,0.16358073790195654,0.0612460755153917,0.003563005683476952
0.09,0.91,0.0,15/18,0.17605585822958866,0.17605585822958866,0.22712018701474068,0.3796450855137618
0.09,0.9,0.01,15/18,0.17590995132750198,0.17590995132750198,0.22529910622287336,0.37551720964431284
0.09,0.89,0.02,15/18,0.17576404442541532,0.17576404442541532,0.22347802543100606,0.37138933377486394
0.09,0.88,0.03,15/18,0.1756181375233286,0.1756181375233286,0.22165694463913874,0.36726145790541503
0.09,0.87,0.04,15/18,0.17547223062124195,0.17547223062124195,0.21983586384727144,0.36313358203596613
0.09,0.86,0.05,15/18,0.17532632371915527,0.17532632371915527,0.21801478305540414,0.3590057061665172
0.09,0.8500000000000001,0.06,15/18,0.1751804168170686,0.1751804168170686,0.21619370226353685,0.3548778302970684
0.09,0.8400000000000001,0.07,15/18,0.17503450991498193,0.17503450991498193,0.21437262147166955,0.35074995442761947
0.09,0.8300000000000001,0.08,15/18,0.17488860301289524,0.17488860301289524,0.21255154067980223,0.34662207855817057
0.09,0.8200000000000001,0.09,15/18,0.1747426961108086,0.1747426961108086,0.21073045988793493,0.34249420268872166
0.09,0.81,0.1,15/18,0.1745967892087219,0.1745967892087219,0.2089093790960676,0.33836632681927276
0.09,0.8,0.11,15/18,0.17445088230663522,0.17445088230663522,0.20708829830420028,0.33423845094982385
0.09,0.79,0.12,15/18,0.17430497540454853,0.17430497540454853,0.20526721751233298,0.33011057508037495
0.09,0.78,0.13,15/18,0.17415906850246188,0.17415906850246188,0.20344613672046566,0.32598269921092604
0.09,0.77,0.14,15/18,0.1740131616003752,0.1740131616003752,0.2016250559285984,0.32185482334147714
0.09,0.76,0.15,15/18,0.1738672546982885,0.1738672546982885,0.19980397513673107,0.31772694747202823
0.09,0.75,0.16,15/18,0.17372134779620182,0.17372134779620182,0.19798289434486374,0.3135990716025793
0.09,0.74,0.17,15/18,0.17357544089411514,0.17357544089411514,0.19616181355299644,0.3094711957331304
0.09,0.73,0.18,15/18,0.17342953399202848,0.17342953399202848,0.19434073276112912,0.3053433198636815
0.09,0.72,0.19,15/18,0.17328362708994177,0.17328362708994177,0.19251965196926182,0.3012154439942326
0.09,0.71,0.2,15/18,0.17313772018785512,0.17313772018785512,0.1906985711773945,0.2970875681247837
0.09,0.7000000000000001,0.21,15/18,0.17299181328576846,0.17299181328576846,0.1888774903855272,0.2929596922553348
0.09,0.6900000000000001,0.22,15/18,0.1728459063836818,0.1728459063836818,0.1870564095936599,0.2888318163858859
0.09,0.68,0.23,15/18,0.1726999994815951,0.1726999994815951,0.1852353288017926,0.284703940516437
0.09,0.67,0.24,15/18,0.1725540925795084,0.1725540925795084,0.1834142480099253,0.2805760646469881
0.09,0.66,0.25,15/18,0.17240818567742175,0.17240818567742175,0.181593167218058,0.2764481887775392
0.09,0.65,0.26,15/18,0.17226227877533506,0.17226227877533506,0.17977208642619066,0.2723203129080903
0.09,0.64,0.27,15/18,0.1721163718732484,0.1721163718732484,0.17795100563432337,0.2681924370386414
0.09,0.63,0.28,15/18,0.17197046497116172,0.17197046497116172,0.17612992484245604,0.26406456116919247
0.09,0.6200000000000001,0.29,15/18,0.17182455806907504,0.17182455806907504,0.17430884405058877,0.2599366852997436
0.09,0.6100000000000001,0.3,15/18,0.17167865116698838,0.17167865116698838,0.17248776325872145,0.2558088094302947
0.09,0.6000000000000001,0.31,16/18,0.17066668246685412,0.1715327442649017,0.17066668246685412,0.2516809335608458
0.09,0.5900000000000001,0.32,16/18,0.16884560167498683,0.17138683736281501,0.16884560167498683,0.2475530576913969
0.09,0.5800000000000001,0.33,16/18,0.16702452088311953,0.17124093046072836,0.16702452088311953,0.243425181821948
0.09,0.5700000000000001,0.34,16/18,0.16520344009125223,0.17109502355864167,0.16520344009125223,0.2392973059524991
0.09,0.56,0.35,16/18,0.1633823592993849,0.170949116656555,0.1633823592993849,0.23516943008305016
0.09,0.55,0.36,16/18,0.1615612785075176,0.1708032097544683,0.1615612785075176,0.23104155421360126
0.09,0.54,0.37,16/18,0.1597401977156503,0.17065730285238162,0.1597401977156503,0.22691367834415235
0.09,0.53,0.38,16/18,0.15791911692378297,0.17051139595029496,0.15791911692378297,0.22278580247470345
0.09,0.52,0.39,16/18,0.15609803613191567,0.17036548904820825,0.15609803613191567,0.21865792660525454
0.09,0.51,0.4,16/18,0.15427695534004837,0.1702195821461216,0.15427695534004837,0.21453005073580564
0.09,0.5,0.41,16/18,0.15245587454818105,0.1700736752440349,0.15245587454818105,0.21040217486635673
0.09,0.49000000000000005,0.42,16/18,0.15063479375631375,0.16992776834194825,0.15063479375631375,0.20627429899690786
0.09,0.48000000000000004,0.43,16/18,0.14881371296444643,0.16978186143986157,0.14881371296444643,0.20214642312745895
0.09,0.47000000000000003,0.44,16/18,0.14699263217257913,0.1696359545377749,0.14699263217257913,0.19801854725801005
0.09,0.46,0.45,16/18,0.1451715513807118,0.1694900476356882,0.1451715513807118,0.19389067138856114
0.09,0.45,0.46,16/18,0.1433504705888445,0.16934414073360154,0.1433504705888445,0.1897627955191122
0.09,0.44000000000000006,0.47,16/18,0.1415293897969772,0.16919823383151486,0.1415293897969772,0.18563491964966333
0.09,0.43000000000000005,0.48,16/18,0.13970830900510992,0.16905232692942818,0.13970830900510992,0.18150704378021443
0.09,0.42000000000000004,0.49,16/18,0.1378872282132426,0.16890642002734152,0.1378872282132426,0.17737916791076552
0.09,0.41000000000000003,0.5,16/18,0.1360661474213753,0.16876051312525484,0.1360661474213753,0.17325129204131662
0.09,0.4,0.51,16/18,0.13424506662950797,0.16861460622316815,0.13424506662950797,0.1691234161718677
0.09,0.39,0.52,16/18,0.13242398583764065,0.1684686993210815,0.13242398583764065,0.1649955403024188
0.09,0.38,0.53,16/18,0.13060290504577335,0.1683227924189948,0.13060290504577335,0.1608676644329699
0.09,0.37,0.54,16/18,0.12878182425390605,0.16817688551690813,0.12878182425390605,0.156739788563521
0.09,0.36,0.55,16/18,0.12696074346203873,0.16803097861482144,0.12696074346203873,0.1526119126940721
0.09,0.35,0.56,16/18,0.1251396626701714,0.16788507171273476,0.1251396626701714,0.1484840368246232
0.09,0.3400000000000001,0.57,16/18,0.12331858187830413,0.1677391648106481,0.12331858187830413,0.1443561609551743
0.09,0.33000000000000007,0.58,16/18,0.12149750108643682,0.16759325790856142,0.12149750108643682,0.1402282850857254
0.09,0.32000000000000006,0.59,16/18,0.11967642029456951,0.16744735100647473,0.11967642029456951,0.1361004092162765
0.09,0.31000000000000005,0.6,16/18,0.1178553395027022,0.16730144410438808,0.1178553395027022,0.1319725333468276
0.09,0.30000000000000004,0.61,16/18,0.11603425871083489,0.1671555372023014,0.11603425871083489,0.1278446574773787
0.09,0.29000000000000004,0.62,16/18,0.1142131779189676,0.1670096303002147,0.1142131779189676,0.12371678160792979
0.09,0.28,0.63,16/18,0.11239209712710027,0.16686372339812805,0.11239209712710027,0.11958890573848087
0.09,0.27,0.64,16/18,0.11057101633523297,0.16671781649604134,0.11057101633523297,0.11546102986903196
0.09,0.26,0.65,16/18,0.10874993554336565,0.16657190959395468,0.10874993554336565,0.11133315399958306
0.09,0.25,0.66,16/18,0.10692885475149835,0.16642600269186802,0.10692885475149835,0.10720527813013415
0.09,0.24,0.67,18/22,0.10307740226068525,0.1662800957897813,0.10510777395963104,0.10307740226068525
0.09,0.22999999999999998,0.68,18/22,0.09894952639123634,0.16613418888769466,0.10328669316776373,0.09894952639123634
0.09,0.22000000000000008,0.69,18/22,0.09482165052178748,0.16598828198560797,0.10146561237589644,0.09482165052178748
0.09,0.21000000000000008,0.7,18/22,0.09069377465233858,0.1658423750835213,0.09964453158402914,0.09069377465233858
0.09,0.20000000000000007,0.71,18/22,0.08656589878288967,0.16569646818143463,0.09782345079216181,0.08656589878288967
0.09,0.19000000000000006,0.72,18/22,0.08243802291344075,0.16555056127934795,0.09600237000029452,0.08243802291344075
0.09,0.18000000000000005,0.73,18/22,0.07831014704399185,0.16540465437726126,0.0941812892084272,0.07831014704399185
0.09,0.17000000000000004,0.74,18/22,0.07418227117454294,0.1652587474751746,0.09236020841655988,0.07418227117454294
0.09,0.16000000000000003,0.75,18/22,0.07005439530509404,0.16511284057308792,0.09053912762469259,0.07005439530509404
0.09,0.15000000000000002,0.76,18/22,0.06592651943564513,0.16496693367100124,0.08871804683282528,0.06592651943564513
0.09,0.14,0.77,18/22,0.061798643566196215,0.16482102676891458,0.08689696604095795,0.061798643566196215
0.09,0.13,0.78,18/22,0.05767076769674731,0.16467511986682787,0.08507588524909065,0.05767076769674731
0.09,0.12,0.79,18/22,0.053542891827298406,0.1645292129647412,0.08325480445722334,0.053542891827298406
0.09,0.10999999999999999,0.8,18/22,0.0494150159578495,0.16438330606265453,0.08143372366535603,0.0494150159578495
0.09,0.09999999999999998,0.81,18/22,0.04528714008840059,0.16423739916056784,0.07961264287348872,0.04528714008840059
0.09,0.09000000000000008,0.82,18/22,0.04115926421895173,0.1640914922584812,0.07779156208162144,0.04115926421895173
0.09,0.08000000000000007,0.83,18/22,0.03703138834950282,0.1639455853563945,0.07597048128975412,0.03703138834950282
0.09,0.07000000000000006,0.84,18/22,0.032903512480053916,0.16379967845430785,0.07414940049788682,0.032903512480053916
0.09,0.06000000000000005,0.85,18/22,0.02877563661060501,0.16365377155222113,0.07232831970601951,0.02877563661060501
0.09,0.050000000000000044,0.86,18/22,0.024647760741156106,0.16350786465013448,0.0705072389141522,0.024647760741156106
0.09,0.040000000000000036,0.87,18/22,0.020519884871707198,0.1633619577480478,0.06868615812228489,0.020519884871707198
0.09,0.030000000000000027,0.88,18/22,0.01639200900225829,0.16321605084596114,0.06686507733041758,0.01639200900225829
0.09,0.020000000000000018,0.89,18/22,0.012264133132809385,0.16307014394387445,0.06504399653855027,0.012264133132809385
0.09,0.010000000000000009,0.9,18/22,0.008136257263360477,0.16292423704178777,0.06322291574668296,0.008136257263360477
0.09,0.0,0.91,18/22,0.004008381393911571,0.16277833013970108,0.061401834954815646,0.004008381393911571
0.1,0.9,0.0,15/18,0.17510754356524652,0.17510754356524652,0.22545486566229733,0.37596258535474747
0.1,0.89,0.01,15/18,0.17496163666315986,0.17496163666315986,0.22363378487043,0.37183470948529856
0.1,0.88,0.02,15/18,0.17481572976107318,0.17481572976107318,0.2218127040785627,0.36770683361584966
0.1,0.87,0.03,15/18,0.1746698228589865,0.1746698228589865,0.2199916232866954,0.36357895774640075
0.1,0.86,0.04,15/18,0.1745239159568998,0.1745239159568998,0.21817054249482812,0.35945108187695185
0.1,0.85,0.05,15/18,0.17437800905481315,0.17437800905481315,0.2163494617029608,0.35532320600750295
0.1,0.8400000000000001,0.06,15/18,0.1742321021527265,0.1742321021527265,0.2145283809110935,0.3511953301380541
0.1,0.8300000000000001,0.07,15/18,0.17408619525063979,0.17408619525063979,0.2127073001192262,0.3470674542686052
0.1,0.8200000000000001,0.08,15/18,0.17394028834855313,0.17394028834855313,0.21088621932735888,0.3429395783991563
0.1,0.81,0.09,15/18,0.17379438144646644,0.17379438144646644,0.20906513853549158,0.3388117025297074
0.1,0.8,0.1,15/18,0.1736484745443798,0.1736484745443798,0.20724405774362425,0.3346838266602585
0.1,0.79,0.11,15/18,0.17350256764229308,0.17350256764229308,0.20542297695175693,0.33055595079080957
0.1,0.78,0.12,15/18,0.17335666074020642,0.17335666074020642,0.20360189615988963,0.32642807492136067
0.1,0.77,0.13,15/18,0.17321075383811974,0.17321075383811974,0.20178081536802234,0.32230019905191176
0.1,0.76,0.14,15/18,0.17306484693603308,0.17306484693603308,0.19995973457615504,0.31817232318246286
0.1,0.75,0.15,15/18,0.17291894003394637,0.17291894003394637,0.19813865378428772,0.31404444731301395
0.1,0.74,0.16,15/18,0.17277303313185968,0.17277303313185968,0.1963175729924204,0.30991657144356505
0.1,0.73,0.17,15/18,0.17262712622977303,0.17262712622977303,0.1944964922005531,0.30578869557411614
0.1,0.72,0.18,15/18,0.17248121932768634,0.17248121932768634,0.19267541140868577,0.30166081970466724
0.1,0.71,0.19,15/18,0.17233531242559968,0.17233531242559968,0.19085433061681847,0.29753294383521833
0.1,0.7,0.2,15/18,0.17218940552351297,0.17218940552351297,0.18903324982495115,0.29340506796576943
0.1,0.6900000000000001,0.21,15/18,0.17204349862142634,0.17204349862142634,0.18721216903308385,0.2892771920963205
0.1,0.68,0.22,15/18,0.17189759171933966,0.17189759171933966,0.18539108824121658,0.2851493162268716
0.1,0.67,0.23,15/18,0.171751684817253,0.171751684817253,0.18357000744934926,0.2810214403574227
0.1,0.66,0.24,15/18,0.1716057779151663,0.1716057779151663,0.18174892665748196,0.2768935644879738
0.1,0.65,0.25,15/18,0.17145987101307963,0.17145987101307963,0.17992784586561464,0.2727656886185249
0.1,0.64,0.26,15/18,0.17131396411099295,0.17131396411099295,0.17810676507374731,0.268637812749076
0.1,0.63,0.27,15/18,0.1711680572089063,0.1711680572089063,0.17628568428188002,0.2645099368796271
0.1,0.62,0.28,15/18,0.1710221503068196,0.1710221503068196,0.1744646034900127,0.2603820610101782
0.1,0.6100000000000001,0.29,15/18,0.17087624340473295,0.17087624340473295,0.17264352269814542,0.25625418514072934
0.1,0.6000000000000001,0.3,15/18,0.17073033650264627,0.17073033650264627,0.1708224419062781,0.25212630927128044
0.1,0.5900000000000001,0.31,16/18,0.16900136111441078,0.17058442960055958,0.16900136111441078,0.24799843340183153
0.1,0.5800000000000001,0.32,16/18,0.1671802803225435,0.1704385226984729,0.1671802803225435,0.24387055753238263
0.1,0.5700000000000001,0.33,16/18,0.16535919953067618,0.17029261579638624,0.16535919953067618,0.23974268166293372
0.1,0.56,0.34,16/18,0.16353811873880889,0.17014670889429956,0.16353811873880889,0.2356148057934848
0.1,0.55,0.35,16/18,0.16171703794694156,0.17000080199221285,0.16171703794694156,0.23148692992403588
0.1,0.54,0.36,16/18,0.15989595715507424,0.1698548950901262,0.15989595715507424,0.22735905405458698
0.1,0.53,0.37,16/18,0.15807487636320694,0.1697089881880395,0.15807487636320694,0.22323117818513807
0.1,0.52,0.38,16/18,0.15625379557133962,0.16956308128595282,0.15625379557133962,0.21910330231568917
0.1,0.51,0.39,16/18,0.15443271477947232,0.16941717438386616,0.15443271477947232,0.21497542644624026
0.1,0.5,0.4,16/18,0.152611633987605,0.16927126748177948,0.152611633987605,0.21084755057679136
0.1,0.49000000000000005,0.41,16/18,0.1507905531957377,0.1691253605796928,0.1507905531957377,0.20671967470734248
0.1,0.48000000000000004,0.42,16/18,0.1489694724038704,0.16897945367760614,0.1489694724038704,0.20259179883789358
0.1,0.47000000000000003,0.43,16/18,0.1471483916120031,0.16883354677551946,0.1471483916120031,0.19846392296844467
0.1,0.46,0.44,16/18,0.14532731082013578,0.16868763987343277,0.14532731082013578,0.19433604709899577
0.1,0.45,0.45,16/18,0.14350623002826846,0.16854173297134611,0.14350623002826846,0.19020817122954684
0.1,0.44,0.46,16/18,0.14168514923640116,0.1683958260692594,0.14168514923640116,0.18608029536009793
0.1,0.43000000000000005,0.47,16/18,0.13986406844453386,0.16824991916717275,0.13986406844453386,0.18195241949064905
0.1,0.42000000000000004,0.48,16/18,0.13804298765266657,0.1681040122650861,0.13804298765266657,0.17782454362120015
0.1,0.41000000000000003,0.49,16/18,0.13622190686079924,0.16795810536299938,0.13622190686079924,0.17369666775175124
0.1,0.4,0.5,16/18,0.13440082606893194,0.16781219846091272,0.13440082606893194,0.16956879188230234
0.1,0.39,0.51,16/18,0.13257974527706462,0.16766629155882606,0.13257974527706462,0.16544091601285343
0.1,0.38,0.52,16/18,0.13075866448519732,0.16752038465673935,0.13075866448519732,0.16131304014340453
0.1,0.37,0.53,16/18,0.12893758369333,0.1673744777546527,0.12893758369333,0.15718516427395562
0.1,0.36,0.54,16/18,0.1271165029014627,0.167228570852566,0.1271165029014627,0.15305728840450672
0.1,0.35,0.55,16/18,0.12529542210959538,0.16708266395047933,0.12529542210959538,0.14892941253505781
0.1,0.33999999999999997,0.56,16/18,0.12347434131772808,0.16693675704839267,0.12347434131772808,0.14480153666560888
0.1,0.33000000000000007,0.57,16/18,0.12165326052586078,0.16679085014630596,0.12165326052586078,0.14067366079616003
0.1,0.32000000000000006,0.58,16/18,0.11983217973399347,0.1666449432442193,0.11983217973399347,0.13654578492671113
0.1,0.31000000000000005,0.59,16/18,0.11801109894212616,0.16649903634213262,0.11801109894212616,0.13241790905726222
0.1,0.30000000000000004,0.6,16/18,0.11619001815025885,0.16635312944004593,0.11619001815025885,0.12829003318781332
0.1,0.29000000000000004,0.61,16/18,0.11436893735839154,0.16620722253795928,0.11436893735839154,0.1241621573183644
0.1,0.28,0.62,16/18,0.11254785656652425,0.1660613156358726,0.11254785656652425,0.12003428144891548
0.1,0.27,0.63,16/18,0.11072677577465692,0.1659154087337859,0.11072677577465692,0.11590640557946658
0.1,0.26,0.64,16/18,0.10890569498278962,0.16576950183169925,0.10890569498278962,0.11177852971001767
0.1,0.25,0.65,16/18,0.1070846141909223,0.16562359492961257,0.1070846141909223,0.10765065384056877
0.1,0.24,0.66,18/22,0.10352277797111986,0.16547768802752588,0.10526353339905499,0.10352277797111986
0.1,0.22999999999999998,0.67,18/22,0.09939490210167096,0.16533178112543923,0.1034424526071877,0.09939490210167096
0.1,0.21999999999999997,0.68,18/22,0.09526702623222205,0.16518587422335254,0.10162137181532037,0.09526702623222205
0.1,0.21000000000000008,0.69,18/22,0.09113915036277319,0.16503996732126586,0.09980029102345309,0.09113915036277319
0.1,0.20000000000000007,0.7,18/22,0.08701127449332428,0.1648940604191792,0.09797921023158578,0.08701127449332428
0.1,0.19000000000000006,0.71,18/22,0.08288339862387537,0.1647481535170925,0.09615812943971846,0.08288339862387537
0.1,0.18000000000000005,0.72,18/22,0.07875552275442646,0.16460224661500583,0.09433704864785115,0.07875552275442646
0.1,0.17000000000000004,0.73,18/22,0.07462764688497756,0.16445633971291918,0.09251596785598384,0.07462764688497756
0.1,0.16000000000000003,0.74,18/22,0.07049977101552865,0.16431043281083246,0.09069488706411653,0.07049977101552865
0.1,0.15000000000000002,0.75,18/22,0.06637189514607975,0.1641645259087458,0.08887380627224922,0.06637189514607975
0.1,0.14,0.76,18/22,0.062244019276630834,0.16401861900665912,0.08705272548038193,0.062244019276630834
0.1,0.13,0.77,18/22,0.05811614340718193,0.16387271210457247,0.0852316446885146,0.05811614340718193
0.1,0.12,0.78,18/22,0.053988267537733024,0.16372680520248575,0.0834105638966473,0.053988267537733024
0.1,0.10999999999999999,0.79,18/22,0.04986039166828412,0.1635808983003991,0.08158948310477998,0.04986039166828412
0.1,0.09999999999999998,0.8,18/22,0.04573251579883521,0.1634349913983124,0.07976840231291268,0.04573251579883521
0.1,0.08999999999999997,0.81,18/22,0.0416046399293863,0.16328908449622576,0.07794732152104536,0.0416046399293863
0.1,0.08000000000000007,0.82,18/22,0.03747676405993744,0.16314317759413907,0.07612624072917809,0.03747676405993744
0.1,0.07000000000000006,0.83,18/22,0.033348888190488535,0.1629972706920524,0.07430515993731077,0.033348888190488535
0.1,0.06000000000000005,0.84,18/22,0.02922101232103963,0.16285136378996573,0.07248407914544346,0.02922101232103963
0.1,0.050000000000000044,0.85,18/22,0.025093136451590725,0.16270545688787902,0.07066299835357615,0.025093136451590725
0.1,0.040000000000000036,0.86,18/22,0.020965260582141817,0.16255954998579236,0.06884191756170883,0.020965260582141817
0.1,0.030000000000000027,0.87,18/22,0.01683738471269291,0.16241364308370568,0.06702083676984152,0.01683738471269291
0.1,0.020000000000000018,0.88,18/22,0.012709508843244004,0.162267736181619,0.06519975597797423,0.012709508843244004
0.1,0.010000000000000009,0.89,18/22,0.008581632973795095,0.16212182927953234,0.06337867518610692,0.008581632973795095
0.1,0.0,0.9,18/22,0.00445375710434619,0.16197592237744565,0.0615575943942396,0.00445375710434619
0.11,0.89,0.0,15/18,0.17415922890090443,0.17415922890090443,0.22378954430985398,0.3722800851957332
0.11,0.88,0.01,15/18,0.17401332199881775,0.17401332199881775,0.22196846351798666,0.3681522093262843
0.11,0.87,0.02,15/18,0.1738674150967311,0.1738674150967311,0.22014738272611936,0.3640243334568354
0.11,0.86,0.03,15/18,0.17372150819464438,0.17372150819464438,0.21832630193425204,0.3598964575873865
0.11,0.85,0.04,15/18,0.17357560129255772,0.17357560129255772,0.21650522114238474,0.35576858171793757
0.11,0.84,0.05,15/18,0.17342969439047104,0.17342969439047104,0.21468414035051742,0.35164070584848867
0.11,0.8300000000000001,0.06,15/18,0.17328378748838438,0.17328378748838438,0.21286305955865015,0.3475128299790398
0.11,0.8200000000000001,0.07,15/18,0.1731378805862977,0.1731378805862977,0.21104197876678285,0.3433849541095909
0.11,0.81,0.08,15/18,0.17299197368421101,0.17299197368421101,0.20922089797491553,0.339257078240142
0.11,0.8,0.09,15/18,0.17284606678212436,0.17284606678212436,0.20739981718304823,0.3351292023706931
0.11,0.79,0.1,15/18,0.17270015988003767,0.17270015988003767,0.2055787363911809,0.3310013265012442
0.11,0.78,0.11,15/18,0.172554252977951,0.172554252977951,0.20375765559931358,0.3268734506317953
0.11,0.77,0.12,15/18,0.1724083460758643,0.1724083460758643,0.20193657480744628,0.3227455747623464
0.11,0.76,0.13,15/18,0.17226243917377765,0.17226243917377765,0.20011549401557896,0.3186176988928975
0.11,0.75,0.14,15/18,0.17211653227169096,0.17211653227169096,0.19829441322371166,0.3144898230234486
0.11,0.74,0.15,15/18,0.17197062536960425,0.17197062536960425,0.19647333243184434,0.3103619471539997
0.11,0.73,0.16,15/18,0.1718247184675176,0.1718247184675176,0.19465225163997701,0.30623407128455077
0.11,0.72,0.17,15/18,0.1716788115654309,0.1716788115654309,0.19283117084810972,0.30210619541510186
0.11,0.71,0.18,15/18,0.17153290466334425,0.17153290466334425,0.1910100900562424,0.29797831954565296
0.11,0.7,0.19,15/18,0.17138699776125754,0.17138699776125754,0.1891890092643751,0.29385044367620405
0.11,0.69,0.2,15/18,0.17124109085917089,0.17124109085917089,0.18736792847250777,0.28972256780675515
0.11,0.68,0.21,15/18,0.17109518395708423,0.17109518395708423,0.1855468476806405,0.28559469193730624
0.11,0.67,0.22,15/18,0.17094927705499754,0.17094927705499754,0.1837257668887732,0.28146681606785734
0.11,0.66,0.23,15/18,0.17080337015291086,0.17080337015291086,0.18190468609690588,0.27733894019840843
0.11,0.65,0.24,15/18,0.17065746325082418,0.17065746325082418,0.18008360530503859,0.27321106432895953
0.11,0.64,0.25,15/18,0.17051155634873752,0.17051155634873752,0.17826252451317126,0.2690831884595106
0.11,0.63,0.26,15/18,0.17036564944665084,0.17036564944665084,0.17644144372130394,0.2649553125900617
0.11,0.62,0.27,15/18,0.17021974254456415,0.17021974254456415,0.17462036292943664,0.2608274367206128
0.11,0.61,0.28,15/18,0.17007383564247747,0.17007383564247747,0.17279928213756932,0.2566995608511639
0.11,0.6000000000000001,0.29,15/18,0.1699279287403908,0.1699279287403908,0.17097820134570207,0.25257168498171506
0.11,0.5900000000000001,0.3,16/18,0.16915712055383475,0.16978202183830415,0.16915712055383475,0.24844380911226613
0.11,0.5800000000000001,0.31,16/18,0.16733603976196743,0.16963611493621747,0.16733603976196743,0.24431593324281722
0.11,0.5700000000000001,0.32,16/18,0.16551495897010013,0.16949020803413078,0.16551495897010013,0.24018805737336832
0.11,0.56,0.33,16/18,0.1636938781782328,0.1693443011320441,0.1636938781782328,0.2360601815039194
0.11,0.55,0.34,16/18,0.1618727973863655,0.16919839422995742,0.1618727973863655,0.23193230563447048
0.11,0.54,0.35,16/18,0.16005171659449818,0.16905248732787076,0.16005171659449818,0.22780442976502158
0.11,0.53,0.36,16/18,0.15823063580263086,0.16890658042578408,0.15823063580263086,0.22367655389557267
0.11,0.52,0.37,16/18,0.15640955501076356,0.1687606735236974,0.15640955501076356,0.21954867802612377
0.11,0.51,0.38,16/18,0.15458847421889627,0.16861476662161073,0.15458847421889627,0.21542080215667486
0.11,0.5,0.39,16/18,0.15276739342702897,0.16846885971952402,0.15276739342702897,0.21129292628722596
0.11,0.49,0.4,16/18,0.15094631263516164,0.16832295281743737,0.15094631263516164,0.20716505041777705
0.11,0.48000000000000004,0.41,16/18,0.14912523184329435,0.1681770459153507,0.14912523184329435,0.20303717454832818
0.11,0.47000000000000003,0.42,16/18,0.14730415105142705,0.16803113901326402,0.14730415105142705,0.19890929867887927
0.11,0.46,0.43,16/18,0.14548307025955973,0.16788523211117734,0.14548307025955973,0.19478142280943037
0.11,0.45,0.44,16/18,0.14366198946769243,0.16773932520909066,0.14366198946769243,0.19065354693998143
0.11,0.44,0.45,16/18,0.1418409086758251,0.16759341830700397,0.1418409086758251,0.18652567107053253
0.11,0.43,0.46,16/18,0.1400198278839578,0.16744751140491732,0.1400198278839578,0.18239779520108362
0.11,0.42000000000000004,0.47,16/18,0.1381987470920905,0.16730160450283063,0.1381987470920905,0.17826991933163475
0.11,0.41000000000000003,0.48,16/18,0.1363776663002232,0.16715569760074395,0.1363776663002232,0.17414204346218584
0.11,0.4,0.49,16/18,0.1345565855083559,0.1670097906986573,0.1345565855083559,0.17001416759273694
0.11,0.39,0.5,16/18,0.13273550471648857,0.1668638837965706,0.13273550471648857,0.16588629172328803
0.11,0.38,0.51,16/18,0.13091442392462127,0.16671797689448392,0.13091442392462127,0.16175841585383913
0.11,0.37,0.52,16/18,0.12909334313275395,0.16657206999239724,0.12909334313275395,0.15763053998439022
0.11,0.36,0.53,16/18,0.12727226234088665,0.16642616309031055,0.12727226234088665,0.15350266411494132
0.11,0.35,0.54,16/18,0.12545118154901932,0.1662802561882239,0.12545118154901932,0.1493747882454924
0.11,0.33999999999999997,0.55,16/18,0.12363010075715203,0.1661343492861372,0.12363010075715203,0.14524691237604348
0.11,0.32999999999999996,0.56,16/18,0.12180901996528472,0.16598844238405053,0.12180901996528472,0.14111903650659458
0.11,0.32000000000000006,0.57,16/18,0.11998793917341743,0.16584253548196387,0.11998793917341743,0.13699116063714573
0.11,0.31000000000000005,0.58,16/18,0.11816685838155011,0.1656966285798772,0.11816685838155011,0.13286328476769682
0.11,0.30000000000000004,0.59,16/18,0.1163457775896828,0.1655507216777905,0.1163457775896828,0.12873540889824792
0.11,0.29000000000000004,0.6,16/18,0.1145246967978155,0.16540481477570385,0.1145246967978155,0.12460753302879903
0.11,0.28,0.61,16/18,0.11270361600594819,0.16525890787361716,0.11270361600594819,0.1204796571593501
0.11,0.27,0.62,16/18,0.11088253521408087,0.16511300097153048,0.11088253521408087,0.1163517812899012
0.11,0.26,0.63,16/18,0.10906145442221357,0.1649670940694438,0.10906145442221357,0.1122239054204523
0.11,0.25,0.64,16/18,0.10724037363034628,0.1648211871673571,0.10724037363034628,0.10809602955100339
0.11,0.24,0.65,18/22,0.10396815368155449,0.16467528026527045,0.10541929283847895,0.10396815368155449
0.11,0.22999999999999998,0.66,18/22,0.09984027781210558,0.16452937336318377,0.10359821204661164,0.09984027781210558
0.11,0.21999999999999997,0.67,18/22,0.09571240194265668,0.16438346646109708,0.10177713125474433,0.09571240194265668
0.11,0.20999999999999996,0.68,18/22,0.09158452607320776,0.16423755955901043,0.09995605046287702,0.09158452607320776
0.11,0.20000000000000007,0.69,18/22,0.08745665020375891,0.16409165265692374,0.09813496967100974,0.08745665020375891
0.11,0.19000000000000006,0.7,18/22,0.08332877433430999,0.16394574575483706,0.09631388887914243,0.08332877433430999
0.11,0.18000000000000005,0.71,18/22,0.07920089846486109,0.16379983885275037,0.09449280808727512,0.07920089846486109
0.11,0.17000000000000004,0.72,18/22,0.07507302259541218,0.16365393195066372,0.09267172729540779,0.07507302259541218
0.11,0.16000000000000003,0.73,18/22,0.07094514672596328,0.16350802504857703,0.0908506465035405,0.07094514672596328
0.11,0.15000000000000002,0.74,18/22,0.06681727085651437,0.16336211814649035,0.08902956571167317,0.06681727085651437
0.11,0.14,0.75,18/22,0.06268939498706545,0.16321621124440366,0.08720848491980587,0.06268939498706545
0.11,0.13,0.76,18/22,0.05856151911761655,0.163070304342317,0.08538740412793856,0.05856151911761655
0.11,0.12,0.77,18/22,0.05443364324816764,0.16292439744023035,0.08356632333607125,0.05443364324816764
0.11,0.10999999999999999,0.78,18/22,0.05030576737871874,0.16277849053814364,0.08174524254420394,0.05030576737871874
0.11,0.09999999999999998,0.79,18/22,0.04617789150926983,0.16263258363605698,0.07992416175233663,0.04617789150926983
0.11,0.08999999999999997,0.8,18/22,0.04205001563982093,0.1624866767339703,0.07810308096046932,0.04205001563982093
0.11,0.07999999999999996,0.81,18/22,0.037922139770372024,0.1623407698318836,0.07628200016860201,0.037922139770372024
0.11,0.07000000000000006,0.82,18/22,0.03379426390092316,0.16219486292979696,0.07446091937673473,0.03379426390092316
0.11,0.06000000000000005,0.83,18/22,0.02966638803147425,0.16204895602771027,0.07263983858486742,0.02966638803147425
0.11,0.050000000000000044,0.84,18/22,0.025538512162025344,0.1619030491256236,0.0708187577930001,0.025538512162025344
0.11,0.040000000000000036,0.85,18/22,0.021410636292576436,0.1617571422235369,0.0689976770011328,0.021410636292576436
0.11,0.030000000000000027,0.86,18/22,0.017282760423127527,0.16161123532145022,0.06717659620926549,0.017282760423127527
0.11,0.020000000000000018,0.87,18/22,0.013154884553678622,0.16146532841936356,0.06535551541739817,0.013154884553678622
0.11,0.010000000000000009,0.88,18/22,0.009027008684229716,0.16131942151727688,0.06353443462553086,0.009027008684229716
0.11,0.0,0.89,18/22,0.004899132814780809,0.16117351461519022,0.06171335383366356,0.004899132814780809
0.12,0.88,0.0,15/18,0.1732109142365623,0.1732109142365623,0.2221242229574106,0.3685975850367189
0.12,0.87,0.01,15/18,0.17306500733447563,0.17306500733447563,0.22030314216554328,0.36446970916727
0.12,0.86,0.02,15/18,0.17291910043238895,0.17291910043238895,0.218482061373676,0.3603418332978211
0.12,0.85,0.03,15/18,0.17277319353030227,0.17277319353030227,0.2166609805818087,0.3562139574283722
0.12,0.84,0.04,15/18,0.17262728662821558,0.17262728662821558,0.2148398997899414,0.3520860815589233
0.12,0.83,0.05,15/18,0.17248137972612892,0.17248137972612892,0.21301881899807407,0.3479582056894744
0.12,0.8200000000000001,0.06,15/18,0.17233547282404227,0.17233547282404227,0.21119773820620677,0.34383032982002554
0.12,0.81,0.07,15/18,0.17218956592195556,0.17218956592195556,0.20937665741433947,0.33970245395057663
0.12,0.8,0.08,15/18,0.1720436590198689,0.1720436590198689,0.20755557662247215,0.33557457808112773
0.12,0.79,0.09,15/18,0.17189775211778222,0.17189775211778222,0.20573449583060485,0.3314467022116788
0.12,0.78,0.1,15/18,0.17175184521569556,0.17175184521569556,0.20391341503873753,0.3273188263422299
0.12,0.77,0.11,15/18,0.17160593831360885,0.17160593831360885,0.20209233424687023,0.323190950472781
0.12,0.76,0.12,15/18,0.1714600314115222,0.1714600314115222,0.20027125345500293,0.3190630746033321
0.12,0.75,0.13,15/18,0.1713141245094355,0.1713141245094355,0.1984501726631356,0.3149351987338832
0.12,0.74,0.14,15/18,0.17116821760734882,0.17116821760734882,0.1966290918712683,0.3108073228644343
0.12,0.73,0.15,15/18,0.17102231070526214,0.17102231070526214,0.194808011079401,0.3066794469949854
0.12,0.72,0.16,15/18,0.17087640380317545,0.17087640380317545,0.19298693028753366,0.3025515711255365
0.12,0.71,0.17,15/18,0.1707304969010888,0.1707304969010888,0.19116584949566637,0.2984236952560876
0.12,0.7,0.18,15/18,0.1705845899990021,0.1705845899990021,0.18934476870379904,0.2942958193866387
0.12,0.69,0.19,15/18,0.17043868309691546,0.17043868309691546,0.18752368791193175,0.2901679435171898
0.12,0.6799999999999999,0.2,15/18,0.17029277619482874,0.17029277619482874,0.18570260712006445,0.2860400676477408
0.12,0.67,0.21,15/18,0.17014686929274211,0.17014686929274211,0.18388152632819715,0.28191219177829197
0.12,0.66,0.22,15/18,0.17000096239065543,0.17000096239065543,0.18206044553632986,0.27778431590884306
0.12,0.65,0.23,15/18,0.16985505548856877,0.16985505548856877,0.18023936474446253,0.27365644003939416
0.12,0.64,0.24,15/18,0.16970914858648206,0.16970914858648206,0.17841828395259524,0.26952856416994525
0.12,0.63,0.25,15/18,0.1695632416843954,0.1695632416843954,0.1765972031607279,0.26540068830049635
0.12,0.62,0.26,15/18,0.16941733478230872,0.16941733478230872,0.1747761223688606,0.26127281243104744
0.12,0.61,0.27,15/18,0.16927142788022204,0.16927142788022204,0.1729550415769933,0.25714493656159854
0.12,0.6,0.28,15/18,0.16912552097813538,0.16912552097813538,0.17113396078512597,0.25301706069214963
0.12,0.5900000000000001,0.29,15/18,0.1689796140760487,0.1689796140760487,0.16931287999325867,0.24888918482270075
0.12,0.5800000000000001,0.3,16/18,0.1674917992013914,0.16883370717396204,0.1674917992013914,0.24476130895325185
0.12,0.5700000000000001,0.31,16/18,0.16567071840952408,0.16868780027187535,0.16567071840952408,0.24063343308380294
0.12,0.56,0.32,16/18,0.16384963761765678,0.16854189336978864,0.16384963761765678,0.236505557214354
0.12,0.55,0.33,16/18,0.16202855682578945,0.16839598646770199,0.16202855682578945,0.2323776813449051
0.12,0.54,0.34,16/18,0.16020747603392216,0.1682500795656153,0.16020747603392216,0.2282498054754562
0.12,0.53,0.35,16/18,0.15838639524205483,0.16810417266352862,0.15838639524205483,0.2241219296060073
0.12,0.52,0.36,16/18,0.1565653144501875,0.16795826576144193,0.1565653144501875,0.2199940537365584
0.12,0.51,0.37,16/18,0.15474423365832024,0.16781235885935528,0.15474423365832024,0.2158661778671095
0.12,0.5,0.38,16/18,0.15292315286645292,0.1676664519572686,0.15292315286645292,0.21173830199766058
0.12,0.49,0.39,16/18,0.15110207207458562,0.16752054505518194,0.15110207207458562,0.20761042612821168
0.12,0.48,0.4,16/18,0.1492809912827183,0.16737463815309522,0.1492809912827183,0.20348255025876277
0.12,0.47000000000000003,0.41,16/18,0.147459910490851,0.16722873125100857,0.147459910490851,0.1993546743893139
0.12,0.46,0.42,16/18,0.14563882969898367,0.16708282434892188,0.14563882969898367,0.195226798519865
0.12,0.45,0.43,16/18,0.14381774890711638,0.1669369174468352,0.14381774890711638,0.19109892265041606
0.12,0.44,0.44,16/18,0.14199666811524905,0.16679101054474854,0.14199666811524905,0.18697104678096715
0.12,0.43,0.45,16/18,0.14017558732338176,0.16664510364266188,0.14017558732338176,0.18284317091151825
0.12,0.42,0.46,16/18,0.13835450653151443,0.16649919674057517,0.13835450653151443,0.17871529504206934
0.12,0.41000000000000003,0.47,16/18,0.13653342573964714,0.16635328983848852,0.13653342573964714,0.17458741917262047
0.12,0.4,0.48,16/18,0.13471234494777984,0.16620738293640186,0.13471234494777984,0.17045954330317156
0.12,0.39,0.49,16/18,0.13289126415591251,0.16606147603431515,0.13289126415591251,0.16633166743372266
0.12,0.38,0.5,16/18,0.13107018336404522,0.1659155691322285,0.13107018336404522,0.16220379156427375
0.12,0.37,0.51,16/18,0.1292491025721779,0.1657696622301418,0.1292491025721779,0.15807591569482485
0.12,0.36,0.52,16/18,0.1274280217803106,0.16562375532805512,0.1274280217803106,0.15394803982537594
0.12,0.35,0.53,16/18,0.12560694098844327,0.16547784842596847,0.12560694098844327,0.14982016395592704
0.12,0.33999999999999997,0.54,16/18,0.12378586019657598,0.16533194152388175,0.12378586019657598,0.1456922880864781
0.12,0.32999999999999996,0.55,16/18,0.12196477940470866,0.1651860346217951,0.12196477940470866,0.1415644122170292
0.12,0.31999999999999995,0.56,16/18,0.12014369861284135,0.1650401277197084,0.12014369861284135,0.1374365363475803
0.12,0.31000000000000005,0.57,16/18,0.11832261782097406,0.16489422081762173,0.11832261782097406,0.13330866047813145
0.12,0.30000000000000004,0.58,16/18,0.11650153702910675,0.16474831391553507,0.11650153702910675,0.12918078460868254
0.12,0.29000000000000004,0.59,16/18,0.11468045623723945,0.1646024070134484,0.11468045623723945,0.12505290873923364
0.12,0.28,0.6,16/18,0.11285937544537214,0.1644565001113617,0.11285937544537214,0.12092503286978472
0.12,0.27,0.61,16/18,0.11103829465350482,0.16431059320927505,0.11103829465350482,0.11679715700033581
0.12,0.26,0.62,16/18,0.10921721386163752,0.16416468630718836,0.10921721386163752,0.11266928113088691
0.12,0.25,0.63,16/18,0.10739613306977022,0.16401877940510168,0.10739613306977022,0.108541405261438
0.12,0.24,0.64,18/22,0.1044135293919891,0.163872872503015,0.1055750522779029,0.1044135293919891
0.12,0.22999999999999998,0.65,18/22,0.1002856535225402,0.16372696560092834,0.10375397148603559,0.1002856535225402
0.12,0.21999999999999997,0.66,18/22,0.09615777765309129,0.16358105869884165,0.10193289069416828,0.09615777765309129
0.12,0.20999999999999996,0.67,18/22,0.09202990178364237,0.16343515179675497,0.10011180990230098,0.09202990178364237
0.12,0.19999999999999996,0.68,18/22,0.08790202591419347,0.16328924489466828,0.09829072911043366,0.08790202591419347
0.12,0.19000000000000006,0.69,18/22,0.0837741500447446,0.16314333799258163,0.09646964831856637,0.0837741500447446
0.12,0.18000000000000005,0.7,18/22,0.0796462741752957,0.16299743109049494,0.09464856752669906,0.0796462741752957
0.12,0.17000000000000004,0.71,18/22,0.07551839830584679,0.16285152418840826,0.09282748673483174,0.07551839830584679
0.12,0.16000000000000003,0.72,18/22,0.07139052243639789,0.1627056172863216,0.09100640594296444,0.07139052243639789
0.12,0.15000000000000002,0.73,18/22,0.06726264656694898,0.16255971038423492,0.08918532515109714,0.06726264656694898
0.12,0.14,0.74,18/22,0.06313477069750008,0.16241380348214823,0.08736424435922982,0.06313477069750008
0.12,0.13,0.75,18/22,0.059006894828051173,0.16226789658006158,0.08554316356736251,0.059006894828051173
0.12,0.12,0.76,18/22,0.05487901895860227,0.1621219896779749,0.0837220827754952,0.05487901895860227
0.12,0.10999999999999999,0.77,18/22,0.050751143089153364,0.1619760827758882,0.0819010019836279,0.050751143089153364
0.12,0.09999999999999998,0.78,18/22,0.046623267219704445,0.16183017587380152,0.08007992119176058,0.046623267219704445
0.12,0.08999999999999997,0.79,18/22,0.04249539135025554,0.16168426897171484,0.07825884039989328,0.04249539135025554
0.12,0.07999999999999996,0.8,18/22,0.038367515480806635,0.16153836206962818,0.07643775960802596,0.038367515480806635
0.12,0.06999999999999995,0.81,18/22,0.03423963961135773,0.1613924551675415,0.07461667881615866,0.03423963961135773
0.12,0.06000000000000005,0.82,18/22,0.030111763741908867,0.16124654826545481,0.07279559802429136,0.030111763741908867
0.12,0.050000000000000044,0.83,18/22,0.025983887872459963,0.16110064136336816,0.07097451723242405,0.025983887872459963
0.12,0.040000000000000036,0.84,18/22,0.021856012003011054,0.16095473446128147,0.06915343644055674,0.021856012003011054
0.12,0.030000000000000027,0.85,18/22,0.017728136133562146,0.1608088275591948,0.06733235564868945,0.017728136133562146
0.12,0.020000000000000018,0.86,18/22,0.013600260264113241,0.1606629206571081,0.06551127485682212,0.013600260264113241
0.12,0.010000000000000009,0.87,18/22,0.009472384394664335,0.16051701375502145,0.06369019406495482,0.009472384394664335
0.12,0.0,0.88,18/22,0.005344508525215428,0.16037110685293476,0.061869113273087514,0.005344508525215428
0.13,0.87,0.0,15/18,0.1722625995722202,0.1722625995722202,0.22045890160496726,0.3649150848777046
0.13,0.86,0.01,15/18,0.17211669267013352,0.17211669267013352,0.21863782081309996,0.36078720900825567
0.13,0.85,0.02,15/18,0.17197078576804686,0.17197078576804686,0.21681674002123266,0.35665933313880677
0.13,0.84,0.03,15/18,0.17182487886596015,0.17182487886596015,0.21499565922936534,0.35253145726935786
0.13,0.83,0.04,15/18,0.1716789719638735,0.1716789719638735,0.21317457843749804,0.34840358139990896
0.13,0.82,0.05,15/18,0.1715330650617868,0.1715330650617868,0.21135349764563072,0.34427570553046005
0.13,0.81,0.06,15/18,0.17138715815970015,0.17138715815970015,0.20953241685376342,0.3401478296610112
0.13,0.8,0.07,15/18,0.17124125125761347,0.17124125125761347,0.20771133606189612,0.3360199537915623
0.13,0.79,0.08,15/18,0.17109534435552678,0.17109534435552678,0.2058902552700288,0.3318920779221134
0.13,0.78,0.09,15/18,0.17094943745344013,0.17094943745344013,0.2040691744781615,0.3277642020526645
0.13,0.77,0.1,15/18,0.17080353055135344,0.17080353055135344,0.2022480936862942,0.3236363261832156
0.13,0.76,0.11,15/18,0.17065762364926676,0.17065762364926676,0.20042701289442688,0.3195084503137667
0.13,0.75,0.12,15/18,0.17051171674718008,0.17051171674718008,0.19860593210255958,0.3153805744443178
0.13,0.74,0.13,15/18,0.1703658098450934,0.1703658098450934,0.19678485131069226,0.31125269857486887
0.13,0.73,0.14,15/18,0.17021990294300673,0.17021990294300673,0.19496377051882496,0.30712482270541996
0.13,0.72,0.15,15/18,0.17007399604092002,0.17007399604092002,0.19314268972695764,0.30299694683597106
0.13,0.71,0.16,15/18,0.16992808913883337,0.16992808913883337,0.19132160893509031,0.29886907096652215
0.13,0.7,0.17,15/18,0.16978218223674668,0.16978218223674668,0.18950052814322302,0.29474119509707325
0.13,0.69,0.18,15/18,0.16963627533466002,0.16963627533466002,0.1876794473513557,0.29061331922762434
0.13,0.6799999999999999,0.19,15/18,0.1694903684325733,0.1694903684325733,0.18585836655948842,0.2864854433581754
0.13,0.6699999999999999,0.2,15/18,0.16934446153048663,0.16934446153048663,0.1840372857676211,0.2823575674887265
0.13,0.66,0.21,15/18,0.1691985546284,0.1691985546284,0.1822162049757538,0.27822969161927763
0.13,0.65,0.22,15/18,0.16905264772631332,0.16905264772631332,0.1803951241838865,0.2741018157498287
0.13,0.64,0.23,15/18,0.16890674082422663,0.16890674082422663,0.17857404339201918,0.2699739398803798
0.13,0.63,0.24,15/18,0.16876083392213995,0.16876083392213995,0.17675296260015189,0.2658460640109309
0.13,0.62,0.25,15/18,0.16861492702005326,0.16861492702005326,0.17493188180828456,0.261718188141482
0.13,0.61,0.26,15/18,0.1684690201179666,0.1684690201179666,0.17311080101641724,0.2575903122720331
0.13,0.6,0.27,15/18,0.16832311321587992,0.16832311321587992,0.17128972022454994,0.2534624364025842
0.13,0.59,0.28,15/18,0.16817720631379324,0.16817720631379324,0.16946863943268264,0.24933456053313532
0.13,0.5800000000000001,0.29,16/18,0.16764755864081538,0.16803129941170658,0.16764755864081538,0.24520668466368647
0.13,0.5700000000000001,0.3,16/18,0.16582647784894805,0.16788539250961992,0.16582647784894805,0.24107880879423757
0.13,0.56,0.31,16/18,0.16400539705708073,0.1677394856075332,0.16400539705708073,0.23695093292478864
0.13,0.55,0.32,16/18,0.16218431626521343,0.16759357870544653,0.16218431626521343,0.23282305705533973
0.13,0.54,0.33,16/18,0.1603632354733461,0.16744767180335987,0.1603632354733461,0.22869518118589083
0.13,0.53,0.34,16/18,0.1585421546814788,0.1673017649012732,0.1585421546814788,0.22456730531644192
0.13,0.52,0.35,16/18,0.15672107388961148,0.16715585799918653,0.15672107388961148,0.22043942944699302
0.13,0.51,0.36,16/18,0.15489999309774416,0.16700995109709982,0.15489999309774416,0.2163115535775441
0.13,0.5,0.37,16/18,0.15307891230587686,0.16686404419501316,0.15307891230587686,0.2121836777080952
0.13,0.49,0.38,16/18,0.15125783151400954,0.16671813729292648,0.15125783151400954,0.2080558018386463
0.13,0.48,0.39,16/18,0.14943675072214224,0.1665722303908398,0.14943675072214224,0.2039279259691974
0.13,0.47,0.4,16/18,0.14761566993027495,0.16642632348875314,0.14761566993027495,0.1998000500997485
0.13,0.46,0.41,16/18,0.14579458913840765,0.16628041658666645,0.14579458913840765,0.19567217423029962
0.13,0.45,0.42,16/18,0.14397350834654032,0.16613450968457977,0.14397350834654032,0.19154429836085068
0.13,0.44,0.43,16/18,0.14215242755467303,0.1659886027824931,0.14215242755467303,0.18741642249140178
0.13,0.43,0.44,16/18,0.14033134676280573,0.1658426958804064,0.14033134676280573,0.18328854662195287
0.13,0.42,0.45,16/18,0.1385102659709384,0.16569678897831974,0.1385102659709384,0.17916067075250397
0.13,0.41,0.46,16/18,0.13668918517907108,0.16555088207623306,0.13668918517907108,0.17503279488305507
0.13,0.4,0.47,16/18,0.13486810438720379,0.16540497517414637,0.13486810438720379,0.1709049190136062
0.13,0.39,0.48,16/18,0.1330470235953365,0.16525906827205972,0.1330470235953365,0.16677704314415728
0.13,0.38,0.49,16/18,0.1312259428034692,0.16511316136997303,0.1312259428034692,0.16264916727470838
0.13,0.37,0.5,16/18,0.12940486201160187,0.16496725446788635,0.12940486201160187,0.15852129140525947
0.13,0.36,0.51,16/18,0.12758378121973454,0.1648213475657997,0.12758378121973454,0.15439341553581057
0.13,0.35,0.52,16/18,0.12576270042786725,0.16467544066371298,0.12576270042786725,0.15026553966636166
0.13,0.33999999999999997,0.53,16/18,0.12394161963599995,0.16452953376162632,0.12394161963599995,0.14613766379691273
0.13,0.32999999999999996,0.54,16/18,0.12212053884413263,0.16438362685953967,0.12212053884413263,0.14200978792746383
0.13,0.31999999999999995,0.55,16/18,0.12029945805226532,0.16423771995745298,0.12029945805226532,0.13788191205801492
0.13,0.30999999999999994,0.56,16/18,0.118478377260398,0.1640918130553663,0.118478377260398,0.13375403618856602
0.13,0.30000000000000004,0.57,16/18,0.11665729646853071,0.16394590615327964,0.11665729646853071,0.12962616031911717
0.13,0.29000000000000004,0.58,16/18,0.11483621567666341,0.16379999925119296,0.11483621567666341,0.12549828444966826
0.13,0.28,0.59,16/18,0.1130151348847961,0.16365409234910627,0.1130151348847961,0.12137040858021934
0.13,0.27,0.6,16/18,0.11119405409292879,0.1635081854470196,0.11119405409292879,0.11724253271077044
0.13,0.26,0.61,16/18,0.10937297330106147,0.16336227854493293,0.10937297330106147,0.11311465684132153
0.13,0.25,0.62,16/18,0.10755189250919417,0.16321637164284625,0.10755189250919417,0.10898678097187263
0.13,0.24,0.63,18/22,0.10485890510242372,0.16307046474075956,0.10573081171732684,0.10485890510242372
0.13,0.22999999999999998,0.64,18/22,0.10073102923297482,0.16292455783867288,0.10390973092545955,0.10073102923297482
0.13,0.21999999999999997,0.65,18/22,0.09660315336352591,0.16277865093658622,0.10208865013359224,0.09660315336352591
0.13,0.20999999999999996,0.66,18/22,0.092475277494077,0.16263274403449954,0.10026756934172493,0.092475277494077
0.13,0.19999999999999996,0.67,18/22,0.08834740162462809,0.16248683713241285,0.09844648854985762,0.08834740162462809
0.13,0.18999999999999995,0.68,18/22,0.08421952575517919,0.1623409302303262,0.0966254077579903,0.08421952575517919
0.13,0.18000000000000005,0.69,18/22,0.08009164988573032,0.1621950233282395,0.09480432696612302,0.08009164988573032
0.13,0.17000000000000004,0.7,18/22,0.07596377401628142,0.16204911642615283,0.09298324617425571,0.07596377401628142
0.13,0.16000000000000003,0.71,18/22,0.07183589814683251,0.16190320952406614,0.09116216538238839,0.07183589814683251
0.13,0.15000000000000002,0.72,18/22,0.06770802227738361,0.16175730262197946,0.08934108459052109,0.06770802227738361
0.13,0.14,0.73,18/22,0.06358014640793469,0.1616113957198928,0.0875200037986538,0.06358014640793469
0.13,0.13,0.74,18/22,0.059452270538485785,0.16146548881780612,0.08569892300678647,0.059452270538485785
0.13,0.12,0.75,18/22,0.05532439466903688,0.16131958191571943,0.08387784221491916,0.05532439466903688
0.13,0.10999999999999999,0.76,18/22,0.051196518799587976,0.16117367501363278,0.08205676142305185,0.051196518799587976
0.13,0.09999999999999998,0.77,18/22,0.04706864293013907,0.1610277681115461,0.08023568063118454,0.04706864293013907
0.13,0.08999999999999997,0.78,18/22,0.042940767060690166,0.1608818612094594,0.07841459983931723,0.042940767060690166
0.13,0.07999999999999996,0.79,18/22,0.03881289119124126,0.16073595430737272,0.07659351904744993,0.03881289119124126
0.13,0.06999999999999995,0.8,18/22,0.03468501532179235,0.16059004740528607,0.07477243825558261,0.03468501532179235
0.13,0.05999999999999994,0.81,18/22,0.03055713945234344,0.16044414050319938,0.07295135746371531,0.03055713945234344
0.13,0.050000000000000044,0.82,18/22,0.02642926358289458,0.16029823360111273,0.07113027667184801,0.02642926358289458
0.13,0.040000000000000036,0.83,18/22,0.022301387713445673,0.16015232669902604,0.0693091958799807,0.022301387713445673
0.13,0.030000000000000027,0.84,18/22,0.018173511843996765,0.16000641979693936,0.06748811508811339,0.018173511843996765
0.13,0.020000000000000018,0.85,18/22,0.01404563597454786,0.15986051289485267,0.06566703429624608,0.01404563597454786
0.13,0.010000000000000009,0.86,18/22,0.009917760105098953,0.159714605992766,0.06384595350437877,0.009917760105098953
0.13,0.0,0.87,18/22,0.005789884235650047,0.15956869909067933,0.06202487271251146,0.005789884235650047
0.14,0.86,0.0,15/18,0.17131428490787806,0.17131428490787806,0.21879358025252393,0.3612325847186903
0.14,0.85,0.01,15/18,0.1711683780057914,0.1711683780057914,0.2169724994606566,0.3571047088492414
0.14,0.84,0.02,15/18,0.17102247110370472,0.17102247110370472,0.2151514186687893,0.3529768329797925
0.14,0.83,0.03,15/18,0.17087656420161804,0.17087656420161804,0.213330337876922,0.3488489571103436
0.14,0.82,0.04,15/18,0.17073065729953135,0.17073065729953135,0.2115092570850547,0.3447210812408947
0.14,0.8099999999999999,0.05,15/18,0.17058475039744467,0.17058475039744467,0.20968817629318737,0.3405932053714458
0.14,0.8,0.06,15/18,0.17043884349535804,0.17043884349535804,0.20786709550132007,0.3364653295019969
0.14,0.79,0.07,15/18,0.17029293659327133,0.17029293659327133,0.20604601470945277,0.332337453632548
0.14,0.78,0.08,15/18,0.17014702969118467,0.17014702969118467,0.20422493391758545,0.3282095777630991
0.14,0.77,0.09,15/18,0.17000112278909799,0.17000112278909799,0.20240385312571818,0.3240817018936502
0.14,0.76,0.1,15/18,0.16985521588701133,0.16985521588701133,0.20058277233385086,0.3199538260242013
0.14,0.75,0.11,15/18,0.16970930898492462,0.16970930898492462,0.19876169154198353,0.3158259501547524
0.14,0.74,0.12,15/18,0.16956340208283793,0.16956340208283793,0.19694061075011624,0.3116980742853035
0.14,0.73,0.13,15/18,0.16941749518075128,0.16941749518075128,0.1951195299582489,0.3075701984158546
0.14,0.72,0.14,15/18,0.1692715882786646,0.1692715882786646,0.19329844916638161,0.3034423225464057
0.14,0.71,0.15,15/18,0.1691256813765779,0.1691256813765779,0.1914773683745143,0.2993144466769568
0.14,0.7,0.16,15/18,0.16897977447449122,0.16897977447449122,0.18965628758264697,0.2951865708075079
0.14,0.69,0.17,15/18,0.16883386757240457,0.16883386757240457,0.18783520679077967,0.29105869493805897
0.14,0.6799999999999999,0.18,15/18,0.16868796067031788,0.16868796067031788,0.18601412599891237,0.28693081906861
0.14,0.6699999999999999,0.19,15/18,0.16854205376823123,0.16854205376823123,0.18419304520704508,0.2828029431991611
0.14,0.6599999999999999,0.2,15/18,0.1683961468661445,0.1683961468661445,0.18237196441517775,0.2786750673297122
0.14,0.65,0.21,15/18,0.16825023996405788,0.16825023996405788,0.18055088362331045,0.27454719146026335
0.14,0.64,0.22,15/18,0.1681043330619712,0.1681043330619712,0.17872980283144316,0.27041931559081445
0.14,0.63,0.23,15/18,0.16795842615988454,0.16795842615988454,0.17690872203957583,0.26629143972136554
0.14,0.62,0.24,15/18,0.16781251925779783,0.16781251925779783,0.17508764124770854,0.26216356385191664
0.14,0.61,0.25,15/18,0.16766661235571115,0.16766661235571115,0.1732665604558412,0.25803568798246773
0.14,0.6,0.26,15/18,0.16752070545362446,0.16752070545362446,0.1714454796639739,0.2539078121130188
0.14,0.59,0.27,15/18,0.1673747985515378,0.1673747985515378,0.16962439887210662,0.24977993624356995
0.14,0.58,0.28,15/18,0.16722889164945112,0.16722889164945112,0.1678033180802393,0.24565206037412105
0.14,0.5700000000000001,0.29,16/18,0.16598223728837203,0.16708298474736447,0.16598223728837203,0.2415241845046722
0.14,0.56,0.3,16/18,0.1641611564965047,0.16693707784527778,0.1641611564965047,0.23739630863522326
0.14,0.55,0.31,16/18,0.16234007570463738,0.1667911709431911,0.16234007570463738,0.23326843276577436
0.14,0.54,0.32,16/18,0.16051899491277008,0.1666452640411044,0.16051899491277008,0.22914055689632545
0.14,0.53,0.33,16/18,0.15869791412090276,0.16649935713901776,0.15869791412090276,0.22501268102687655
0.14,0.52,0.34,16/18,0.15687683332903546,0.16635345023693107,0.15687683332903546,0.22088480515742764
0.14,0.51,0.35,16/18,0.15505575253716813,0.1662075433348444,0.15505575253716813,0.21675692928797874
0.14,0.5,0.36,16/18,0.1532346717453008,0.1660616364327577,0.1532346717453008,0.21262905341852983
0.14,0.49,0.37,16/18,0.1514135909534335,0.16591572953067102,0.1514135909534335,0.20850117754908093
0.14,0.48,0.38,16/18,0.1495925101615662,0.16576982262858436,0.1495925101615662,0.20437330167963202
0.14,0.47,0.39,16/18,0.1477714293696989,0.16562391572649768,0.1477714293696989,0.20024542581018312
0.14,0.45999999999999996,0.4,16/18,0.14595034857783157,0.165478008824411,0.14595034857783157,0.19611754994073421
0.14,0.45,0.41,16/18,0.14412926778596427,0.16533210192232434,0.14412926778596427,0.1919896740712853
0.14,0.44,0.42,16/18,0.14230818699409697,0.16518619502023765,0.14230818699409697,0.1878617982018364
0.14,0.43,0.43,16/18,0.14048710620222968,0.16504028811815097,0.14048710620222968,0.1837339223323875
0.14,0.42,0.44,16/18,0.13866602541036235,0.1648943812160643,0.13866602541036235,0.1796060464629386
0.14,0.41,0.45,16/18,0.13684494461849506,0.16474847431397763,0.13684494461849506,0.1754781705934897
0.14,0.39999999999999997,0.46,16/18,0.13502386382662773,0.16460256741189094,0.13502386382662773,0.17135029472404079
0.14,0.39,0.47,16/18,0.13320278303476044,0.1644566605098043,0.13320278303476044,0.1672224188545919
0.14,0.38,0.48,16/18,0.13138170224289314,0.1643107536077176,0.13138170224289314,0.163094542985143
0.14,0.37,0.49,16/18,0.12956062145102581,0.16416484670563092,0.12956062145102581,0.1589666671156941
0.14,0.36,0.5,16/18,0.1277395406591585,0.16401893980354423,0.1277395406591585,0.1548387912462452
0.14,0.35,0.51,16/18,0.1259184598672912,0.16387303290145755,0.1259184598672912,0.1507109153767963
0.14,0.33999999999999997,0.52,16/18,0.1240973790754239,0.1637271259993709,0.1240973790754239,0.14658303950734736
0.14,0.32999999999999996,0.53,16/18,0.12227629828355657,0.1635812190972842,0.12227629828355657,0.14245516363789845
0.14,0.31999999999999995,0.54,16/18,0.12045521749168928,0.16343531219519752,0.12045521749168928,0.13832728776844955
0.14,0.30999999999999994,0.55,16/18,0.11863413669982195,0.16328940529311087,0.11863413669982195,0.13419941189900064
0.14,0.29999999999999993,0.56,16/18,0.11681305590795464,0.16314349839102418,0.11681305590795464,0.13007153602955174
0.14,0.29000000000000004,0.57,16/18,0.11499197511608736,0.1629975914889375,0.11499197511608736,0.1259436601601029
0.14,0.28,0.58,16/18,0.11317089432422005,0.16285168458685084,0.11317089432422005,0.12181578429065396
0.14,0.27,0.59,16/18,0.11134981353235274,0.16270577768476416,0.11134981353235274,0.11768790842120505
0.14,0.26,0.6,16/18,0.10952873274048543,0.16255987078267747,0.10952873274048543,0.11356003255175615
0.14,0.25,0.61,16/18,0.10770765194861812,0.16241396388059082,0.10770765194861812,0.10943215668230724
0.14,0.24,0.62,18/22,0.10530428081285834,0.16226805697850413,0.10588657115675082,0.10530428081285834
0.14,0.22999999999999998,0.63,18/22,0.10117640494340943,0.16212215007641745,0.1040654903648835,0.10117640494340943
0.14,0.21999999999999997,0.64,18/22,0.09704852907396053,0.16197624317433076,0.1022444095730162,0.09704852907396053
0.14,0.20999999999999996,0.65,18/22,0.09292065320451161,0.16183033627224408,0.10042332878114887,0.09292065320451161
0.14,0.19999999999999996,0.66,18/22,0.0887927773350627,0.16168442937015742,0.09860224798928158,0.0887927773350627
0.14,0.18999999999999995,0.67,18/22,0.0846649014656138,0.16153852246807074,0.09678116719741427,0.0846649014656138
0.14,0.17999999999999994,0.68,18/22,0.0805370255961649,0.16139261556598405,0.09496008640554696,0.0805370255961649
0.14,0.17000000000000004,0.69,18/22,0.07640914972671603,0.1612467086638974,0.09313900561367966,0.07640914972671603
0.14,0.16000000000000003,0.7,18/22,0.07228127385726713,0.1611008017618107,0.09131792482181236,0.07228127385726713
0.14,0.15000000000000002,0.71,18/22,0.06815339798781822,0.16095489485972403,0.08949684402994504,0.06815339798781822
0.14,0.14,0.72,18/22,0.06402552211836932,0.16080898795763737,0.08767576323807774,0.06402552211836932
0.14,0.13,0.73,18/22,0.05989764624892041,0.1606630810555507,0.08585468244621042,0.05989764624892041
0.14,0.12,0.74,18/22,0.055769770379471506,0.160517174153464,0.08403360165434312,0.055769770379471506
0.14,0.10999999999999999,0.75,18/22,0.0516418945100226,0.16037126725137735,0.0822125208624758,0.0516418945100226
0.14,0.09999999999999998,0.76,18/22,0.04751401864057369,0.16022536034929066,0.0803914400706085,0.04751401864057369
0.14,0.08999999999999997,0.77,18/22,0.043386142771124785,0.16007945344720398,0.07857035927874118,0.043386142771124785
0.14,0.07999999999999996,0.78,18/22,0.03925826690167588,0.1599335465451173,0.07674927848687388,0.03925826690167588
0.14,0.06999999999999995,0.79,18/22,0.03513039103222697,0.1597876396430306,0.07492819769500657,0.03513039103222697
0.14,0.05999999999999994,0.8,18/22,0.03100251516277806,0.15964173274094395,0.07310711690313926,0.03100251516277806
0.14,0.04999999999999993,0.81,18/22,0.026874639293329155,0.15949582583885727,0.07128603611127195,0.026874639293329155
0.14,0.040000000000000036,0.82,18/22,0.02274676342388029,0.15934991893677058,0.06946495531940466,0.02274676342388029
0.14,0.030000000000000027,0.83,18/22,0.018618887554431387,0.15920401203468393,0.06764387452753734,0.018618887554431387
0.14,0.020000000000000018,0.84,18/22,0.014491011684982479,0.15905810513259724,0.06582279373567004,0.014491011684982479
0.14,0.010000000000000009,0.85,18/22,0.010363135815533574,0.15891219823051056,0.06400171294380273,0.010363135815533574
0.14,0.0,0.86,18/22,0.006235259946084666,0.15876629132842388,0.062180632151935415,0.006235259946084666
0.15,0.85,0.0,15/18,0.17036597024353597,0.17036597024353597,0.21712825890008056,0.357550084559676
0.15,0.84,0.01,15/18,0.1702200633414493,0.1702200633414493,0.21530717810821323,0.3534222086902271
0.15,0.83,0.02,15/18,0.17007415643936263,0.17007415643936263,0.21348609731634594,0.3492943328207782
0.15,0.82,0.03,15/18,0.16992824953727592,0.16992824953727592,0.2116650165244786,0.3451664569513293
0.15,0.8099999999999999,0.04,15/18,0.16978234263518924,0.16978234263518924,0.20984393573261131,0.3410385810818804
0.15,0.7999999999999999,0.05,15/18,0.16963643573310258,0.16963643573310258,0.208022854940744,0.3369107052124315
0.15,0.79,0.06,15/18,0.16949052883101592,0.16949052883101592,0.2062017741488767,0.33278282934298264
0.15,0.78,0.07,15/18,0.16934462192892924,0.16934462192892924,0.2043806933570094,0.32865495347353374
0.15,0.77,0.08,15/18,0.16919871502684256,0.16919871502684256,0.2025596125651421,0.32452707760408483
0.15,0.76,0.09,15/18,0.1690528081247559,0.1690528081247559,0.2007385317732748,0.32039920173463593
0.15,0.75,0.1,15/18,0.16890690122266921,0.16890690122266921,0.19891745098140748,0.316271325865187
0.15,0.74,0.11,15/18,0.1687609943205825,0.1687609943205825,0.19709637018954015,0.3121434499957381
0.15,0.73,0.12,15/18,0.16861508741849585,0.16861508741849585,0.19527528939767286,0.3080155741262892
0.15,0.72,0.13,15/18,0.16846918051640916,0.16846918051640916,0.19345420860580553,0.3038876982568403
0.15,0.71,0.14,15/18,0.1683232736143225,0.1683232736143225,0.19163312781393824,0.2997598223873914
0.15,0.7,0.15,15/18,0.1681773667122358,0.1681773667122358,0.1898120470220709,0.2956319465179425
0.15,0.69,0.16,15/18,0.16803145981014914,0.16803145981014914,0.1879909662302036,0.2915040706484936
0.15,0.6799999999999999,0.17,15/18,0.16788555290806245,0.16788555290806245,0.18616988543833632,0.28737619477904464
0.15,0.6699999999999999,0.18,15/18,0.16773964600597577,0.16773964600597577,0.184348804646469,0.28324831890959573
0.15,0.6599999999999999,0.19,15/18,0.16759373910388908,0.16759373910388908,0.1825277238546017,0.2791204430401468
0.15,0.6499999999999999,0.2,15/18,0.1674478322018024,0.1674478322018024,0.18070664306273437,0.2749925671706979
0.15,0.64,0.21,15/18,0.16730192529971577,0.16730192529971577,0.17888556227086708,0.27086469130124907
0.15,0.63,0.22,15/18,0.16715601839762909,0.16715601839762909,0.17706448147899978,0.26673681543180017
0.15,0.62,0.23,15/18,0.1670101114955424,0.1670101114955424,0.17524340068713246,0.26260893956235126
0.15,0.61,0.24,15/18,0.16686420459345572,0.16686420459345572,0.17342231989526516,0.25848106369290236
0.15,0.6,0.25,15/18,0.16671829769136903,0.16671829769136903,0.17160123910339783,0.25435318782345345
0.15,0.59,0.26,15/18,0.16657239078928235,0.16657239078928235,0.16978015831153054,0.25022531195400455
0.15,0.58,0.27,15/18,0.1664264838871957,0.1664264838871957,0.16795907751966324,0.24609743608455564
0.15,0.57,0.28,16/18,0.16613799672779592,0.166280576985109,0.16613799672779592,0.24196956021510674
0.15,0.56,0.29,16/18,0.16431691593592862,0.16613467008302235,0.16431691593592862,0.23784168434565786
0.15,0.55,0.3,16/18,0.16249583514406132,0.16598876318093567,0.16249583514406132,0.23371380847620896
0.15,0.54,0.31,16/18,0.160674754352194,0.16584285627884898,0.160674754352194,0.22958593260676005
0.15,0.53,0.32,16/18,0.1588536735603267,0.1656969493767623,0.1588536735603267,0.22545805673731115
0.15,0.52,0.33,16/18,0.15703259276845938,0.16555104247467564,0.15703259276845938,0.22133018086786224
0.15,0.51,0.34,16/18,0.1552115119765921,0.16540513557258896,0.1552115119765921,0.21720230499841334
0.15,0.5,0.35,16/18,0.15339043118472478,0.16525922867050227,0.15339043118472478,0.21307442912896443
0.15,0.49,0.36,16/18,0.15156935039285746,0.1651133217684156,0.15156935039285746,0.20894655325951553
0.15,0.48,0.37,16/18,0.14974826960099016,0.16496741486632893,0.14974826960099016,0.20481867739006662
0.15,0.47,0.38,16/18,0.14792718880912284,0.16482150796424225,0.14792718880912284,0.20069080152061772
0.15,0.45999999999999996,0.39,16/18,0.14610610801725554,0.16467560106215556,0.14610610801725554,0.1965629256511688
0.15,0.44999999999999996,0.4,16/18,0.14428502722538822,0.1645296941600689,0.14428502722538822,0.1924350497817199
0.15,0.44,0.41,16/18,0.14246394643352092,0.1643837872579822,0.14246394643352092,0.188307173912271
0.15,0.43,0.42,16/18,0.14064286564165362,0.16423788035589554,0.14064286564165362,0.1841792980428221
0.15,0.42,0.43,16/18,0.1388217848497863,0.16409197345380885,0.1388217848497863,0.1800514221733732
0.15,0.41,0.44,16/18,0.137000704057919,0.16394606655172217,0.137000704057919,0.1759235463039243
0.15,0.39999999999999997,0.45,16/18,0.13517962326605168,0.1638001596496355,0.13517962326605168,0.17179567043447538
0.15,0.38999999999999996,0.46,16/18,0.13335854247418438,0.16365425274754883,0.13335854247418438,0.16766779456502648
0.15,0.38,0.47,16/18,0.1315374616823171,0.16350834584546214,0.1315374616823171,0.1635399186955776
0.15,0.37,0.48,16/18,0.12971638089044976,0.1633624389433755,0.12971638089044976,0.1594120428261287
0.15,0.36,0.49,16/18,0.12789530009858247,0.16321653204128878,0.12789530009858247,0.1552841669566798
0.15,0.35,0.5,16/18,0.12607421930671514,0.16307062513920212,0.12607421930671514,0.1511562910872309
0.15,0.33999999999999997,0.51,16/18,0.12425313851484784,0.16292471823711546,0.12425313851484784,0.14702841521778195
0.15,0.32999999999999996,0.52,16/18,0.12243205772298053,0.16277881133502875,0.12243205772298053,0.14290053934833305
0.15,0.31999999999999995,0.53,16/18,0.12061097693111322,0.1626329044329421,0.12061097693111322,0.13877266347888415
0.15,0.30999999999999994,0.54,16/18,0.1187898961392459,0.16248699753085544,0.1187898961392459,0.13464478760943524
0.15,0.29999999999999993,0.55,16/18,0.11696881534737859,0.16234109062876872,0.11696881534737859,0.13051691173998634
0.15,0.2899999999999999,0.56,16/18,0.11514773455551129,0.16219518372668207,0.11514773455551129,0.12638903587053743
0.15,0.28,0.57,16/18,0.11332665376364401,0.16204927682459538,0.11332665376364401,0.12226116000108858
0.15,0.27,0.58,16/18,0.11150557297177668,0.1619033699225087,0.11150557297177668,0.11813328413163968
0.15,0.26,0.59,16/18,0.10968449217990937,0.16175746302042204,0.10968449217990937,0.11400540826219077
0.15,0.25,0.6,16/18,0.10786341138804208,0.16161155611833536,0.10786341138804208,0.10987753239274187
0.15,0.24,0.61,18/22,0.10574965652329296,0.16146564921624867,0.10604233059617477,0.10574965652329296
0.15,0.22999999999999998,0.62,18/22,0.10162178065384406,0.16131974231416202,0.10422124980430744,0.10162178065384406
0.15,0.21999999999999997,0.63,18/22,0.09749390478439515,0.16117383541207533,0.10240016901244015,0.09749390478439515
0.15,0.20999999999999996,0.64,18/22,0.09336602891494623,0.16102792850998865,0.10057908822057285,0.09336602891494623
0.15,0.19999999999999996,0.65,18/22,0.08923815304549733,0.16088202160790196,0.09875800742870552,0.08923815304549733
0.15,0.18999999999999995,0.66,18/22,0.08511027717604842,0.1607361147058153,0.09693692663683823,0.08511027717604842
0.15,0.17999999999999994,0.67,18/22,0.08098240130659952,0.16059020780372862,0.0951158458449709,0.08098240130659952
0.15,0.16999999999999993,0.68,18/22,0.07685452543715061,0.16044430090164194,0.0932947650531036,0.07685452543715061
0.15,0.16000000000000003,0.69,18/22,0.07272664956770175,0.16029839399955526,0.09147368426123631,0.07272664956770175
0.15,0.15000000000000002,0.7,18/22,0.06859877369825285,0.1601524870974686,0.089652603469369,0.06859877369825285
0.15,0.14,0.71,18/22,0.06447089782880393,0.16000658019538191,0.08783152267750169,0.06447089782880393
0.15,0.13,0.72,18/22,0.06034302195935503,0.15986067329329523,0.08601044188563438,0.06034302195935503
0.15,0.12,0.73,18/22,0.056215146089906125,0.15971476639120857,0.08418936109376707,0.056215146089906125
0.15,0.10999999999999999,0.74,18/22,0.05208727022045722,0.1595688594891219,0.08236828030189976,0.05208727022045722
0.15,0.09999999999999998,0.75,18/22,0.04795939435100831,0.1594229525870352,0.08054719951003245,0.04795939435100831
0.15,0.08999999999999997,0.76,18/22,0.0438315184815594,0.15927704568494855,0.07872611871816515,0.0438315184815594
0.15,0.07999999999999996,0.77,18/22,0.0397036426121105,0.15913113878286186,0.07690503792629783,0.0397036426121105
0.15,0.06999999999999995,0.78,18/22,0.03557576674266159,0.15898523188077518,0.07508395713443053,0.03557576674266159
0.15,0.05999999999999994,0.79,18/22,0.03144789087321268,0.1588393249786885,0.0732628763425632,0.03144789087321268
0.15,0.04999999999999993,0.8,18/22,0.027320015003763774,0.1586934180766018,0.07144179555069591,0.027320015003763774
0.15,0.039999999999999925,0.81,18/22,0.023192139134314865,0.15854751117451515,0.06962071475882858,0.023192139134314865
0.15,0.030000000000000027,0.82,18/22,0.019064263264866006,0.15840160427242847,0.0677996339669613,0.019064263264866006
0.15,0.020000000000000018,0.83,18/22,0.014936387395417097,0.1582556973703418,0.06597855317509399,0.014936387395417097
0.15,0.010000000000000009,0.84,18/22,0.010808511525968192,0.15810979046825513,0.06415747238322668,0.010808511525968192
0.15,0.0,0.85,18/22,0.006680635656519285,0.15796388356616844,0.062336391591359376,0.006680635656519285
0.16,0.84,0.0,15/18,0.16941765557919383,0.16941765557919383,0.2154629375476372,0.35386758440066174
0.16,0.83,0.01,15/18,0.16927174867710718,0.16927174867710718,0.21364185675576988,0.34973970853121283
0.16,0.82,0.02,15/18,0.1691258417750205,0.1691258417750205,0.21182077596390259,0.34561183266176393
0.16,0.8099999999999999,0.03,15/18,0.16897993487293378,0.16897993487293378,0.20999969517203526,0.341483956792315
0.16,0.7999999999999999,0.04,15/18,0.16883402797084712,0.16883402797084712,0.20817861438016796,0.3373560809228661
0.16,0.7899999999999999,0.05,15/18,0.16868812106876044,0.16868812106876044,0.20635753358830064,0.3332282050534172
0.16,0.78,0.06,15/18,0.1685422141666738,0.1685422141666738,0.20453645279643334,0.32910032918396837
0.16,0.77,0.07,15/18,0.1683963072645871,0.1683963072645871,0.20271537200456607,0.32497245331451946
0.16,0.76,0.08,15/18,0.16825040036250044,0.16825040036250044,0.20089429121269875,0.32084457744507056
0.16,0.75,0.09,15/18,0.16810449346041376,0.16810449346041376,0.19907321042083145,0.31671670157562165
0.16,0.74,0.1,15/18,0.16795858655832707,0.16795858655832707,0.19725212962896413,0.31258882570617275
0.16,0.73,0.11,15/18,0.1678126796562404,0.1678126796562404,0.1954310488370968,0.30846094983672384
0.16,0.72,0.12,15/18,0.1676667727541537,0.1676667727541537,0.1936099680452295,0.30433307396727494
0.16,0.71,0.13,15/18,0.16752086585206705,0.16752086585206705,0.19178888725336218,0.30020519809782603
0.16,0.7,0.14,15/18,0.16737495894998036,0.16737495894998036,0.1899678064614949,0.2960773222283771
0.16,0.69,0.15,15/18,0.16722905204789368,0.16722905204789368,0.18814672566962756,0.2919494463589282
0.16,0.6799999999999999,0.16,15/18,0.167083145145807,0.167083145145807,0.18632564487776027,0.28782157048947926
0.16,0.6699999999999999,0.17,15/18,0.16693723824372034,0.16693723824372034,0.18450456408589297,0.28369369462003036
0.16,0.6599999999999999,0.18,15/18,0.16679133134163365,0.16679133134163365,0.18268348329402564,0.27956581875058145
0.16,0.6499999999999999,0.19,15/18,0.166645424439547,0.166645424439547,0.18086240250215835,0.27543794288113255
0.16,0.6399999999999999,0.2,15/18,0.16649951753746028,0.16649951753746028,0.17904132171029102,0.27131006701168364
0.16,0.63,0.21,15/18,0.16635361063537366,0.16635361063537366,0.17722024091842373,0.2671821911422348
0.16,0.62,0.22,15/18,0.16620770373328697,0.16620770373328697,0.17539916012655643,0.2630543152727859
0.16,0.61,0.23,15/18,0.16606179683120026,0.16606179683120026,0.1735780793346891,0.258926439403337
0.16,0.6,0.24,15/18,0.1659158899291136,0.1659158899291136,0.1717569985428218,0.2547985635338881
0.16,0.59,0.25,15/18,0.16576998302702692,0.16576998302702692,0.1699359177509545,0.2506706876644392
0.16,0.58,0.26,15/18,0.16562407612494023,0.16562407612494023,0.1681148369590872,0.24654281179499027
0.16,0.57,0.27,15/18,0.16547816922285358,0.16547816922285358,0.1662937561672199,0.24241493592554136
0.16,0.5599999999999999,0.28,16/18,0.16447267537535257,0.1653322623207669,0.16447267537535257,0.23828706005609246
0.16,0.55,0.29,16/18,0.16265159458348527,0.1651863554186802,0.16265159458348527,0.23415918418664358
0.16,0.54,0.3,16/18,0.16083051379161797,0.16504044851659355,0.16083051379161797,0.23003130831719468
0.16,0.53,0.31,16/18,0.15900943299975065,0.16489454161450687,0.15900943299975065,0.22590343244774577
0.16,0.52,0.32,16/18,0.15718835220788335,0.16474863471242018,0.15718835220788335,0.22177555657829687
0.16,0.51,0.33,16/18,0.15536727141601603,0.16460272781033353,0.15536727141601603,0.21764768070884796
0.16,0.49999999999999994,0.34,16/18,0.15354619062414873,0.16445682090824681,0.15354619062414873,0.21351980483939903
0.16,0.49,0.35,16/18,0.1517251098322814,0.16431091400616016,0.1517251098322814,0.20939192896995015
0.16,0.48,0.36,16/18,0.14990402904041408,0.16416500710407347,0.14990402904041408,0.20526405310050125
0.16,0.47,0.37,16/18,0.14808294824854681,0.1640191002019868,0.14808294824854681,0.20113617723105234
0.16,0.45999999999999996,0.38,16/18,0.1462618674566795,0.16387319329990013,0.1462618674566795,0.19700830136160344
0.16,0.44999999999999996,0.39,16/18,0.1444407866648122,0.16372728639781345,0.1444407866648122,0.19288042549215453
0.16,0.43999999999999995,0.4,16/18,0.14261970587294487,0.16358137949572676,0.14261970587294487,0.18875254962270563
0.16,0.43,0.41,16/18,0.14079862508107757,0.1634354725936401,0.14079862508107757,0.18462467375325672
0.16,0.42,0.42,16/18,0.13897754428921028,0.16328956569155342,0.13897754428921028,0.18049679788380782
0.16,0.41,0.43,16/18,0.13715646349734295,0.16314365878946674,0.13715646349734295,0.17636892201435891
0.16,0.39999999999999997,0.44,16/18,0.13533538270547565,0.16299775188738008,0.13533538270547565,0.17224104614491
0.16,0.38999999999999996,0.45,16/18,0.13351430191360833,0.1628518449852934,0.13351430191360833,0.1681131702754611
0.16,0.37999999999999995,0.46,16/18,0.13169322112174103,0.1627059380832067,0.13169322112174103,0.1639852944060122
0.16,0.37,0.47,16/18,0.12987214032987374,0.16256003118112003,0.12987214032987374,0.15985741853656332
0.16,0.36,0.48,16/18,0.1280510595380064,0.16241412427903335,0.1280510595380064,0.15572954266711442
0.16,0.35,0.49,16/18,0.12622997874613912,0.1622682173769467,0.12622997874613912,0.1516016667976655
0.16,0.33999999999999997,0.5,16/18,0.1244088979542718,0.16212231047486,0.1244088979542718,0.14747379092821658
0.16,0.32999999999999996,0.51,16/18,0.1225878171624045,0.16197640357277332,0.1225878171624045,0.14334591505876768
0.16,0.31999999999999995,0.52,16/18,0.12076673637053718,0.16183049667068666,0.12076673637053718,0.13921803918931877
0.16,0.30999999999999994,0.53,16/18,0.11894565557866987,0.16168458976859998,0.11894565557866987,0.13509016331986987
0.16,0.29999999999999993,0.54,16/18,0.11712457478680255,0.1615386828665133,0.11712457478680255,0.13096228745042096
0.16,0.2899999999999999,0.55,16/18,0.11530349399493525,0.16139277596442664,0.11530349399493525,0.12683441158097206
0.16,0.2799999999999999,0.56,16/18,0.11348241320306794,0.16124686906233995,0.11348241320306794,0.12270653571152315
0.16,0.27,0.57,16/18,0.11166133241120066,0.16110096216025327,0.11166133241120066,0.11857865984207429
0.16,0.26,0.58,16/18,0.10984025161933333,0.1609550552581666,0.10984025161933333,0.11445078397262538
0.16,0.25,0.59,16/18,0.10801917082746602,0.1608091483560799,0.10801917082746602,0.11032290810317648
0.16,0.24,0.6,18/22,0.10619503223372757,0.16066324145399324,0.10619809003559871,0.10619503223372757
0.16,0.22999999999999998,0.61,18/22,0.10206715636427867,0.1605173345519066,0.10437700924373142,0.10206715636427867
0.16,0.21999999999999997,0.62,18/22,0.09793928049482976,0.16037142764981988,0.10255592845186409,0.09793928049482976
0.16,0.20999999999999996,0.63,18/22,0.09381140462538085,0.16022552074773322,0.1007348476599968,0.09381140462538085
0.16,0.19999999999999996,0.64,18/22,0.08968352875593194,0.16007961384564653,0.09891376686812947,0.08968352875593194
0.16,0.18999999999999995,0.65,18/22,0.08555565288648304,0.15993370694355985,0.09709268607626217,0.08555565288648304
0.16,0.17999999999999994,0.66,18/22,0.08142777701703413,0.1597878000414732,0.09527160528439486,0.08142777701703413
0.16,0.16999999999999993,0.67,18/22,0.07729990114758523,0.1596418931393865,0.09345052449252755,0.07729990114758523
0.16,0.15999999999999992,0.68,18/22,0.07317202527813632,0.15949598623729982,0.09162944370066023,0.07317202527813632
0.16,0.15000000000000002,0.69,18/22,0.06904414940868746,0.15935007933521317,0.08980836290879295,0.06904414940868746
0.16,0.14,0.7,18/22,0.06491627353923855,0.15920417243312648,0.08798728211692565,0.06491627353923855
0.16,0.13,0.71,18/22,0.06078839766978965,0.1590582655310398,0.08616620132505834,0.06078839766978965
0.16,0.12,0.72,18/22,0.056660521800340743,0.15891235862895312,0.08434512053319101,0.056660521800340743
0.16,0.10999999999999999,0.73,18/22,0.05253264593089184,0.15876645172686646,0.08252403974132372,0.05253264593089184
0.16,0.09999999999999998,0.74,18/22,0.04840477006144293,0.15862054482477977,0.0807029589494564,0.04840477006144293
0.16,0.08999999999999997,0.75,18/22,0.04427689419199402,0.1584746379226931,0.0788818781575891,0.04427689419199402
0.16,0.07999999999999996,0.76,18/22,0.04014901832254512,0.15832873102060643,0.07706079736572179,0.04014901832254512
0.16,0.06999999999999995,0.77,18/22,0.036021142453096205,0.15818282411851975,0.07523971657385448,0.036021142453096205
0.16,0.05999999999999994,0.78,18/22,0.0318932665836473,0.15803691721643304,0.07341863578198717,0.0318932665836473
0.16,0.04999999999999993,0.79,18/22,0.027765390714198392,0.15789101031434638,0.07159755499011985,0.027765390714198392
0.16,0.039999999999999925,0.8,18/22,0.023637514844749484,0.15774510341225972,0.06977647419825254,0.023637514844749484
0.16,0.029999999999999916,0.81,18/22,0.01950963897530058,0.15759919651017304,0.06795539340638523,0.01950963897530058
0.16,0.020000000000000018,0.82,18/22,0.015381763105851716,0.15745328960808636,0.06613431261451795,0.015381763105851716
0.16,0.010000000000000009,0.83,18/22,0.011253887236402811,0.1573073827059997,0.06431323182265064,0.011253887236402811
0.16,0.0,0.84,18/22,0.007126011366953904,0.15716147580391301,0.06249215103078333,0.007126011366953904
0.17,0.83,0.0,15/18,0.16846934091485172,0.16846934091485172,0.21379761619519386,0.35018508424164746
0.17,0.82,0.01,15/18,0.16832343401276503,0.16832343401276503,0.21197653540332653,0.34605720837219855
0.17,0.8099999999999999,0.02,15/18,0.16817752711067835,0.16817752711067835,0.21015545461145924,0.34192933250274965
0.17,0.7999999999999999,0.03,15/18,0.1680316202085917,0.1680316202085917,0.2083343738195919,0.33780145663330075
0.17,0.7899999999999999,0.04,15/18,0.167885713306505,0.167885713306505,0.20651329302772461,0.33367358076385184
0.17,0.7799999999999999,0.05,15/18,0.16773980640441832,0.16773980640441832,0.2046922122358573,0.32954570489440294
0.17,0.77,0.06,15/18,0.1675938995023317,0.1675938995023317,0.20287113144399002,0.3254178290249541
0.17,0.76,0.07,15/18,0.16744799260024498,0.16744799260024498,0.20105005065212272,0.3212899531555052
0.17,0.75,0.08,15/18,0.1673020856981583,0.1673020856981583,0.1992289698602554,0.3171620772860563
0.17,0.74,0.09,15/18,0.16715617879607161,0.16715617879607161,0.1974078890683881,0.31303420141660737
0.17,0.73,0.1,15/18,0.16701027189398499,0.16701027189398499,0.19558680827652078,0.30890632554715847
0.17,0.72,0.11,15/18,0.16686436499189827,0.16686436499189827,0.19376572748465345,0.30477844967770956
0.17,0.71,0.12,15/18,0.1667184580898116,0.1667184580898116,0.19194464669278616,0.30065057380826066
0.17,0.7,0.13,15/18,0.1665725511877249,0.1665725511877249,0.19012356590091883,0.29652269793881175
0.17,0.69,0.14,15/18,0.16642664428563828,0.16642664428563828,0.18830248510905154,0.29239482206936285
0.17,0.6799999999999999,0.15,15/18,0.16628073738355156,0.16628073738355156,0.18648140431718424,0.2882669461999139
0.17,0.6699999999999999,0.16,15/18,0.16613483048146488,0.16613483048146488,0.18466032352531692,0.284139070330465
0.17,0.6599999999999999,0.17,15/18,0.1659889235793782,0.1659889235793782,0.18283924273344962,0.2800111944610161
0.17,0.6499999999999999,0.18,15/18,0.16584301667729154,0.16584301667729154,0.1810181619415823,0.2758833185915672
0.17,0.6399999999999999,0.19,15/18,0.16569710977520485,0.16569710977520485,0.179197081149715,0.27175544272211827
0.17,0.6299999999999999,0.2,15/18,0.16555120287311817,0.16555120287311817,0.17737600035784767,0.26762756685266936
0.17,0.62,0.21,15/18,0.1654052959710315,0.1654052959710315,0.17555491956598038,0.2634996909832205
0.17,0.61,0.22,15/18,0.16525938906894486,0.16525938906894486,0.17373383877411308,0.2593718151137716
0.17,0.6,0.23,15/18,0.16511348216685817,0.16511348216685817,0.17191275798224576,0.2552439392443227
0.17,0.59,0.24,15/18,0.1649675752647715,0.1649675752647715,0.1700916771903785,0.2511160633748738
0.17,0.58,0.25,15/18,0.1648216683626848,0.1648216683626848,0.16827059639851116,0.2469881875054249
0.17,0.57,0.26,15/18,0.16467576146059812,0.16467576146059812,0.16644951560664384,0.242860311635976
0.17,0.5599999999999999,0.27,15/18,0.16452985455851146,0.16452985455851146,0.16462843481477654,0.23873243576652708
0.17,0.5499999999999999,0.28,16/18,0.16280735402290922,0.16438394765642478,0.16280735402290922,0.23460455989707818
0.17,0.54,0.29,16/18,0.16098627323104192,0.16423804075433812,0.16098627323104192,0.2304766840276293
0.17,0.53,0.3,16/18,0.15916519243917462,0.16409213385225144,0.15916519243917462,0.2263488081581804
0.17,0.52,0.31,16/18,0.1573441116473073,0.16394622695016475,0.1573441116473073,0.2222209322887315
0.17,0.51,0.32,16/18,0.15552303085544,0.16380032004807807,0.15552303085544,0.2180930564192826
0.17,0.49999999999999994,0.33,16/18,0.15370195006357268,0.16365441314599138,0.15370195006357268,0.21396518054983366
0.17,0.48999999999999994,0.34,16/18,0.15188086927170538,0.16350850624390473,0.15188086927170538,0.20983730468038475
0.17,0.48,0.35,16/18,0.15005978847983806,0.16336259934181804,0.15005978847983806,0.20570942881093587
0.17,0.47,0.36,16/18,0.14823870768797076,0.16321669243973136,0.14823870768797076,0.20158155294148697
0.17,0.45999999999999996,0.37,16/18,0.14641762689610344,0.1630707855376447,0.14641762689610344,0.19745367707203806
0.17,0.44999999999999996,0.38,16/18,0.14459654610423614,0.16292487863555802,0.14459654610423614,0.19332580120258916
0.17,0.43999999999999995,0.39,16/18,0.14277546531236882,0.16277897173347133,0.14277546531236882,0.18919792533314025
0.17,0.42999999999999994,0.4,16/18,0.14095438452050152,0.16263306483138465,0.14095438452050152,0.18507004946369132
0.17,0.42,0.41,16/18,0.13913330372863422,0.16248715792929797,0.13913330372863422,0.18094217359424244
0.17,0.41,0.42,16/18,0.1373122229367669,0.1623412510272113,0.1373122229367669,0.17681429772479354
0.17,0.39999999999999997,0.43,16/18,0.1354911421448996,0.16219534412512462,0.1354911421448996,0.17268642185534464
0.17,0.38999999999999996,0.44,16/18,0.13367006135303228,0.16204943722303794,0.13367006135303228,0.16855854598589573
0.17,0.37999999999999995,0.45,16/18,0.13184898056116498,0.16190353032095128,0.13184898056116498,0.16443067011644683
0.17,0.36999999999999994,0.46,16/18,0.13002789976929768,0.1617576234188646,0.13002789976929768,0.16030279424699792
0.17,0.36,0.47,16/18,0.12820681897743036,0.16161171651677791,0.12820681897743036,0.15617491837754904
0.17,0.35,0.48,16/18,0.12638573818556306,0.16146580961469126,0.12638573818556306,0.15204704250810014
0.17,0.33999999999999997,0.49,16/18,0.12456465739369575,0.16131990271260455,0.12456465739369575,0.1479191666386512
0.17,0.32999999999999996,0.5,16/18,0.12274357660182844,0.1611739958105179,0.12274357660182844,0.1437912907692023
0.17,0.31999999999999995,0.51,16/18,0.12092249580996113,0.16102808890843123,0.12092249580996113,0.1396634148997534
0.17,0.30999999999999994,0.52,16/18,0.11910141501809382,0.16088218200634452,0.11910141501809382,0.1355355390303045
0.17,0.29999999999999993,0.53,16/18,0.1172803342262265,0.16073627510425786,0.1172803342262265,0.1314076631608556
0.17,0.2899999999999999,0.54,16/18,0.1154592534343592,0.1605903682021712,0.1154592534343592,0.12727978729140668
0.17,0.2799999999999999,0.55,16/18,0.11363817264249189,0.1604444613000845,0.11363817264249189,0.12315191142195778
0.17,0.2699999999999999,0.56,16/18,0.11181709185062458,0.16029855439799784,0.11181709185062458,0.11902403555250887
0.17,0.26,0.57,16/18,0.10999601105875728,0.16015264749591115,0.10999601105875728,0.11489615968306001
0.17,0.25,0.58,16/18,0.10817493026688998,0.16000674059382447,0.10817493026688998,0.1107682838136111
0.17,0.24,0.59,16/18,0.10635384947502267,0.1598608336917378,0.10635384947502267,0.1066404079441622
0.17,0.22999999999999998,0.6,18/22,0.1025125320747133,0.15971492678965113,0.10453276868315536,0.1025125320747133
0.17,0.21999999999999997,0.61,18/22,0.09838465620526439,0.15956901988756444,0.10271168789128804,0.09838465620526439
0.17,0.20999999999999996,0.62,18/22,0.09425678033581547,0.15942311298547776,0.10089060709942074,0.09425678033581547
0.17,0.19999999999999996,0.63,18/22,0.09012890446636657,0.1592772060833911,0.09906952630755343,0.09012890446636657
0.17,0.18999999999999995,0.64,18/22,0.08600102859691766,0.15913129918130442,0.09724844551568612,0.08600102859691766
0.17,0.17999999999999994,0.65,18/22,0.08187315272746876,0.15898539227921774,0.09542736472381881,0.08187315272746876
0.17,0.16999999999999993,0.66,18/22,0.07774527685801985,0.15883948537713108,0.0936062839319515,0.07774527685801985
0.17,0.15999999999999992,0.67,18/22,0.07361740098857095,0.1586935784750444,0.0917852031400842,0.07361740098857095
0.17,0.1499999999999999,0.68,18/22,0.06948952511912203,0.1585476715729577,0.08996412234821688,0.06948952511912203
0.17,0.14,0.69,18/22,0.06536164924967316,0.15840176467087103,0.0881430415563496,0.06536164924967316
0.17,0.13,0.7,18/22,0.06123377338022427,0.15825585776878437,0.08632196076448229,0.06123377338022427
0.17,0.12,0.71,18/22,0.05710589751077536,0.15810995086669768,0.08450087997261498,0.05710589751077536
0.17,0.10999999999999999,0.72,18/22,0.05297802164132646,0.157964043964611,0.08267979918074767,0.05297802164132646
0.17,0.09999999999999998,0.73,18/22,0.048850145771877546,0.15781813706252434,0.08085871838888037,0.048850145771877546
0.17,0.08999999999999997,0.74,18/22,0.04472226990242864,0.15767223016043763,0.07903763759701304,0.04472226990242864
0.17,0.07999999999999996,0.75,18/22,0.040594394032979736,0.15752632325835098,0.07721655680514575,0.040594394032979736
0.17,0.06999999999999995,0.76,18/22,0.036466518163530824,0.15738041635626432,0.07539547601327842,0.036466518163530824
0.17,0.05999999999999994,0.77,18/22,0.03233864229408192,0.15723450945417763,0.07357439522141113,0.03233864229408192
0.17,0.04999999999999993,0.78,18/22,0.028210766424633014,0.15708860255209095,0.0717533144295438,0.028210766424633014
0.17,0.039999999999999925,0.79,18/22,0.024082890555184103,0.15694269565000427,0.0699322336376765,0.024082890555184103
0.17,0.029999999999999916,0.8,18/22,0.019955014685735198,0.15679678874791758,0.06811115284580918,0.019955014685735198
0.17,0.019999999999999907,0.81,18/22,0.015827138816286293,0.15665088184583092,0.06629007205394188,0.015827138816286293
0.17,0.010000000000000009,0.82,18/22,0.01169926294683743,0.15650497494374424,0.06446899126207459,0.01169926294683743
0.17,0.0,0.83,18/22,0.007571387077388523,0.15635906804165756,0.06264791047020728,0.007571387077388523
0.18,0.8200000000000001,0.0,15/18,0.16752102625050963,0.16752102625050963,0.2121322948427505,0.34650258408263324
0.18,0.81,0.01,15/18,0.16737511934842295,0.16737511934842295,0.21031121405088318,0.34237470821318433
0.18,0.8,0.02,15/18,0.1672292124463363,0.1672292124463363,0.2084901332590159,0.3382468323437354
0.18,0.79,0.03,15/18,0.16708330554424958,0.16708330554424958,0.20666905246714856,0.3341189564742865
0.18,0.78,0.04,15/18,0.16693739864216292,0.16693739864216292,0.20484797167528127,0.3299910806048376
0.18,0.77,0.05,15/18,0.16679149174007624,0.16679149174007624,0.20302689088341397,0.3258632047353887
0.18,0.76,0.06,15/18,0.16664558483798958,0.16664558483798958,0.20120581009154664,0.3217353288659398
0.18,0.75,0.07,15/18,0.16649967793590287,0.16649967793590287,0.19938472929967935,0.3176074529964909
0.18,0.7400000000000001,0.08,15/18,0.1663537710338162,0.1663537710338162,0.19756364850781205,0.31347957712704205
0.18,0.7300000000000001,0.09,15/18,0.16620786413172955,0.16620786413172955,0.19574256771594475,0.30935170125759315
0.18,0.7200000000000001,0.1,15/18,0.16606195722964287,0.16606195722964287,0.19392148692407743,0.3052238253881442
0.18,0.7100000000000001,0.11,15/18,0.16591605032755619,0.16591605032755619,0.1921004061322101,0.3010959495186953
0.18,0.7000000000000001,0.12,15/18,0.1657701434254695,0.1657701434254695,0.1902793253403428,0.2969680736492464
0.18,0.6900000000000001,0.13,15/18,0.16562423652338285,0.16562423652338285,0.18845824454847548,0.2928401977797975
0.18,0.68,0.14,15/18,0.16547832962129616,0.16547832962129616,0.18663716375660822,0.28871232191034857
0.18,0.67,0.15,15/18,0.16533242271920945,0.16533242271920945,0.1848160829647409,0.28458444604089966
0.18,0.66,0.16,15/18,0.1651865158171228,0.1651865158171228,0.18299500217287357,0.28045657017145076
0.18,0.65,0.17,15/18,0.1650406089150361,0.1650406089150361,0.18117392138100627,0.27632869430200185
0.18,0.6400000000000001,0.18,15/18,0.16489470201294945,0.16489470201294945,0.17935284058913897,0.272200818432553
0.18,0.6300000000000001,0.19,15/18,0.16474879511086277,0.16474879511086277,0.17753175979727168,0.2680729425631041
0.18,0.6200000000000001,0.2,15/18,0.16460288820877608,0.16460288820877608,0.17571067900540435,0.2639450666936552
0.18,0.6100000000000001,0.21,15/18,0.16445698130668943,0.16445698130668943,0.17388959821353703,0.2598171908242063
0.18,0.6000000000000001,0.22,15/18,0.16431107440460274,0.16431107440460274,0.17206851742166973,0.2556893149547574
0.18,0.5900000000000001,0.23,15/18,0.16416516750251609,0.16416516750251609,0.1702474366298024,0.2515614390853085
0.18,0.5800000000000001,0.24,15/18,0.1640192606004294,0.1640192606004294,0.16842635583793514,0.24743356321585958
0.18,0.5700000000000001,0.25,15/18,0.16387335369834272,0.16387335369834272,0.1666052750460678,0.24330568734641067
0.18,0.56,0.26,15/18,0.16372744679625603,0.16372744679625603,0.1647841942542005,0.23917781147696174
0.18,0.55,0.27,16/18,0.1629631134623332,0.16358153989416935,0.1629631134623332,0.23504993560751283
0.18,0.54,0.28,16/18,0.16114203267046587,0.1634356329920827,0.16114203267046587,0.23092205973806393
0.18,0.53,0.29,16/18,0.15932095187859857,0.16328972608999598,0.15932095187859857,0.22679418386861502
0.18,0.52,0.3,16/18,0.15749987108673125,0.16314381918790932,0.15749987108673125,0.22266630799916612
0.18,0.51,0.31,16/18,0.15567879029486395,0.16299791228582264,0.15567879029486395,0.21853843212971721
0.18,0.5,0.32,16/18,0.15385770950299665,0.16285200538373595,0.15385770950299665,0.2144105562602683
0.18,0.49000000000000005,0.33,16/18,0.15203662871112933,0.1627060984816493,0.15203662871112933,0.21028268039081943
0.18,0.48000000000000004,0.34,16/18,0.15021554791926203,0.16256019157956264,0.15021554791926203,0.20615480452137053
0.18,0.4700000000000001,0.35,16/18,0.14839446712739474,0.16241428467747593,0.14839446712739474,0.20202692865192162
0.18,0.4600000000000001,0.36,16/18,0.1465733863355274,0.16226837777538927,0.1465733863355274,0.19789905278247272
0.18,0.45000000000000007,0.37,16/18,0.14475230554366011,0.1621224708733026,0.14475230554366011,0.1937711769130238
0.18,0.44000000000000006,0.38,16/18,0.1429312247517928,0.1619765639712159,0.1429312247517928,0.1896433010435749
0.18,0.43000000000000005,0.39,16/18,0.14111014395992552,0.16183065706912925,0.14111014395992552,0.185515425174126
0.18,0.42000000000000004,0.4,16/18,0.1392890631680582,0.16168475016704256,0.1392890631680582,0.1813875493046771
0.18,0.4100000000000001,0.41,16/18,0.13746798237619087,0.16153884326495588,0.13746798237619087,0.17725967343522822
0.18,0.4000000000000001,0.42,16/18,0.13564690158432358,0.16139293636286922,0.13564690158432358,0.17313179756577932
0.18,0.39000000000000007,0.43,16/18,0.13382582079245625,0.1612470294607825,0.13382582079245625,0.1690039216963304
0.18,0.38000000000000006,0.44,16/18,0.13200474000058898,0.16110112255869585,0.13200474000058898,0.1648760458268815
0.18,0.37000000000000005,0.45,16/18,0.13018365920872166,0.1609552156566092,0.13018365920872166,0.1607481699574326
0.18,0.36000000000000004,0.46,16/18,0.12836257841685433,0.16080930875452248,0.12836257841685433,0.15662029408798367
0.18,0.3500000000000001,0.47,16/18,0.12654149762498704,0.16066340185243583,0.12654149762498704,0.1524924182185348
0.18,0.3400000000000001,0.48,16/18,0.12472041683311971,0.16051749495034917,0.12472041683311971,0.1483645423490859
0.18,0.33000000000000007,0.49,16/18,0.12289933604125243,0.16037158804826246,0.12289933604125243,0.14423666647963698
0.18,0.32000000000000006,0.5,16/18,0.12107825524938512,0.1602256811461758,0.12107825524938512,0.14010879061018808
0.18,0.31000000000000005,0.51,16/18,0.11925717445751781,0.16007977424408912,0.11925717445751781,0.13598091474073917
0.18,0.30000000000000004,0.52,16/18,0.1174360936656505,0.15993386734200243,0.1174360936656505,0.13185303887129027
0.18,0.29000000000000004,0.53,16/18,0.11561501287378317,0.15978796043991578,0.11561501287378317,0.12772516300184136
0.18,0.28,0.54,16/18,0.11379393208191588,0.1596420535378291,0.11379393208191588,0.12359728713239243
0.18,0.27,0.55,16/18,0.11197285129004855,0.1594961466357424,0.11197285129004855,0.11946941126294353
0.18,0.26,0.56,16/18,0.11015177049818124,0.15935023973365575,0.11015177049818124,0.11534153539349462
0.18,0.2500000000000001,0.57,16/18,0.10833068970631396,0.15920433283156904,0.10833068970631396,0.11121365952404576
0.18,0.2400000000000001,0.58,16/18,0.10650960891444665,0.15905842592948238,0.10650960891444665,0.10708578365459685
0.18,0.2300000000000001,0.59,18/22,0.10295790778514795,0.1589125190273957,0.10468852812257935,0.10295790778514795
0.18,0.22000000000000008,0.6,18/22,0.09883003191569904,0.15876661212530901,0.10286744733071204,0.09883003191569904
0.18,0.21000000000000008,0.61,18/22,0.09470215604625014,0.15862070522322236,0.10104636653884472,0.09470215604625014
0.18,0.20000000000000007,0.62,18/22,0.09057428017680123,0.15847479832113567,0.09922528574697742,0.09057428017680123
0.18,0.19000000000000006,0.63,18/22,0.08644640430735231,0.158328891419049,0.09740420495511011,0.08644640430735231
0.18,0.18000000000000005,0.64,18/22,0.08231852843790341,0.15818298451696233,0.0955831241632428,0.08231852843790341
0.18,0.17000000000000004,0.65,18/22,0.0781906525684545,0.15803707761487565,0.09376204337137548,0.0781906525684545
0.18,0.16000000000000003,0.66,18/22,0.0740627766990056,0.15789117071278896,0.09194096257950818,0.0740627766990056
0.18,0.15000000000000002,0.67,18/22,0.0699349008295567,0.15774526381070228,0.09011988178764087,0.0699349008295567
0.18,0.14,0.68,18/22,0.06580702496010779,0.1575993569086156,0.08829880099577356,0.06580702496010779
0.18,0.13000000000000012,0.69,18/22,0.061679149090658934,0.15745345000652894,0.08647772020390626,0.061679149090658934
0.18,0.1200000000000001,0.7,18/22,0.05755127322121002,0.15730754310444228,0.08465663941203896,0.05755127322121002
0.18,0.1100000000000001,0.71,18/22,0.05342339735176112,0.15716163620235557,0.08283555862017164,0.05342339735176112
0.18,0.10000000000000009,0.72,18/22,0.04929552148231221,0.1570157293002689,0.08101447782830434,0.04929552148231221
0.18,0.09000000000000008,0.73,18/22,0.04516764561286331,0.15686982239818223,0.07919339703643703,0.04516764561286331
0.18,0.08000000000000007,0.74,18/22,0.041039769743414396,0.15672391549609554,0.07737231624456972,0.041039769743414396
0.18,0.07000000000000006,0.75,18/22,0.03691189387396549,0.1565780085940089,0.07555123545270241,0.03691189387396549
0.18,0.06000000000000005,0.76,18/22,0.03278401800451658,0.1564321016919222,0.0737301546608351,0.03278401800451658
0.18,0.050000000000000044,0.77,18/22,0.028656142135067675,0.15628619478983552,0.07190907386896779,0.028656142135067675
0.18,0.040000000000000036,0.78,18/22,0.02452826626561877,0.15614028788774884,0.07008799307710048,0.02452826626561877
0.18,0.030000000000000027,0.79,18/22,0.02040039039616986,0.15599438098566215,0.06826691228523317,0.02040039039616986
0.18,0.020000000000000018,0.8,18/22,0.016272514526720953,0.1558484740835755,0.06644583149336586,0.016272514526720953
0.18,0.010000000000000009,0.81,18/22,0.012144638657272049,0.1557025671814888,0.06462475070149855,0.012144638657272049
0.18,1.1102230246251565e-16,0.82,18/22,0.008016762787823187,0.15555666027940215,0.06280366990963127,0.008016762787823187
0.19,0.81,0.0,15/18,0.1665727115861675,0.1665727115861675,0.21046697349030716,0.34282008392361896
0.19,0.8,0.01,15/18,0.16642680468408083,0.16642680468408083,0.20864589269843983,0.33869220805417005
0.19,0.79,0.02,15/18,0.16628089778199415,0.16628089778199415,0.20682481190657254,0.33456433218472115
0.19,0.78,0.03,15/18,0.16613499087990746,0.16613499087990746,0.2050037311147052,0.33043645631527224
0.19,0.77,0.04,15/18,0.16598908397782078,0.16598908397782078,0.20318265032283794,0.32630858044582334
0.19,0.76,0.05,15/18,0.16584317707573412,0.16584317707573412,0.20136156953097062,0.32218070457637443
0.19,0.75,0.06,15/18,0.16569727017364744,0.16569727017364744,0.1995404887391033,0.31805282870692553
0.19,0.74,0.07,15/18,0.16555136327156073,0.16555136327156073,0.197719407947236,0.3139249528374766
0.19,0.7300000000000001,0.08,15/18,0.1654054563694741,0.1654054563694741,0.1958983271553687,0.3097970769680278
0.19,0.7200000000000001,0.09,15/18,0.1652595494673874,0.1652595494673874,0.1940772463635014,0.3056692010985788
0.19,0.7100000000000001,0.1,15/18,0.16511364256530076,0.16511364256530076,0.19225616557163408,0.3015413252291299
0.19,0.7000000000000001,0.11,15/18,0.16496773566321404,0.16496773566321404,0.19043508477976676,0.297413449359681
0.19,0.6900000000000001,0.12,15/18,0.1648218287611274,0.1648218287611274,0.18861400398789946,0.2932855734902321
0.19,0.68,0.13,15/18,0.1646759218590407,0.1646759218590407,0.18679292319603216,0.2891576976207832
0.19,0.67,0.14,15/18,0.16453001495695405,0.16453001495695405,0.18497184240416487,0.2850298217513343
0.19,0.66,0.15,15/18,0.16438410805486733,0.16438410805486733,0.18315076161229754,0.2809019458818854
0.19,0.65,0.16,15/18,0.16423820115278068,0.16423820115278068,0.18132968082043022,0.2767740700124365
0.19,0.64,0.17,15/18,0.164092294250694,0.164092294250694,0.17950860002856292,0.2726461941429876
0.19,0.6300000000000001,0.18,15/18,0.16394638734860734,0.16394638734860734,0.17768751923669562,0.2685183182735387
0.19,0.6200000000000001,0.19,15/18,0.16380048044652068,0.16380048044652068,0.17586643844482833,0.2643904424040898
0.19,0.6100000000000001,0.2,15/18,0.16365457354443397,0.16365457354443397,0.174045357652961,0.2602625665346409
0.19,0.6000000000000001,0.21,15/18,0.1635086666423473,0.1635086666423473,0.17222427686109368,0.256134690665192
0.19,0.5900000000000001,0.22,15/18,0.16336275974026063,0.16336275974026063,0.17040319606922638,0.2520068147957431
0.19,0.5800000000000001,0.23,15/18,0.16321685283817394,0.16321685283817394,0.16858211527735908,0.24787893892629417
0.19,0.5700000000000001,0.24,15/18,0.16307094593608729,0.16307094593608729,0.1667610344854918,0.24375106305684527
0.19,0.56,0.25,15/18,0.16292503903400057,0.16292503903400057,0.16493995369362446,0.23962318718739634
0.19,0.55,0.26,15/18,0.16277913213191392,0.16277913213191392,0.16311887290175714,0.23549531131794743
0.19,0.54,0.27,16/18,0.16129779210988984,0.16263322522982723,0.16129779210988984,0.23136743544849853
0.19,0.53,0.28,16/18,0.15947671131802252,0.16248731832774055,0.15947671131802252,0.22723955957904962
0.19,0.52,0.29,16/18,0.15765563052615522,0.1623414114256539,0.15765563052615522,0.22311168370960072
0.19,0.51,0.3,16/18,0.1558345497342879,0.1621955045235672,0.1558345497342879,0.2189838078401518
0.19,0.5,0.31,16/18,0.15401346894242057,0.16204959762148052,0.15401346894242057,0.2148559319707029
0.19,0.49000000000000005,0.32,16/18,0.1521923881505533,0.16190369071939387,0.1521923881505533,0.21072805610125403
0.19,0.48000000000000004,0.33,16/18,0.15037130735868598,0.16175778381730718,0.15037130735868598,0.20660018023180513
0.19,0.47000000000000003,0.34,16/18,0.14855022656681868,0.1616118769152205,0.14855022656681868,0.20247230436235622
0.19,0.4600000000000001,0.35,16/18,0.14672914577495139,0.16146597001313384,0.14672914577495139,0.19834442849290732
0.19,0.45000000000000007,0.36,16/18,0.14490806498308406,0.16132006311104716,0.14490806498308406,0.1942165526234584
0.19,0.44000000000000006,0.37,16/18,0.14308698419121677,0.16117415620896047,0.14308698419121677,0.1900886767540095
0.19,0.43000000000000005,0.38,16/18,0.14126590339934947,0.16102824930687382,0.14126590339934947,0.1859608008845606
0.19,0.42000000000000004,0.39,16/18,0.13944482260748214,0.1608823424047871,0.13944482260748214,0.1818329250151117
0.19,0.41000000000000003,0.4,16/18,0.13762374181561482,0.16073643550270045,0.13762374181561482,0.1777050491456628
0.19,0.4000000000000001,0.41,16/18,0.13580266102374752,0.16059052860061376,0.13580266102374752,0.17357717327621391
0.19,0.39000000000000007,0.42,16/18,0.13398158023188023,0.16044462169852708,0.13398158023188023,0.169449297406765
0.19,0.38000000000000006,0.43,16/18,0.13216049944001293,0.16029871479644042,0.13216049944001293,0.1653214215373161
0.19,0.37000000000000005,0.44,16/18,0.1303394186481456,0.16015280789435374,0.1303394186481456,0.1611935456678672
0.19,0.36000000000000004,0.45,16/18,0.1285183378562783,0.16000690099226705,0.1285183378562783,0.15706566979841827
0.19,0.35000000000000003,0.46,16/18,0.12669725706441098,0.1598609940901804,0.12669725706441098,0.15293779392896936
0.19,0.3400000000000001,0.47,16/18,0.12487617627254369,0.1597150871880937,0.12487617627254369,0.14880991805952049
0.19,0.33000000000000007,0.48,16/18,0.12305509548067638,0.15956918028600703,0.12305509548067638,0.14468204219007158
0.19,0.32000000000000006,0.49,16/18,0.12123401468880907,0.15942327338392034,0.12123401468880907,0.14055416632062268
0.19,0.31000000000000005,0.5,16/18,0.11941293389694176,0.15927736648183366,0.11941293389694176,0.13642629045117377
0.19,0.30000000000000004,0.51,16/18,0.11759185310507445,0.159131459579747,0.11759185310507445,0.13229841458172487
0.19,0.29000000000000004,0.52,16/18,0.11577077231320715,0.15898555267766032,0.11577077231320715,0.12817053871227596
0.19,0.28,0.53,16/18,0.11394969152133982,0.15883964577557363,0.11394969152133982,0.12404266284282706
0.19,0.27,0.54,16/18,0.11212861072947253,0.15869373887348698,0.11212861072947253,0.11991478697337815
0.19,0.26,0.55,16/18,0.1103075299376052,0.1585478319714003,0.1103075299376052,0.11578691110392925
0.19,0.25,0.56,16/18,0.10848644914573789,0.1584019250693136,0.10848644914573789,0.11165903523448034
0.19,0.2400000000000001,0.57,16/18,0.10666536835387061,0.15825601816722695,0.10666536835387061,0.10753115936503148
0.19,0.2300000000000001,0.58,18/22,0.10340328349558257,0.15811011126514027,0.1048442875620033,0.10340328349558257
0.19,0.22000000000000008,0.59,18/22,0.09927540762613367,0.15796420436305358,0.10302320677013599,0.09927540762613367
0.19,0.21000000000000008,0.6,18/22,0.09514753175668476,0.15781829746096693,0.10120212597826868,0.09514753175668476
0.19,0.20000000000000007,0.61,18/22,0.09101965588723586,0.15767239055888024,0.09938104518640137,0.09101965588723586
0.19,0.19000000000000006,0.62,18/22,0.08689178001778694,0.15752648365679356,0.09755996439453407,0.08689178001778694
0.19,0.18000000000000005,0.63,18/22,0.08276390414833804,0.1573805767547069,0.09573888360266675,0.08276390414833804
0.19,0.17000000000000004,0.64,18/22,0.07863602827888913,0.1572346698526202,0.09391780281079945,0.07863602827888913
0.19,0.16000000000000003,0.65,18/22,0.07450815240944023,0.15708876295053353,0.09209672201893213,0.07450815240944023
0.19,0.15000000000000002,0.66,18/22,0.07038027653999132,0.15694285604844685,0.09027564122706483,0.07038027653999132
0.19,0.14,0.67,18/22,0.0662524006705424,0.15679694914636017,0.08845456043519752,0.0662524006705424
0.19,0.13,0.68,18/22,0.062124524801093504,0.1566510422442735,0.08663347964333021,0.062124524801093504
0.19,0.1200000000000001,0.69,18/22,0.05799664893164464,0.15650513534218682,0.08481239885146291,0.05799664893164464
0.19,0.1100000000000001,0.7,18/22,0.053868773062195736,0.15635922844010014,0.08299131805959561,0.053868773062195736
0.19,0.10000000000000009,0.71,18/22,0.04974089719274683,0.15621332153801346,0.08117023726772829,0.04974089719274683
0.19,0.09000000000000008,0.72,18/22,0.04561302132329793,0.1560674146359268,0.079349156475861,0.04561302132329793
0.19,0.08000000000000007,0.73,18/22,0.041485145453849015,0.15592150773384011,0.07752807568399367,0.041485145453849015
0.19,0.07000000000000006,0.74,18/22,0.03735726958440011,0.15577560083175343,0.07570699489212637,0.03735726958440011
0.19,0.06000000000000005,0.75,18/22,0.0332293937149512,0.15562969392966677,0.07388591410025905,0.0332293937149512
0.19,0.050000000000000044,0.76,18/22,0.029101517845502294,0.1554837870275801,0.07206483330839175,0.029101517845502294
0.19,0.040000000000000036,0.77,18/22,0.02497364197605339,0.15533788012549343,0.07024375251652443,0.02497364197605339
0.19,0.030000000000000027,0.78,18/22,0.02084576610660448,0.15519197322340672,0.06842267172465713,0.02084576610660448
0.19,0.020000000000000018,0.79,18/22,0.016717890237155572,0.15504606632132006,0.06660159093278982,0.016717890237155572
0.19,0.010000000000000009,0.8,18/22,0.012590014367706667,0.15490015941923338,0.06478051014092251,0.012590014367706667
0.19,0.0,0.81,18/22,0.00846213849825776,0.1547542525171467,0.0629594293490552,0.00846213849825776
0.2,0.8,0.0,15/18,0.1656243969218254,0.1656243969218254,0.2088016521378638,0.3391375837646047
0.2,0.79,0.01,15/18,0.16547849001973872,0.16547849001973872,0.20698057134599648,0.3350097078951558
0.2,0.78,0.02,15/18,0.16533258311765206,0.16533258311765206,0.2051594905541292,0.33088183202570687
0.2,0.77,0.03,15/18,0.16518667621556535,0.16518667621556535,0.2033384097622619,0.32675395615625796
0.2,0.76,0.04,15/18,0.1650407693134787,0.1650407693134787,0.2015173289703946,0.32262608028680906
0.2,0.75,0.05,15/18,0.164894862411392,0.164894862411392,0.19969624817852727,0.31849820441736015
0.2,0.74,0.06,15/18,0.16474895550930532,0.16474895550930532,0.19787516738665994,0.31437032854791125
0.2,0.73,0.07,15/18,0.16460304860721864,0.16460304860721864,0.19605408659479265,0.31024245267846234
0.2,0.7200000000000001,0.08,15/18,0.16445714170513198,0.16445714170513198,0.19423300580292535,0.30611457680901344
0.2,0.7100000000000001,0.09,15/18,0.16431123480304533,0.16431123480304533,0.19241192501105805,0.30198670093956453
0.2,0.7000000000000001,0.1,15/18,0.16416532790095864,0.16416532790095864,0.19059084421919073,0.29785882507011563
0.2,0.6900000000000001,0.11,15/18,0.16401942099887196,0.16401942099887196,0.1887697634273234,0.2937309492006667
0.2,0.68,0.12,15/18,0.16387351409678527,0.16387351409678527,0.18694868263545614,0.2896030733312178
0.2,0.67,0.13,15/18,0.1637276071946986,0.1637276071946986,0.1851276018435888,0.2854751974617689
0.2,0.66,0.14,15/18,0.16358170029261193,0.16358170029261193,0.18330652105172152,0.28134732159232
0.2,0.65,0.15,15/18,0.16343579339052522,0.16343579339052522,0.1814854402598542,0.2772194457228711
0.2,0.64,0.16,15/18,0.16328988648843856,0.16328988648843856,0.17966435946798687,0.2730915698534222
0.2,0.63,0.17,15/18,0.16314397958635188,0.16314397958635188,0.17784327867611957,0.2689636939839733
0.2,0.6200000000000001,0.18,15/18,0.16299807268426522,0.16299807268426522,0.17602219788425227,0.26483581811452445
0.2,0.6100000000000001,0.19,15/18,0.16285216578217854,0.16285216578217854,0.17420111709238498,0.26070794224507554
0.2,0.6000000000000001,0.2,15/18,0.16270625888009185,0.16270625888009185,0.17238003630051765,0.25658006637562664
0.2,0.5900000000000001,0.21,15/18,0.1625603519780052,0.1625603519780052,0.17055895550865033,0.25245219050617773
0.2,0.5800000000000001,0.22,15/18,0.1624144450759185,0.1624144450759185,0.16873787471678306,0.2483243146367288
0.2,0.5700000000000001,0.23,15/18,0.16226853817383186,0.16226853817383186,0.16691679392491574,0.2441964387672799
0.2,0.56,0.24,15/18,0.16212263127174514,0.16212263127174514,0.16509571313304844,0.24006856289783096
0.2,0.55,0.25,15/18,0.1619767243696585,0.1619767243696585,0.16327463234118111,0.23594068702838206
0.2,0.54,0.26,16/18,0.1614535515493138,0.1618308174675718,0.1614535515493138,0.23181281115893315
0.2,0.53,0.27,16/18,0.1596324707574465,0.16168491056548512,0.1596324707574465,0.22768493528948425
0.2,0.52,0.28,16/18,0.15781138996557917,0.16153900366339846,0.15781138996557917,0.22355705942003534
0.2,0.51,0.29,16/18,0.15599030917371187,0.16139309676131175,0.15599030917371187,0.21942918355058644
0.2,0.5,0.3,16/18,0.15416922838184455,0.1612471898592251,0.15416922838184455,0.21530130768113753
0.2,0.49000000000000005,0.31,16/18,0.15234814758997725,0.16110128295713844,0.15234814758997725,0.21117343181168866
0.2,0.48000000000000004,0.32,16/18,0.15052706679810995,0.16095537605505175,0.15052706679810995,0.20704555594223975
0.2,0.47000000000000003,0.33,16/18,0.14870598600624263,0.16080946915296507,0.14870598600624263,0.20291768007279085
0.2,0.46,0.34,16/18,0.14688490521437533,0.16066356225087838,0.14688490521437533,0.19878980420334194
0.2,0.45000000000000007,0.35,16/18,0.14506382442250804,0.1605176553487917,0.14506382442250804,0.19466192833389304
0.2,0.44000000000000006,0.36,16/18,0.1432427436306407,0.16037174844670504,0.1432427436306407,0.19053405246444413
0.2,0.43000000000000005,0.37,16/18,0.14142166283877342,0.16022584154461836,0.14142166283877342,0.18640617659499523
0.2,0.42000000000000004,0.38,16/18,0.1396005820469061,0.16007993464253167,0.1396005820469061,0.18227830072554632
0.2,0.41000000000000003,0.39,16/18,0.1377795012550388,0.15993402774044502,0.1377795012550388,0.17815042485609742
0.2,0.4,0.4,16/18,0.13595842046317147,0.15978812083835833,0.13595842046317147,0.1740225489866485
0.2,0.39000000000000007,0.41,16/18,0.13413733967130417,0.15964221393627165,0.13413733967130417,0.16989467311719963
0.2,0.38000000000000006,0.42,16/18,0.13231625887943688,0.159496307034185,0.13231625887943688,0.16576679724775073
0.2,0.37000000000000005,0.43,16/18,0.13049517808756955,0.15935040013209828,0.13049517808756955,0.16163892137830183
0.2,0.36000000000000004,0.44,16/18,0.12867409729570226,0.15920449323001162,0.12867409729570226,0.1575110455088529
0.2,0.35000000000000003,0.45,16/18,0.12685301650383493,0.15905858632792497,0.12685301650383493,0.153383169639404
0.2,0.34,0.46,16/18,0.12503193571196763,0.15891267942583825,0.12503193571196763,0.14925529376995508
0.2,0.33000000000000007,0.47,16/18,0.12321085492010034,0.1587667725237516,0.12321085492010034,0.1451274179005062
0.2,0.32000000000000006,0.48,16/18,0.12138977412823301,0.1586208656216649,0.12138977412823301,0.1409995420310573
0.2,0.31000000000000005,0.49,16/18,0.1195686933363657,0.15847495871957823,0.1195686933363657,0.1368716661616084
0.2,0.30000000000000004,0.5,16/18,0.11774761254449839,0.15832905181749157,0.11774761254449839,0.1327437902921595
0.2,0.29000000000000004,0.51,16/18,0.1159265317526311,0.1581831449154049,0.1159265317526311,0.1286159144227106
0.2,0.28,0.52,16/18,0.11410545096076379,0.1580372380133182,0.11410545096076379,0.12448803855326167
0.2,0.27,0.53,16/18,0.11228437016889647,0.15789133111123155,0.11228437016889647,0.12036016268381276
0.2,0.26,0.54,16/18,0.11046328937702915,0.15774542420914486,0.11046328937702915,0.11623228681436386
0.2,0.25,0.55,16/18,0.10864220858516185,0.15759951730705818,0.10864220858516185,0.11210441094491495
0.2,0.24,0.56,16/18,0.10682112779329454,0.15745361040497152,0.10682112779329454,0.10797653507546605
0.2,0.2300000000000001,0.57,18/22,0.10384865920601719,0.1573077035028848,0.10500004700142726,0.10384865920601719
0.2,0.22000000000000008,0.58,18/22,0.09972078333656828,0.15716179660079815,0.10317896620955994,0.09972078333656828
0.2,0.21000000000000008,0.59,18/22,0.09559290746711938,0.15701588969871147,0.10135788541769264,0.09559290746711938
0.2,0.20000000000000007,0.6,18/22,0.09146503159767047,0.15686998279662479,0.09953680462582533,0.09146503159767047
0.2,0.19000000000000006,0.61,18/22,0.08733715572822155,0.15672407589453813,0.09771572383395802,0.08733715572822155
0.2,0.18000000000000005,0.62,18/22,0.08320927985877265,0.15657816899245144,0.0958946430420907,0.08320927985877265
0.2,0.17000000000000004,0.63,18/22,0.07908140398932374,0.15643226209036476,0.0940735622502234,0.07908140398932374
0.2,0.16000000000000003,0.64,18/22,0.07495352811987484,0.15628635518827808,0.0922524814583561,0.07495352811987484
0.2,0.15000000000000002,0.65,18/22,0.07082565225042593,0.15614044828619142,0.09043140066648878,0.07082565225042593
0.2,0.14,0.66,18/22,0.06669777638097703,0.15599454138410473,0.08861031987462147,0.06669777638097703
0.2,0.13,0.67,18/22,0.06256990051152812,0.15584863448201805,0.08678923908275415,0.06256990051152812
0.2,0.12,0.68,18/22,0.05844202464207922,0.15570272757993137,0.08496815829088684,0.05844202464207922
0.2,0.1100000000000001,0.69,18/22,0.054314148772630355,0.1555568206778447,0.08314707749901956,0.054314148772630355
0.2,0.10000000000000009,0.7,18/22,0.05018627290318145,0.15541091377575803,0.08132599670715225,0.05018627290318145
0.2,0.09000000000000008,0.71,18/22,0.046058397033732545,0.15526500687367134,0.07950491591528494,0.046058397033732545
0.2,0.08000000000000007,0.72,18/22,0.041930521164283634,0.15511909997158468,0.07768383512341763,0.041930521164283634
0.2,0.07000000000000006,0.73,18/22,0.03780264529483473,0.154973193069498,0.07586275433155032,0.03780264529483473
0.2,0.06000000000000005,0.74,18/22,0.03367476942538582,0.15482728616741132,0.07404167353968301,0.03367476942538582
0.2,0.050000000000000044,0.75,18/22,0.029546893555936912,0.15468137926532466,0.0722205927478157,0.029546893555936912
0.2,0.040000000000000036,0.76,18/22,0.025419017686488007,0.15453547236323797,0.0703995119559484,0.025419017686488007
0.2,0.030000000000000027,0.77,18/22,0.0212911418170391,0.1543895654611513,0.06857843116408108,0.0212911418170391
0.2,0.020000000000000018,0.78,18/22,0.01716326594759019,0.1542436585590646,0.06675735037221377,0.01716326594759019
0.2,0.010000000000000009,0.79,18/22,0.013035390078141286,0.15409775165697792,0.06493626958034646,0.013035390078141286
0.2,0.0,0.8,18/22,0.00890751420869238,0.15395184475489126,0.06311518878847915,0.00890751420869238
0.21,0.79,0.0,15/18,0.16467608225748326,0.16467608225748326,0.20713633078542043,0.33545508360559034
0.21,0.78,0.01,15/18,0.1645301753553966,0.1645301753553966,0.2053152499935531,0.33132720773614144
0.21,0.77,0.02,15/18,0.16438426845330992,0.16438426845330992,0.20349416920168584,0.32719933186669253
0.21,0.76,0.03,15/18,0.16423836155122323,0.16423836155122323,0.2016730884098185,0.32307145599724363
0.21,0.75,0.04,15/18,0.16409245464913655,0.16409245464913655,0.19985200761795122,0.3189435801277947
0.21,0.74,0.05,15/18,0.16394654774704986,0.16394654774704986,0.1980309268260839,0.3148157042583458
0.21,0.73,0.06,15/18,0.1638006408449632,0.1638006408449632,0.19620984603421657,0.3106878283888969
0.21,0.72,0.07,15/18,0.1636547339428765,0.1636547339428765,0.19438876524234927,0.306559952519448
0.21,0.7100000000000001,0.08,15/18,0.16350882704078987,0.16350882704078987,0.19256768445048197,0.3024320766499991
0.21,0.7000000000000001,0.09,15/18,0.16336292013870318,0.16336292013870318,0.19074660365861468,0.2983042007805502
0.21,0.6900000000000001,0.1,15/18,0.16321701323661653,0.16321701323661653,0.18892552286674735,0.2941763249111013
0.21,0.68,0.11,15/18,0.16307110633452981,0.16307110633452981,0.18710444207488006,0.2900484490416524
0.21,0.67,0.12,15/18,0.16292519943244316,0.16292519943244316,0.18528336128301276,0.2859205731722035
0.21,0.66,0.13,15/18,0.16277929253035647,0.16277929253035647,0.18346228049114544,0.2817926973027546
0.21,0.65,0.14,15/18,0.16263338562826982,0.16263338562826982,0.18164119969927814,0.2776648214333057
0.21,0.64,0.15,15/18,0.1624874787261831,0.1624874787261831,0.17982011890741081,0.27353694556385677
0.21,0.63,0.16,15/18,0.16234157182409645,0.16234157182409645,0.1779990381155435,0.26940906969440787
0.21,0.62,0.17,15/18,0.16219566492200976,0.16219566492200976,0.1761779573236762,0.26528119382495896
0.21,0.6100000000000001,0.18,15/18,0.1620497580199231,0.1620497580199231,0.1743568765318089,0.2611533179555101
0.21,0.6000000000000001,0.19,15/18,0.16190385111783645,0.16190385111783645,0.1725357957399416,0.2570254420860612
0.21,0.5900000000000001,0.2,15/18,0.16175794421574974,0.16175794421574974,0.17071471494807428,0.2528975662166123
0.21,0.5800000000000001,0.21,15/18,0.16161203731366308,0.16161203731366308,0.16889363415620698,0.24876969034716342
0.21,0.5700000000000001,0.22,15/18,0.1614661304115764,0.1614661304115764,0.16707255336433968,0.24464181447771452
0.21,0.56,0.23,15/18,0.1613202235094897,0.1613202235094897,0.16525147257247236,0.2405139386082656
0.21,0.55,0.24,15/18,0.16117431660740303,0.16117431660740303,0.16343039178060506,0.23638606273881668
0.21,0.54,0.25,15/18,0.16102840970531634,0.16102840970531634,0.16160931098873774,0.23225818686936778
0.21,0.53,0.26,16/18,0.1597882301968704,0.1608825028032297,0.1597882301968704,0.22813031099991887
0.21,0.52,0.27,16/18,0.15796714940500312,0.160736595901143,0.15796714940500312,0.22400243513046997
0.21,0.51,0.28,16/18,0.15614606861313582,0.16059068899905632,0.15614606861313582,0.21987455926102106
0.21,0.5,0.29,16/18,0.15432498782126852,0.16044478209696963,0.15432498782126852,0.21574668339157216
0.21,0.49000000000000005,0.3,16/18,0.1525039070294012,0.16029887519488298,0.1525039070294012,0.21161880752212328
0.21,0.48000000000000004,0.31,16/18,0.15068282623753387,0.1601529682927963,0.15068282623753387,0.20749093165267438
0.21,0.47000000000000003,0.32,16/18,0.1488617454456666,0.1600070613907096,0.1488617454456666,0.20336305578322547
0.21,0.46,0.33,16/18,0.14704066465379928,0.15986115448862293,0.14704066465379928,0.19923517991377657
0.21,0.45,0.34,16/18,0.14521958386193198,0.15971524758653627,0.14521958386193198,0.19510730404432763
0.21,0.44000000000000006,0.35,16/18,0.14339850307006466,0.1595693406844496,0.14339850307006466,0.19097942817487876
0.21,0.43000000000000005,0.36,16/18,0.14157742227819736,0.1594234337823629,0.14157742227819736,0.18685155230542985
0.21,0.42000000000000004,0.37,16/18,0.13975634148633007,0.15927752688027624,0.13975634148633007,0.18272367643598095
0.21,0.41000000000000003,0.38,16/18,0.13793526069446274,0.15913161997818956,0.13793526069446274,0.17859580056653204
0.21,0.4,0.39,16/18,0.13611417990259544,0.15898571307610287,0.13611417990259544,0.17446792469708314
0.21,0.39,0.4,16/18,0.13429309911072812,0.15883980617401622,0.13429309911072812,0.17034004882763423
0.21,0.38000000000000006,0.41,16/18,0.13247201831886082,0.15869389927192953,0.13247201831886082,0.16621217295818536
0.21,0.37000000000000005,0.42,16/18,0.13065093752699353,0.15854799236984285,0.13065093752699353,0.16208429708873645
0.21,0.36000000000000004,0.43,16/18,0.1288298567351262,0.1584020854677562,0.1288298567351262,0.15795642121928752
0.21,0.35000000000000003,0.44,16/18,0.1270087759432589,0.15825617856566948,0.1270087759432589,0.1538285453498386
0.21,0.34,0.45,16/18,0.12518769515139158,0.15811027166358282,0.12518769515139158,0.1497006694803897
0.21,0.33,0.46,16/18,0.12336661435952427,0.15796436476149614,0.12336661435952427,0.1455727936109408
0.21,0.32000000000000006,0.47,16/18,0.12154553356765699,0.15781845785940946,0.12154553356765699,0.14144491774149193
0.21,0.31000000000000005,0.48,16/18,0.11972445277578966,0.1576725509573228,0.11972445277578966,0.13731704187204302
0.21,0.30000000000000004,0.49,16/18,0.11790337198392235,0.15752664405523611,0.11790337198392235,0.13318916600259412
0.21,0.29000000000000004,0.5,16/18,0.11608229119205504,0.15738073715314943,0.11608229119205504,0.1290612901331452
0.21,0.28,0.51,16/18,0.11426121040018773,0.15723483025106277,0.11426121040018773,0.1249334142636963
0.21,0.27,0.52,16/18,0.11244012960832042,0.15708892334897606,0.11244012960832042,0.12080553839424739
0.21,0.26,0.53,16/18,0.1106190488164531,0.1569430164468894,0.1106190488164531,0.11667766252479848
0.21,0.25,0.54,16/18,0.1087979680245858,0.15679710954480275,0.1087979680245858,0.11254978665534958
0.21,0.24,0.55,16/18,0.10697688723271849,0.15665120264271606,0.10697688723271849,0.10842191078590067
0.21,0.22999999999999998,0.56,18/22,0.10429403491645177,0.15650529574062938,0.1051558064408512,0.10429403491645177
0.21,0.22000000000000008,0.57,18/22,0.1001661590470029,0.1563593888385427,0.10333472564898391,0.1001661590470029
0.21,0.21000000000000008,0.58,18/22,0.096038283177554,0.15621348193645604,0.10151364485711659,0.096038283177554
0.21,0.20000000000000007,0.59,18/22,0.0919104073081051,0.15606757503436935,0.09969256406524928,0.0919104073081051
0.21,0.19000000000000006,0.6,18/22,0.08778253143865618,0.15592166813228267,0.09787148327338197,0.08778253143865618
0.21,0.18000000000000005,0.61,18/22,0.08365465556920727,0.155775761230196,0.09605040248151465,0.08365465556920727
0.21,0.17000000000000004,0.62,18/22,0.07952677969975837,0.15562985432810933,0.09422932168964734,0.07952677969975837
0.21,0.16000000000000003,0.63,18/22,0.07539890383030946,0.15548394742602265,0.09240824089778005,0.07539890383030946
0.21,0.15000000000000002,0.64,18/22,0.07127102796086056,0.15533804052393596,0.09058716010591272,0.07127102796086056
0.21,0.14,0.65,18/22,0.06714315209141164,0.1551921336218493,0.08876607931404543,0.06714315209141164
0.21,0.13,0.66,18/22,0.06301527622196273,0.15504622671976262,0.0869449985221781,0.06301527622196273
0.21,0.12,0.67,18/22,0.05888740035251384,0.15490031981767594,0.0851239177303108,0.05888740035251384
0.21,0.10999999999999999,0.68,18/22,0.05475952448306493,0.15475441291558928,0.08330283693844348,0.05475952448306493
0.21,0.10000000000000009,0.69,18/22,0.05063164861361607,0.15460850601350257,0.0814817561465762,0.05063164861361607
0.21,0.09000000000000008,0.7,18/22,0.046503772744167164,0.1544625991114159,0.07966067535470889,0.046503772744167164
0.21,0.08000000000000007,0.71,18/22,0.04237589687471825,0.15431669220932923,0.07783959456284159,0.04237589687471825
0.21,0.07000000000000006,0.72,18/22,0.03824802100526935,0.15417078530724254,0.07601851377097427,0.03824802100526935
0.21,0.06000000000000005,0.73,18/22,0.034120145135820436,0.15402487840515589,0.07419743297910697,0.034120145135820436
0.21,0.050000000000000044,0.74,18/22,0.02999226926637153,0.1538789715030692,0.07237635218723965,0.02999226926637153
0.21,0.040000000000000036,0.75,18/22,0.025864393396922626,0.15373306460098252,0.07055527139537235,0.025864393396922626
0.21,0.030000000000000027,0.76,18/22,0.021736517527473718,0.15358715769889586,0.06873419060350504,0.021736517527473718
0.21,0.020000000000000018,0.77,18/22,0.01760864165802481,0.15344125079680918,0.06691310981163773,0.01760864165802481
0.21,0.010000000000000009,0.78,18/22,0.013480765788575905,0.1532953438947225,0.06509202901977042,0.013480765788575905
0.21,0.0,0.79,18/22,0.009352889919126998,0.1531494369926358,0.0632709482279031,0.009352889919126998
0.22,0.78,0.0,15/18,0.16372776759314117,0.16372776759314117,0.20547100943297708,0.33177258344657606
0.22,0.77,0.01,15/18,0.1635818606910545,0.1635818606910545,0.20364992864110978,0.32764470757712716
0.22,0.76,0.02,15/18,0.16343595378896783,0.16343595378896783,0.2018288478492425,0.32351683170767825
0.22,0.75,0.03,15/18,0.16329004688688112,0.16329004688688112,0.20000776705737516,0.31938895583822935
0.22,0.74,0.04,15/18,0.16314413998479443,0.16314413998479443,0.19818668626550787,0.31526107996878044
0.22,0.73,0.05,15/18,0.16299823308270778,0.16299823308270778,0.19636560547364054,0.31113320409933154
0.22,0.72,0.06,15/18,0.1628523261806211,0.1628523261806211,0.19454452468177322,0.30700532822988263
0.22,0.71,0.07,15/18,0.1627064192785344,0.1627064192785344,0.19272344388990592,0.30287745236043373
0.22,0.7000000000000001,0.08,15/18,0.16256051237644775,0.16256051237644775,0.19090236309803862,0.2987495764909848
0.22,0.6900000000000001,0.09,15/18,0.1624146054743611,0.1624146054743611,0.18908128230617133,0.2946217006215359
0.22,0.68,0.1,15/18,0.1622686985722744,0.1622686985722744,0.18726020151430403,0.290493824752087
0.22,0.67,0.11,15/18,0.1621227916701877,0.1621227916701877,0.1854391207224367,0.2863659488826381
0.22,0.66,0.12,15/18,0.16197688476810104,0.16197688476810104,0.1836180399305694,0.2822380730131892
0.22,0.65,0.13,15/18,0.16183097786601436,0.16183097786601436,0.18179695913870209,0.2781101971437403
0.22,0.64,0.14,15/18,0.1616850709639277,0.1616850709639277,0.1799758783468348,0.2739823212742914
0.22,0.63,0.15,15/18,0.161539164061841,0.161539164061841,0.17815479755496746,0.2698544454048425
0.22,0.62,0.16,15/18,0.1613932571597543,0.1613932571597543,0.17633371676310014,0.2657265695353936
0.22,0.61,0.17,15/18,0.16124735025766765,0.16124735025766765,0.17451263597123284,0.2615986936659447
0.22,0.6000000000000001,0.18,15/18,0.161101443355581,0.161101443355581,0.17269155517936555,0.25747081779649583
0.22,0.5900000000000001,0.19,15/18,0.1609555364534943,0.1609555364534943,0.17087047438749825,0.2533429419270469
0.22,0.5800000000000001,0.2,15/18,0.16080962955140762,0.16080962955140762,0.16904939359563095,0.24921506605759805
0.22,0.5700000000000001,0.21,15/18,0.16066372264932094,0.16066372264932094,0.16722831280376363,0.24508719018814915
0.22,0.56,0.22,15/18,0.16051781574723425,0.16051781574723425,0.16540723201189633,0.2409593143187002
0.22,0.55,0.23,15/18,0.16037190884514757,0.16037190884514757,0.163586151220029,0.2368314384492513
0.22,0.54,0.24,15/18,0.16022600194306091,0.16022600194306091,0.1617650704281617,0.2327035625798024
0.22,0.53,0.25,16/18,0.1599439896362944,0.16008009504097423,0.1599439896362944,0.2285756867103535
0.22,0.52,0.26,16/18,0.15812290884442706,0.15993418813888755,0.15812290884442706,0.2244478108409046
0.22,0.51,0.27,16/18,0.1563018280525598,0.1597882812368009,0.1563018280525598,0.2203199349714557
0.22,0.5,0.28,16/18,0.15448074726069247,0.1596423743347142,0.15448074726069247,0.21619205910200678
0.22,0.49000000000000005,0.29,16/18,0.15265966646882517,0.15949646743262752,0.15265966646882517,0.2120641832325579
0.22,0.48000000000000004,0.3,16/18,0.15083858567695785,0.15935056053054086,0.15083858567695785,0.207936307363109
0.22,0.47000000000000003,0.31,16/18,0.14901750488509052,0.15920465362845418,0.14901750488509052,0.2038084314936601
0.22,0.46,0.32,16/18,0.14719642409322323,0.1590587467263675,0.14719642409322323,0.1996805556242112
0.22,0.45,0.33,16/18,0.1453753433013559,0.1589128398242808,0.1453753433013559,0.19555267975476226
0.22,0.44,0.34,16/18,0.1435542625094886,0.15876693292219413,0.1435542625094886,0.19142480388531335
0.22,0.43000000000000005,0.35,16/18,0.14173318171762134,0.15862102602010747,0.14173318171762134,0.18729692801586448
0.22,0.42000000000000004,0.36,16/18,0.139912100925754,0.15847511911802079,0.139912100925754,0.18316905214641557
0.22,0.41000000000000003,0.37,16/18,0.1380910201338867,0.1583292122159341,0.1380910201338867,0.17904117627696667
0.22,0.4,0.38,16/18,0.1362699393420194,0.15818330531384744,0.1362699393420194,0.17491330040751776
0.22,0.39,0.39,16/18,0.13444885855015207,0.15803739841176076,0.13444885855015207,0.17078542453806886
0.22,0.38,0.4,16/18,0.13262777775828477,0.15789149150967408,0.13262777775828477,0.16665754866861995
0.22,0.37000000000000005,0.41,16/18,0.13080669696641747,0.15774558460758742,0.13080669696641747,0.16252967279917108
0.22,0.36000000000000004,0.42,16/18,0.12898561617455015,0.15759967770550073,0.12898561617455015,0.15840179692972214
0.22,0.35000000000000003,0.43,16/18,0.12716453538268285,0.15745377080341405,0.12716453538268285,0.15427392106027324
0.22,0.34,0.44,16/18,0.12534345459081556,0.1573078639013274,0.12534345459081556,0.15014604519082433
0.22,0.33,0.45,16/18,0.12352237379894823,0.1571619569992407,0.12352237379894823,0.14601816932137543
0.22,0.32,0.46,16/18,0.12170129300708092,0.15701605009715403,0.12170129300708092,0.14189029345192652
0.22,0.31000000000000005,0.47,16/18,0.11988021221521361,0.15687014319506737,0.11988021221521361,0.13776241758247765
0.22,0.30000000000000004,0.48,16/18,0.1180591314233463,0.15672423629298068,0.1180591314233463,0.13363454171302874
0.22,0.29000000000000004,0.49,16/18,0.116238050631479,0.156578329390894,0.116238050631479,0.12950666584357984
0.22,0.28,0.5,16/18,0.11441696983961169,0.15643242248880732,0.11441696983961169,0.1253787899741309
0.22,0.27,0.51,16/18,0.11259588904774438,0.15628651558672063,0.11259588904774438,0.121250914104682
0.22,0.26,0.52,16/18,0.11077480825587707,0.15614060868463397,0.11077480825587707,0.1171230382352331
0.22,0.25,0.53,16/18,0.10895372746400975,0.1559947017825473,0.10895372746400975,0.11299516236578419
0.22,0.24,0.54,16/18,0.10713264667214245,0.1558487948804606,0.10713264667214245,0.10886728649633529
0.22,0.22999999999999998,0.55,18/22,0.10473941062688638,0.15570288797837395,0.10531156588027514,0.10473941062688638
0.22,0.21999999999999997,0.56,18/22,0.10061153475743748,0.15555698107628727,0.10349048508840783,0.10061153475743748
0.22,0.21000000000000008,0.57,18/22,0.09648365888798863,0.15541107417420058,0.10166940429654056,0.09648365888798863
0.22,0.20000000000000007,0.58,18/22,0.09235578301853972,0.15526516727211392,0.09984832350467324,0.09235578301853972
0.22,0.19000000000000006,0.59,18/22,0.08822790714909079,0.1551192603700272,0.09802724271280593,0.08822790714909079
0.22,0.18000000000000005,0.6,18/22,0.08410003127964188,0.15497335346794056,0.09620616192093862,0.08410003127964188
0.22,0.17000000000000004,0.61,18/22,0.07997215541019298,0.1548274465658539,0.09438508112907129,0.07997215541019298
0.22,0.16000000000000003,0.62,18/22,0.07584427954074408,0.1546815396637672,0.092564000337204,0.07584427954074408
0.22,0.15000000000000002,0.63,18/22,0.07171640367129517,0.15453563276168053,0.09074291954533668,0.07171640367129517
0.22,0.14,0.64,18/22,0.06758852780184627,0.15438972585959385,0.08892183875346937,0.06758852780184627
0.22,0.13,0.65,18/22,0.06346065193239736,0.15424381895750716,0.08710075796160206,0.06346065193239736
0.22,0.12,0.66,18/22,0.059332776062948456,0.1540979120554205,0.08527967716973475,0.059332776062948456
0.22,0.10999999999999999,0.67,18/22,0.05520490019349955,0.15395200515333382,0.08345859637786746,0.05520490019349955
0.22,0.09999999999999998,0.68,18/22,0.05107702432405064,0.15380609825124714,0.08163751558600013,0.05107702432405064
0.22,0.09000000000000008,0.69,18/22,0.04694914845460178,0.15366019134916048,0.07981643479413285,0.04694914845460178
0.22,0.08000000000000007,0.7,18/22,0.04282127258515287,0.1535142844470738,0.07799535400226554,0.04282127258515287
0.22,0.07000000000000006,0.71,18/22,0.038693396715703966,0.1533683775449871,0.07617427321039823,0.038693396715703966
0.22,0.06000000000000005,0.72,18/22,0.034565520846255054,0.15322247064290043,0.07435319241853092,0.034565520846255054
0.22,0.050000000000000044,0.73,18/22,0.030437644976806153,0.15307656374081377,0.07253211162666362,0.030437644976806153
0.22,0.040000000000000036,0.74,18/22,0.026309769107357245,0.15293065683872709,0.0707110308347963,0.026309769107357245
0.22,0.030000000000000027,0.75,18/22,0.02218189323790834,0.1527847499366404,0.06888995004292899,0.02218189323790834
0.22,0.020000000000000018,0.76,18/22,0.01805401736845943,0.15263884303455375,0.06706886925106167,0.01805401736845943
0.22,0.010000000000000009,0.77,18/22,0.013926141499010525,0.15249293613246706,0.06524778845919436,0.013926141499010525
0.22,0.0,0.78,18/22,0.009798265629561619,0.15234702923038038,0.06342670766732705,0.009798265629561619
0.23,0.77,0.0,15/18,0.16277945292879903,0.16277945292879903,0.20380568808053376,0.3280900832875618
0.23,0.76,0.01,15/18,0.16263354602671237,0.16263354602671237,0.20198460728866643,0.3239622074181129
0.23,0.75,0.02,15/18,0.1624876391246257,0.1624876391246257,0.20016352649679914,0.319834331548664
0.23,0.74,0.03,15/18,0.16234173222253898,0.16234173222253898,0.1983424457049318,0.31570645567921507
0.23,0.73,0.04,15/18,0.16219582532045232,0.16219582532045232,0.19652136491306452,0.31157857980976617
0.23,0.72,0.05,15/18,0.16204991841836563,0.16204991841836563,0.1947002841211972,0.30745070394031726
0.23,0.71,0.06,15/18,0.16190401151627898,0.16190401151627898,0.19287920332932987,0.30332282807086836
0.23,0.7,0.07,15/18,0.16175810461419227,0.16175810461419227,0.19105812253746257,0.29919495220141945
0.23,0.6900000000000001,0.08,15/18,0.16161219771210564,0.16161219771210564,0.18923704174559527,0.29506707633197055
0.23,0.68,0.09,15/18,0.16146629081001895,0.16146629081001895,0.187415960953728,0.29093920046252164
0.23,0.67,0.1,15/18,0.1613203839079323,0.1613203839079323,0.18559488016186068,0.28681132459307274
0.23,0.66,0.11,15/18,0.16117447700584558,0.16117447700584558,0.18377379936999336,0.28268344872362383
0.23,0.65,0.12,15/18,0.16102857010375893,0.16102857010375893,0.18195271857812606,0.2785555728541749
0.23,0.64,0.13,15/18,0.16088266320167224,0.16088266320167224,0.18013163778625874,0.274427696984726
0.23,0.63,0.14,15/18,0.1607367562995856,0.1607367562995856,0.17831055699439144,0.2702998211152771
0.23,0.62,0.15,15/18,0.16059084939749887,0.16059084939749887,0.17648947620252411,0.2661719452458282
0.23,0.61,0.16,15/18,0.1604449424954122,0.1604449424954122,0.1746683954106568,0.2620440693763793
0.23,0.6,0.17,15/18,0.16029903559332553,0.16029903559332553,0.1728473146187895,0.2579161935069304
0.23,0.5900000000000001,0.18,15/18,0.16015312869123888,0.16015312869123888,0.1710262338269222,0.25378831763748155
0.23,0.5800000000000001,0.19,15/18,0.16000722178915222,0.16000722178915222,0.16920515303505493,0.24966044176803265
0.23,0.5700000000000001,0.2,15/18,0.1598613148870655,0.1598613148870655,0.1673840722431876,0.24553256589858374
0.23,0.56,0.21,15/18,0.15971540798497882,0.15971540798497882,0.16556299145132028,0.24140469002913484
0.23,0.55,0.22,15/18,0.15956950108289214,0.15956950108289214,0.16374191065945298,0.23727681415968593
0.23,0.54,0.23,15/18,0.15942359418080548,0.15942359418080548,0.16192082986758566,0.23314893829023703
0.23,0.53,0.24,15/18,0.1592776872787188,0.1592776872787188,0.16009974907571836,0.22902106242078812
0.23,0.52,0.25,16/18,0.15827866828385104,0.15913178037663211,0.15827866828385104,0.22489318655133922
0.23,0.51,0.26,16/18,0.1564575874919837,0.15898587347454543,0.1564575874919837,0.22076531068189031
0.23,0.5,0.27,16/18,0.15463650670011642,0.15883996657245877,0.15463650670011642,0.2166374348124414
0.23,0.49,0.28,16/18,0.1528154259082491,0.1586940596703721,0.1528154259082491,0.2125095589429925
0.23,0.48000000000000004,0.29,16/18,0.15099434511638182,0.15854815276828543,0.15099434511638182,0.2083816830735436
0.23,0.47000000000000003,0.3,16/18,0.1491732643245145,0.15840224586619875,0.1491732643245145,0.2042538072040947
0.23,0.46,0.31,16/18,0.14735218353264717,0.15825633896411206,0.14735218353264717,0.2001259313346458
0.23,0.45,0.32,16/18,0.14553110274077988,0.15811043206202538,0.14553110274077988,0.19599805546519689
0.23,0.44,0.33,16/18,0.14371002194891255,0.1579645251599387,0.14371002194891255,0.19187017959574798
0.23,0.43,0.34,16/18,0.14188894115704526,0.15781861825785204,0.14188894115704526,0.18774230372629908
0.23,0.42000000000000004,0.35,16/18,0.14006786036517796,0.15767271135576535,0.14006786036517796,0.18361442785685017
0.23,0.41000000000000003,0.36,16/18,0.13824677957331064,0.15752680445367867,0.13824677957331064,0.17948655198740127
0.23,0.4,0.37,16/18,0.13642569878144334,0.15738089755159201,0.13642569878144334,0.17535867611795236
0.23,0.39,0.38,16/18,0.13460461798957601,0.15723499064950533,0.13460461798957601,0.17123080024850346
0.23,0.38,0.39,16/18,0.13278353719770872,0.15708908374741865,0.13278353719770872,0.16710292437905455
0.23,0.37,0.4,16/18,0.13096245640584142,0.15694317684533196,0.13096245640584142,0.16297504850960565
0.23,0.36000000000000004,0.41,16/18,0.1291413756139741,0.15679726994324528,0.1291413756139741,0.15884717264015674
0.23,0.35000000000000003,0.42,16/18,0.1273202948221068,0.15665136304115862,0.1273202948221068,0.15471929677070784
0.23,0.34,0.43,16/18,0.1254992140302395,0.15650545613907194,0.1254992140302395,0.15059142090125893
0.23,0.33,0.44,16/18,0.12367813323837218,0.15635954923698525,0.12367813323837218,0.14646354503181003
0.23,0.32,0.45,16/18,0.12185705244650487,0.1562136423348986,0.12185705244650487,0.14233566916236112
0.23,0.31,0.46,16/18,0.12003597165463756,0.1560677354328119,0.12003597165463756,0.13820779329291222
0.23,0.30000000000000004,0.47,16/18,0.11821489086277026,0.15592182853072523,0.11821489086277026,0.13407991742346337
0.23,0.29000000000000004,0.48,16/18,0.11639381007090295,0.15577592162863857,0.11639381007090295,0.12995204155401446
0.23,0.28,0.49,16/18,0.11457272927903564,0.15563001472655186,0.11457272927903564,0.12582416568456553
0.23,0.27,0.5,16/18,0.11275164848716833,0.1554841078244652,0.11275164848716833,0.12169628981511663
0.23,0.26,0.51,16/18,0.11093056769530102,0.15533820092237854,0.11093056769530102,0.11756841394566772
0.23,0.25,0.52,16/18,0.10910948690343372,0.15519229402029183,0.10910948690343372,0.11344053807621882
0.23,0.24,0.53,16/18,0.1072884061115664,0.15504638711820518,0.1072884061115664,0.10931266220676991
0.23,0.22999999999999998,0.54,18/22,0.105184786337321,0.15490048021611852,0.1054673253196991,0.105184786337321
0.23,0.21999999999999997,0.55,18/22,0.1010569104678721,0.1547545733140318,0.10364624452783178,0.1010569104678721
0.23,0.20999999999999996,0.56,18/22,0.09692903459842318,0.15460866641194515,0.10182516373596448,0.09692903459842318
0.23,0.20000000000000007,0.57,18/22,0.09280115872897433,0.15446275950985847,0.10000408294409718,0.09280115872897433
0.23,0.19000000000000006,0.58,18/22,0.08867328285952542,0.15431685260777178,0.09818300215222987,0.08867328285952542
0.23,0.18000000000000005,0.59,18/22,0.08454540699007651,0.15417094570568513,0.09636192136036256,0.08454540699007651
0.23,0.17000000000000004,0.6,18/22,0.0804175311206276,0.15402503880359844,0.09454084056849525,0.0804175311206276
0.23,0.16000000000000003,0.61,18/22,0.0762896552511787,0.15387913190151176,0.09271975977662794,0.0762896552511787
0.23,0.15000000000000002,0.62,18/22,0.0721617793817298,0.1537332249994251,0.09089867898476064,0.0721617793817298
0.23,0.14,0.63,18/22,0.06803390351228089,0.15358731809733842,0.08907759819289332,0.06803390351228089
0.23,0.13,0.64,18/22,0.06390602764283199,0.15344141119525173,0.08725651740102602,0.06390602764283199
0.23,0.12,0.65,18/22,0.059778151773383074,0.15329550429316507,0.0854354366091587,0.059778151773383074
0.23,0.10999999999999999,0.66,18/22,0.05565027590393417,0.1531495973910784,0.0836143558172914,0.05565027590393417
0.23,0.09999999999999998,0.67,18/22,0.05152240003448526,0.1530036904889917,0.08179327502542409,0.05152240003448526
0.23,0.08999999999999997,0.68,18/22,0.04739452416503635,0.15285778358690502,0.07997219423355678,0.04739452416503635
0.23,0.08000000000000007,0.69,18/22,0.04326664829558749,0.15271187668481834,0.07815111344168948,0.04326664829558749
0.23,0.07000000000000006,0.7,18/22,0.039138772426138585,0.15256596978273168,0.07633003264982219,0.039138772426138585
0.23,0.06000000000000005,0.71,18/22,0.03501089655668968,0.152420062880645,0.07450895185795486,0.03501089655668968
0.23,0.050000000000000044,0.72,18/22,0.030883020687240772,0.1522741559785583,0.07268787106608757,0.030883020687240772
0.23,0.040000000000000036,0.73,18/22,0.026755144817791864,0.15212824907647166,0.07086679027422026,0.026755144817791864
0.23,0.030000000000000027,0.74,18/22,0.02262726894834296,0.15198234217438497,0.06904570948235295,0.02262726894834296
0.23,0.020000000000000018,0.75,18/22,0.01849939307889405,0.1518364352722983,0.06722462869048564,0.01849939307889405
0.23,0.010000000000000009,0.76,18/22,0.014371517209445144,0.15169052837021163,0.06540354789861832,0.014371517209445144
0.23,0.0,0.77,18/22,0.010243641339996237,0.15154462146812495,0.06358246710675101,0.010243641339996237
0.24,0.76,0.0,15/18,0.16183113826445694,0.16183113826445694,0.20214036672809038,0.3244075831285475
0.24,0.75,0.01,15/18,0.16168523136237026,0.16168523136237026,0.20031928593622306,0.3202797072590986
0.24,0.74,0.02,15/18,0.16153932446028357,0.16153932446028357,0.19849820514435576,0.3161518313896497
0.24,0.73,0.03,15/18,0.16139341755819686,0.16139341755819686,0.19667712435248844,0.3120239555202008
0.24,0.72,0.04,15/18,0.16124751065611018,0.16124751065611018,0.19485604356062114,0.3078960796507519
0.24,0.71,0.05,15/18,0.16110160375402355,0.16110160375402355,0.19303496276875381,0.303768203781303
0.24,0.7,0.06,15/18,0.16095569685193686,0.16095569685193686,0.1912138819768865,0.2996403279118541
0.24,0.69,0.07,15/18,0.16080978994985015,0.16080978994985015,0.1893928011850192,0.29551245204240517
0.24,0.68,0.08,15/18,0.16066388304776352,0.16066388304776352,0.18757172039315193,0.29138457617295627
0.24,0.67,0.09,15/18,0.16051797614567684,0.16051797614567684,0.18575063960128463,0.28725670030350736
0.24,0.66,0.1,15/18,0.16037206924359015,0.16037206924359015,0.1839295588094173,0.28312882443405846
0.24,0.65,0.11,15/18,0.16022616234150347,0.16022616234150347,0.18210847801754998,0.27900094856460955
0.24,0.64,0.12,15/18,0.1600802554394168,0.1600802554394168,0.18028739722568268,0.27487307269516065
0.24,0.63,0.13,15/18,0.15993434853733013,0.15993434853733013,0.17846631643381536,0.27074519682571174
0.24,0.62,0.14,15/18,0.15978844163524344,0.15978844163524344,0.17664523564194806,0.26661732095626284
0.24,0.61,0.15,15/18,0.15964253473315673,0.15964253473315673,0.17482415485008074,0.26248944508681393
0.24,0.6,0.16,15/18,0.15949662783107008,0.15949662783107008,0.1730030740582134,0.25836156921736503
0.24,0.59,0.17,15/18,0.15935072092898342,0.15935072092898342,0.17118199326634614,0.2542336933479161
0.24,0.5800000000000001,0.18,15/18,0.15920481402689676,0.15920481402689676,0.16936091247447885,0.2501058174784673
0.24,0.5700000000000001,0.19,15/18,0.15905890712481008,0.15905890712481008,0.16753983168261155,0.24597794160901837
0.24,0.56,0.2,15/18,0.1589130002227234,0.1589130002227234,0.16571875089074423,0.24185006573956944
0.24,0.55,0.21,15/18,0.1587670933206367,0.1587670933206367,0.1638976700988769,0.23772218987012053
0.24,0.54,0.22,15/18,0.15862118641855003,0.15862118641855003,0.1620765893070096,0.23359431400067163
0.24,0.53,0.23,15/18,0.15847527951646334,0.15847527951646334,0.16025550851514228,0.22946643813122272
0.24,0.52,0.24,15/18,0.15832937261437668,0.15832937261437668,0.15843442772327498,0.22533856226177382
0.24,0.51,0.25,16/18,0.1566133469314077,0.15818346571229,0.1566133469314077,0.2212106863923249
0.24,0.5,0.26,16/18,0.15479226613954036,0.15803755881020332,0.15479226613954036,0.217082810522876
0.24,0.49,0.27,16/18,0.15297118534767307,0.15789165190811666,0.15297118534767307,0.2129549346534271
0.24,0.48,0.28,16/18,0.15115010455580574,0.15774574500602997,0.15115010455580574,0.2088270587839782
0.24,0.47000000000000003,0.29,16/18,0.14932902376393847,0.1575998381039433,0.14932902376393847,0.20469918291452932
0.24,0.46,0.3,16/18,0.14750794297207115,0.1574539312018566,0.14750794297207115,0.20057130704508042
0.24,0.45,0.31,16/18,0.14568686218020382,0.15730802429976992,0.14568686218020382,0.19644343117563148
0.24,0.44,0.32,16/18,0.14386578138833653,0.15716211739768327,0.14386578138833653,0.19231555530618258
0.24,0.43,0.33,16/18,0.1420447005964692,0.15701621049559658,0.1420447005964692,0.18818767943673367
0.24,0.42,0.34,16/18,0.1402236198046019,0.1568703035935099,0.1402236198046019,0.18405980356728477
0.24,0.41000000000000003,0.35,16/18,0.1384025390127346,0.15672439669142324,0.1384025390127346,0.1799319276978359
0.24,0.4,0.36,16/18,0.13658145822086729,0.15657848978933656,0.13658145822086729,0.175804051828387
0.24,0.39,0.37,16/18,0.134760377429,0.15643258288724987,0.134760377429,0.17167617595893808
0.24,0.38,0.38,16/18,0.13293929663713266,0.15628667598516321,0.13293929663713266,0.16754830008948918
0.24,0.37,0.39,16/18,0.13111821584526537,0.1561407690830765,0.13111821584526537,0.16342042422004027
0.24,0.36,0.4,16/18,0.12929713505339804,0.15599486218098985,0.12929713505339804,0.15929254835059137
0.24,0.35000000000000003,0.41,16/18,0.12747605426153075,0.1558489552789032,0.12747605426153075,0.15516467248114246
0.24,0.34,0.42,16/18,0.12565497346966345,0.1557030483768165,0.12565497346966345,0.15103679661169356
0.24,0.33,0.43,16/18,0.12383389267779613,0.15555714147472982,0.12383389267779613,0.14690892074224465
0.24,0.32,0.44,16/18,0.12201281188592882,0.15541123457264316,0.12201281188592882,0.14278104487279575
0.24,0.31,0.45,16/18,0.1201917310940615,0.15526532767055645,0.1201917310940615,0.13865316900334684
0.24,0.3,0.46,16/18,0.1183706503021942,0.1551194207684698,0.1183706503021942,0.13452529313389794
0.24,0.29000000000000004,0.47,16/18,0.11654956951032691,0.15497351386638314,0.11654956951032691,0.13039741726444906
0.24,0.28,0.48,16/18,0.11472848871845959,0.15482760696429643,0.11472848871845959,0.12626954139500016
0.24,0.27,0.49,16/18,0.11290740792659228,0.15468170006220977,0.11290740792659228,0.12214166552555125
0.24,0.26,0.5,16/18,0.11108632713472497,0.15453579316012309,0.11108632713472497,0.11801378965610235
0.24,0.25,0.51,16/18,0.10926524634285767,0.1543898862580364,0.10926524634285767,0.11388591378665344
0.24,0.24,0.52,16/18,0.10744416555099036,0.15424397935594975,0.10744416555099036,0.10975803791720454
0.24,0.22999999999999998,0.53,16/18,0.10562308475912305,0.15409807245386306,0.10562308475912305,0.10563016204775563
0.24,0.21999999999999997,0.54,18/22,0.10150228617830673,0.15395216555177638,0.10380200396725575,0.10150228617830673
0.24,0.20999999999999996,0.55,18/22,0.0973744103088578,0.1538062586496897,0.10198092317538843,0.0973744103088578
0.24,0.19999999999999996,0.56,18/22,0.09324653443940889,0.15366035174760304,0.10015984238352112,0.09324653443940889
0.24,0.19000000000000006,0.57,18/22,0.08911865856996004,0.15351444484551635,0.09833876159165383,0.08911865856996004
0.24,0.18000000000000005,0.58,18/22,0.08499078270051114,0.1533685379434297,0.09651768079978651,0.08499078270051114
0.24,0.17000000000000004,0.59,18/22,0.08086290683106223,0.15322263104134298,0.09469660000791921,0.08086290683106223
0.24,0.16000000000000003,0.6,18/22,0.07673503096161333,0.15307672413925633,0.0928755192160519,0.07673503096161333
0.24,0.15000000000000002,0.61,18/22,0.07260715509216442,0.15293081723716967,0.09105443842418459,0.07260715509216442
0.24,0.14,0.62,18/22,0.0684792792227155,0.15278491033508296,0.08923335763231728,0.0684792792227155
0.24,0.13,0.63,18/22,0.0643514033532666,0.1526390034329963,0.08741227684044997,0.0643514033532666
0.24,0.12,0.64,18/22,0.06022352748381769,0.15249309653090962,0.08559119604858267,0.06022352748381769
0.24,0.10999999999999999,0.65,18/22,0.05609565161436879,0.15234718962882293,0.08377011525671535,0.05609565161436879
0.24,0.09999999999999998,0.66,18/22,0.05196777574491988,0.15220128272673628,0.08194903446484804,0.05196777574491988
0.24,0.08999999999999997,0.67,18/22,0.04783989987547097,0.15205537582464956,0.08012795367298073,0.04783989987547097
0.24,0.07999999999999996,0.68,18/22,0.04371202400602207,0.1519094689225629,0.07830687288111343,0.04371202400602207
0.24,0.07000000000000006,0.69,18/22,0.039584148136573204,0.15176356202047622,0.07648579208924614,0.039584148136573204
0.24,0.06000000000000005,0.7,18/22,0.03545627226712429,0.15161765511838957,0.07466471129737882,0.03545627226712429
0.24,0.050000000000000044,0.71,18/22,0.03132839639767539,0.15147174821630288,0.07284363050551151,0.03132839639767539
0.24,0.040000000000000036,0.72,18/22,0.027200520528226482,0.1513258413142162,0.0710225497136442,0.027200520528226482
0.24,0.030000000000000027,0.73,18/22,0.023072644658777577,0.15117993441212954,0.06920146892177689,0.023072644658777577
0.24,0.020000000000000018,0.74,18/22,0.01894476878932867,0.15103402751004286,0.06738038812990958,0.01894476878932867
0.24,0.010000000000000009,0.75,18/22,0.014816892919879763,0.15088812060795617,0.06555930733804227,0.014816892919879763
0.24,0.0,0.76,18/22,0.010689017050430856,0.1507422137058695,0.06373822654617498,0.010689017050430856
0.25,0.75,0.0,15/18,0.1608828236001148,0.1608828236001148,0.20047504537564703,0.3207250829695332
0.25,0.74,0.01,15/18,0.16073691669802811,0.16073691669802811,0.1986539645837797,0.3165972071000843
0.25,0.73,0.02,15/18,0.16059100979594146,0.16059100979594146,0.1968328837919124,0.3124693312306354
0.25,0.72,0.03,15/18,0.16044510289385475,0.16044510289385475,0.1950118030000451,0.3083414553611865
0.25,0.71,0.04,15/18,0.1602991959917681,0.1602991959917681,0.1931907222081778,0.3042135794917376
0.25,0.7,0.05,15/18,0.1601532890896814,0.1601532890896814,0.19136964141631047,0.3000857036222887
0.25,0.69,0.06,15/18,0.16000738218759475,0.16000738218759475,0.18954856062444314,0.2959578277528398
0.25,0.6799999999999999,0.07,15/18,0.15986147528550804,0.15986147528550804,0.18772747983257587,0.29182995188339084
0.25,0.67,0.08,15/18,0.15971556838342138,0.15971556838342138,0.18590639904070858,0.287702076013942
0.25,0.66,0.09,15/18,0.15956966148133472,0.15956966148133472,0.18408531824884128,0.2835742001444931
0.25,0.65,0.1,15/18,0.15942375457924807,0.15942375457924807,0.18226423745697395,0.2794463242750442
0.25,0.64,0.11,15/18,0.15927784767716135,0.15927784767716135,0.18044315666510663,0.2753184484055953
0.25,0.63,0.12,15/18,0.15913194077507467,0.15913194077507467,0.17862207587323933,0.27119057253614637
0.25,0.62,0.13,15/18,0.158986033872988,0.158986033872988,0.176800995081372,0.26706269666669746
0.25,0.61,0.14,15/18,0.15884012697090133,0.15884012697090133,0.1749799142895047,0.26293482079724856
0.25,0.6,0.15,15/18,0.15869422006881465,0.15869422006881465,0.1731588334976374,0.25880694492779965
0.25,0.59,0.16,15/18,0.15854831316672796,0.15854831316672796,0.1713377527057701,0.25467906905835075
0.25,0.58,0.17,15/18,0.15840240626464128,0.15840240626464128,0.1695166719139028,0.25055119318890184
0.25,0.5700000000000001,0.18,15/18,0.15825649936255465,0.15825649936255465,0.1676955911220355,0.246423317319453
0.25,0.56,0.19,15/18,0.15811059246046794,0.15811059246046794,0.1658745103301682,0.24229544145000406
0.25,0.55,0.2,15/18,0.15796468555838128,0.15796468555838128,0.16405342953830088,0.23816756558055516
0.25,0.54,0.21,15/18,0.1578187786562946,0.1578187786562946,0.16223234874643355,0.23403968971110625
0.25,0.53,0.22,15/18,0.1576728717542079,0.1576728717542079,0.16041126795456626,0.22991181384165735
0.25,0.52,0.23,15/18,0.15752696485212125,0.15752696485212125,0.15859018716269893,0.22578393797220844
0.25,0.51,0.24,16/18,0.15676910637083163,0.15738105795003457,0.15676910637083163,0.22165606210275954
0.25,0.5,0.25,16/18,0.1549480255789643,0.15723515104794789,0.1549480255789643,0.21752818623331063
0.25,0.49,0.26,16/18,0.15312694478709699,0.1570892441458612,0.15312694478709699,0.21340031036386173
0.25,0.48,0.27,16/18,0.1513058639952297,0.15694333724377454,0.1513058639952297,0.20927243449441282
0.25,0.47,0.28,16/18,0.1494847832033624,0.15679743034168786,0.1494847832033624,0.20514455862496392
0.25,0.46,0.29,16/18,0.14766370241149512,0.15665152343960118,0.14766370241149512,0.20101668275551504
0.25,0.45,0.3,16/18,0.1458426216196278,0.1565056165375145,0.1458426216196278,0.1968888068860661
0.25,0.44,0.31,16/18,0.14402154082776047,0.15635970963542783,0.14402154082776047,0.1927609310166172
0.25,0.43,0.32,16/18,0.14220046003589318,0.15621380273334115,0.14220046003589318,0.1886330551471683
0.25,0.42,0.33,16/18,0.14037937924402585,0.15606789583125447,0.14037937924402585,0.1845051792777194
0.25,0.41,0.34,16/18,0.13855829845215856,0.1559219889291678,0.13855829845215856,0.1803773034082705
0.25,0.4,0.35,16/18,0.13673721766029123,0.15577608202708113,0.13673721766029123,0.1762494275388216
0.25,0.39,0.36,16/18,0.13491613686842394,0.15563017512499444,0.13491613686842394,0.1721215516693727
0.25,0.38,0.37,16/18,0.13309505607655664,0.15548426822290778,0.13309505607655664,0.1679936757999238
0.25,0.37,0.38,16/18,0.13127397528468931,0.15533836132082107,0.13127397528468931,0.1638657999304749
0.25,0.36,0.39,16/18,0.12945289449282202,0.15519245441873442,0.12945289449282202,0.159737924061026
0.25,0.35,0.4,16/18,0.1276318137009547,0.15504654751664773,0.1276318137009547,0.1556100481915771
0.25,0.34,0.41,16/18,0.1258107329090874,0.15490064061456105,0.1258107329090874,0.15148217232212818
0.25,0.33,0.42,16/18,0.1239896521172201,0.1547547337124744,0.1239896521172201,0.14735429645267928
0.25,0.32,0.43,16/18,0.12216857132535278,0.1546088268103877,0.12216857132535278,0.14322642058323037
0.25,0.31,0.44,16/18,0.12034749053348547,0.15446291990830102,0.12034749053348547,0.13909854471378147
0.25,0.3,0.45,16/18,0.11852640974161816,0.15431701300621437,0.11852640974161816,0.13497066884433256
0.25,0.29,0.46,16/18,0.11670532894975086,0.15417110610412768,0.11670532894975086,0.13084279297488366
0.25,0.28,0.47,16/18,0.11488424815788356,0.154025199202041,0.11488424815788356,0.12671491710543475
0.25,0.27,0.48,16/18,0.11306316736601624,0.15387929229995434,0.11306316736601624,0.12258704123598586
0.25,0.26,0.49,16/18,0.11124208657414893,0.15373338539786763,0.11124208657414893,0.11845916536653696
0.25,0.25,0.5,16/18,0.10942100578228162,0.15358747849578097,0.10942100578228162,0.11433128949708805
0.25,0.24,0.51,16/18,0.1075999249904143,0.15344157159369431,0.1075999249904143,0.11020341362763915
0.25,0.22999999999999998,0.52,16/18,0.10577884419854701,0.1532956646916076,0.10577884419854701,0.10607553775819024
0.25,0.21999999999999997,0.53,18/22,0.10194766188874134,0.15314975778952095,0.1039577634066797,0.10194766188874134
0.25,0.20999999999999996,0.54,18/22,0.09781978601929242,0.15300385088743426,0.1021366826148124,0.09781978601929242
0.25,0.19999999999999996,0.55,18/22,0.09369191014984352,0.15285794398534758,0.10031560182294508,0.09369191014984352
0.25,0.18999999999999995,0.56,18/22,0.08956403428039461,0.15271203708326092,0.09849452103107777,0.08956403428039461
0.25,0.18000000000000005,0.57,18/22,0.08543615841094575,0.15256613018117424,0.09667344023921048,0.08543615841094575
0.25,0.17000000000000004,0.58,18/22,0.08130828254149684,0.15242022327908755,0.09485235944734316,0.08130828254149684
0.25,0.16000000000000003,0.59,18/22,0.07718040667204794,0.1522743163770009,0.09303127865547586,0.07718040667204794
0.25,0.15000000000000002,0.6,18/22,0.07305253080259903,0.1521284094749142,0.09121019786360854,0.07305253080259903
0.25,0.14,0.61,18/22,0.06892465493315011,0.15198250257282753,0.08938911707174124,0.06892465493315011
0.25,0.13,0.62,18/22,0.06479677906370121,0.15183659567074084,0.08756803627987392,0.06479677906370121
0.25,0.12,0.63,18/22,0.06066890319425231,0.15169068876865419,0.08574695548800662,0.06066890319425231
0.25,0.10999999999999999,0.64,18/22,0.05654102732480341,0.1515447818665675,0.08392587469613931,0.05654102732480341
0.25,0.09999999999999998,0.65,18/22,0.052413151455354495,0.15139887496448082,0.082104793904272,0.052413151455354495
0.25,0.08999999999999997,0.66,18/22,0.04828527558590559,0.15125296806239413,0.08028371311240469,0.04828527558590559
0.25,0.07999999999999996,0.67,18/22,0.044157399716456686,0.15110706116030748,0.07846263232053738,0.044157399716456686
0.25,0.06999999999999995,0.68,18/22,0.04002952384700778,0.1509611542582208,0.07664155152867007,0.04002952384700778
0.25,0.06000000000000005,0.69,18/22,0.03590164797755892,0.1508152473561341,0.07482047073680279,0.03590164797755892
0.25,0.050000000000000044,0.7,18/22,0.03177377210811001,0.15066934045404745,0.07299938994493547,0.03177377210811001
0.25,0.040000000000000036,0.71,18/22,0.0276458962386611,0.15052343355196077,0.07117830915306816,0.0276458962386611
0.25,0.030000000000000027,0.72,18/22,0.023518020369212196,0.15037752664987408,0.06935722836120085,0.023518020369212196
0.25,0.020000000000000018,0.73,18/22,0.019390144499763288,0.15023161974778743,0.06753614756933354,0.019390144499763288
0.25,0.010000000000000009,0.74,18/22,0.015262268630314381,0.15008571284570071,0.06571506677746623,0.015262268630314381
0.25,0.0,0.75,18/22,0.011134392760865475,0.14993980594361406,0.06389398598559892,0.011134392760865475
0.26,0.74,0.0,15/18,0.15993450893577266,0.15993450893577266,0.19880972402320368,0.31704258281051895
0.26,0.73,0.01,15/18,0.15978860203368603,0.15978860203368603,0.19698864323133636,0.31291470694107004
0.26,0.72,0.02,15/18,0.15964269513159934,0.15964269513159934,0.19516756243946906,0.30878683107162114
0.26,0.71,0.03,15/18,0.15949678822951263,0.15949678822951263,0.19334648164760174,0.30465895520217223
0.26,0.7,0.04,15/18,0.15935088132742595,0.15935088132742595,0.19152540085573444,0.3005310793327233
0.26,0.69,0.05,15/18,0.15920497442533932,0.15920497442533932,0.18970432006386712,0.2964032034632744
0.26,0.6799999999999999,0.06,15/18,0.15905906752325263,0.15905906752325263,0.18788323927199982,0.29227532759382546
0.26,0.6699999999999999,0.07,15/18,0.15891316062116592,0.15891316062116592,0.18606215848013252,0.28814745172437656
0.26,0.66,0.08,15/18,0.1587672537190793,0.1587672537190793,0.18424107768826523,0.2840195758549277
0.26,0.65,0.09,15/18,0.1586213468169926,0.1586213468169926,0.18241999689639793,0.2798916999854788
0.26,0.64,0.1,15/18,0.15847543991490592,0.15847543991490592,0.1805989161045306,0.2757638241160299
0.26,0.63,0.11,15/18,0.15832953301281924,0.15832953301281924,0.17877783531266328,0.271635948246581
0.26,0.62,0.12,15/18,0.15818362611073256,0.15818362611073256,0.17695675452079598,0.2675080723771321
0.26,0.61,0.13,15/18,0.1580377192086459,0.1580377192086459,0.17513567372892866,0.2633801965076832
0.26,0.6,0.14,15/18,0.15789181230655921,0.15789181230655921,0.17331459293706136,0.2592523206382343
0.26,0.59,0.15,15/18,0.1577459054044725,0.1577459054044725,0.17149351214519407,0.2551244447687854
0.26,0.58,0.16,15/18,0.15759999850238585,0.15759999850238585,0.16967243135332674,0.25099656889933647
0.26,0.57,0.17,15/18,0.1574540916002992,0.1574540916002992,0.16785135056145944,0.24686869302988756
0.26,0.56,0.18,15/18,0.1573081846982125,0.1573081846982125,0.16603026976959215,0.2427408171604387
0.26,0.55,0.19,15/18,0.15716227779612585,0.15716227779612585,0.16420918897772485,0.23861294129098978
0.26,0.54,0.2,15/18,0.15701637089403916,0.15701637089403916,0.16238810818585753,0.23448506542154088
0.26,0.53,0.21,15/18,0.15687046399195248,0.15687046399195248,0.1605670273939902,0.23035718955209197
0.26,0.52,0.22,15/18,0.1567245570898658,0.1567245570898658,0.1587459466021229,0.22622931368264307
0.26,0.51,0.23,15/18,0.1565786501877791,0.1565786501877791,0.15692486581025558,0.22210143781319416
0.26,0.5,0.24,16/18,0.15510378501838828,0.15643274328569245,0.15510378501838828,0.21797356194374526
0.26,0.49,0.25,16/18,0.15328270422652096,0.15628683638360577,0.15328270422652096,0.21384568607429635
0.26,0.48,0.26,16/18,0.15146162343465364,0.1561409294815191,0.15146162343465364,0.20971781020484745
0.26,0.47,0.27,16/18,0.14964054264278637,0.15599502257943243,0.14964054264278637,0.20558993433539854
0.26,0.45999999999999996,0.28,16/18,0.14781946185091904,0.15584911567734575,0.14781946185091904,0.20146205846594964
0.26,0.45,0.29,16/18,0.14599838105905172,0.15570320877525906,0.14599838105905172,0.19733418259650073
0.26,0.44,0.3,16/18,0.14417730026718442,0.15555730187317238,0.14417730026718442,0.19320630672705183
0.26,0.43,0.31,16/18,0.14235621947531713,0.1554113949710857,0.14235621947531713,0.18907843085760292
0.26,0.42,0.32,16/18,0.14053513868344983,0.15526548806899904,0.14053513868344983,0.18495055498815402
0.26,0.41,0.33,16/18,0.1387140578915825,0.15511958116691235,0.1387140578915825,0.18082267911870512
0.26,0.39999999999999997,0.34,16/18,0.1368929770997152,0.15497367426482567,0.1368929770997152,0.1766948032492562
0.26,0.39,0.35,16/18,0.13507189630784788,0.154827767362739,0.13507189630784788,0.17256692737980733
0.26,0.38,0.36,16/18,0.1332508155159806,0.15468186046065233,0.1332508155159806,0.16843905151035843
0.26,0.37,0.37,16/18,0.1314297347241133,0.15453595355856564,0.1314297347241133,0.16431117564090952
0.26,0.36,0.38,16/18,0.12960865393224597,0.15439004665647899,0.12960865393224597,0.16018329977146062
0.26,0.35,0.39,16/18,0.12778757314037867,0.15424413975439227,0.12778757314037867,0.15605542390201171
0.26,0.33999999999999997,0.4,16/18,0.12596649234851134,0.15409823285230562,0.12596649234851134,0.15192754803256278
0.26,0.33,0.41,16/18,0.12414541155664406,0.15395232595021896,0.12414541155664406,0.1477996721631139
0.26,0.32,0.42,16/18,0.12232433076477675,0.15380641904813228,0.12232433076477675,0.143671796293665
0.26,0.31,0.43,16/18,0.12050324997290943,0.1536605121460456,0.12050324997290943,0.1395439204242161
0.26,0.3,0.44,16/18,0.11868216918104212,0.15351460524395893,0.11868216918104212,0.1354160445547672
0.26,0.29,0.45,16/18,0.1168610883891748,0.15336869834187222,0.1168610883891748,0.13128816868531828
0.26,0.27999999999999997,0.46,16/18,0.1150400075973075,0.15322279143978557,0.1150400075973075,0.12716029281586938
0.26,0.27,0.47,16/18,0.11321892680544021,0.15307688453769888,0.11321892680544021,0.12303241694642048
0.26,0.26,0.48,16/18,0.11139784601357289,0.1529309776356122,0.11139784601357289,0.11890454107697157
0.26,0.25,0.49,16/18,0.10957676522170558,0.15278507073352554,0.10957676522170558,0.11477666520752267
0.26,0.24,0.5,16/18,0.10775568442983827,0.15263916383143886,0.10775568442983827,0.11064878933807376
0.26,0.22999999999999998,0.51,16/18,0.10593460363797096,0.15249325692935217,0.10593460363797096,0.10652091346862486
0.26,0.21999999999999997,0.52,18/22,0.10239303759917595,0.15234735002726552,0.10411352284610365,0.10239303759917595
0.26,0.20999999999999996,0.53,18/22,0.09826516172972705,0.15220144312517883,0.10229244205423635,0.09826516172972705
0.26,0.19999999999999996,0.54,18/22,0.09413728586027814,0.15205553622309215,0.10047136126236902,0.09413728586027814
0.26,0.18999999999999995,0.55,18/22,0.09000940999082924,0.15190962932100546,0.09865028047050173,0.09000940999082924
0.26,0.17999999999999994,0.56,18/22,0.08588153412138033,0.1517637224189188,0.09682919967863442,0.08588153412138033
0.26,0.17000000000000004,0.57,18/22,0.08175365825193145,0.15161781551683212,0.09500811888676712,0.08175365825193145
0.26,0.16000000000000003,0.58,18/22,0.07762578238248255,0.15147190861474547,0.09318703809489981,0.07762578238248255
0.26,0.15000000000000002,0.59,18/22,0.07349790651303365,0.15132600171265875,0.0913659573030325,0.07349790651303365
0.26,0.14,0.6,18/22,0.06937003064358474,0.1511800948105721,0.08954487651116519,0.06937003064358474
0.26,0.13,0.61,18/22,0.06524215477413584,0.1510341879084854,0.08772379571929788,0.06524215477413584
0.26,0.12,0.62,18/22,0.06111427890468693,0.15088828100639873,0.08590271492743057,0.06111427890468693
0.26,0.10999999999999999,0.63,18/22,0.056986403035238026,0.15074237410431207,0.08408163413556327,0.056986403035238026
0.26,0.09999999999999998,0.64,18/22,0.052858527165789114,0.15059646720222536,0.08226055334369595,0.052858527165789114
0.26,0.08999999999999997,0.65,18/22,0.04873065129634021,0.1504505603001387,0.08043947255182865,0.04873065129634021
0.26,0.07999999999999996,0.66,18/22,0.044602775426891304,0.15030465339805205,0.07861839175996134,0.044602775426891304
0.26,0.06999999999999995,0.67,18/22,0.04047489955744239,0.15015874649596533,0.07679731096809403,0.04047489955744239
0.26,0.05999999999999994,0.68,18/22,0.03634702368799349,0.15001283959387868,0.0749762301762267,0.03634702368799349
0.26,0.050000000000000044,0.69,18/22,0.032219147818544625,0.149866932691792,0.07315514938435944,0.032219147818544625
0.26,0.040000000000000036,0.7,18/22,0.02809127194909572,0.14972102578970534,0.07133406859249211,0.02809127194909572
0.26,0.030000000000000027,0.71,18/22,0.023963396079646815,0.14957511888761865,0.0695129878006248,0.023963396079646815
0.26,0.020000000000000018,0.72,18/22,0.019835520210197907,0.14942921198553197,0.06769190700875749,0.019835520210197907
0.26,0.010000000000000009,0.73,18/22,0.015707644340748998,0.14928330508344528,0.0658708262168902,0.015707644340748998
0.26,0.0,0.74,18/22,0.011579768471300093,0.14913739818135863,0.06404974542502287,0.011579768471300093
0.27,0.73,0.0,15/18,0.15898619427143057,0.15898619427143057,0.1971444026707603,0.31336008265150467
0.27,0.72,0.01,15/18,0.15884028736934389,0.15884028736934389,0.19532332187889298,0.30923220678205576
0.27,0.71,0.02,15/18,0.15869438046725723,0.15869438046725723,0.19350224108702568,0.30510433091260686
0.27,0.7,0.03,15/18,0.15854847356517052,0.15854847356517052,0.19168116029515836,0.30097645504315795
0.27,0.69,0.04,15/18,0.15840256666308386,0.15840256666308386,0.18986007950329106,0.29684857917370905
0.27,0.6799999999999999,0.05,15/18,0.15825665976099718,0.15825665976099718,0.18803899871142377,0.2927207033042601
0.27,0.6699999999999999,0.06,15/18,0.1581107528589105,0.1581107528589105,0.18621791791955644,0.2885928274348112
0.27,0.6599999999999999,0.07,15/18,0.1579648459568238,0.1579648459568238,0.18439683712768914,0.2844649515653623
0.27,0.65,0.08,15/18,0.15781893905473715,0.15781893905473715,0.18257575633582185,0.28033707569591343
0.27,0.64,0.09,15/18,0.1576730321526505,0.1576730321526505,0.18075467554395455,0.2762091998264645
0.27,0.63,0.1,15/18,0.1575271252505638,0.1575271252505638,0.17893359475208723,0.2720813239570156
0.27,0.62,0.11,15/18,0.1573812183484771,0.1573812183484771,0.1771125139602199,0.2679534480875667
0.27,0.61,0.12,15/18,0.15723531144639044,0.15723531144639044,0.1752914331683526,0.2638255722181178
0.27,0.6,0.13,15/18,0.15708940454430376,0.15708940454430376,0.17347035237648528,0.2596976963486689
0.27,0.59,0.14,15/18,0.1569434976422171,0.1569434976422171,0.171649271584618,0.25556982047922
0.27,0.58,0.15,15/18,0.1567975907401304,0.1567975907401304,0.1698281907927507,0.2514419446097711
0.27,0.57,0.16,15/18,0.15665168383804373,0.15665168383804373,0.16800711000088336,0.2473140687403222
0.27,0.5599999999999999,0.17,15/18,0.15650577693595705,0.15650577693595705,0.16618602920901607,0.24318619287087329
0.27,0.55,0.18,15/18,0.1563598700338704,0.1563598700338704,0.16436494841714877,0.2390583170014244
0.27,0.54,0.19,15/18,0.1562139631317837,0.1562139631317837,0.16254386762528147,0.2349304411319755
0.27,0.53,0.2,15/18,0.15606805622969705,0.15606805622969705,0.16072278683341415,0.2308025652625266
0.27,0.52,0.21,15/18,0.15592214932761037,0.15592214932761037,0.15890170604154683,0.2266746893930777
0.27,0.51,0.22,15/18,0.15577624242552368,0.15577624242552368,0.15708062524967956,0.2225468135236288
0.27,0.5,0.23,16/18,0.15525954445781223,0.15563033552343702,0.15525954445781223,0.21841893765417988
0.27,0.49,0.24,16/18,0.15343846366594494,0.15548442862135034,0.15343846366594494,0.21429106178473098
0.27,0.48,0.25,16/18,0.1516173828740776,0.15533852171926366,0.1516173828740776,0.21016318591528207
0.27,0.47,0.26,16/18,0.1497963020822103,0.15519261481717697,0.1497963020822103,0.20603531004583317
0.27,0.45999999999999996,0.27,16/18,0.147975221290343,0.15504670791509031,0.147975221290343,0.20190743417638427
0.27,0.44999999999999996,0.28,16/18,0.14615414049847567,0.15490080101300363,0.14615414049847567,0.19777955830693536
0.27,0.44,0.29,16/18,0.14433305970660837,0.15475489411091695,0.14433305970660837,0.19365168243748646
0.27,0.43,0.3,16/18,0.1425119789147411,0.15460898720883026,0.1425119789147411,0.18952380656803755
0.27,0.42,0.31,16/18,0.14069089812287378,0.1544630803067436,0.14069089812287378,0.18539593069858865
0.27,0.41,0.32,16/18,0.13886981733100645,0.15431717340465692,0.13886981733100645,0.18126805482913974
0.27,0.39999999999999997,0.33,16/18,0.13704873653913915,0.15417126650257024,0.13704873653913915,0.17714017895969084
0.27,0.38999999999999996,0.34,16/18,0.13522765574727183,0.15402535960048358,0.13522765574727183,0.17301230309024193
0.27,0.38,0.35,16/18,0.13340657495540453,0.1538794526983969,0.13340657495540453,0.16888442722079305
0.27,0.37,0.36,16/18,0.13158549416353724,0.1537335457963102,0.13158549416353724,0.16475655135134415
0.27,0.36,0.37,16/18,0.1297644133716699,0.15358763889422353,0.1297644133716699,0.16062867548189524
0.27,0.35,0.38,16/18,0.12794333257980262,0.15344173199213684,0.12794333257980262,0.15650079961244634
0.27,0.33999999999999997,0.39,16/18,0.12612225178793532,0.1532958250900502,0.12612225178793532,0.1523729237429974
0.27,0.32999999999999996,0.4,16/18,0.124301170996068,0.1531499181879635,0.124301170996068,0.1482450478735485
0.27,0.32,0.41,16/18,0.1224800902042007,0.15300401128587682,0.1224800902042007,0.14411717200409963
0.27,0.31,0.42,16/18,0.12065900941233337,0.15285810438379016,0.12065900941233337,0.13998929613465072
0.27,0.3,0.43,16/18,0.11883792862046606,0.15271219748170345,0.11883792862046606,0.13586142026520182
0.27,0.29,0.44,16/18,0.11701684782859877,0.1525662905796168,0.11701684782859877,0.1317335443957529
0.27,0.27999999999999997,0.45,16/18,0.11519576703673146,0.15242038367753014,0.11519576703673146,0.127605668526304
0.27,0.26999999999999996,0.46,16/18,0.11337468624486415,0.15227447677544342,0.11337468624486415,0.12347779265685509
0.27,0.26,0.47,16/18,0.11155360545299683,0.15212856987335677,0.11155360545299683,0.1193499167874062
0.27,0.25,0.48,16/18,0.10973252466112952,0.1519826629712701,0.10973252466112952,0.11522204091795729
0.27,0.24,0.49,16/18,0.10791144386926221,0.1518367560691834,0.10791144386926221,0.11109416504850839
0.27,0.22999999999999998,0.5,16/18,0.10609036307739492,0.15169084916709674,0.10609036307739492,0.10696628917905948
0.27,0.21999999999999997,0.51,18/22,0.10283841330961058,0.15154494226501009,0.1042692822855276,0.10283841330961058
0.27,0.20999999999999996,0.52,18/22,0.09871053744016166,0.15139903536292337,0.1024482014936603,0.09871053744016166
0.27,0.19999999999999996,0.53,18/22,0.09458266157071275,0.15125312846083672,0.10062712070179297,0.09458266157071275
0.27,0.18999999999999995,0.54,18/22,0.09045478570126385,0.15110722155875003,0.09880603990992567,0.09045478570126385
0.27,0.17999999999999994,0.55,18/22,0.08632690983181494,0.15096131465666335,0.09698495911805836,0.08632690983181494
0.27,0.16999999999999993,0.56,18/22,0.08219903396236604,0.1508154077545767,0.09516387832619105,0.08219903396236604
0.27,0.16000000000000003,0.57,18/22,0.07807115809291718,0.15066950085249,0.09334279753432376,0.07807115809291718
0.27,0.15000000000000002,0.58,18/22,0.07394328222346827,0.15052359395040332,0.09152171674245645,0.07394328222346827
0.27,0.14,0.59,18/22,0.06981540635401937,0.15037768704831664,0.08970063595058915,0.06981540635401937
0.27,0.13,0.6,18/22,0.06568753048457046,0.15023178014622995,0.08787955515872184,0.06568753048457046
0.27,0.12,0.61,18/22,0.06155965461512155,0.1500858732441433,0.08605847436685451,0.06155965461512155
0.27,0.10999999999999999,0.62,18/22,0.057431778745672644,0.1499399663420566,0.08423739357498722,0.057431778745672644
0.27,0.09999999999999998,0.63,18/22,0.05330390287622373,0.14979405943996993,0.08241631278311991,0.05330390287622373
0.27,0.08999999999999997,0.64,18/22,0.04917602700677483,0.14964815253788327,0.0805952319912526,0.04917602700677483
0.27,0.07999999999999996,0.65,18/22,0.04504815113732592,0.1495022456357966,0.07877415119938529,0.04504815113732592
0.27,0.06999999999999995,0.66,18/22,0.04092027526787702,0.1493563387337099,0.07695307040751798,0.04092027526787702
0.27,0.05999999999999994,0.67,18/22,0.036792399398428106,0.14921043183162325,0.07513198961565068,0.036792399398428106
0.27,0.04999999999999993,0.68,18/22,0.0326645235289792,0.14906452492953656,0.07331090882378336,0.0326645235289792
0.27,0.040000000000000036,0.69,18/22,0.02853664765953034,0.14891861802744988,0.07148982803191607,0.02853664765953034
0.27,0.030000000000000027,0.7,18/22,0.024408771790081434,0.14877271112536322,0.06966874724004876,0.024408771790081434
0.27,0.020000000000000018,0.71,18/22,0.02028089592063253,0.1486268042232765,0.06784766644818145,0.02028089592063253
0.27,0.010000000000000009,0.72,18/22,0.01615302005118362,0.14848089732118985,0.06602658565631414,0.01615302005118362
0.27,0.0,0.73,18/22,0.012025144181734714,0.14833499041910317,0.06420550486444683,0.012025144181734714
0.28,0.72,0.0,15/18,0.15803787960708843,0.15803787960708843,0.19547908131831696,0.3096775824924904
0.28,0.71,0.01,15/18,0.15789197270500177,0.15789197270500177,0.19365800052644963,0.3055497066230415
0.28,0.7,0.02,15/18,0.1577460658029151,0.1577460658029151,0.19183691973458233,0.3014218307535926
0.28,0.69,0.03,15/18,0.1576001589008284,0.1576001589008284,0.190015838942715,0.2972939548841437
0.28,0.6799999999999999,0.04,15/18,0.15745425199874172,0.15745425199874172,0.18819475815084774,0.2931660790146947
0.28,0.6699999999999999,0.05,15/18,0.15730834509665506,0.15730834509665506,0.18637367735898042,0.2890382031452458
0.28,0.6599999999999999,0.06,15/18,0.15716243819456838,0.15716243819456838,0.1845525965671131,0.2849103272757969
0.28,0.6499999999999999,0.07,15/18,0.1570165312924817,0.1570165312924817,0.1827315157752458,0.280782451406348
0.28,0.64,0.08,15/18,0.15687062439039504,0.15687062439039504,0.1809104349833785,0.27665457553689915
0.28,0.63,0.09,15/18,0.15672471748830838,0.15672471748830838,0.1790893541915112,0.27252669966745025
0.28,0.62,0.1,15/18,0.1565788105862217,0.1565788105862217,0.17726827339964388,0.26839882379800134
0.28,0.61,0.11,15/18,0.15643290368413498,0.15643290368413498,0.17544719260777655,0.26427094792855244
0.28,0.6,0.12,15/18,0.15628699678204833,0.15628699678204833,0.17362611181590926,0.26014307205910353
0.28,0.59,0.13,15/18,0.15614108987996164,0.15614108987996164,0.17180503102404196,0.2560151961896546
0.28,0.58,0.14,15/18,0.15599518297787499,0.15599518297787499,0.16998395023217466,0.2518873203202057
0.28,0.57,0.15,15/18,0.15584927607578827,0.15584927607578827,0.16816286944030734,0.2477594444507568
0.28,0.5599999999999999,0.16,15/18,0.15570336917370162,0.15570336917370162,0.16634178864844001,0.24363156858130788
0.28,0.5499999999999999,0.17,15/18,0.15555746227161493,0.15555746227161493,0.16452070785657272,0.23950369271185898
0.28,0.54,0.18,15/18,0.15541155536952828,0.15541155536952828,0.16269962706470542,0.2353758168424101
0.28,0.53,0.19,15/18,0.15526564846744162,0.15526564846744162,0.16087854627283812,0.2312479409729612
0.28,0.52,0.2,15/18,0.15511974156535493,0.15511974156535493,0.1590574654809708,0.2271200651035123
0.28,0.51,0.21,15/18,0.15497383466326825,0.15497383466326825,0.1572363846891035,0.2229921892340634
0.28,0.5,0.22,15/18,0.15482792776118157,0.15482792776118157,0.1554153038972362,0.21886431336461448
0.28,0.49,0.23,16/18,0.15359422310536888,0.15468202085909488,0.15359422310536888,0.21473643749516558
0.28,0.48,0.24,16/18,0.15177314231350159,0.15453611395700823,0.15177314231350159,0.21060856162571667
0.28,0.47,0.25,16/18,0.14995206152163426,0.15439020705492154,0.14995206152163426,0.20648068575626777
0.28,0.45999999999999996,0.26,16/18,0.14813098072976694,0.15424430015283486,0.14813098072976694,0.20235280988681886
0.28,0.44999999999999996,0.27,16/18,0.14630989993789964,0.1540983932507482,0.14630989993789964,0.19822493401736996
0.28,0.43999999999999995,0.28,16/18,0.14448881914603232,0.15395248634866152,0.14448881914603232,0.19409705814792105
0.28,0.43,0.29,16/18,0.14266773835416502,0.15380657944657483,0.14266773835416502,0.18996918227847215
0.28,0.42,0.3,16/18,0.14084665756229772,0.15366067254448815,0.14084665756229772,0.18584130640902324
0.28,0.41,0.31,16/18,0.1390255767704304,0.15351476564240146,0.1390255767704304,0.18171343053957434
0.28,0.39999999999999997,0.32,16/18,0.1372044959785631,0.1533688587403148,0.1372044959785631,0.17758555467012543
0.28,0.38999999999999996,0.33,16/18,0.13538341518669578,0.15322295183822812,0.13538341518669578,0.17345767880067653
0.28,0.37999999999999995,0.34,16/18,0.13356233439482848,0.15307704493614144,0.13356233439482848,0.16932980293122762
0.28,0.37,0.35,16/18,0.13174125360296118,0.15293113803405478,0.13174125360296118,0.16520192706177875
0.28,0.36,0.36,16/18,0.12992017281109386,0.1527852311319681,0.12992017281109386,0.16107405119232984
0.28,0.35,0.37,16/18,0.12809909201922656,0.1526393242298814,0.12809909201922656,0.15694617532288094
0.28,0.33999999999999997,0.38,16/18,0.12627801122735927,0.15249341732779476,0.12627801122735927,0.152818299453432
0.28,0.32999999999999996,0.39,16/18,0.12445693043549194,0.15234751042570804,0.12445693043549194,0.1486904235839831
0.28,0.31999999999999995,0.4,16/18,0.12263584964362463,0.1522016035236214,0.12263584964362463,0.1445625477145342
0.28,0.31,0.41,16/18,0.12081476885175733,0.1520556966215347,0.12081476885175733,0.14043467184508532
0.28,0.3,0.42,16/18,0.11899368805989002,0.15190978971944802,0.11899368805989002,0.1363067959756364
0.28,0.29,0.43,16/18,0.11717260726802271,0.15176388281736136,0.11717260726802271,0.1321789201061875
0.28,0.27999999999999997,0.44,16/18,0.1153515264761554,0.15161797591527468,0.1153515264761554,0.1280510442367386
0.28,0.26999999999999996,0.45,16/18,0.11353044568428809,0.151472069013188,0.11353044568428809,0.12392316836728971
0.28,0.25999999999999995,0.46,16/18,0.11170936489242078,0.15132616211110134,0.11170936489242078,0.1197952924978408
0.28,0.25,0.47,16/18,0.10988828410055348,0.15118025520901465,0.10988828410055348,0.11566741662839192
0.28,0.24,0.48,16/18,0.10806720330868617,0.15103434830692797,0.10806720330868617,0.11153954075894301
0.28,0.22999999999999998,0.49,16/18,0.10624612251681886,0.1508884414048413,0.10624612251681886,0.10741166488949411
0.28,0.21999999999999997,0.5,18/22,0.1032837890200452,0.15074253450275463,0.10442504172495155,0.1032837890200452
0.28,0.20999999999999996,0.51,18/22,0.09915591315059628,0.15059662760066794,0.10260396093308426,0.09915591315059628
0.28,0.19999999999999996,0.52,18/22,0.09502803728114738,0.15045072069858126,0.10078288014121695,0.09502803728114738
0.28,0.18999999999999995,0.53,18/22,0.09090016141169847,0.15030481379649457,0.09896179934934962,0.09090016141169847
0.28,0.17999999999999994,0.54,18/22,0.08677228554224957,0.15015890689440792,0.09714071855748233,0.08677228554224957
0.28,0.16999999999999993,0.55,18/22,0.08264440967280066,0.15001299999232123,0.09531963776561501,0.08264440967280066
0.28,0.15999999999999992,0.56,18/22,0.07851653380335176,0.14986709309023455,0.0934985569737477,0.07851653380335176
0.28,0.15000000000000002,0.57,18/22,0.0743886579339029,0.1497211861881479,0.09167747618188041,0.0743886579339029
0.28,0.14,0.58,18/22,0.07026078206445398,0.1495752792860612,0.0898563953900131,0.07026078206445398
0.28,0.13,0.59,18/22,0.06613290619500507,0.14942937238397452,0.08803531459814579,0.06613290619500507
0.28,0.12,0.6,18/22,0.06200503032555617,0.14928346548188787,0.08621423380627849,0.06200503032555617
0.28,0.10999999999999999,0.61,18/22,0.05787715445610726,0.14913755857980118,0.08439315301441117,0.05787715445610726
0.28,0.09999999999999998,0.62,18/22,0.05374927858665835,0.1489916516777145,0.08257207222254387,0.05374927858665835
0.28,0.08999999999999997,0.63,18/22,0.04962140271720945,0.14884574477562784,0.08075099143067654,0.04962140271720945
0.28,0.07999999999999996,0.64,18/22,0.04549352684776054,0.14869983787354113,0.07892991063880925,0.04549352684776054
0.28,0.06999999999999995,0.65,18/22,0.04136565097831164,0.14855393097145447,0.07710882984694194,0.04136565097831164
0.28,0.05999999999999994,0.66,18/22,0.037237775108862725,0.14840802406936782,0.07528774905507463,0.037237775108862725
0.28,0.04999999999999993,0.67,18/22,0.03310989923941382,0.1482621171672811,0.07346666826320732,0.03310989923941382
0.28,0.039999999999999925,0.68,18/22,0.028982023369964915,0.14811621026519445,0.07164558747134,0.028982023369964915
0.28,0.030000000000000027,0.69,18/22,0.024854147500516052,0.14797030336310776,0.06982450667947271,0.024854147500516052
0.28,0.020000000000000018,0.7,18/22,0.020726271631067147,0.14782439646102108,0.06800342588760541,0.020726271631067147
0.28,0.010000000000000009,0.71,18/22,0.01659839576161824,0.1476784895589344,0.06618234509573809,0.01659839576161824
0.28,0.0,0.72,18/22,0.012470519892169333,0.14753258265684774,0.06436126430387079,0.012470519892169333
0.29,0.71,0.0,15/18,0.15708956494274634,0.15708956494274634,0.1938137599658736,0.30599508233347605
0.29,0.7,0.01,15/18,0.15694365804065966,0.15694365804065966,0.19199267917400628,0.3018672064640272
0.29,0.69,0.02,15/18,0.156797751138573,0.156797751138573,0.19017159838213898,0.29773933059457824
0.29,0.6799999999999999,0.03,15/18,0.1566518442364863,0.1566518442364863,0.1883505175902717,0.2936114547251293
0.29,0.6699999999999999,0.04,15/18,0.1565059373343996,0.1565059373343996,0.1865294367984044,0.28948357885568043
0.29,0.6599999999999999,0.05,15/18,0.15636003043231295,0.15636003043231295,0.18470835600653707,0.2853557029862315
0.29,0.6499999999999999,0.06,15/18,0.15621412353022626,0.15621412353022626,0.18288727521466974,0.2812278271167826
0.29,0.6399999999999999,0.07,15/18,0.15606821662813958,0.15606821662813958,0.18106619442280245,0.27709995124733366
0.29,0.63,0.08,15/18,0.15592230972605292,0.15592230972605292,0.17924511363093515,0.2729720753778848
0.29,0.62,0.09,15/18,0.15577640282396624,0.15577640282396624,0.17742403283906785,0.26884419950843597
0.29,0.61,0.1,15/18,0.15563049592187958,0.15563049592187958,0.17560295204720053,0.264716323638987
0.29,0.6,0.11,15/18,0.15548458901979287,0.15548458901979287,0.1737818712553332,0.26058844776953816
0.29,0.59,0.12,15/18,0.1553386821177062,0.1553386821177062,0.17196079046346593,0.2564605719000892
0.29,0.58,0.13,15/18,0.15519277521561953,0.15519277521561953,0.1701397096715986,0.25233269603064035
0.29,0.57,0.14,15/18,0.15504686831353287,0.15504686831353287,0.1683186288797313,0.24820482016119141
0.29,0.5599999999999999,0.15,15/18,0.15490096141144616,0.15490096141144616,0.166497548087864,0.2440769442917425
0.29,0.5499999999999999,0.16,15/18,0.1547550545093595,0.1547550545093595,0.16467646729599666,0.2399490684222936
0.29,0.5399999999999999,0.17,15/18,0.15460914760727282,0.15460914760727282,0.16285538650412937,0.2358211925528447
0.29,0.53,0.18,15/18,0.15446324070518616,0.15446324070518616,0.16103430571226207,0.23169331668339582
0.29,0.52,0.19,15/18,0.15431733380309948,0.15431733380309948,0.15921322492039477,0.22756544081394692
0.29,0.51,0.2,15/18,0.1541714269010128,0.1541714269010128,0.15739214412852745,0.223437564944498
0.29,0.5,0.21,15/18,0.15402551999892614,0.15402551999892614,0.15557106333666013,0.2193096890750491
0.29,0.49,0.22,16/18,0.15374998254479283,0.15387961309683945,0.15374998254479283,0.2151818132056002
0.29,0.48,0.23,16/18,0.1519289017529255,0.1537337061947528,0.1519289017529255,0.2110539373361513
0.29,0.47,0.24,16/18,0.15010782096105824,0.15358779929266608,0.15010782096105824,0.2069260614667024
0.29,0.45999999999999996,0.25,16/18,0.1482867401691909,0.15344189239057943,0.1482867401691909,0.2027981855972535
0.29,0.44999999999999996,0.26,16/18,0.1464656593773236,0.15329598548849274,0.1464656593773236,0.19867030972780458
0.29,0.43999999999999995,0.27,16/18,0.1446445785854563,0.15315007858640609,0.1446445785854563,0.19454243385835568
0.29,0.42999999999999994,0.28,16/18,0.14282349779358897,0.1530041716843194,0.14282349779358897,0.19041455798890675
0.29,0.42,0.29,16/18,0.14100241700172167,0.15285826478223272,0.14100241700172167,0.18628668211945787
0.29,0.41,0.3,16/18,0.13918133620985434,0.15271235788014603,0.13918133620985434,0.18215880625000896
0.29,0.39999999999999997,0.31,16/18,0.13736025541798705,0.15256645097805938,0.13736025541798705,0.17803093038056006
0.29,0.38999999999999996,0.32,16/18,0.13553917462611972,0.15242054407597266,0.13553917462611972,0.17390305451111115
0.29,0.37999999999999995,0.33,16/18,0.13371809383425243,0.152274637173886,0.13371809383425243,0.16977517864166225
0.29,0.36999999999999994,0.34,16/18,0.13189701304238513,0.15212873027179932,0.13189701304238513,0.16564730277221335
0.29,0.36,0.35,16/18,0.13007593225051783,0.15198282336971264,0.13007593225051783,0.16151942690276447
0.29,0.35,0.36,16/18,0.1282548514586505,0.15183691646762595,0.1282548514586505,0.15739155103331556
0.29,0.33999999999999997,0.37,16/18,0.1264337706667832,0.1516910095655393,0.1264337706667832,0.15326367516386663
0.29,0.32999999999999996,0.38,16/18,0.12461268987491589,0.1515451026634526,0.12461268987491589,0.14913579929441773
0.29,0.31999999999999995,0.39,16/18,0.12279160908304858,0.15139919576136596,0.12279160908304858,0.14500792342496882
0.29,0.30999999999999994,0.4,16/18,0.12097052829118127,0.15125328885927924,0.12097052829118127,0.14088004755551992
0.29,0.3,0.41,16/18,0.11914944749931397,0.1511073819571926,0.11914944749931397,0.13675217168607104
0.29,0.29,0.42,16/18,0.11732836670744667,0.15096147505510593,0.11732836670744667,0.13262429581662213
0.29,0.27999999999999997,0.43,16/18,0.11550728591557935,0.15081556815301922,0.11550728591557935,0.12849641994717323
0.29,0.26999999999999996,0.44,16/18,0.11368620512371204,0.15066966125093256,0.11368620512371204,0.12436854407772432
0.29,0.25999999999999995,0.45,16/18,0.11186512433184473,0.1505237543488459,0.11186512433184473,0.1202406682082754
0.29,0.24999999999999994,0.46,16/18,0.11004404353997743,0.1503778474467592,0.11004404353997743,0.1161127923388265
0.29,0.24,0.47,16/18,0.10822296274811014,0.15023194054467254,0.10822296274811014,0.11198491646937762
0.29,0.22999999999999998,0.48,16/18,0.10640188195624281,0.15008603364258588,0.10640188195624281,0.10785704059992872
0.29,0.21999999999999997,0.49,18/22,0.10372916473047981,0.14994012674049917,0.1045808011643755,0.10372916473047981
0.29,0.20999999999999996,0.5,18/22,0.0996012888610309,0.1497942198384125,0.1027597203725082,0.0996012888610309
0.29,0.19999999999999996,0.51,18/22,0.09547341299158199,0.14964831293632583,0.1009386395806409,0.09547341299158199
0.29,0.18999999999999995,0.52,18/22,0.09134553712213309,0.14950240603423914,0.09911755878877358,0.09134553712213309
0.29,0.17999999999999994,0.53,18/22,0.08721766125268418,0.1493564991321525,0.09729647799690627,0.08721766125268418
0.29,0.16999999999999993,0.54,18/22,0.08308978538323528,0.1492105922300658,0.09547539720503898,0.08308978538323528
0.29,0.15999999999999992,0.55,18/22,0.07896190951378637,0.14906468532797912,0.09365431641317165,0.07896190951378637
0.29,0.1499999999999999,0.56,18/22,0.07483403364433747,0.14891877842589246,0.09183323562130434,0.07483403364433747
0.29,0.14,0.57,18/22,0.07070615777488859,0.14877287152380575,0.09001215482943706,0.07070615777488859
0.29,0.13,0.58,18/22,0.06657828190543968,0.1486269646217191,0.08819107403756973,0.06657828190543968
0.29,0.12,0.59,18/22,0.06245040603599079,0.1484810577196324,0.08636999324570244,0.06245040603599079
0.29,0.10999999999999999,0.6,18/22,0.05832253016654188,0.14833515081754572,0.08454891245383513,0.05832253016654188
0.29,0.09999999999999998,0.61,18/22,0.05419465429709297,0.14818924391545907,0.08272783166196782,0.05419465429709297
0.29,0.08999999999999997,0.62,18/22,0.050066778427644065,0.14804333701337238,0.08090675087010049,0.050066778427644065
0.29,0.07999999999999996,0.63,18/22,0.04593890255819516,0.1478974301112857,0.0790856700782332,0.04593890255819516
0.29,0.06999999999999995,0.64,18/22,0.041811026688746256,0.14775152320919901,0.0772645892863659,0.041811026688746256
0.29,0.05999999999999994,0.65,18/22,0.037683150819297344,0.14760561630711236,0.07544350849449857,0.037683150819297344
0.29,0.04999999999999993,0.66,18/22,0.03355527494984844,0.14745970940502567,0.07362242770263126,0.03355527494984844
0.29,0.039999999999999925,0.67,18/22,0.02942739908039953,0.147313802502939,0.07180134691076395,0.02942739908039953
0.29,0.029999999999999916,0.68,18/22,0.025299523210950622,0.1471678956008523,0.06998026611889664,0.025299523210950622
0.29,0.020000000000000018,0.69,18/22,0.021171647341501763,0.14702198869876565,0.06815918532702936,0.021171647341501763
0.29,0.010000000000000009,0.7,18/22,0.017043771472052854,0.14687608179667896,0.06633810453516205,0.017043771472052854
0.29,0.0,0.71,18/22,0.01291589560260395,0.14673017489459228,0.06451702374329474,0.01291589560260395
0.3,0.7,0.0,15/18,0.1561412502784042,0.1561412502784042,0.19214843861343023,0.3023125821744618
0.3,0.69,0.01,15/18,0.15599534337631754,0.15599534337631754,0.1903273578215629,0.29818470630501287
0.3,0.6799999999999999,0.02,15/18,0.15584943647423086,0.15584943647423086,0.18850627702969563,0.2940568304355639
0.3,0.6699999999999999,0.03,15/18,0.15570352957214417,0.15570352957214417,0.1866851962378283,0.289928954566115
0.3,0.6599999999999999,0.04,15/18,0.1555576226700575,0.1555576226700575,0.184864115445961,0.2858010786966661
0.3,0.6499999999999999,0.05,15/18,0.15541171576797083,0.15541171576797083,0.1830430346540937,0.2816732028272172
0.3,0.6399999999999999,0.06,15/18,0.15526580886588415,0.15526580886588415,0.18122195386222636,0.2775453269577683
0.3,0.6299999999999999,0.07,15/18,0.15511990196379746,0.15511990196379746,0.17940087307035907,0.2734174510883194
0.3,0.62,0.08,15/18,0.1549739950617108,0.1549739950617108,0.17757979227849177,0.26928957521887054
0.3,0.61,0.09,15/18,0.15482808815962412,0.15482808815962412,0.17575871148662447,0.26516169934942163
0.3,0.6,0.1,15/18,0.15468218125753747,0.15468218125753747,0.17393763069475715,0.2610338234799727
0.3,0.59,0.11,15/18,0.15453627435545075,0.15453627435545075,0.17211654990288985,0.2569059476105238
0.3,0.58,0.12,15/18,0.1543903674533641,0.1543903674533641,0.17029546911102256,0.2527780717410749
0.3,0.57,0.13,15/18,0.1542444605512774,0.1542444605512774,0.16847438831915523,0.24865019587162604
0.3,0.5599999999999999,0.14,15/18,0.15409855364919076,0.15409855364919076,0.16665330752728794,0.24452232000217713
0.3,0.5499999999999999,0.15,15/18,0.15395264674710404,0.15395264674710404,0.1648322267354206,0.24039444413272823
0.3,0.5399999999999999,0.16,15/18,0.1538067398450174,0.1538067398450174,0.1630111459435533,0.23626656826327933
0.3,0.5299999999999999,0.17,15/18,0.1536608329429307,0.1536608329429307,0.161190065151686,0.23213869239383042
0.3,0.52,0.18,15/18,0.15351492604084405,0.15351492604084405,0.1593689843598187,0.22801081652438154
0.3,0.51,0.19,15/18,0.15336901913875736,0.15336901913875736,0.15754790356795143,0.22388294065493264
0.3,0.49999999999999994,0.2,15/18,0.15322311223667068,0.15322311223667068,0.15572682277608407,0.2197550647854837
0.3,0.49,0.21,15/18,0.15307720533458402,0.15307720533458402,0.15390574198421678,0.21562718891603483
0.3,0.48,0.22,16/18,0.15208466119234948,0.15293129843249734,0.15208466119234948,0.21149931304658592
0.3,0.47,0.23,16/18,0.15026358040048216,0.15278539153041065,0.15026358040048216,0.20737143717713702
0.3,0.45999999999999996,0.24,16/18,0.14844249960861486,0.15263948462832397,0.14844249960861486,0.20324356130768811
0.3,0.44999999999999996,0.25,16/18,0.14662141881674753,0.15249357772623728,0.14662141881674753,0.1991156854382392
0.3,0.43999999999999995,0.26,16/18,0.1448003380248802,0.15234767082415063,0.1448003380248802,0.1949878095687903
0.3,0.42999999999999994,0.27,16/18,0.14297925723301294,0.15220176392206394,0.14297925723301294,0.19085993369934137
0.3,0.41999999999999993,0.28,16/18,0.14115817644114562,0.15205585701997726,0.14115817644114562,0.18673205782989247
0.3,0.41,0.29,16/18,0.13933709564927832,0.1519099501178906,0.13933709564927832,0.1826041819604436
0.3,0.39999999999999997,0.3,16/18,0.137516014857411,0.15176404321580392,0.137516014857411,0.17847630609099469
0.3,0.38999999999999996,0.31,16/18,0.1356949340655437,0.15161813631371723,0.1356949340655437,0.17434843022154578
0.3,0.37999999999999995,0.32,16/18,0.1338738532736764,0.15147222941163055,0.1338738532736764,0.17022055435209688
0.3,0.36999999999999994,0.33,16/18,0.13205277248180908,0.1513263225095439,0.13205277248180908,0.16609267848264797
0.3,0.35999999999999993,0.34,16/18,0.13023169168994178,0.1511804156074572,0.13023169168994178,0.16196480261319907
0.3,0.35,0.35,16/18,0.12841061089807448,0.15103450870537052,0.12841061089807448,0.1578369267437502
0.3,0.33999999999999997,0.36,16/18,0.12658953010620716,0.15088860180328384,0.12658953010620716,0.15370905087430126
0.3,0.32999999999999996,0.37,16/18,0.12476844931433986,0.15074269490119718,0.12476844931433986,0.14958117500485235
0.3,0.31999999999999995,0.38,16/18,0.12294736852247254,0.1505967879991105,0.12294736852247254,0.14545329913540345
0.3,0.30999999999999994,0.39,16/18,0.12112628773060523,0.15045088109702381,0.12112628773060523,0.14132542326595454
0.3,0.29999999999999993,0.4,16/18,0.11930520693873792,0.15030497419493716,0.11930520693873792,0.13719754739650564
0.3,0.29,0.41,16/18,0.11748412614687063,0.15015906729285047,0.11748412614687063,0.13306967152705676
0.3,0.27999999999999997,0.42,16/18,0.11566304535500332,0.1500131603907638,0.11566304535500332,0.12894179565760785
0.3,0.26999999999999996,0.43,16/18,0.113841964563136,0.14986725348867713,0.113841964563136,0.12481391978815895
0.3,0.25999999999999995,0.44,16/18,0.11202088377126869,0.14972134658659045,0.11202088377126869,0.12068604391871003
0.3,0.24999999999999994,0.45,16/18,0.11019980297940138,0.14957543968450376,0.11019980297940138,0.11655816804926113
0.3,0.23999999999999994,0.46,16/18,0.10837872218753408,0.14942953278241708,0.10837872218753408,0.11243029217981222
0.3,0.22999999999999998,0.47,16/18,0.10655764139566679,0.1492836258803304,0.10655764139566679,0.10830241631036334
0.3,0.21999999999999997,0.48,18/22,0.10417454044091444,0.14913771897824374,0.10473656060379946,0.10417454044091444
0.3,0.20999999999999996,0.49,18/22,0.10004666457146552,0.14899181207615705,0.10291547981193215,0.10004666457146552
0.3,0.19999999999999996,0.5,18/22,0.09591878870201662,0.14884590517407037,0.10109439902006484,0.09591878870201662
0.3,0.18999999999999995,0.51,18/22,0.09179091283256771,0.1486999982719837,0.09927331822819754,0.09179091283256771
0.3,0.17999999999999994,0.52,18/22,0.0876630369631188,0.14855409136989703,0.09745223743633023,0.0876630369631188
0.3,0.16999999999999993,0.53,18/22,0.0835351610936699,0.14840818446781034,0.09563115664446292,0.0835351610936699
0.3,0.15999999999999992,0.54,18/22,0.079407285224221,0.1482622775657237,0.0938100758525956,0.079407285224221
0.3,0.1499999999999999,0.55,18/22,0.07527940935477208,0.148116370663637,0.0919889950607283,0.07527940935477208
0.3,0.1399999999999999,0.56,18/22,0.07115153348532317,0.14797046376155032,0.09016791426886099,0.07115153348532317
0.3,0.13,0.57,18/22,0.06702365761587431,0.14782455685946366,0.08834683347699371,0.06702365761587431
0.3,0.12,0.58,18/22,0.0628957817464254,0.14767864995737698,0.08652575268512638,0.0628957817464254
0.3,0.10999999999999999,0.59,18/22,0.0587679058769765,0.1475327430552903,0.08470467189325907,0.0587679058769765
0.3,0.09999999999999998,0.6,18/22,0.05464003000752759,0.1473868361532036,0.08288359110139176,0.05464003000752759
0.3,0.08999999999999997,0.61,18/22,0.050512154138078684,0.14724092925111695,0.08106251030952447,0.050512154138078684
0.3,0.07999999999999996,0.62,18/22,0.04638427826862978,0.14709502234903027,0.07924142951765714,0.04638427826862978
0.3,0.06999999999999995,0.63,18/22,0.042256402399180874,0.14694911544694358,0.07742034872578984,0.042256402399180874
0.3,0.05999999999999994,0.64,18/22,0.03812852652973196,0.1468032085448569,0.07559926793392253,0.03812852652973196
0.3,0.04999999999999993,0.65,18/22,0.03400065066028306,0.14665730164277024,0.07377818714205522,0.03400065066028306
0.3,0.039999999999999925,0.66,18/22,0.029872774790834153,0.14651139474068356,0.07195710635018791,0.029872774790834153
0.3,0.029999999999999916,0.67,18/22,0.025744898921385245,0.14636548783859687,0.0701360255583206,0.025744898921385245
0.3,0.019999999999999907,0.68,18/22,0.021617023051936336,0.14621958093651022,0.06831494476645329,0.021617023051936336
0.3,0.010000000000000009,0.69,18/22,0.017489147182487477,0.14607367403442353,0.06649386397458601,0.017489147182487477
0.3,0.0,0.7,18/22,0.01336127131303857,0.14592776713233685,0.0646727831827187,0.01336127131303857
0.31,0.69,0.0,15/18,0.1551929356140621,0.1551929356140621,0.19048311726098688,0.2986300820154475
0.31,0.6799999999999999,0.01,15/18,0.15504702871197543,0.15504702871197543,0.18866203646911958,0.29450220614599854
0.31,0.6699999999999999,0.02,15/18,0.15490112180988874,0.15490112180988874,0.18684095567725229,0.29037433027654963
0.31,0.6599999999999999,0.03,15/18,0.15475521490780206,0.15475521490780206,0.18501987488538496,0.2862464544071007
0.31,0.6499999999999999,0.04,15/18,0.15460930800571537,0.15460930800571537,0.18319879409351766,0.2821185785376518
0.31,0.6399999999999999,0.05,15/18,0.15446340110362872,0.15446340110362872,0.18137771330165034,0.2779907026682029
0.31,0.6299999999999999,0.06,15/18,0.15431749420154203,0.15431749420154203,0.17955663250978302,0.273862826798754
0.31,0.6199999999999999,0.07,15/18,0.15417158729945535,0.15417158729945535,0.17773555171791572,0.2697349509293051
0.31,0.61,0.08,15/18,0.1540256803973687,0.1540256803973687,0.17591447092604842,0.26560707505985626
0.31,0.6,0.09,15/18,0.153879773495282,0.153879773495282,0.17409339013418113,0.26147919919040735
0.31,0.59,0.1,15/18,0.15373386659319535,0.15373386659319535,0.17227230934231383,0.25735132332095845
0.31,0.58,0.11,15/18,0.15358795969110864,0.15358795969110864,0.1704512285504465,0.25322344745150954
0.31,0.57,0.12,15/18,0.15344205278902198,0.15344205278902198,0.1686301477585792,0.24909557158206067
0.31,0.5599999999999999,0.13,15/18,0.1532961458869353,0.1532961458869353,0.16680906696671188,0.24496769571261176
0.31,0.5499999999999999,0.14,15/18,0.15315023898484864,0.15315023898484864,0.1649879861748446,0.24083981984316286
0.31,0.5399999999999999,0.15,15/18,0.15300433208276193,0.15300433208276193,0.16316690538297726,0.23671194397371395
0.31,0.5299999999999999,0.16,15/18,0.15285842518067527,0.15285842518067527,0.16134582459110994,0.23258406810426505
0.31,0.5199999999999999,0.17,15/18,0.1527125182785886,0.1527125182785886,0.15952474379924264,0.2284561922348161
0.31,0.51,0.18,15/18,0.15256661137650193,0.15256661137650193,0.15770366300737537,0.22432831636536726
0.31,0.49999999999999994,0.19,15/18,0.15242070447441525,0.15242070447441525,0.15588258221550805,0.22020044049591833
0.31,0.48999999999999994,0.2,15/18,0.15227479757232856,0.15227479757232856,0.15406150142364072,0.21607256462646943
0.31,0.48,0.21,15/18,0.15212889067024188,0.15212889067024188,0.15224042063177343,0.21194468875702055
0.31,0.47,0.22,16/18,0.15041933983990613,0.15198298376815522,0.15041933983990613,0.20781681288757164
0.31,0.45999999999999996,0.23,16/18,0.1485982590480388,0.15183707686606854,0.1485982590480388,0.20368893701812274
0.31,0.44999999999999996,0.24,16/18,0.1467771782561715,0.15169116996398185,0.1467771782561715,0.19956106114867384
0.31,0.43999999999999995,0.25,16/18,0.14495609746430418,0.1515452630618952,0.14495609746430418,0.19543318527922493
0.31,0.42999999999999994,0.26,16/18,0.1431350166724369,0.15139935615980848,0.1431350166724369,0.191305309409776
0.31,0.41999999999999993,0.27,16/18,0.1413139358805696,0.15125344925772183,0.1413139358805696,0.1871774335403271
0.31,0.4099999999999999,0.28,16/18,0.13949285508870227,0.15110754235563514,0.13949285508870227,0.1830495576708782
0.31,0.39999999999999997,0.29,16/18,0.13767177429683497,0.15096163545354846,0.13767177429683497,0.1789216818014293
0.31,0.38999999999999996,0.3,16/18,0.13585069350496765,0.1508157285514618,0.13585069350496765,0.1747938059319804
0.31,0.37999999999999995,0.31,16/18,0.13402961271310035,0.15066982164937512,0.13402961271310035,0.1706659300625315
0.31,0.36999999999999994,0.32,16/18,0.13220853192123302,0.15052391474728843,0.13220853192123302,0.1665380541930826
0.31,0.35999999999999993,0.33,16/18,0.13038745112936573,0.15037800784520178,0.13038745112936573,0.1624101783236337
0.31,0.3499999999999999,0.34,16/18,0.1285663703374984,0.1502321009431151,0.1285663703374984,0.1582823024541848
0.31,0.33999999999999997,0.35,16/18,0.12674528954563113,0.1500861940410284,0.12674528954563113,0.15415442658473588
0.31,0.32999999999999996,0.36,16/18,0.12492420875376381,0.14994028713894172,0.12492420875376381,0.15002655071528698
0.31,0.31999999999999995,0.37,16/18,0.12310312796189649,0.14979438023685504,0.12310312796189649,0.14589867484583807
0.31,0.30999999999999994,0.38,16/18,0.12128204717002919,0.14964847333476838,0.12128204717002919,0.14177079897638917
0.31,0.29999999999999993,0.39,16/18,0.11946096637816186,0.1495025664326817,0.11946096637816186,0.13764292310694026
0.31,0.2899999999999999,0.4,16/18,0.11763988558629457,0.14935665953059502,0.11763988558629457,0.13351504723749136
0.31,0.27999999999999997,0.41,16/18,0.11581880479442727,0.14921075262850836,0.11581880479442727,0.12938717136804248
0.31,0.26999999999999996,0.42,16/18,0.11399772400255995,0.1490648457264217,0.11399772400255995,0.12525929549859358
0.31,0.25999999999999995,0.43,16/18,0.11217664321069264,0.148918938824335,0.11217664321069264,0.12113141962914464
0.31,0.24999999999999994,0.44,16/18,0.11035556241882534,0.14877303192224833,0.11035556241882534,0.11700354375969574
0.31,0.23999999999999994,0.45,16/18,0.10853448162695803,0.14862712502016165,0.10853448162695803,0.11287566789024683
0.31,0.22999999999999993,0.46,16/18,0.10671340083509072,0.14848121811807496,0.10671340083509072,0.10874779202079793
0.31,0.21999999999999997,0.47,18/22,0.10461991615134905,0.1483353112159883,0.10489232004322341,0.10461991615134905
0.31,0.20999999999999996,0.48,18/22,0.10049204028190013,0.14818940431390162,0.10307123925135611,0.10049204028190013
0.31,0.19999999999999996,0.49,18/22,0.09636416441245123,0.14804349741181494,0.1012501584594888,0.09636416441245123
0.31,0.18999999999999995,0.5,18/22,0.09223628854300232,0.14789759050972828,0.09942907766762149,0.09223628854300232
0.31,0.17999999999999994,0.51,18/22,0.08810841267355342,0.1477516836076416,0.09760799687575418,0.08810841267355342
0.31,0.16999999999999993,0.52,18/22,0.08398053680410451,0.14760577670555491,0.09578691608388688,0.08398053680410451
0.31,0.15999999999999992,0.53,18/22,0.07985266093465561,0.14745986980346823,0.09396583529201957,0.07985266093465561
0.31,0.1499999999999999,0.54,18/22,0.0757247850652067,0.14731396290138157,0.09214475450015225,0.0757247850652067
0.31,0.1399999999999999,0.55,18/22,0.0715969091957578,0.1471680559992949,0.09032367370828494,0.0715969091957578
0.31,0.1299999999999999,0.56,18/22,0.0674690333263089,0.1470221490972082,0.08850259291641763,0.0674690333263089
0.31,0.12,0.57,18/22,0.06334115745686003,0.14687624219512152,0.08668151212455034,0.06334115745686003
0.31,0.10999999999999999,0.58,18/22,0.05921328158741112,0.14673033529303486,0.08486043133268303,0.05921328158741112
0.31,0.09999999999999998,0.59,18/22,0.05508540571796221,0.14658442839094818,0.08303935054081572,0.05508540571796221
0.31,0.08999999999999997,0.6,18/22,0.0509575298485133,0.1464385214888615,0.08121826974894841,0.0509575298485133
0.31,0.07999999999999996,0.61,18/22,0.0468296539790644,0.14629261458677484,0.0793971889570811,0.0468296539790644
0.31,0.06999999999999995,0.62,18/22,0.04270177810961549,0.14614670768468815,0.07757610816521379,0.04270177810961549
0.31,0.05999999999999994,0.63,18/22,0.03857390224016658,0.14600080078260147,0.0757550273733465,0.03857390224016658
0.31,0.04999999999999993,0.64,18/22,0.034446026370717676,0.14585489388051479,0.07393394658147917,0.034446026370717676
0.31,0.039999999999999925,0.65,18/22,0.03031815050126877,0.1457089869784281,0.07211286578961187,0.03031815050126877
0.31,0.029999999999999916,0.66,18/22,0.026190274631819863,0.14556308007634144,0.07029178499774455,0.026190274631819863
0.31,0.019999999999999907,0.67,18/22,0.022062398762370955,0.14541717317425476,0.06847070420587725,0.022062398762370955
0.31,0.009999999999999898,0.68,18/22,0.01793452289292205,0.14527126627216808,0.06664962341400993,0.01793452289292205
0.31,0.0,0.69,18/22,0.013806647023473189,0.14512535937008142,0.06482854262214265,0.013806647023473189
0.32,0.6799999999999999,0.0,15/18,0.15424462094971997,0.15424462094971997,0.18881779590854356,0.29494758185643316
0.32,0.6699999999999999,0.01,15/18,0.1540987140476333,0.1540987140476333,0.18699671511667623,0.29081970598698426
0.32,0.6599999999999999,0.02,15/18,0.15395280714554663,0.15395280714554663,0.18517563432480894,0.28669183011753535
0.32,0.6499999999999999,0.03,15/18,0.15380690024345994,0.15380690024345994,0.1833545535329416,0.28256395424808645
0.32,0.6399999999999999,0.04,15/18,0.15366099334137326,0.15366099334137326,0.18153347274107431,0.27843607837863754
0.32,0.6299999999999999,0.05,15/18,0.1535150864392866,0.1535150864392866,0.179712391949207,0.27430820250918864
0.32,0.6199999999999999,0.06,15/18,0.15336917953719992,0.15336917953719992,0.17789131115733967,0.27018032663973973
0.32,0.6099999999999999,0.07,15/18,0.15322327263511323,0.15322327263511323,0.17607023036547237,0.2660524507702908
0.32,0.6,0.08,15/18,0.15307736573302658,0.15307736573302658,0.17424914957360507,0.261924574900842
0.32,0.59,0.09,15/18,0.1529314588309399,0.1529314588309399,0.1724280687817378,0.2577966990313931
0.32,0.58,0.1,15/18,0.15278555192885324,0.15278555192885324,0.17060698798987048,0.25366882316194417
0.32,0.57,0.11,15/18,0.15263964502676652,0.15263964502676652,0.16878590719800315,0.24954094729249526
0.32,0.5599999999999999,0.12,15/18,0.15249373812467987,0.15249373812467987,0.16696482640613586,0.24541307142304636
0.32,0.5499999999999999,0.13,15/18,0.15234783122259318,0.15234783122259318,0.16514374561426853,0.24128519555359745
0.32,0.5399999999999999,0.14,15/18,0.15220192432050653,0.15220192432050653,0.16332266482240124,0.23715731968414855
0.32,0.5299999999999999,0.15,15/18,0.15205601741841981,0.15205601741841981,0.1615015840305339,0.23302944381469964
0.32,0.5199999999999999,0.16,15/18,0.15191011051633316,0.15191011051633316,0.1596805032386666,0.2289015679452507
0.32,0.5099999999999999,0.17,15/18,0.15176420361424647,0.15176420361424647,0.1578594224467993,0.2247736920758018
0.32,0.49999999999999994,0.18,15/18,0.1516182967121598,0.1516182967121598,0.156038341654932,0.22064581620635293
0.32,0.48999999999999994,0.19,15/18,0.1514723898100731,0.1514723898100731,0.1542172608630647,0.21651794033690402
0.32,0.4799999999999999,0.2,15/18,0.15132648290798645,0.15132648290798645,0.15239618007119737,0.21239006446745512
0.32,0.47,0.21,16/18,0.15057509927933008,0.1511805760058998,0.15057509927933008,0.20826218859800624
0.32,0.45999999999999996,0.22,16/18,0.14875401848746278,0.1510346691038131,0.14875401848746278,0.20413431272855734
0.32,0.44999999999999996,0.23,16/18,0.14693293769559546,0.15088876220172642,0.14693293769559546,0.20000643685910843
0.32,0.43999999999999995,0.24,16/18,0.14511185690372816,0.15074285529963974,0.14511185690372816,0.19587856098965953
0.32,0.42999999999999994,0.25,16/18,0.14329077611186083,0.15059694839755305,0.14329077611186083,0.1917506851202106
0.32,0.41999999999999993,0.26,16/18,0.1414696953199935,0.15045104149546637,0.1414696953199935,0.1876228092507617
0.32,0.4099999999999999,0.27,16/18,0.1396486145281262,0.1503051345933797,0.1396486145281262,0.18349493338131279
0.32,0.3999999999999999,0.28,16/18,0.1378275337362589,0.15015922769129303,0.1378275337362589,0.17936705751186388
0.32,0.38999999999999996,0.29,16/18,0.13600645294439162,0.15001332078920637,0.13600645294439162,0.175239181642415
0.32,0.37999999999999995,0.3,16/18,0.1341853721525243,0.1498674138871197,0.1341853721525243,0.1711113057729661
0.32,0.36999999999999994,0.31,16/18,0.13236429136065697,0.149721506985033,0.13236429136065697,0.1669834299035172
0.32,0.35999999999999993,0.32,16/18,0.13054321056878967,0.14957560008294632,0.13054321056878967,0.1628555540340683
0.32,0.3499999999999999,0.33,16/18,0.12872212977692235,0.14942969318085966,0.12872212977692235,0.15872767816461938
0.32,0.3399999999999999,0.34,16/18,0.12690104898505508,0.14928378627877298,0.12690104898505508,0.15459980229517048
0.32,0.32999999999999996,0.35,16/18,0.12507996819318776,0.1491378793766863,0.12507996819318776,0.15047192642572157
0.32,0.31999999999999995,0.36,16/18,0.12325888740132045,0.1489919724745996,0.12325888740132045,0.14634405055627267
0.32,0.30999999999999994,0.37,16/18,0.12143780660945314,0.14884606557251295,0.12143780660945314,0.14221617468682377
0.32,0.29999999999999993,0.38,16/18,0.11961672581758581,0.14870015867042627,0.11961672581758581,0.13808829881737486
0.32,0.2899999999999999,0.39,16/18,0.11779564502571853,0.14855425176833958,0.11779564502571853,0.13396042294792596
0.32,0.2799999999999999,0.4,16/18,0.11597456423385122,0.14840834486625293,0.11597456423385122,0.12983254707847705
0.32,0.26999999999999996,0.41,16/18,0.11415348344198391,0.14826243796416624,0.11415348344198391,0.12570467120902817
0.32,0.25999999999999995,0.42,16/18,0.1123324026501166,0.14811653106207956,0.1123324026501166,0.12157679533957927
0.32,0.24999999999999994,0.43,16/18,0.11051132185824929,0.1479706241599929,0.11051132185824929,0.11744891947013036
0.32,0.23999999999999994,0.44,16/18,0.10869024106638199,0.1478247172579062,0.10869024106638199,0.11332104360068146
0.32,0.22999999999999993,0.45,16/18,0.10686916027451468,0.14767881035581953,0.10686916027451468,0.10919316773123255
0.32,0.21999999999999992,0.46,16/18,0.10504807948264737,0.14753290345373285,0.10504807948264737,0.10506529186178365
0.32,0.20999999999999996,0.47,18/22,0.10093741599233476,0.14738699655164617,0.10322699869078006,0.10093741599233476
0.32,0.19999999999999996,0.48,18/22,0.09680954012288585,0.1472410896495595,0.10140591789891275,0.09680954012288585
0.32,0.18999999999999995,0.49,18/22,0.09268166425343695,0.14709518274747282,0.09958483710704545,0.09268166425343695
0.32,0.17999999999999994,0.5,18/22,0.08855378838398804,0.14694927584538614,0.09776375631517814,0.08855378838398804
0.32,0.16999999999999993,0.51,18/22,0.08442591251453914,0.14680336894329948,0.09594267552331083,0.08442591251453914
0.32,0.15999999999999992,0.52,18/22,0.08029803664509023,0.1466574620412128,0.09412159473144352,0.08029803664509023
0.32,0.1499999999999999,0.53,18/22,0.07617016077564132,0.14651155513912612,0.09230051393957621,0.07617016077564132
0.32,0.1399999999999999,0.54,18/22,0.07204228490619241,0.14636564823703946,0.0904794331477089,0.07204228490619241
0.32,0.1299999999999999,0.55,18/22,0.0679144090367435,0.14621974133495275,0.08865835235584157,0.0679144090367435
0.32,0.11999999999999988,0.56,18/22,0.0637865331672946,0.1460738344328661,0.08683727156397428,0.0637865331672946
0.32,0.10999999999999999,0.57,18/22,0.05965865729784574,0.14592792753077943,0.08501619077210698,0.05965865729784574
0.32,0.09999999999999998,0.58,18/22,0.055530781428396826,0.14578202062869275,0.08319510998023967,0.055530781428396826
0.32,0.08999999999999997,0.59,18/22,0.05140290555894792,0.14563611372660606,0.08137402918837236,0.05140290555894792
0.32,0.07999999999999996,0.6,18/22,0.04727502968949902,0.14549020682451938,0.07955294839650506,0.04727502968949902
0.32,0.06999999999999995,0.61,18/22,0.04314715382005011,0.14534429992243272,0.07773186760463774,0.04314715382005011
0.32,0.05999999999999994,0.62,18/22,0.0390192779506012,0.14519839302034604,0.07591078681277044,0.0390192779506012
0.32,0.04999999999999993,0.63,18/22,0.034891402081152295,0.14505248611825936,0.07408970602090313,0.034891402081152295
0.32,0.039999999999999925,0.64,18/22,0.03076352621170339,0.14490657921617267,0.07226862522903582,0.03076352621170339
0.32,0.029999999999999916,0.65,18/22,0.026635650342254482,0.14476067231408601,0.07044754443716851,0.026635650342254482
0.32,0.019999999999999907,0.66,18/22,0.022507774472805574,0.14461476541199933,0.0686264636453012,0.022507774472805574
0.32,0.009999999999999898,0.67,18/22,0.01837989860335667,0.14446885850991265,0.06680538285343389,0.01837989860335667
0.32,-1.1102230246251565e-16,0.68,18/22,0.014252022733907762,0.14432295160782596,0.06498430206156658,0.014252022733907762
0.33,0.6699999999999999,0.0,15/18,0.15329630628537785,0.15329630628537785,0.18715247455610018,0.2912650816974189
0.33,0.6599999999999999,0.01,15/18,0.1531503993832912,0.1531503993832912,0.18533139376423285,0.28713720582797
0.33,0.6499999999999999,0.02,15/18,0.1530044924812045,0.1530044924812045,0.18351031297236556,0.28300932995852107
0.33,0.6399999999999999,0.03,15/18,0.15285858557911783,0.15285858557911783,0.18168923218049823,0.27888145408907217
0.33,0.6299999999999999,0.04,15/18,0.15271267867703114,0.15271267867703114,0.17986815138863094,0.27475357821962326
0.33,0.6199999999999999,0.05,15/18,0.1525667717749445,0.1525667717749445,0.1780470705967636,0.27062570235017436
0.33,0.6099999999999999,0.06,15/18,0.1524208648728578,0.1524208648728578,0.1762259898048963,0.26649782648072545
0.33,0.5999999999999999,0.07,15/18,0.15227495797077112,0.15227495797077112,0.174404909013029,0.26236995061127655
0.33,0.59,0.08,15/18,0.15212905106868446,0.15212905106868446,0.17258382822116172,0.2582420747418277
0.33,0.58,0.09,15/18,0.15198314416659778,0.15198314416659778,0.17076274742929443,0.2541141988723788
0.33,0.57,0.1,15/18,0.15183723726451112,0.15183723726451112,0.1689416666374271,0.2499863230029299
0.33,0.5599999999999999,0.11,15/18,0.1516913303624244,0.1516913303624244,0.16712058584555978,0.24585844713348098
0.33,0.5499999999999999,0.12,15/18,0.15154542346033775,0.15154542346033775,0.16529950505369248,0.24173057126403208
0.33,0.5399999999999999,0.13,15/18,0.15139951655825107,0.15139951655825107,0.16347842426182516,0.23760269539458317
0.33,0.5299999999999999,0.14,15/18,0.1512536096561644,0.1512536096561644,0.16165734346995786,0.23347481952513427
0.33,0.5199999999999999,0.15,15/18,0.1511077027540777,0.1511077027540777,0.15983626267809053,0.22934694365568534
0.33,0.5099999999999999,0.16,15/18,0.15096179585199104,0.15096179585199104,0.15801518188622324,0.22521906778623643
0.33,0.4999999999999999,0.17,15/18,0.15081588894990436,0.15081588894990436,0.15619410109435594,0.22109119191678753
0.33,0.48999999999999994,0.18,15/18,0.15066998204781767,0.15066998204781767,0.15437302030248864,0.21696331604733865
0.33,0.4799999999999999,0.19,15/18,0.15052407514573102,0.15052407514573102,0.15255193951062135,0.21283544017788975
0.33,0.4699999999999999,0.2,15/18,0.15037816824364433,0.15037816824364433,0.15073085871875402,0.20870756430844084
0.33,0.45999999999999996,0.21,16/18,0.1489097779268867,0.15023226134155765,0.1489097779268867,0.20457968843899196
0.33,0.44999999999999996,0.22,16/18,0.1470886971350194,0.150086354439471,0.1470886971350194,0.20045181256954306
0.33,0.43999999999999995,0.23,16/18,0.14526761634315208,0.1499404475373843,0.14526761634315208,0.19632393670009415
0.33,0.42999999999999994,0.24,16/18,0.1434465355512848,0.14979454063529762,0.1434465355512848,0.19219606083064522
0.33,0.41999999999999993,0.25,16/18,0.14162545475941749,0.14964863373321094,0.14162545475941749,0.18806818496119632
0.33,0.4099999999999999,0.26,16/18,0.13980437396755016,0.14950272683112426,0.13980437396755016,0.1839403090917474
0.33,0.3999999999999999,0.27,16/18,0.13798329317568286,0.1493568199290376,0.13798329317568286,0.1798124332222985
0.33,0.3899999999999999,0.28,16/18,0.13616221238381554,0.14921091302695091,0.13616221238381554,0.1756845573528496
0.33,0.37999999999999995,0.29,16/18,0.13434113159194827,0.14906500612486423,0.13434113159194827,0.17155668148340072
0.33,0.36999999999999994,0.3,16/18,0.13252005080008095,0.14891909922277757,0.13252005080008095,0.16742880561395182
0.33,0.35999999999999993,0.31,16/18,0.13069897000821362,0.1487731923206909,0.13069897000821362,0.16330092974450292
0.33,0.3499999999999999,0.32,16/18,0.12887788921634633,0.1486272854186042,0.12887788921634633,0.159173053875054
0.33,0.3399999999999999,0.33,16/18,0.12705680842447903,0.14848137851651752,0.12705680842447903,0.1550451780056051
0.33,0.3299999999999999,0.34,16/18,0.1252357276326117,0.14833547161443086,0.1252357276326117,0.1509173021361562
0.33,0.31999999999999995,0.35,16/18,0.12341464684074441,0.14818956471234418,0.12341464684074441,0.1467894262667073
0.33,0.30999999999999994,0.36,16/18,0.1215935660488771,0.1480436578102575,0.1215935660488771,0.1426615503972584
0.33,0.29999999999999993,0.37,16/18,0.11977248525700979,0.1478977509081708,0.11977248525700979,0.13853367452780949
0.33,0.2899999999999999,0.38,16/18,0.11795140446514249,0.14775184400608415,0.11795140446514249,0.13440579865836058
0.33,0.2799999999999999,0.39,16/18,0.11613032367327517,0.14760593710399747,0.11613032367327517,0.13027792278891168
0.33,0.2699999999999999,0.4,16/18,0.11430924288140785,0.14746003020191079,0.11430924288140785,0.12615004691946277
0.33,0.25999999999999995,0.41,16/18,0.11248816208954056,0.14731412329982413,0.11248816208954056,0.12202217105001388
0.33,0.24999999999999994,0.42,16/18,0.11066708129767325,0.14716821639773747,0.11066708129767325,0.11789429518056498
0.33,0.23999999999999994,0.43,16/18,0.10884600050580594,0.14702230949565076,0.10884600050580594,0.11376641931111607
0.33,0.22999999999999993,0.44,16/18,0.10702491971393863,0.1468764025935641,0.10702491971393863,0.10963854344166717
0.33,0.21999999999999992,0.45,16/18,0.10520383892207132,0.14673049569147742,0.10520383892207132,0.10551066757221826
0.33,0.2099999999999999,0.46,18/22,0.10138279170276936,0.14658458878939074,0.10338275813020402,0.10138279170276936
0.33,0.19999999999999996,0.47,18/22,0.09725491583332047,0.14643868188730408,0.10156167733833671,0.09725491583332047
0.33,0.18999999999999995,0.48,18/22,0.09312703996387156,0.1462927749852174,0.0997405965464694,0.09312703996387156
0.33,0.17999999999999994,0.49,18/22,0.08899916409442266,0.1461468680831307,0.09791951575460209,0.08899916409442266
0.33,0.16999999999999993,0.5,18/22,0.08487128822497375,0.14600096118104405,0.09609843496273479,0.08487128822497375
0.33,0.15999999999999992,0.51,18/22,0.08074341235552485,0.14585505427895737,0.09427735417086748,0.08074341235552485
0.33,0.1499999999999999,0.52,18/22,0.07661553648607594,0.14570914737687068,0.09245627337900017,0.07661553648607594
0.33,0.1399999999999999,0.53,18/22,0.07248766061662704,0.145563240474784,0.09063519258713285,0.07248766061662704
0.33,0.1299999999999999,0.54,18/22,0.06835978474717813,0.14541733357269732,0.08881411179526555,0.06835978474717813
0.33,0.11999999999999988,0.55,18/22,0.06423190887772921,0.14527142667061066,0.08699303100339822,0.06423190887772921
0.33,0.10999999999999988,0.56,18/22,0.06010403300828031,0.14512551976852398,0.08517195021153093,0.06010403300828031
0.33,0.09999999999999998,0.57,18/22,0.055976157138831445,0.1449796128664373,0.08335086941966363,0.055976157138831445
0.33,0.08999999999999997,0.58,18/22,0.05184828126938254,0.14483370596435063,0.08152978862779632,0.05184828126938254
0.33,0.07999999999999996,0.59,18/22,0.047720405399933635,0.14468779906226395,0.07970870783592901,0.047720405399933635
0.33,0.06999999999999995,0.6,18/22,0.04359252953048473,0.14454189216017727,0.07788762704406171,0.04359252953048473
0.33,0.05999999999999994,0.61,18/22,0.039464653661035826,0.1443959852580906,0.07606654625219439,0.039464653661035826
0.33,0.04999999999999993,0.62,18/22,0.03533677779158692,0.1442500783560039,0.07424546546032709,0.03533677779158692
0.33,0.039999999999999925,0.63,18/22,0.03120890192213801,0.14410417145391724,0.07242438466845977,0.03120890192213801
0.33,0.029999999999999916,0.64,18/22,0.027081026052689104,0.14395826455183056,0.07060330387659247,0.027081026052689104
0.33,0.019999999999999907,0.65,18/22,0.022953150183240196,0.14381235764974387,0.06878222308472515,0.022953150183240196
0.33,0.009999999999999898,0.66,18/22,0.018825274313791288,0.14366645074765722,0.06696114229285785,0.018825274313791288
0.33,-1.1102230246251565e-16,0.67,18/22,0.014697398444342383,0.14352054384557053,0.06514006150099054,0.014697398444342383
0.34,0.6599999999999999,0.0,15/18,0.15234799162103574,0.15234799162103574,0.18548715320365683,0.2875825815384046
0.34,0.6499999999999999,0.01,15/18,0.15220208471894905,0.15220208471894905,0.1836660724117895,0.2834547056689557
0.34,0.6399999999999999,0.02,15/18,0.1520561778168624,0.1520561778168624,0.1818449916199222,0.2793268297995068
0.34,0.6299999999999999,0.03,15/18,0.1519102709147757,0.1519102709147757,0.18002391082805488,0.2751989539300579
0.34,0.6199999999999999,0.04,15/18,0.15176436401268903,0.15176436401268903,0.1782028300361876,0.271071078060609
0.34,0.6099999999999999,0.05,15/18,0.15161845711060234,0.15161845711060234,0.17638174924432026,0.2669432021911601
0.34,0.5999999999999999,0.06,15/18,0.1514725502085157,0.1514725502085157,0.17456066845245294,0.2628153263217112
0.34,0.5899999999999999,0.07,15/18,0.151326643306429,0.151326643306429,0.17273958766058567,0.25868745045226227
0.34,0.58,0.08,15/18,0.15118073640434232,0.15118073640434232,0.17091850686871837,0.2545595745828134
0.34,0.57,0.09,15/18,0.15103482950225566,0.15103482950225566,0.16909742607685108,0.2504316987133645
0.34,0.5599999999999999,0.1,15/18,0.150888922600169,0.150888922600169,0.16727634528498375,0.2463038228439156
0.34,0.5499999999999999,0.11,15/18,0.1507430156980823,0.1507430156980823,0.16545526449311643,0.2421759469744667
0.34,0.5399999999999999,0.12,15/18,0.1505971087959956,0.1505971087959956,0.16363418370124913,0.2380480711050178
0.34,0.5299999999999999,0.13,15/18,0.15045120189390895,0.15045120189390895,0.1618131029093818,0.2339201952355689
0.34,0.5199999999999999,0.14,15/18,0.1503052949918223,0.1503052949918223,0.1599920221175145,0.22979231936611996
0.34,0.5099999999999999,0.15,15/18,0.15015938808973558,0.15015938808973558,0.1581709413256472,0.22566444349667106
0.34,0.4999999999999999,0.16,15/18,0.15001348118764893,0.15001348118764893,0.1563498605337799,0.22153656762722215
0.34,0.4899999999999999,0.17,15/18,0.14986757428556224,0.14986757428556224,0.1545287797419126,0.21740869175777325
0.34,0.4799999999999999,0.18,15/18,0.14972166738347556,0.14972166738347556,0.15270769895004527,0.21328081588832437
0.34,0.4699999999999999,0.19,15/18,0.14957576048138888,0.14957576048138888,0.150886618158178,0.20915294001887547
0.34,0.4599999999999999,0.2,16/18,0.14906553736631067,0.14942985357930222,0.14906553736631067,0.20502506414942656
0.34,0.44999999999999996,0.21,16/18,0.14724445657444335,0.14928394667721556,0.14724445657444335,0.20089718827997768
0.34,0.43999999999999995,0.22,16/18,0.14542337578257605,0.14913803977512888,0.14542337578257605,0.19676931241052878
0.34,0.42999999999999994,0.23,16/18,0.14360229499070876,0.1489921328730422,0.14360229499070876,0.19264143654107985
0.34,0.41999999999999993,0.24,16/18,0.14178121419884146,0.1488462259709555,0.14178121419884146,0.18851356067163094
0.34,0.4099999999999999,0.25,16/18,0.1399601334069741,0.14870031906886882,0.1399601334069741,0.18438568480218204
0.34,0.3999999999999999,0.26,16/18,0.1381390526151068,0.14855441216678214,0.1381390526151068,0.18025780893273313
0.34,0.3899999999999999,0.27,16/18,0.1363179718232395,0.14840850526469548,0.1363179718232395,0.17612993306328423
0.34,0.3799999999999999,0.28,16/18,0.1344968910313722,0.1482625983626088,0.1344968910313722,0.17200205719383532
0.34,0.36999999999999994,0.29,16/18,0.1326758102395049,0.14811669146052214,0.1326758102395049,0.16787418132438645
0.34,0.35999999999999993,0.3,16/18,0.1308547294476376,0.14797078455843546,0.1308547294476376,0.16374630545493754
0.34,0.3499999999999999,0.31,16/18,0.12903364865577027,0.14782487765634877,0.12903364865577027,0.15961842958548864
0.34,0.3399999999999999,0.32,16/18,0.12721256786390298,0.1476789707542621,0.12721256786390298,0.15549055371603973
0.34,0.3299999999999999,0.33,16/18,0.12539148707203565,0.1475330638521754,0.12539148707203565,0.15136267784659083
0.34,0.3199999999999999,0.34,16/18,0.12357040628016834,0.14738715695008875,0.12357040628016834,0.14723480197714192
0.34,0.30999999999999994,0.35,16/18,0.12174932548830104,0.14724125004800206,0.12174932548830104,0.14310692610769302
0.34,0.29999999999999993,0.36,16/18,0.11992824469643373,0.14709534314591538,0.11992824469643373,0.1389790502382441
0.34,0.2899999999999999,0.37,16/18,0.11810716390456644,0.14694943624382872,0.11810716390456644,0.1348511743687952
0.34,0.2799999999999999,0.38,16/18,0.11628608311269911,0.14680352934174204,0.11628608311269911,0.1307232984993463
0.34,0.2699999999999999,0.39,16/18,0.1144650023208318,0.14665762243965536,0.1144650023208318,0.1265954226298974
0.34,0.2599999999999999,0.4,16/18,0.11264392152896449,0.1465117155375687,0.11264392152896449,0.12246754676044849
0.34,0.24999999999999994,0.41,16/18,0.11082284073709721,0.14636580863548201,0.11082284073709721,0.1183396708909996
0.34,0.23999999999999994,0.42,16/18,0.1090017599452299,0.14621990173339533,0.1090017599452299,0.1142117950215507
0.34,0.22999999999999993,0.43,16/18,0.10718067915336257,0.14607399483130865,0.10718067915336257,0.11008391915210179
0.34,0.21999999999999992,0.44,16/18,0.10535959836149526,0.14592808792922196,0.10535959836149526,0.10595604328265289
0.34,0.2099999999999999,0.45,18/22,0.10182816741320398,0.1457821810271353,0.10353851756962797,0.10182816741320398
0.34,0.1999999999999999,0.46,18/22,0.09770029154375508,0.14563627412504862,0.10171743677776066,0.09770029154375508
0.34,0.18999999999999995,0.47,18/22,0.09357241567430619,0.14549036722296194,0.09989635598589336,0.09357241567430619
0.34,0.17999999999999994,0.48,18/22,0.08944453980485728,0.14534446032087528,0.09807527519402603,0.08944453980485728
0.34,0.16999999999999993,0.49,18/22,0.08531666393540838,0.1451985534187886,0.09625419440215874,0.08531666393540838
0.34,0.15999999999999992,0.5,18/22,0.08118878806595947,0.1450526465167019,0.09443311361029143,0.08118878806595947
0.34,0.1499999999999999,0.51,18/22,0.07706091219651055,0.14490673961461525,0.09261203281842412,0.07706091219651055
0.34,0.1399999999999999,0.52,18/22,0.07293303632706165,0.14476083271252854,0.0907909520265568,0.07293303632706165
0.34,0.1299999999999999,0.53,18/22,0.06880516045761274,0.14461492581044189,0.0889698712346895,0.06880516045761274
0.34,0.11999999999999988,0.54,18/22,0.06467728458816384,0.14446901890835523,0.0871487904428222,0.06467728458816384
0.34,0.10999999999999988,0.55,18/22,0.060549408718714934,0.14432311200626852,0.08532770965095487,0.060549408718714934
0.34,0.09999999999999987,0.56,18/22,0.05642153284926603,0.14417720510418186,0.08350662885908756,0.05642153284926603
0.34,0.08999999999999997,0.57,18/22,0.052293656979817166,0.14403129820209518,0.08168554806722028,0.052293656979817166
0.34,0.07999999999999996,0.58,18/22,0.04816578111036826,0.1438853913000085,0.07986446727535296,0.04816578111036826
0.34,0.06999999999999995,0.59,18/22,0.04403790524091935,0.14373948439792184,0.07804338648348566,0.04403790524091935
0.34,0.05999999999999994,0.6,18/22,0.03991002937147044,0.14359357749583515,0.07622230569161835,0.03991002937147044
0.34,0.04999999999999993,0.61,18/22,0.03578215350202153,0.14344767059374847,0.07440122489975104,0.03578215350202153
0.34,0.039999999999999925,0.62,18/22,0.03165427763257263,0.1433017636916618,0.07258014410788373,0.03165427763257263
0.34,0.029999999999999916,0.63,18/22,0.027526401763123723,0.14315585678957513,0.07075906331601642,0.027526401763123723
0.34,0.019999999999999907,0.64,18/22,0.023398525893674815,0.14300994988748844,0.06893798252414912,0.023398525893674815
0.34,0.009999999999999898,0.65,18/22,0.019270650024225906,0.14286404298540176,0.0671169017322818,0.019270650024225906
0.34,-1.1102230246251565e-16,0.66,18/22,0.015142774154777001,0.1427181360833151,0.06529582094041449,0.015142774154777001
0.35,0.65,0.0,15/18,0.15139967695669365,0.15139967695669365,0.1838218318512135,0.2839000813793904
0.35,0.64,0.01,15/18,0.15125377005460697,0.15125377005460697,0.18200075105934618,0.2797722055099415
0.35,0.63,0.02,15/18,0.1511078631525203,0.1511078631525203,0.1801796702674789,0.27564432964049257
0.35,0.62,0.03,15/18,0.1509619562504336,0.1509619562504336,0.17835858947561156,0.27151645377104366
0.35,0.61,0.04,15/18,0.15081604934834691,0.15081604934834691,0.17653750868374427,0.26738857790159476
0.35,0.6,0.05,15/18,0.15067014244626026,0.15067014244626026,0.17471642789187694,0.26326070203214585
0.35,0.5900000000000001,0.06,15/18,0.1505242355441736,0.1505242355441736,0.17289534710000964,0.259132826162697
0.35,0.5800000000000001,0.07,15/18,0.15037832864208692,0.15037832864208692,0.17107426630814238,0.2550049502932481
0.35,0.5700000000000001,0.08,15/18,0.15023242174000023,0.15023242174000023,0.16925318551627505,0.2508770744237992
0.35,0.56,0.09,15/18,0.15008651483791355,0.15008651483791355,0.16743210472440775,0.24674919855435026
0.35,0.55,0.1,15/18,0.1499406079358269,0.1499406079358269,0.16561102393254043,0.24262132268490136
0.35,0.54,0.11,15/18,0.14979470103374018,0.14979470103374018,0.1637899431406731,0.23849344681545245
0.35,0.53,0.12,15/18,0.14964879413165352,0.14964879413165352,0.1619688623488058,0.23436557094600355
0.35,0.52,0.13,15/18,0.14950288722956684,0.14950288722956684,0.16014778155693848,0.23023769507655464
0.35,0.51,0.14,15/18,0.14935698032748018,0.14935698032748018,0.1583267007650712,0.22610981920710574
0.35,0.5,0.15,15/18,0.14921107342539347,0.14921107342539347,0.15650561997320386,0.22198194333765683
0.35,0.49,0.16,15/18,0.1490651665233068,0.1490651665233068,0.15468453918133654,0.21785406746820793
0.35,0.48,0.17,15/18,0.14891925962122013,0.14891925962122013,0.15286345838946924,0.21372619159875902
0.35,0.47000000000000003,0.18,15/18,0.14877335271913347,0.14877335271913347,0.15104237759760195,0.20959831572931015
0.35,0.46,0.19,15/18,0.1486274458170468,0.1486274458170468,0.14922129680573465,0.20547043985986124
0.35,0.45,0.2,16/18,0.14740021601386732,0.1484815389149601,0.14740021601386732,0.2013425639904123
0.35,0.44000000000000006,0.21,16/18,0.14557913522200003,0.14833563201287345,0.14557913522200003,0.19721468812096343
0.35,0.43000000000000005,0.22,16/18,0.14375805443013273,0.14818972511078676,0.14375805443013273,0.19308681225151453
0.35,0.42000000000000004,0.23,16/18,0.1419369736382654,0.1480438182087001,0.1419369736382654,0.18895893638206562
0.35,0.41000000000000003,0.24,16/18,0.1401158928463981,0.1478979113066134,0.1401158928463981,0.18483106051261672
0.35,0.4,0.25,16/18,0.13829481205453079,0.14775200440452674,0.13829481205453079,0.1807031846431678
0.35,0.39,0.26,16/18,0.13647373126266346,0.14760609750244005,0.13647373126266346,0.1765753087737189
0.35,0.38,0.27,16/18,0.1346526504707962,0.1474601906003534,0.1346526504707962,0.17244743290427
0.35,0.37,0.28,16/18,0.13283156967892887,0.1473142836982667,0.13283156967892887,0.1683195570348211
0.35,0.36000000000000004,0.29,16/18,0.13101048888706157,0.14716837679618003,0.13101048888706157,0.1641916811653722
0.35,0.35000000000000003,0.3,16/18,0.12918940809519425,0.14702246989409334,0.12918940809519425,0.1600638052959233
0.35,0.34,0.31,16/18,0.12736832730332695,0.1468765629920067,0.12736832730332695,0.15593592942647438
0.35,0.33,0.32,16/18,0.12554724651145965,0.14673065608991998,0.12554724651145965,0.15180805355702548
0.35,0.32,0.33,16/18,0.12372616571959233,0.14658474918783332,0.12372616571959233,0.14768017768757657
0.35,0.31,0.34,16/18,0.12190508492772502,0.14643884228574663,0.12190508492772502,0.14355230181812767
0.35,0.30000000000000004,0.35,16/18,0.12008400413585771,0.14629293538365995,0.12008400413585771,0.1394244259486788
0.35,0.29000000000000004,0.36,16/18,0.11826292334399043,0.1461470284815733,0.11826292334399043,0.1352965500792299
0.35,0.28,0.37,16/18,0.11644184255212311,0.1460011215794866,0.11644184255212311,0.13116867420978096
0.35,0.27,0.38,16/18,0.11462076176025579,0.14585521467739992,0.11462076176025579,0.12704079834033205
0.35,0.26,0.39,16/18,0.11279968096838848,0.14570930777531327,0.11279968096838848,0.12291292247088315
0.35,0.25,0.4,16/18,0.11097860017652117,0.14556340087322656,0.11097860017652117,0.11878504660143424
0.35,0.24000000000000005,0.41,16/18,0.10915751938465387,0.1454174939711399,0.10915751938465387,0.11465717073198536
0.35,0.23000000000000004,0.42,16/18,0.10733643859278658,0.14527158706905324,0.10733643859278658,0.11052929486253645
0.35,0.22000000000000003,0.43,16/18,0.10551535780091925,0.14512568016696653,0.10551535780091925,0.10640141899308754
0.35,0.21000000000000002,0.44,18/22,0.10227354312363864,0.14497977326487987,0.10369427700905194,0.10227354312363864
0.35,0.2,0.45,18/22,0.09814566725418973,0.14483386636279322,0.10187319621718463,0.09814566725418973
0.35,0.19,0.46,18/22,0.09401779138474083,0.1446879594607065,0.10005211542531732,0.09401779138474083
0.35,0.18000000000000005,0.47,18/22,0.08988991551529193,0.14454205255861985,0.09823103463345004,0.08988991551529193
0.35,0.17000000000000004,0.48,18/22,0.08576203964584303,0.1443961456565332,0.09640995384158271,0.08576203964584303
0.35,0.16000000000000003,0.49,18/22,0.08163416377639413,0.14425023875444648,0.0945888730497154,0.08163416377639413
0.35,0.15000000000000002,0.5,18/22,0.07750628790694522,0.14410433185235982,0.09276779225784809,0.07750628790694522
0.35,0.14,0.51,18/22,0.07337841203749632,0.14395842495027314,0.09094671146598078,0.07337841203749632
0.35,0.13,0.52,18/22,0.06925053616804741,0.14381251804818646,0.08912563067411347,0.06925053616804741
0.35,0.12,0.53,18/22,0.0651226602985985,0.1436666111460998,0.08730454988224617,0.0651226602985985
0.35,0.10999999999999999,0.54,18/22,0.060994784429149594,0.14352070424401311,0.08548346909037885,0.060994784429149594
0.35,0.09999999999999998,0.55,18/22,0.05686690855970068,0.14337479734192643,0.08366238829851154,0.05686690855970068
0.35,0.08999999999999997,0.56,18/22,0.05273903269025178,0.14322889043983977,0.08184130750664423,0.05273903269025178
0.35,0.08000000000000007,0.57,18/22,0.048611156820802914,0.14308298353775306,0.08002022671477696,0.048611156820802914
0.35,0.07000000000000006,0.58,18/22,0.04448328095135401,0.1429370766356664,0.07819914592290964,0.04448328095135401
0.35,0.06000000000000005,0.59,18/22,0.040355405081905105,0.14279116973357972,0.07637806513104232,0.040355405081905105
0.35,0.050000000000000044,0.6,18/22,0.0362275292124562,0.14264526283149304,0.07455698433917501,0.0362275292124562
0.35,0.040000000000000036,0.61,18/22,0.03209965334300729,0.14249935592940638,0.0727359035473077,0.03209965334300729
0.35,0.030000000000000027,0.62,18/22,0.027971777473558383,0.1423534490273197,0.0709148227554404,0.027971777473558383
0.35,0.020000000000000018,0.63,18/22,0.02384390160410948,0.142207542125233,0.0690937419635731,0.02384390160410948
0.35,0.010000000000000009,0.64,18/22,0.01971602573466057,0.14206163522314633,0.06727266117170579,0.01971602573466057
0.35,0.0,0.65,18/22,0.015588149865211664,0.14191572832105967,0.06545158037983848,0.015588149865211664
0.36,0.64,0.0,15/18,0.15045136229235154,0.15045136229235154,0.18215651049877013,0.2802175812203761
0.36,0.63,0.01,15/18,0.15030545539026485,0.15030545539026485,0.1803354297069028,0.2760897053509272
0.36,0.62,0.02,15/18,0.15015954848817817,0.15015954848817817,0.1785143489150355,0.2719618294814783
0.36,0.61,0.03,15/18,0.15001364158609148,0.15001364158609148,0.17669326812316818,0.2678339536120294
0.36,0.6,0.04,15/18,0.1498677346840048,0.1498677346840048,0.1748721873313009,0.2637060777425805
0.36,0.59,0.05,15/18,0.14972182778191814,0.14972182778191814,0.17305110653943362,0.2595782018731316
0.36,0.5800000000000001,0.06,15/18,0.1495759208798315,0.1495759208798315,0.1712300257475663,0.2554503260036827
0.36,0.5700000000000001,0.07,15/18,0.1494300139777448,0.1494300139777448,0.169408944955699,0.2513224501342338
0.36,0.56,0.08,15/18,0.14928410707565812,0.14928410707565812,0.16758786416383167,0.24719457426478486
0.36,0.55,0.09,15/18,0.14913820017357143,0.14913820017357143,0.16576678337196438,0.24306669839533596
0.36,0.54,0.1,15/18,0.14899229327148478,0.14899229327148478,0.16394570258009705,0.23893882252588705
0.36,0.53,0.11,15/18,0.14884638636939806,0.14884638636939806,0.16212462178822973,0.23481094665643815
0.36,0.52,0.12,15/18,0.1487004794673114,0.1487004794673114,0.16030354099636243,0.23068307078698924
0.36,0.51,0.13,15/18,0.14855457256522472,0.14855457256522472,0.15848246020449513,0.22655519491754034
0.36,0.5,0.14,15/18,0.14840866566313807,0.14840866566313807,0.15666137941262784,0.22242731904809143
0.36,0.49,0.15,15/18,0.14826275876105136,0.14826275876105136,0.1548402986207605,0.21829944317864253
0.36,0.48,0.16,15/18,0.1481168518589647,0.1481168518589647,0.1530192178288932,0.21417156730919362
0.36,0.47,0.17,15/18,0.14797094495687801,0.14797094495687801,0.15119813703702592,0.21004369143974472
0.36,0.46,0.18,15/18,0.14782503805479136,0.14782503805479136,0.1493770562451586,0.20591581557029584
0.36,0.45,0.19,16/18,0.1475559754532913,0.14767913115270465,0.1475559754532913,0.2017879397008469
0.36,0.44,0.2,16/18,0.14573489466142397,0.147533224250618,0.14573489466142397,0.197660063831398
0.36,0.43000000000000005,0.21,16/18,0.14391381386955668,0.14738731734853133,0.14391381386955668,0.19353218796194913
0.36,0.42000000000000004,0.22,16/18,0.14209273307768938,0.14724141044644465,0.14209273307768938,0.18940431209250022
0.36,0.41000000000000003,0.23,16/18,0.14027165228582206,0.14709550354435796,0.14027165228582206,0.18527643622305132
0.36,0.4,0.24,16/18,0.13845057149395476,0.14694959664227128,0.13845057149395476,0.1811485603536024
0.36,0.39,0.25,16/18,0.13662949070208744,0.14680368974018462,0.13662949070208744,0.1770206844841535
0.36,0.38,0.26,16/18,0.13480840991022014,0.14665778283809794,0.13480840991022014,0.1728928086147046
0.36,0.37,0.27,16/18,0.13298732911835282,0.14651187593601125,0.13298732911835282,0.1687649327452557
0.36,0.36,0.28,16/18,0.13116624832648552,0.14636596903392457,0.13116624832648552,0.1646370568758068
0.36,0.35000000000000003,0.29,16/18,0.12934516753461822,0.1462200621318379,0.12934516753461822,0.1605091810063579
0.36,0.34,0.3,16/18,0.1275240867427509,0.14607415522975123,0.1275240867427509,0.15638130513690898
0.36,0.33,0.31,16/18,0.1257030059508836,0.14592824832766454,0.1257030059508836,0.15225342926746008
0.36,0.32,0.32,16/18,0.12388192515901629,0.14578234142557786,0.12388192515901629,0.14812555339801117
0.36,0.31,0.33,16/18,0.12206084436714898,0.1456364345234912,0.12206084436714898,0.14399767752856227
0.36,0.3,0.34,16/18,0.12023976357528166,0.14549052762140452,0.12023976357528166,0.13986980165911336
0.36,0.29000000000000004,0.35,16/18,0.11841868278341437,0.14534462071931786,0.11841868278341437,0.13574192578966449
0.36,0.28,0.36,16/18,0.11659760199154706,0.14519871381723115,0.11659760199154706,0.13161404992021558
0.36,0.27,0.37,16/18,0.11477652119967974,0.1450528069151445,0.11477652119967974,0.12748617405076668
0.36,0.26,0.38,16/18,0.11295544040781244,0.1449069000130578,0.11295544040781244,0.12335829818131777
0.36,0.25,0.39,16/18,0.11113435961594513,0.14476099311097113,0.11113435961594513,0.11923042231186887
0.36,0.24,0.4,16/18,0.10931327882407782,0.14461508620888447,0.10931327882407782,0.11510254644241996
0.36,0.23000000000000004,0.41,16/18,0.10749219803221052,0.14446917930679778,0.10749219803221052,0.11097467057297107
0.36,0.22000000000000003,0.42,16/18,0.1056711172403432,0.1443232724047111,0.1056711172403432,0.10684679470352217
0.36,0.21000000000000002,0.43,18/22,0.10271891883407326,0.14417736550262444,0.1038500364484759,0.10271891883407326
0.36,0.2,0.44,18/22,0.09859104296462436,0.14403145860053776,0.10202895565660859,0.09859104296462436
0.36,0.19,0.45,18/22,0.09446316709517545,0.14388555169845108,0.10020787486474128,0.09446316709517545
0.36,0.18,0.46,18/22,0.09033529122572655,0.1437396447963644,0.09838679407287397,0.09033529122572655
0.36,0.17000000000000004,0.47,18/22,0.08620741535627766,0.1435937378942777,0.09656571328100666,0.08620741535627766
0.36,0.16000000000000003,0.48,18/22,0.08207953948682875,0.14344783099219105,0.09474463248913936,0.08207953948682875
0.36,0.15000000000000002,0.49,18/22,0.07795166361737985,0.14330192409010437,0.09292355169727205,0.07795166361737985
0.36,0.14,0.5,18/22,0.07382378774793093,0.14315601718801768,0.09110247090540474,0.07382378774793093
0.36,0.13,0.51,18/22,0.06969591187848202,0.14301011028593102,0.08928139011353743,0.06969591187848202
0.36,0.12,0.52,18/22,0.06556803600903312,0.14286420338384434,0.08746030932167012,0.06556803600903312
0.36,0.10999999999999999,0.53,18/22,0.06144016013958421,0.14271829648175766,0.08563922852980281,0.06144016013958421
0.36,0.09999999999999998,0.54,18/22,0.05731228427013531,0.142572389579671,0.0838181477379355,0.05731228427013531
0.36,0.08999999999999997,0.55,18/22,0.0531844084006864,0.14242648267758432,0.08199706694606819,0.0531844084006864
0.36,0.07999999999999996,0.56,18/22,0.0490565325312375,0.14228057577549763,0.08017598615420088,0.0490565325312375
0.36,0.07000000000000006,0.57,18/22,0.044928656661788635,0.14213466887341097,0.0783549053623336,0.044928656661788635
0.36,0.06000000000000005,0.58,18/22,0.04080078079233972,0.1419887619713243,0.07653382457046629,0.04080078079233972
0.36,0.050000000000000044,0.59,18/22,0.03667290492289082,0.1418428550692376,0.07471274377859898,0.03667290492289082
0.36,0.040000000000000036,0.6,18/22,0.03254502905344191,0.14169694816715095,0.07289166298673166,0.03254502905344191
0.36,0.030000000000000027,0.61,18/22,0.028417153183993002,0.14155104126506426,0.07107058219486435,0.028417153183993002
0.36,0.020000000000000018,0.62,18/22,0.024289277314544097,0.14140513436297758,0.06924950140299704,0.024289277314544097
0.36,0.010000000000000009,0.63,18/22,0.020161401445095192,0.1412592274608909,0.06742842061112973,0.020161401445095192
0.36,0.0,0.64,18/22,0.016033525575646284,0.1411133205588042,0.06560733981926242,0.016033525575646284
0.37,0.63,0.0,15/18,0.14950304762800942,0.14950304762800942,0.18049118914632678,0.2765350810613618
0.37,0.62,0.01,15/18,0.14935714072592274,0.14935714072592274,0.17867010835445946,0.2724072051919129
0.37,0.61,0.02,15/18,0.14921123382383605,0.14921123382383605,0.17684902756259216,0.268279329322464
0.37,0.6,0.03,15/18,0.14906532692174937,0.14906532692174937,0.17502794677072483,0.2641514534530151
0.37,0.59,0.04,15/18,0.14891942001966268,0.14891942001966268,0.17320686597885757,0.2600235775835662
0.37,0.58,0.05,15/18,0.14877351311757603,0.14877351311757603,0.17138578518699024,0.2558957017141173
0.37,0.5700000000000001,0.06,15/18,0.14862760621548937,0.14862760621548937,0.16956470439512294,0.25176782584466845
0.37,0.56,0.07,15/18,0.14848169931340266,0.14848169931340266,0.16774362360325565,0.2476399499752195
0.37,0.55,0.08,15/18,0.148335792411316,0.148335792411316,0.16592254281138832,0.24351207410577058
0.37,0.54,0.09,15/18,0.14818988550922932,0.14818988550922932,0.16410146201952103,0.23938419823632168
0.37,0.53,0.1,15/18,0.14804397860714266,0.14804397860714266,0.1622803812276537,0.23525632236687277
0.37,0.52,0.11,15/18,0.14789807170505595,0.14789807170505595,0.16045930043578638,0.23112844649742387
0.37,0.51,0.12,15/18,0.1477521648029693,0.1477521648029693,0.1586382196439191,0.22700057062797496
0.37,0.5,0.13,15/18,0.1476062579008826,0.1476062579008826,0.15681713885205179,0.22287269475852606
0.37,0.49,0.14,15/18,0.14746035099879595,0.14746035099879595,0.1549960580601845,0.21874481888907715
0.37,0.48,0.15,15/18,0.14731444409670924,0.14731444409670924,0.15317497726831716,0.21461694301962825
0.37,0.47,0.16,15/18,0.14716853719462258,0.14716853719462258,0.15135389647644984,0.21048906715017934
0.37,0.45999999999999996,0.17,15/18,0.1470226302925359,0.1470226302925359,0.14953281568458254,0.20636119128073044
0.37,0.45,0.18,15/18,0.14687672339044924,0.14687672339044924,0.14771173489271525,0.20223331541128153
0.37,0.44,0.19,16/18,0.14589065410084795,0.14673081648836256,0.14589065410084795,0.19810543954183263
0.37,0.43,0.2,16/18,0.14406957330898063,0.14658490958627587,0.14406957330898063,0.19397756367238372
0.37,0.42000000000000004,0.21,16/18,0.14224849251711333,0.14643900268418922,0.14224849251711333,0.18984968780293485
0.37,0.41000000000000003,0.22,16/18,0.14042741172524603,0.14629309578210253,0.14042741172524603,0.18572181193348594
0.37,0.4,0.23,16/18,0.1386063309333787,0.14614718888001588,0.1386063309333787,0.18159393606403704
0.37,0.39,0.24,16/18,0.13678525014151138,0.14600128197792916,0.13678525014151138,0.17746606019458813
0.37,0.38,0.25,16/18,0.1349641693496441,0.1458553750758425,0.1349641693496441,0.17333818432513923
0.37,0.37,0.26,16/18,0.13314308855777676,0.14570946817375582,0.13314308855777676,0.16921030845569032
0.37,0.36,0.27,16/18,0.13132200776590947,0.14556356127166914,0.13132200776590947,0.16508243258624142
0.37,0.35,0.28,16/18,0.12950092697404214,0.14541765436958248,0.12950092697404214,0.1609545567167925
0.37,0.34,0.29,16/18,0.12767984618217487,0.1452717474674958,0.12767984618217487,0.1568266808473436
0.37,0.33,0.3,16/18,0.12585876539030755,0.14512584056540911,0.12585876539030755,0.1526988049778947
0.37,0.32,0.31,16/18,0.12403768459844024,0.14497993366332246,0.12403768459844024,0.1485709291084458
0.37,0.31,0.32,16/18,0.12221660380657293,0.14483402676123575,0.12221660380657293,0.1444430532389969
0.37,0.3,0.33,16/18,0.1203955230147056,0.1446881198591491,0.1203955230147056,0.140315177369548
0.37,0.29,0.34,16/18,0.1185744422228383,0.1445422129570624,0.1185744422228383,0.13618730150009908
0.37,0.28,0.35,16/18,0.11675336143097101,0.14439630605497572,0.11675336143097101,0.1320594256306502
0.37,0.27,0.36,16/18,0.1149322806391037,0.14425039915288904,0.1149322806391037,0.1279315497612013
0.37,0.26,0.37,16/18,0.11311119984723639,0.14410449225080238,0.11311119984723639,0.12380367389175238
0.37,0.25,0.38,16/18,0.11129011905536909,0.1439585853487157,0.11129011905536909,0.11967579802230348
0.37,0.24,0.39,16/18,0.10946903826350177,0.14381267844662904,0.10946903826350177,0.11554792215285457
0.37,0.22999999999999998,0.4,16/18,0.10764795747163446,0.14366677154454233,0.10764795747163446,0.11142004628340567
0.37,0.22000000000000003,0.41,16/18,0.10582687667976716,0.14352086464245567,0.10582687667976716,0.10729217041395678
0.37,0.21000000000000002,0.42,18/22,0.10316429454450787,0.143374957740369,0.10400579588789985,0.10316429454450787
0.37,0.2,0.43,18/22,0.09903641867505897,0.1432290508382823,0.10218471509603254,0.09903641867505897
0.37,0.19,0.44,18/22,0.09490854280561006,0.14308314393619564,0.10036363430416523,0.09490854280561006
0.37,0.18,0.45,18/22,0.09078066693616116,0.142937237034109,0.09854255351229792,0.09078066693616116
0.37,0.16999999999999998,0.46,18/22,0.08665279106671224,0.14279133013202228,0.09672147272043062,0.08665279106671224
0.37,0.16000000000000003,0.47,18/22,0.08252491519726336,0.14264542322993562,0.09490039192856331,0.08252491519726336
0.37,0.15000000000000002,0.48,18/22,0.07839703932781446,0.14249951632784894,0.093079311136696,0.07839703932781446
0.37,0.14,0.49,18/22,0.07426916345836555,0.14235360942576225,0.09125823034482869,0.07426916345836555
0.37,0.13,0.5,18/22,0.07014128758891665,0.1422077025236756,0.08943714955296138,0.07014128758891665
0.37,0.12,0.51,18/22,0.06601341171946774,0.1420617956215889,0.08761606876109407,0.06601341171946774
0.37,0.10999999999999999,0.52,18/22,0.06188553585001884,0.14191588871950223,0.08579498796922677,0.06188553585001884
0.37,0.09999999999999998,0.53,18/22,0.05775765998056992,0.14176998181741557,0.08397390717735945,0.05775765998056992
0.37,0.08999999999999997,0.54,18/22,0.053629784111121015,0.14162407491532888,0.08215282638549215,0.053629784111121015
0.37,0.07999999999999996,0.55,18/22,0.04950190824167211,0.1414781680132422,0.08033174559362483,0.04950190824167211
0.37,0.06999999999999995,0.56,18/22,0.045374032372223205,0.14133226111115552,0.07851066480175753,0.045374032372223205
0.37,0.06000000000000005,0.57,18/22,0.04124615650277434,0.14118635420906883,0.07668958400989023,0.04124615650277434
0.37,0.050000000000000044,0.58,18/22,0.03711828063332544,0.14104044730698218,0.07486850321802292,0.03711828063332544
0.37,0.040000000000000036,0.59,18/22,0.03299040476387653,0.1408945404048955,0.07304742242615561,0.03299040476387653
0.37,0.030000000000000027,0.6,18/22,0.02886252889442762,0.1407486335028088,0.07122634163428831,0.02886252889442762
0.37,0.020000000000000018,0.61,18/22,0.024734653024978716,0.14060272660072215,0.06940526084242099,0.024734653024978716
0.37,0.010000000000000009,0.62,18/22,0.02060677715552981,0.14045681969863547,0.0675841800505537,0.02060677715552981
0.37,0.0,0.63,18/22,0.016478901286080903,0.14031091279654878,0.06576309925868638,0.016478901286080903
0.38,0.62,0.0,15/18,0.14855473296366728,0.14855473296366728,0.17882586779388343,0.2728525809023475
0.38,0.61,0.01,15/18,0.14840882606158062,0.14840882606158062,0.1770047870020161,0.2687247050328986
0.38,0.6,0.02,15/18,0.14826291915949394,0.14826291915949394,0.1751837062101488,0.2645968291634497
0.38,0.59,0.03,15/18,0.14811701225740725,0.14811701225740725,0.1733626254182815,0.26046895329400077
0.38,0.58,0.04,15/18,0.14797110535532057,0.14797110535532057,0.17154154462641422,0.25634107742455187
0.38,0.57,0.05,15/18,0.1478251984532339,0.1478251984532339,0.1697204638345469,0.25221320155510296
0.38,0.56,0.06,15/18,0.14767929155114726,0.14767929155114726,0.1678993830426796,0.2480853256856541
0.38,0.55,0.07,15/18,0.14753338464906054,0.14753338464906054,0.1660783022508123,0.2439574498162052
0.38,0.54,0.08,15/18,0.1473874777469739,0.1473874777469739,0.16425722145894497,0.2398295739467563
0.38,0.53,0.09,15/18,0.1472415708448872,0.1472415708448872,0.16243614066707768,0.2357016980773074
0.38,0.52,0.1,15/18,0.14709566394280055,0.14709566394280055,0.16061505987521035,0.2315738222078585
0.38,0.51,0.11,15/18,0.14694975704071384,0.14694975704071384,0.15879397908334303,0.2274459463384096
0.38,0.5,0.12,15/18,0.14680385013862718,0.14680385013862718,0.15697289829147573,0.22331807046896068
0.38,0.49,0.13,15/18,0.1466579432365405,0.1466579432365405,0.1551518174996084,0.21919019459951178
0.38,0.48,0.14,15/18,0.14651203633445384,0.14651203633445384,0.1533307367077411,0.21506231873006287
0.38,0.47,0.15,15/18,0.14636612943236713,0.14636612943236713,0.15150965591587381,0.21093444286061397
0.38,0.45999999999999996,0.16,15/18,0.14622022253028047,0.14622022253028047,0.1496885751240065,0.20680656699116506
0.38,0.44999999999999996,0.17,15/18,0.14607431562819378,0.14607431562819378,0.1478674943321392,0.20267869112171616
0.38,0.44,0.18,15/18,0.14592840872610713,0.14592840872610713,0.14604641354027187,0.19855081525226725
0.38,0.43,0.19,16/18,0.1442253327484046,0.14578250182402042,0.1442253327484046,0.19442293938281835
0.38,0.42,0.2,16/18,0.14240425195653728,0.14563659492193376,0.14240425195653728,0.19029506351336944
0.38,0.41000000000000003,0.21,16/18,0.14058317116466995,0.1454906880198471,0.14058317116466995,0.18616718764392057
0.38,0.4,0.22,16/18,0.13876209037280265,0.14534478111776042,0.13876209037280265,0.18203931177447166
0.38,0.39,0.23,16/18,0.13694100958093536,0.14519887421567373,0.13694100958093536,0.17791143590502276
0.38,0.38,0.24,16/18,0.13511992878906806,0.14505296731358705,0.13511992878906806,0.17378356003557385
0.38,0.37,0.25,16/18,0.13329884799720074,0.14490706041150037,0.13329884799720074,0.16965568416612495
0.38,0.36,0.26,16/18,0.1314777672053334,0.1447611535094137,0.1314777672053334,0.16552780829667604
0.38,0.35,0.27,16/18,0.12965668641346612,0.14461524660732702,0.12965668641346612,0.16139993242722714
0.38,0.33999999999999997,0.28,16/18,0.12783560562159882,0.14446933970524034,0.12783560562159882,0.1572720565577782
0.38,0.33,0.29,16/18,0.12601452482973152,0.14432343280315368,0.12601452482973152,0.15314418068832933
0.38,0.32,0.3,16/18,0.1241934440378642,0.144177525901067,0.1241934440378642,0.14901630481888042
0.38,0.31,0.31,16/18,0.12237236324599689,0.14403161899898032,0.12237236324599689,0.14488842894943152
0.38,0.3,0.32,16/18,0.12055128245412958,0.14388571209689363,0.12055128245412958,0.14076055307998261
0.38,0.29,0.33,16/18,0.11873020166226228,0.14373980519480697,0.11873020166226228,0.1366326772105337
0.38,0.27999999999999997,0.34,16/18,0.11690912087039496,0.1435938982927203,0.11690912087039496,0.1325048013410848
0.38,0.27,0.35,16/18,0.11508804007852766,0.14344799139063363,0.11508804007852766,0.1283769254716359
0.38,0.26,0.36,16/18,0.11326695928666035,0.14330208448854692,0.11326695928666035,0.12424904960218701
0.38,0.25,0.37,16/18,0.11144587849479304,0.14315617758646026,0.11144587849479304,0.1201211737327381
0.38,0.24,0.38,16/18,0.10962479770292571,0.14301027068437358,0.10962479770292571,0.1159932978632892
0.38,0.22999999999999998,0.39,16/18,0.10780371691105842,0.1428643637822869,0.10780371691105842,0.1118654219938403
0.38,0.21999999999999997,0.4,16/18,0.1059826361191911,0.14271845688020024,0.1059826361191911,0.10773754612439139
0.38,0.21000000000000002,0.41,18/22,0.1036096702549425,0.14257254997811356,0.10416155532732381,0.1036096702549425
0.38,0.2,0.42,18/22,0.0994817943854936,0.14242664307602687,0.1023404745354565,0.0994817943854936
0.38,0.19,0.43,18/22,0.09535391851604469,0.14228073617394021,0.10051939374358919,0.09535391851604469
0.38,0.18,0.44,18/22,0.09122604264659578,0.1421348292718535,0.09869831295172188,0.09122604264659578
0.38,0.16999999999999998,0.45,18/22,0.08709816677714687,0.14198892236976685,0.09687723215985457,0.08709816677714687
0.38,0.15999999999999998,0.46,18/22,0.08297029090769796,0.14184301546768016,0.09505615136798726,0.08297029090769796
0.38,0.15000000000000002,0.47,18/22,0.07884241503824908,0.14169710856559348,0.09323507057611996,0.07884241503824908
0.38,0.14,0.48,18/22,0.07471453916880016,0.14155120166350682,0.09141398978425265,0.07471453916880016
0.38,0.13,0.49,18/22,0.07058666329935126,0.14140529476142014,0.08959290899238534,0.07058666329935126
0.38,0.12,0.5,18/22,0.06645878742990236,0.14125938785933345,0.08777182820051803,0.06645878742990236
0.38,0.10999999999999999,0.51,18/22,0.06233091156045345,0.1411134809572468,0.08595074740865072,0.06233091156045345
0.38,0.09999999999999998,0.52,18/22,0.058203035691004545,0.1409675740551601,0.08412966661678341,0.058203035691004545
0.38,0.08999999999999997,0.53,18/22,0.05407515982155564,0.14082166715307343,0.0823085858249161,0.05407515982155564
0.38,0.07999999999999996,0.54,18/22,0.049947283952106736,0.14067576025098677,0.0804875050330488,0.049947283952106736
0.38,0.06999999999999995,0.55,18/22,0.045819408082657824,0.14052985334890009,0.07866642424118148,0.045819408082657824
0.38,0.05999999999999994,0.56,18/22,0.04169153221320891,0.1403839464468134,0.07684534344931418,0.04169153221320891
0.38,0.050000000000000044,0.57,18/22,0.037563656343760056,0.14023803954472674,0.07502426265744688,0.037563656343760056
0.38,0.040000000000000036,0.58,18/22,0.033435780474311144,0.14009213264264006,0.07320318186557957,0.033435780474311144
0.38,0.030000000000000027,0.59,18/22,0.02930790460486224,0.13994622574055338,0.07138210107371226,0.02930790460486224
0.38,0.020000000000000018,0.6,18/22,0.025180028735413335,0.1398003188384667,0.06956102028184497,0.025180028735413335
0.38,0.010000000000000009,0.61,18/22,0.02105215286596443,0.13965441193638004,0.06773993948997764,0.02105215286596443
0.38,0.0,0.62,18/22,0.01692427699651552,0.13950850503429335,0.06591885869811033,0.01692427699651552
0.39,0.61,0.0,15/18,0.14760641829932517,0.14760641829932517,0.17716054644144008,0.2691700807433332
0.39,0.6,0.01,15/18,0.1474605113972385,0.1474605113972385,0.17533946564957276,0.2650422048738843
0.39,0.59,0.02,15/18,0.14731460449515182,0.14731460449515182,0.17351838485770546,0.2609143290044354
0.39,0.58,0.03,15/18,0.14716869759306514,0.14716869759306514,0.17169730406583814,0.2567864531349865
0.39,0.57,0.04,15/18,0.14702279069097846,0.14702279069097846,0.16987622327397084,0.2526585772655376
0.39,0.5599999999999999,0.05,15/18,0.1468768837888918,0.1468768837888918,0.16805514248210351,0.2485307013960887
0.39,0.55,0.06,15/18,0.14673097688680514,0.14673097688680514,0.16623406169023625,0.24440282552663983
0.39,0.54,0.07,15/18,0.14658506998471843,0.14658506998471843,0.16441298089836895,0.24027494965719093
0.39,0.53,0.08,15/18,0.14643916308263177,0.14643916308263177,0.16259190010650162,0.23614707378774202
0.39,0.52,0.09,15/18,0.1462932561805451,0.1462932561805451,0.16077081931463433,0.23201919791829312
0.39,0.51,0.1,15/18,0.14614734927845843,0.14614734927845843,0.158949738522767,0.2278913220488442
0.39,0.5,0.11,15/18,0.14600144237637172,0.14600144237637172,0.15712865773089968,0.2237634461793953
0.39,0.49,0.12,15/18,0.14585553547428506,0.14585553547428506,0.15530757693903238,0.2196355703099464
0.39,0.48,0.13,15/18,0.14570962857219838,0.14570962857219838,0.15348649614716506,0.2155076944404975
0.39,0.47,0.14,15/18,0.14556372167011172,0.14556372167011172,0.15166541535529776,0.2113798185710486
0.39,0.45999999999999996,0.15,15/18,0.145417814768025,0.145417814768025,0.14984433456343044,0.2072519427015997
0.39,0.44999999999999996,0.16,15/18,0.14527190786593835,0.14527190786593835,0.1480232537715631,0.20312406683215078
0.39,0.43999999999999995,0.17,15/18,0.14512600096385167,0.14512600096385167,0.14620217297969582,0.19899619096270188
0.39,0.43,0.18,16/18,0.14438109218782855,0.144980094061765,0.14438109218782855,0.19486831509325298
0.39,0.42,0.19,16/18,0.14256001139596125,0.14483418715967833,0.14256001139596125,0.19074043922380407
0.39,0.41,0.2,16/18,0.14073893060409393,0.14468828025759164,0.14073893060409393,0.18661256335435517
0.39,0.4,0.21,16/18,0.1389178498122266,0.144542373355505,0.1389178498122266,0.1824846874849063
0.39,0.39,0.22,16/18,0.1370967690203593,0.1443964664534183,0.1370967690203593,0.17835681161545738
0.39,0.38,0.23,16/18,0.135275688228492,0.14425055955133165,0.135275688228492,0.17422893574600848
0.39,0.37,0.24,16/18,0.13345460743662468,0.14410465264924494,0.13345460743662468,0.17010105987655957
0.39,0.36,0.25,16/18,0.13163352664475736,0.14395874574715825,0.13163352664475736,0.16597318400711067
0.39,0.35,0.26,16/18,0.12981244585289006,0.1438128388450716,0.12981244585289006,0.16184530813766176
0.39,0.33999999999999997,0.27,16/18,0.12799136506102277,0.1436669319429849,0.12799136506102277,0.15771743226821283
0.39,0.32999999999999996,0.28,16/18,0.12617028426915544,0.14352102504089825,0.12617028426915544,0.15358955639876393
0.39,0.32,0.29,16/18,0.12434920347728814,0.14337511813881157,0.12434920347728814,0.14946168052931505
0.39,0.31,0.3,16/18,0.12252812268542083,0.14322921123672488,0.12252812268542083,0.14533380465986614
0.39,0.3,0.31,16/18,0.12070704189355352,0.1430833043346382,0.12070704189355352,0.14120592879041724
0.39,0.29,0.32,16/18,0.11888596110168623,0.14293739743255152,0.11888596110168623,0.13707805292096834
0.39,0.27999999999999997,0.33,16/18,0.1170648803098189,0.14279149053046486,0.1170648803098189,0.13295017705151943
0.39,0.26999999999999996,0.34,16/18,0.11524379951795159,0.14264558362837818,0.11524379951795159,0.12882230118207053
0.39,0.26,0.35,16/18,0.1134227187260843,0.1424996767262915,0.1134227187260843,0.12469442531262162
0.39,0.25,0.36,16/18,0.111601637934217,0.1423537698242048,0.111601637934217,0.12056654944317272
0.39,0.24,0.37,16/18,0.10978055714234969,0.14220786292211815,0.10978055714234969,0.11643867357372381
0.39,0.22999999999999998,0.38,16/18,0.10795947635048236,0.14206195602003147,0.10795947635048236,0.1123107977042749
0.39,0.21999999999999997,0.39,16/18,0.10613839555861505,0.1419160491179448,0.10613839555861505,0.108182921834826
0.39,0.20999999999999996,0.4,18/22,0.10405504596537708,0.1417701422158581,0.10431731476674774,0.10405504596537708
0.39,0.2,0.41,18/22,0.0999271700959282,0.14162423531377144,0.10249623397488046,0.0999271700959282
0.39,0.19,0.42,18/22,0.0957992942264793,0.14147832841168478,0.10067515318301315,0.0957992942264793
0.39,0.18,0.43,18/22,0.0916714183570304,0.14133242150959807,0.09885407239114583,0.0916714183570304
0.39,0.16999999999999998,0.44,18/22,0.08754354248758148,0.14118651460751142,0.09703299159927851,0.08754354248758148
0.39,0.15999999999999998,0.45,18/22,0.08341566661813257,0.14104060770542476,0.0952119108074112,0.08341566661813257
0.39,0.14999999999999997,0.46,18/22,0.07928779074868367,0.14089470080333805,0.0933908300155439,0.07928779074868367
0.39,0.14,0.47,18/22,0.07515991487923479,0.1407487939012514,0.09156974922367661,0.07515991487923479
0.39,0.13,0.48,18/22,0.07103203900978589,0.1406028869991647,0.08974866843180929,0.07103203900978589
0.39,0.12,0.49,18/22,0.06690416314033698,0.14045698009707802,0.08792758763994198,0.06690416314033698
0.39,0.10999999999999999,0.5,18/22,0.06277628727088808,0.14031107319499136,0.08610650684807467,0.06277628727088808
0.39,0.09999999999999998,0.51,18/22,0.05864841140143916,0.14016516629290468,0.08428542605620737,0.05864841140143916
0.39,0.08999999999999997,0.52,18/22,0.05452053553199025,0.140019259390818,0.08246434526434006,0.05452053553199025
0.39,0.07999999999999996,0.53,18/22,0.05039265966254135,0.1398733524887313,0.08064326447247275,0.05039265966254135
0.39,0.06999999999999995,0.54,18/22,0.04626478379309244,0.13972744558664466,0.07882218368060544,0.04626478379309244
0.39,0.05999999999999994,0.55,18/22,0.04213690792364354,0.13958153868455797,0.07700110288873813,0.04213690792364354
0.39,0.04999999999999993,0.56,18/22,0.03800903205419463,0.1394356317824713,0.07518002209687082,0.03800903205419463
0.39,0.040000000000000036,0.57,18/22,0.03388115618474577,0.1392897248803846,0.07335894130500353,0.03388115618474577
0.39,0.030000000000000027,0.58,18/22,0.029753280315296858,0.13914381797829795,0.07153786051313621,0.029753280315296858
0.39,0.020000000000000018,0.59,18/22,0.025625404445847953,0.13899791107621126,0.06971677972126891,0.025625404445847953
0.39,0.010000000000000009,0.6,18/22,0.02149752857639905,0.13885200417412458,0.0678956989294016,0.02149752857639905
0.39,0.0,0.61,18/22,0.01736965270695014,0.13870609727203792,0.06607461813753429,0.01736965270695014
0.4,0.6,0.0,15/18,0.14665810363498305,0.14665810363498305,0.1754952250889967,0.2654875805843189
0.4,0.59,0.01,15/18,0.1465121967328964,0.1465121967328964,0.1736741442971294,0.26135970471487
0.4,0.58,0.02,15/18,0.1463662898308097,0.1463662898308097,0.1718530635052621,0.2572318288454211
0.4,0.57,0.03,15/18,0.14622038292872303,0.14622038292872303,0.17003198271339479,0.2531039529759722
0.4,0.5599999999999999,0.04,15/18,0.14607447602663634,0.14607447602663634,0.1682109019215275,0.2489760771065233
0.4,0.5499999999999999,0.05,15/18,0.14592856912454968,0.14592856912454968,0.16638982112966016,0.2448482012370744
0.4,0.54,0.06,15/18,0.14578266222246303,0.14578266222246303,0.16456874033779287,0.24072032536762553
0.4,0.53,0.07,15/18,0.14563675532037632,0.14563675532037632,0.16274765954592557,0.23659244949817662
0.4,0.52,0.08,15/18,0.14549084841828966,0.14549084841828966,0.16092657875405825,0.23246457362872772
0.4,0.51,0.09,15/18,0.14534494151620297,0.14534494151620297,0.15910549796219098,0.2283366977592788
0.4,0.5,0.1,15/18,0.14519903461411632,0.14519903461411632,0.15728441717032365,0.2242088218898299
0.4,0.49,0.11,15/18,0.1450531277120296,0.1450531277120296,0.15546333637845633,0.220080946020381
0.4,0.48,0.12,15/18,0.14490722080994295,0.14490722080994295,0.15364225558658903,0.2159530701509321
0.4,0.47,0.13,15/18,0.14476131390785626,0.14476131390785626,0.1518211747947217,0.2118251942814832
0.4,0.45999999999999996,0.14,15/18,0.1446154070057696,0.1446154070057696,0.1500000940028544,0.2076973184120343
0.4,0.44999999999999996,0.15,15/18,0.1444695001036829,0.1444695001036829,0.1481790132109871,0.20356944254258538
0.4,0.43999999999999995,0.16,15/18,0.14432359320159624,0.14432359320159624,0.14635793241911976,0.19944156667313648
0.4,0.42999999999999994,0.17,15/18,0.14417768629950956,0.14417768629950956,0.1445368516272525,0.19531369080368755
0.4,0.42,0.18,16/18,0.14271577083538517,0.1440317793974229,0.14271577083538517,0.19118581493423867
0.4,0.41,0.19,16/18,0.14089469004351787,0.1438858724953362,0.14089469004351787,0.18705793906478976
0.4,0.39999999999999997,0.2,16/18,0.13907360925165055,0.14373996559324953,0.13907360925165055,0.18293006319534086
0.4,0.39,0.21,16/18,0.13725252845978325,0.14359405869116287,0.13725252845978325,0.17880218732589198
0.4,0.38,0.22,16/18,0.13543144766791596,0.1434481517890762,0.13543144766791596,0.17467431145644308
0.4,0.37,0.23,16/18,0.13361036687604863,0.1433022448869895,0.13361036687604863,0.17054643558699417
0.4,0.36,0.24,16/18,0.13178928608418133,0.14315633798490282,0.13178928608418133,0.16641855971754527
0.4,0.35,0.25,16/18,0.129968205292314,0.14301043108281614,0.129968205292314,0.16229068384809636
0.4,0.33999999999999997,0.26,16/18,0.1281471245004467,0.14286452418072948,0.1281471245004467,0.15816280797864743
0.4,0.32999999999999996,0.27,16/18,0.12632604370857942,0.1427186172786428,0.12632604370857942,0.15403493210919852
0.4,0.31999999999999995,0.28,16/18,0.12450496291671209,0.1425727103765561,0.12450496291671209,0.14990705623974962
0.4,0.31,0.29,16/18,0.12268388212484478,0.14242680347446945,0.12268388212484478,0.14577918037030074
0.4,0.3,0.3,16/18,0.12086280133297747,0.14228089657238277,0.12086280133297747,0.14165130450085184
0.4,0.29,0.31,16/18,0.11904172054111019,0.14213498967029609,0.11904172054111019,0.13752342863140293
0.4,0.27999999999999997,0.32,16/18,0.11722063974924288,0.1419890827682094,0.11722063974924288,0.13339555276195403
0.4,0.26999999999999996,0.33,16/18,0.11539955895737555,0.14184317586612274,0.11539955895737555,0.12926767689250512
0.4,0.25999999999999995,0.34,16/18,0.11357847816550824,0.14169726896403606,0.11357847816550824,0.12513980102305622
0.4,0.25,0.35,16/18,0.11175739737364095,0.1415513620619494,0.11175739737364095,0.12101192515360734
0.4,0.24,0.36,16/18,0.10993631658177364,0.1414054551598627,0.10993631658177364,0.11688404928415844
0.4,0.22999999999999998,0.37,16/18,0.10811523578990634,0.14125954825777604,0.10811523578990634,0.11275617341470953
0.4,0.21999999999999997,0.38,16/18,0.10629415499803901,0.14111364135568935,0.10629415499803901,0.10862829754526063
0.4,0.20999999999999996,0.39,16/18,0.1044730742061717,0.14096773445360267,0.1044730742061717,0.10450042167581171
0.4,0.19999999999999996,0.4,18/22,0.1003725458063628,0.140821827551516,0.1026519934143044,0.1003725458063628
0.4,0.19,0.41,18/22,0.09624466993691393,0.14067592064942933,0.10083091262243711,0.09624466993691393
0.4,0.18,0.42,18/22,0.09211679406746502,0.14053001374734264,0.0990098318305698,0.09211679406746502
0.4,0.16999999999999998,0.43,18/22,0.0879889181980161,0.14038410684525598,0.09718875103870248,0.0879889181980161
0.4,0.15999999999999998,0.44,18/22,0.0838610423285672,0.14023819994316927,0.09536767024683517,0.0838610423285672
0.4,0.14999999999999997,0.45,18/22,0.0797331664591183,0.14009229304108262,0.09354658945496785,0.0797331664591183
0.4,0.13999999999999996,0.46,18/22,0.07560529058966939,0.13994638613899593,0.09172550866310054,0.07560529058966939
0.4,0.13,0.47,18/22,0.0714774147202205,0.13980047923690925,0.08990442787123325,0.0714774147202205
0.4,0.12,0.48,18/22,0.06734953885077159,0.1396545723348226,0.08808334707936594,0.06734953885077159
0.4,0.10999999999999999,0.49,18/22,0.06322166298132269,0.1395086654327359,0.08626226628749863,0.06322166298132269
0.4,0.09999999999999998,0.5,18/22,0.05909378711187378,0.13936275853064922,0.08444118549563132,0.05909378711187378
0.4,0.08999999999999997,0.51,18/22,0.05496591124242488,0.13921685162856257,0.082620104703764,0.05496591124242488
0.4,0.07999999999999996,0.52,18/22,0.05083803537297597,0.13907094472647588,0.08079902391189671,0.05083803537297597
0.4,0.06999999999999995,0.53,18/22,0.04671015950352706,0.1389250378243892,0.0789779431200294,0.04671015950352706
0.4,0.05999999999999994,0.54,18/22,0.04258228363407815,0.13877913092230254,0.07715686232816207,0.04258228363407815
0.4,0.04999999999999993,0.55,18/22,0.038454407764629245,0.13863322402021586,0.07533578153629478,0.038454407764629245
0.4,0.039999999999999925,0.56,18/22,0.03432653189518034,0.13848731711812917,0.07351470074442745,0.03432653189518034
0.4,0.030000000000000027,0.57,18/22,0.030198656025731477,0.13834141021604252,0.07169361995256018,0.030198656025731477
0.4,0.020000000000000018,0.58,18/22,0.026070780156282572,0.13819550331395583,0.06987253916069286,0.026070780156282572
0.4,0.010000000000000009,0.59,18/22,0.021942904286833667,0.13804959641186915,0.06805145836882556,0.021942904286833667
0.4,0.0,0.6,18/22,0.01781502841738476,0.13790368950978246,0.06623037757695824,0.01781502841738476
0.41,0.5900000000000001,0.0,15/18,0.14570978897064096,0.14570978897064096,0.17382990373655338,0.2618050804253047
0.41,0.5800000000000001,0.01,15/18,0.14556388206855428,0.14556388206855428,0.17200882294468609,0.2576772045558558
0.41,0.5700000000000001,0.02,15/18,0.14541797516646762,0.14541797516646762,0.1701877421528188,0.2535493286864069
0.41,0.56,0.03,15/18,0.1452720682643809,0.1452720682643809,0.16836666136095146,0.24942145281695796
0.41,0.55,0.04,15/18,0.14512616136229425,0.14512616136229425,0.16654558056908417,0.24529357694750906
0.41,0.54,0.05,15/18,0.14498025446020757,0.14498025446020757,0.16472449977721684,0.24116570107806015
0.41,0.53,0.06,15/18,0.14483434755812089,0.14483434755812089,0.16290341898534952,0.23703782520861125
0.41,0.52,0.07,15/18,0.1446884406560342,0.1446884406560342,0.16108233819348222,0.23290994933916234
0.41,0.5100000000000001,0.08,15/18,0.14454253375394754,0.14454253375394754,0.15926125740161493,0.2287820734697135
0.41,0.5000000000000001,0.09,15/18,0.14439662685186086,0.14439662685186086,0.15744017660974763,0.2246541976002646
0.41,0.4900000000000001,0.1,15/18,0.1442507199497742,0.1442507199497742,0.1556190958178803,0.22052632173081568
0.41,0.4800000000000001,0.11,15/18,0.14410481304768752,0.14410481304768752,0.15379801502601298,0.21639844586136678
0.41,0.4700000000000001,0.12,15/18,0.14395890614560083,0.14395890614560083,0.1519769342341457,0.21227056999191785
0.41,0.4600000000000001,0.13,15/18,0.14381299924351415,0.14381299924351415,0.1501558534422784,0.20814269412246894
0.41,0.45000000000000007,0.14,15/18,0.1436670923414275,0.1436670923414275,0.1483347726504111,0.20401481825302004
0.41,0.44000000000000006,0.15,15/18,0.1435211854393408,0.1435211854393408,0.14651369185854377,0.19988694238357113
0.41,0.43000000000000005,0.16,15/18,0.14337527853725412,0.14337527853725412,0.14469261106667644,0.19575906651412223
0.41,0.42000000000000004,0.17,16/18,0.14287153027480914,0.14322937163516747,0.14287153027480914,0.19163119064467332
0.41,0.4100000000000001,0.18,16/18,0.14105044948294185,0.14308346473308078,0.14105044948294185,0.18750331477522444
0.41,0.4000000000000001,0.19,16/18,0.13922936869107455,0.1429375578309941,0.13922936869107455,0.18337543890577554
0.41,0.39000000000000007,0.2,16/18,0.13740828789920723,0.14279165092890742,0.13740828789920723,0.17924756303632663
0.41,0.3800000000000001,0.21,16/18,0.13558720710733993,0.14264574402682076,0.13558720710733993,0.17511968716687773
0.41,0.3700000000000001,0.22,16/18,0.13376612631547263,0.14249983712473407,0.13376612631547263,0.17099181129742883
0.41,0.3600000000000001,0.23,16/18,0.1319450455236053,0.14235393022264742,0.1319450455236053,0.16686393542797992
0.41,0.3500000000000001,0.24,16/18,0.130123964731738,0.14220802332056073,0.130123964731738,0.16273605955853102
0.41,0.3400000000000001,0.25,16/18,0.1283028839398707,0.14206211641847405,0.1283028839398707,0.1586081836890821
0.41,0.33000000000000007,0.26,16/18,0.1264818031480034,0.14191620951638736,0.1264818031480034,0.1544803078196332
0.41,0.32000000000000006,0.27,16/18,0.12466072235613608,0.1417703026143007,0.12466072235613608,0.1503524319501843
0.41,0.31000000000000005,0.28,16/18,0.12283964156426877,0.14162439571221402,0.12283964156426877,0.1462245560807354
0.41,0.3000000000000001,0.29,16/18,0.12101856077240146,0.14147848881012734,0.12101856077240146,0.14209668021128652
0.41,0.2900000000000001,0.3,16/18,0.11919747998053416,0.14133258190804066,0.11919747998053416,0.13796880434183761
0.41,0.2800000000000001,0.31,16/18,0.11737639918866685,0.141186675005954,0.11737639918866685,0.1338409284723887
0.41,0.2700000000000001,0.32,16/18,0.11555531839679954,0.14104076810386731,0.11555531839679954,0.1297130526029398
0.41,0.26000000000000006,0.33,16/18,0.11373423760493223,0.14089486120178063,0.11373423760493223,0.1255851767334909
0.41,0.25000000000000006,0.34,16/18,0.1119131568130649,0.14074895429969395,0.1119131568130649,0.12145730086404198
0.41,0.2400000000000001,0.35,16/18,0.11009207602119761,0.14060304739760726,0.11009207602119761,0.11732942499459309
0.41,0.2300000000000001,0.36,16/18,0.10827099522933031,0.1404571404955206,0.10827099522933031,0.11320154912514419
0.41,0.22000000000000008,0.37,16/18,0.10644991443746299,0.14031123359343392,0.10644991443746299,0.10907367325569528
0.41,0.21000000000000008,0.38,16/18,0.10462883364559569,0.14016532669134724,0.10462883364559569,0.10494579738624638
0.41,0.20000000000000007,0.39,18/22,0.10081792151679747,0.14001941978926058,0.10280775285372837,0.10081792151679747
0.41,0.19000000000000006,0.4,18/22,0.09669004564734855,0.1398735128871739,0.10098667206186107,0.09669004564734855
0.41,0.1800000000000001,0.41,18/22,0.09256216977789967,0.1397276059850872,0.09916559126999377,0.09256216977789967
0.41,0.1700000000000001,0.42,18/22,0.08843429390845077,0.13958169908300055,0.09734451047812645,0.08843429390845077
0.41,0.1600000000000001,0.43,18/22,0.08430641803900187,0.13943579218091384,0.09552342968625914,0.08430641803900187
0.41,0.15000000000000008,0.44,18/22,0.08017854216955296,0.13928988527882719,0.09370234889439183,0.08017854216955296
0.41,0.14000000000000007,0.45,18/22,0.07605066630010406,0.13914397837674053,0.09188126810252453,0.07605066630010406
0.41,0.13000000000000006,0.46,18/22,0.07192279043065514,0.13899807147465382,0.09006018731065722,0.07192279043065514
0.41,0.1200000000000001,0.47,18/22,0.06779491456120626,0.13885216457256716,0.08823910651878991,0.06779491456120626
0.41,0.1100000000000001,0.48,18/22,0.06366703869175735,0.1387062576704805,0.0864180257269226,0.06366703869175735
0.41,0.10000000000000009,0.49,18/22,0.05953916282230845,0.1385603507683938,0.0845969449350553,0.05953916282230845
0.41,0.09000000000000008,0.5,18/22,0.055411286952859545,0.13841444386630714,0.082775864143188,0.055411286952859545
0.41,0.08000000000000007,0.51,18/22,0.05128341108341063,0.13826853696422045,0.08095478335132068,0.05128341108341063
0.41,0.07000000000000006,0.52,18/22,0.04715553521396172,0.13812263006213377,0.07913370255945337,0.04715553521396172
0.41,0.06000000000000005,0.53,18/22,0.04302765934451282,0.1379767231600471,0.07731262176758606,0.04302765934451282
0.41,0.050000000000000044,0.54,18/22,0.03889978347506391,0.13783081625796043,0.07549154097571875,0.03889978347506391
0.41,0.040000000000000036,0.55,18/22,0.03477190760561501,0.13768490935587374,0.07367046018385144,0.03477190760561501
0.41,0.030000000000000027,0.56,18/22,0.030644031736166095,0.13753900245378708,0.07184937939198413,0.030644031736166095
0.41,0.02000000000000013,0.57,18/22,0.02651615586671724,0.1373930955517004,0.07002829860011683,0.02651615586671724
0.41,0.01000000000000012,0.58,18/22,0.02238827999726833,0.13724718864961372,0.06820721780824954,0.02238827999726833
0.41,1.1102230246251565e-16,0.59,18/22,0.018260404127819423,0.13710128174752703,0.06638613701638223,0.018260404127819423
0.42,0.5800000000000001,0.0,15/18,0.14476147430629885,0.14476147430629885,0.17216458238411003,0.2581225802662904
0.42,0.5700000000000001,0.01,15/18,0.1446155674042122,0.1446155674042122,0.1703435015922427,0.2539947043968415
0.42,0.56,0.02,15/18,0.1444696605021255,0.1444696605021255,0.1685224208003754,0.2498668285273926
0.42,0.55,0.03,15/18,0.1443237536000388,0.1443237536000388,0.1667013400085081,0.24573895265794368
0.42,0.54,0.04,15/18,0.1441778466979521,0.1441778466979521,0.1648802592166408,0.24161107678849478
0.42,0.53,0.05,15/18,0.14403193979586545,0.14403193979586545,0.16305917842477347,0.23748320091904587
0.42,0.52,0.06,15/18,0.1438860328937788,0.1438860328937788,0.16123809763290614,0.23335532504959697
0.42,0.51,0.07,15/18,0.14374012599169209,0.14374012599169209,0.15941701684103887,0.22922744918014806
0.42,0.5000000000000001,0.08,15/18,0.14359421908960543,0.14359421908960543,0.15759593604917158,0.2250995733106992
0.42,0.4900000000000001,0.09,15/18,0.14344831218751877,0.14344831218751877,0.15577485525730428,0.2209716974412503
0.42,0.4800000000000001,0.1,15/18,0.1433024052854321,0.1433024052854321,0.15395377446543695,0.2168438215718014
0.42,0.4700000000000001,0.11,15/18,0.1431564983833454,0.1431564983833454,0.15213269367356963,0.21271594570235247
0.42,0.4600000000000001,0.12,15/18,0.14301059148125872,0.14301059148125872,0.15031161288170233,0.20858806983290357
0.42,0.45000000000000007,0.13,15/18,0.14286468457917204,0.14286468457917204,0.148490532089835,0.20446019396345466
0.42,0.44000000000000006,0.14,15/18,0.14271877767708538,0.14271877767708538,0.1466694512979677,0.20033231809400576
0.42,0.43000000000000005,0.15,15/18,0.1425728707749987,0.1425728707749987,0.14484837050610042,0.19620444222455685
0.42,0.42000000000000004,0.16,15/18,0.142426963872912,0.142426963872912,0.1430272897142331,0.19207656635510795
0.42,0.41000000000000003,0.17,16/18,0.1412062089223658,0.14228105697082533,0.1412062089223658,0.18794869048565904
0.42,0.4000000000000001,0.18,16/18,0.1393851281304985,0.14213515006873867,0.1393851281304985,0.18382081461621017
0.42,0.39000000000000007,0.19,16/18,0.1375640473386312,0.14198924316665198,0.1375640473386312,0.17969293874676126
0.42,0.38000000000000006,0.2,16/18,0.13574296654676388,0.1418433362645653,0.13574296654676388,0.17556506287731236
0.42,0.3700000000000001,0.21,16/18,0.13392188575489658,0.14169742936247864,0.13392188575489658,0.17143718700786345
0.42,0.3600000000000001,0.22,16/18,0.13210080496302926,0.14155152246039196,0.13210080496302926,0.16730931113841455
0.42,0.3500000000000001,0.23,16/18,0.13027972417116196,0.14140561555830528,0.13027972417116196,0.16318143526896564
0.42,0.3400000000000001,0.24,16/18,0.12845864337929463,0.14125970865621862,0.12845864337929463,0.15905355939951674
0.42,0.33000000000000007,0.25,16/18,0.12663756258742734,0.14111380175413193,0.12663756258742734,0.15492568353006783
0.42,0.32000000000000006,0.26,16/18,0.12481648179556003,0.14096789485204525,0.12481648179556003,0.15079780766061893
0.42,0.31000000000000005,0.27,16/18,0.12299540100369272,0.1408219879499586,0.12299540100369272,0.14666993179117002
0.42,0.30000000000000004,0.28,16/18,0.12117432021182539,0.14067608104787188,0.12117432021182539,0.14254205592172112
0.42,0.2900000000000001,0.29,16/18,0.11935323941995811,0.14053017414578522,0.11935323941995811,0.1384141800522722
0.42,0.2800000000000001,0.3,16/18,0.1175321586280908,0.14038426724369854,0.1175321586280908,0.1342863041828233
0.42,0.2700000000000001,0.31,16/18,0.11571107783622349,0.14023836034161186,0.11571107783622349,0.1301584283133744
0.42,0.26000000000000006,0.32,16/18,0.11388999704435618,0.1400924534395252,0.11388999704435618,0.1260305524439255
0.42,0.25000000000000006,0.33,16/18,0.11206891625248885,0.13994654653743852,0.11206891625248885,0.1219026765744766
0.42,0.24000000000000005,0.34,16/18,0.11024783546062154,0.13980063963535183,0.11024783546062154,0.1177748007050277
0.42,0.2300000000000001,0.35,16/18,0.10842675466875426,0.13965473273326517,0.10842675466875426,0.11364692483557881
0.42,0.22000000000000008,0.36,16/18,0.10660567387688695,0.1395088258311785,0.10660567387688695,0.1095190489661299
0.42,0.21000000000000008,0.37,16/18,0.10478459308501964,0.1393629189290918,0.10478459308501964,0.105391173096681
0.42,0.20000000000000007,0.38,18/22,0.1012632972272321,0.13921701202700515,0.10296351229315232,0.1012632972272321
0.42,0.19000000000000006,0.39,18/22,0.09713542135778318,0.13907110512491844,0.10114243150128502,0.09713542135778318
0.42,0.18000000000000005,0.4,18/22,0.09300754548833427,0.13892519822283178,0.09932135070941771,0.09300754548833427
0.42,0.1700000000000001,0.41,18/22,0.0888796696188854,0.1387792913207451,0.09750026991755041,0.0888796696188854
0.42,0.1600000000000001,0.42,18/22,0.08475179374943649,0.13863338441865844,0.0956791891256831,0.08475179374943649
0.42,0.15000000000000008,0.43,18/22,0.08062391787998757,0.13848747751657176,0.09385810833381578,0.08062391787998757
0.42,0.14000000000000007,0.44,18/22,0.07649604201053867,0.13834157061448507,0.09203702754194848,0.07649604201053867
0.42,0.13000000000000006,0.45,18/22,0.07236816614108976,0.1381956637123984,0.09021594675008117,0.07236816614108976
0.42,0.12000000000000005,0.46,18/22,0.06824029027164086,0.13804975681031173,0.08839486595821386,0.06824029027164086
0.42,0.1100000000000001,0.47,18/22,0.06411241440219197,0.13790384990822505,0.08657378516634656,0.06411241440219197
0.42,0.10000000000000009,0.48,18/22,0.05998453853274306,0.13775794300613836,0.08475270437447925,0.05998453853274306
0.42,0.09000000000000008,0.49,18/22,0.05585666266329416,0.1376120361040517,0.08293162358261194,0.05585666266329416
0.42,0.08000000000000007,0.5,18/22,0.05172878679384525,0.13746612920196502,0.08111054279074463,0.05172878679384525
0.42,0.07000000000000006,0.51,18/22,0.04760091092439635,0.13732022229987834,0.07928946199887732,0.04760091092439635
0.42,0.06000000000000005,0.52,18/22,0.043473035054947436,0.13717431539779165,0.07746838120701001,0.043473035054947436
0.42,0.050000000000000044,0.53,18/22,0.03934515918549853,0.137028408495705,0.0756473004151427,0.03934515918549853
0.42,0.040000000000000036,0.54,18/22,0.03521728331604962,0.1368825015936183,0.0738262196232754,0.03521728331604962
0.42,0.030000000000000027,0.55,18/22,0.031089407446600714,0.13673659469153163,0.07200513883140808,0.031089407446600714
0.42,0.020000000000000018,0.56,18/22,0.02696153157715181,0.13659068778944494,0.07018405803954078,0.02696153157715181
0.42,0.01000000000000012,0.57,18/22,0.02283365570770295,0.13644478088735829,0.06836297724767348,0.02283365570770295
0.42,1.1102230246251565e-16,0.58,18/22,0.01870577983825404,0.1362988739852716,0.06654189645580617,0.01870577983825404
0.43,0.5700000000000001,0.0,15/18,0.14381315964195673,0.14381315964195673,0.17049926103166668,0.25444008010727615
0.43,0.56,0.01,15/18,0.14366725273987005,0.14366725273987005,0.16867818023979936,0.2503122042378272
0.43,0.55,0.02,15/18,0.14352134583778337,0.14352134583778337,0.16685709944793206,0.2461843283683783
0.43,0.54,0.03,15/18,0.14337543893569668,0.14337543893569668,0.16503601865606474,0.2420564524989294
0.43,0.53,0.04,15/18,0.14322953203361002,0.14322953203361002,0.16321493786419744,0.2379285766294805
0.43,0.52,0.05,15/18,0.14308362513152334,0.14308362513152334,0.16139385707233012,0.2338007007600316
0.43,0.51,0.06,15/18,0.14293771822943666,0.14293771822943666,0.15957277628046282,0.2296728248905827
0.43,0.5,0.07,15/18,0.14279181132734997,0.14279181132734997,0.15775169548859552,0.22554494902113378
0.43,0.49000000000000005,0.08,15/18,0.14264590442526331,0.14264590442526331,0.1559306146967282,0.2214170731516849
0.43,0.4800000000000001,0.09,15/18,0.14249999752317663,0.14249999752317663,0.15410953390486093,0.21728919728223603
0.43,0.4700000000000001,0.1,15/18,0.14235409062108997,0.14235409062108997,0.1522884531129936,0.2131613214127871
0.43,0.4600000000000001,0.11,15/18,0.1422081837190033,0.1422081837190033,0.15046737232112628,0.2090334455433382
0.43,0.45000000000000007,0.12,15/18,0.1420622768169166,0.1420622768169166,0.14864629152925898,0.2049055696738893
0.43,0.44000000000000006,0.13,15/18,0.14191636991482992,0.14191636991482992,0.14682521073739166,0.20077769380444038
0.43,0.43000000000000005,0.14,15/18,0.14177046301274326,0.14177046301274326,0.1450041299455244,0.19664981793499148
0.43,0.42000000000000004,0.15,15/18,0.14162455611065658,0.14162455611065658,0.14318304915365707,0.19252194206554257
0.43,0.41000000000000003,0.16,16/18,0.14136196836178974,0.1414786492085699,0.14136196836178974,0.18839406619609367
0.43,0.4,0.17,16/18,0.13954088756992244,0.14133274230648324,0.13954088756992244,0.18426619032664476
0.43,0.39000000000000007,0.18,16/18,0.13771980677805512,0.14118683540439655,0.13771980677805512,0.18013831445719589
0.43,0.38000000000000006,0.19,16/18,0.13589872598618785,0.14104092850230987,0.13589872598618785,0.17601043858774698
0.43,0.37000000000000005,0.2,16/18,0.13407764519432053,0.14089502160022319,0.13407764519432053,0.17188256271829808
0.43,0.3600000000000001,0.21,16/18,0.1322565644024532,0.14074911469813653,0.1322565644024532,0.16775468684884917
0.43,0.3500000000000001,0.22,16/18,0.1304354836105859,0.14060320779604984,0.1304354836105859,0.16362681097940027
0.43,0.3400000000000001,0.23,16/18,0.12861440281871858,0.1404573008939632,0.12861440281871858,0.15949893510995136
0.43,0.33000000000000007,0.24,16/18,0.1267933220268513,0.14031139399187648,0.1267933220268513,0.15537105924050246
0.43,0.32000000000000006,0.25,16/18,0.12497224123498399,0.14016548708978982,0.12497224123498399,0.15124318337105355
0.43,0.31000000000000005,0.26,16/18,0.12315116044311668,0.14001958018770314,0.12315116044311668,0.14711530750160465
0.43,0.30000000000000004,0.27,16/18,0.12133007965124937,0.13987367328561648,0.12133007965124937,0.14298743163215574
0.43,0.29000000000000004,0.28,16/18,0.11950899885938204,0.1397277663835298,0.11950899885938204,0.13885955576270684
0.43,0.2800000000000001,0.29,16/18,0.11768791806751476,0.1395818594814431,0.11768791806751476,0.13473167989325793
0.43,0.2700000000000001,0.3,16/18,0.11586683727564745,0.13943595257935643,0.11586683727564745,0.13060380402380903
0.43,0.26000000000000006,0.31,16/18,0.11404575648378014,0.13929004567726977,0.11404575648378014,0.12647592815436012
0.43,0.25000000000000006,0.32,16/18,0.11222467569191283,0.13914413877518306,0.11222467569191283,0.12234805228491122
0.43,0.24000000000000005,0.33,16/18,0.1104035949000455,0.1389982318730964,0.1104035949000455,0.11822017641546231
0.43,0.23000000000000004,0.34,16/18,0.1085825141081782,0.13885232497100972,0.1085825141081782,0.1140923005460134
0.43,0.22000000000000008,0.35,16/18,0.10676143331631091,0.13870641806892303,0.10676143331631091,0.10996442467656452
0.43,0.21000000000000008,0.36,16/18,0.1049403525244436,0.13856051116683638,0.1049403525244436,0.10583654880711561
0.43,0.20000000000000007,0.37,18/22,0.10170867293766671,0.1384146042647497,0.10311927173257629,0.10170867293766671
0.43,0.19000000000000006,0.38,18/22,0.09758079706821779,0.138268697362663,0.10129819094070897,0.09758079706821779
0.43,0.18000000000000005,0.39,18/22,0.09345292119876888,0.13812279046057635,0.09947711014884165,0.09345292119876888
0.43,0.17000000000000004,0.4,18/22,0.08932504532931998,0.13797688355848967,0.09765602935697434,0.08932504532931998
0.43,0.1600000000000001,0.41,18/22,0.0851971694598711,0.13783097665640298,0.09583494856510706,0.0851971694598711
0.43,0.15000000000000008,0.42,18/22,0.0810692935904222,0.13768506975431632,0.09401386777323975,0.0810692935904222
0.43,0.14000000000000007,0.43,18/22,0.07694141772097329,0.1375391628522296,0.09219278698137243,0.07694141772097329
0.43,0.13000000000000006,0.44,18/22,0.07281354185152437,0.13739325595014296,0.09037170618950512,0.07281354185152437
0.43,0.12000000000000005,0.45,18/22,0.06868566598207547,0.1372473490480563,0.08855062539763782,0.06868566598207547
0.43,0.11000000000000004,0.46,18/22,0.06455779011262656,0.1371014421459696,0.08672954460577051,0.06455779011262656
0.43,0.10000000000000009,0.47,18/22,0.06042991424317769,0.13695553524388293,0.08490846381390321,0.06042991424317769
0.43,0.09000000000000008,0.48,18/22,0.05630203837372878,0.13680962834179627,0.0830873830220359,0.05630203837372878
0.43,0.08000000000000007,0.49,18/22,0.052174162504279864,0.13666372143970956,0.08126630223016859,0.052174162504279864
0.43,0.07000000000000006,0.5,18/22,0.04804628663483096,0.1365178145376229,0.07944522143830128,0.04804628663483096
0.43,0.06000000000000005,0.51,18/22,0.043918410765382054,0.13637190763553622,0.07762414064643397,0.043918410765382054
0.43,0.050000000000000044,0.52,18/22,0.03979053489593315,0.13622600073344954,0.07580305985456666,0.03979053489593315
0.43,0.040000000000000036,0.53,18/22,0.035662659026484245,0.13608009383136288,0.07398197906269935,0.035662659026484245
0.43,0.030000000000000027,0.54,18/22,0.03153478315703533,0.1359341869292762,0.07216089827083205,0.03153478315703533
0.43,0.020000000000000018,0.55,18/22,0.027406907287586428,0.1357882800271895,0.07033981747896473,0.027406907287586428
0.43,0.010000000000000009,0.56,18/22,0.023279031418137523,0.13564237312510286,0.06851873668709743,0.023279031418137523
0.43,1.1102230246251565e-16,0.57,18/22,0.01915115554868866,0.13549646622301617,0.06669765589523013,0.01915115554868866
0.44,0.56,0.0,15/18,0.1428648449776146,0.1428648449776146,0.16883393967922333,0.2507575799482618
0.44,0.55,0.01,15/18,0.14271893807552793,0.14271893807552793,0.167012858887356,0.2466297040788129
0.44,0.54,0.02,15/18,0.14257303117344125,0.14257303117344125,0.1651917780954887,0.242501828209364
0.44,0.53,0.03,15/18,0.14242712427135457,0.14242712427135457,0.1633706973036214,0.2383739523399151
0.44,0.52,0.04,15/18,0.14228121736926788,0.14228121736926788,0.1615496165117541,0.2342460764704662
0.44,0.51,0.05,15/18,0.14213531046718123,0.14213531046718123,0.15972853571988677,0.2301182006010173
0.44,0.5,0.06,15/18,0.14198940356509454,0.14198940356509454,0.15790745492801944,0.22599032473156838
0.44,0.49000000000000005,0.07,15/18,0.14184349666300786,0.14184349666300786,0.15608637413615217,0.22186244886211953
0.44,0.48000000000000004,0.08,15/18,0.1416975897609212,0.1416975897609212,0.15426529334428485,0.21773457299267063
0.44,0.4700000000000001,0.09,15/18,0.14155168285883452,0.14155168285883452,0.15244421255241758,0.21360669712322172
0.44,0.4600000000000001,0.1,15/18,0.14140577595674786,0.14140577595674786,0.15062313176055026,0.20947882125377282
0.44,0.45000000000000007,0.11,15/18,0.14125986905466115,0.14125986905466115,0.14880205096868293,0.2053509453843239
0.44,0.44000000000000006,0.12,15/18,0.1411139621525745,0.1411139621525745,0.14698097017681563,0.201223069514875
0.44,0.43000000000000005,0.13,15/18,0.1409680552504878,0.1409680552504878,0.1451598893849483,0.1970951936454261
0.44,0.42000000000000004,0.14,15/18,0.14082214834840115,0.14082214834840115,0.143338808593081,0.1929673177759772
0.44,0.41000000000000003,0.15,15/18,0.14067624144631444,0.14067624144631444,0.1415177278012137,0.1888394419065283
0.44,0.4,0.16,16/18,0.13969664700934636,0.14053033454422778,0.13969664700934636,0.1847115660370794
0.44,0.39,0.17,16/18,0.13787556621747907,0.1403844276421411,0.13787556621747907,0.18058369016763048
0.44,0.38000000000000006,0.18,16/18,0.1360544854256118,0.14023852074005444,0.1360544854256118,0.17645581429818158
0.44,0.37000000000000005,0.19,16/18,0.13423340463374447,0.14009261383796773,0.13423340463374447,0.17232793842873267
0.44,0.36000000000000004,0.2,16/18,0.13241232384187718,0.13994670693588107,0.13241232384187718,0.16820006255928377
0.44,0.3500000000000001,0.21,16/18,0.13059124305000985,0.13980080003379441,0.13059124305000985,0.16407218668983486
0.44,0.3400000000000001,0.22,16/18,0.12877016225814256,0.13965489313170773,0.12877016225814256,0.15994431082038596
0.44,0.33000000000000007,0.23,16/18,0.12694908146627526,0.13950898622962105,0.12694908146627526,0.15581643495093705
0.44,0.32000000000000006,0.24,16/18,0.12512800067440794,0.13936307932753436,0.12512800067440794,0.15168855908148815
0.44,0.31000000000000005,0.25,16/18,0.12330691988254062,0.13921717242544768,0.12330691988254062,0.14756068321203925
0.44,0.30000000000000004,0.26,16/18,0.12148583909067331,0.13907126552336102,0.12148583909067331,0.14343280734259034
0.44,0.29000000000000004,0.27,16/18,0.11966475829880602,0.13892535862127434,0.11966475829880602,0.13930493147314144
0.44,0.28,0.28,16/18,0.1178436775069387,0.13877945171918765,0.1178436775069387,0.13517705560369253
0.44,0.2700000000000001,0.29,16/18,0.1160225967150714,0.138633544817101,0.1160225967150714,0.13104917973424365
0.44,0.26000000000000006,0.3,16/18,0.11420151592320409,0.1384876379150143,0.11420151592320409,0.12692130386479475
0.44,0.25000000000000006,0.31,16/18,0.11238043513133679,0.13834173101292763,0.11238043513133679,0.12279342799534584
0.44,0.24000000000000005,0.32,16/18,0.11055935433946948,0.13819582411084094,0.11055935433946948,0.11866555212589694
0.44,0.23000000000000004,0.33,16/18,0.10873827354760215,0.13804991720875429,0.10873827354760215,0.11453767625644802
0.44,0.22000000000000003,0.34,16/18,0.10691719275573484,0.1379040103066676,0.10691719275573484,0.11040980038699912
0.44,0.21000000000000008,0.35,16/18,0.10509611196386756,0.13775810340458094,0.10509611196386756,0.10628192451755024
0.44,0.20000000000000007,0.36,18/22,0.10215404864810133,0.13761219650249423,0.10327503117200025,0.10215404864810133
0.44,0.19000000000000006,0.37,18/22,0.09802617277865242,0.13746628960040758,0.10145395038013294,0.09802617277865242
0.44,0.18000000000000005,0.38,18/22,0.09389829690920351,0.1373203826983209,0.09963286958826562,0.09389829690920351
0.44,0.17000000000000004,0.39,18/22,0.0897704210397546,0.1371744757962342,0.0978117887963983,0.0897704210397546
0.44,0.16000000000000003,0.4,18/22,0.0856425451703057,0.13702856889414755,0.095990708004531,0.0856425451703057
0.44,0.15000000000000008,0.41,18/22,0.08151466930085682,0.13688266199206087,0.09416962721266371,0.08151466930085682
0.44,0.14000000000000007,0.42,18/22,0.07738679343140792,0.13673675508997418,0.0923485464207964,0.07738679343140792
0.44,0.13000000000000006,0.43,18/22,0.073258917561959,0.13659084818788753,0.09052746562892908,0.073258917561959
0.44,0.12000000000000005,0.44,18/22,0.0691310416925101,0.13644494128580084,0.08870638483706177,0.0691310416925101
0.44,0.11000000000000004,0.45,18/22,0.06500316582306119,0.13629903438371416,0.08688530404519446,0.06500316582306119
0.44,0.10000000000000003,0.46,18/22,0.060875289953612285,0.13615312748162747,0.08506422325332716,0.060875289953612285
0.44,0.09000000000000008,0.47,18/22,0.0567474140841634,0.1360072205795408,0.08324314246145986,0.0567474140841634
0.44,0.08000000000000007,0.48,18/22,0.05261953821471449,0.13586131367745413,0.08142206166959254,0.05261953821471449
0.44,0.07000000000000006,0.49,18/22,0.048491662345265585,0.13571540677536745,0.07960098087772524,0.048491662345265585
0.44,0.06000000000000005,0.5,18/22,0.04436378647581668,0.13556949987328076,0.07777990008585792,0.04436378647581668
0.44,0.050000000000000044,0.51,18/22,0.040235910606367775,0.1354235929711941,0.07595881929399062,0.040235910606367775
0.44,0.040000000000000036,0.52,18/22,0.03610803473691886,0.13527768606910742,0.07413773850212331,0.03610803473691886
0.44,0.030000000000000027,0.53,18/22,0.03198015886746996,0.13513177916702074,0.072316657710256,0.03198015886746996
0.44,0.020000000000000018,0.54,18/22,0.02785228299802105,0.13498587226493408,0.07049557691838869,0.02785228299802105
0.44,0.010000000000000009,0.55,18/22,0.023724407128572142,0.1348399653628474,0.06867449612652138,0.023724407128572142
0.44,0.0,0.56,18/22,0.019596531259123237,0.1346940584607607,0.06685341533465407,0.019596531259123237
0.45,0.55,0.0,15/18,0.14191653031327248,0.14191653031327248,0.16716861832677998,0.24707507978924753
0.45,0.54,0.01,15/18,0.14177062341118582,0.14177062341118582,0.16534753753491266,0.24294720391979863
0.45,0.53,0.02,15/18,0.14162471650909914,0.14162471650909914,0.16352645674304536,0.23881932805034972
0.45,0.52,0.03,15/18,0.14147880960701245,0.14147880960701245,0.16170537595117804,0.23469145218090082
0.45,0.51,0.04,15/18,0.14133290270492577,0.14133290270492577,0.15988429515931074,0.2305635763114519
0.45,0.5,0.05,15/18,0.1411869958028391,0.1411869958028391,0.15806321436744342,0.226435700442003
0.45,0.49000000000000005,0.06,15/18,0.14104108890075245,0.14104108890075245,0.15624213357557612,0.22230782457255413
0.45,0.48000000000000004,0.07,15/18,0.14089518199866574,0.14089518199866574,0.15442105278370882,0.21817994870310523
0.45,0.47000000000000003,0.08,15/18,0.14074927509657909,0.14074927509657909,0.1525999719918415,0.21405207283365632
0.45,0.4600000000000001,0.09,15/18,0.1406033681944924,0.1406033681944924,0.15077889119997423,0.20992419696420742
0.45,0.45000000000000007,0.1,15/18,0.14045746129240574,0.14045746129240574,0.1489578104081069,0.2057963210947585
0.45,0.44000000000000006,0.11,15/18,0.14031155439031903,0.14031155439031903,0.14713672961623958,0.2016684452253096
0.45,0.43000000000000005,0.12,15/18,0.14016564748823238,0.14016564748823238,0.14531564882437228,0.1975405693558607
0.45,0.42000000000000004,0.13,15/18,0.1400197405861457,0.1400197405861457,0.14349456803250496,0.1934126934864118
0.45,0.41000000000000003,0.14,15/18,0.13987383368405903,0.13987383368405903,0.14167348724063766,0.1892848176169629
0.45,0.4,0.15,15/18,0.13972792678197232,0.13972792678197232,0.13985240644877034,0.185156941747514
0.45,0.39,0.16,16/18,0.13803132565690301,0.13958201987988567,0.13803132565690301,0.18102906587806508
0.45,0.38,0.17,16/18,0.13621024486503575,0.13943611297779898,0.13621024486503575,0.17690119000861618
0.45,0.37000000000000005,0.18,16/18,0.13438916407316842,0.13929020607571233,0.13438916407316842,0.1727733141391673
0.45,0.36000000000000004,0.19,16/18,0.13256808328130112,0.13914429917362564,0.13256808328130112,0.16864543826971837
0.45,0.35000000000000003,0.2,16/18,0.1307470024894338,0.13899839227153896,0.1307470024894338,0.16451756240026946
0.45,0.3400000000000001,0.21,16/18,0.1289259216975665,0.1388524853694523,0.1289259216975665,0.16038968653082059
0.45,0.33000000000000007,0.22,16/18,0.1271048409056992,0.13870657846736562,0.1271048409056992,0.15626181066137168
0.45,0.32000000000000006,0.23,16/18,0.12528376011383188,0.13856067156527893,0.12528376011383188,0.15213393479192278
0.45,0.31000000000000005,0.24,16/18,0.12346267932196457,0.13841476466319225,0.12346267932196457,0.14800605892247387
0.45,0.30000000000000004,0.25,16/18,0.12164159853009726,0.1382688577611056,0.12164159853009726,0.14387818305302497
0.45,0.29000000000000004,0.26,16/18,0.11982051773822998,0.1381229508590189,0.11982051773822998,0.13975030718357606
0.45,0.28,0.27,16/18,0.11799943694636267,0.13797704395693222,0.11799943694636267,0.13562243131412716
0.45,0.27,0.28,16/18,0.11617835615449534,0.13783113705484556,0.11617835615449534,0.13149455544467825
0.45,0.26000000000000006,0.29,16/18,0.11435727536262803,0.13768523015275888,0.11435727536262803,0.12736667957522937
0.45,0.25000000000000006,0.3,16/18,0.11253619457076074,0.1375393232506722,0.11253619457076074,0.12323880370578047
0.45,0.24000000000000005,0.31,16/18,0.11071511377889343,0.1373934163485855,0.11071511377889343,0.11911092783633156
0.45,0.23000000000000004,0.32,16/18,0.10889403298702613,0.13724750944649883,0.10889403298702613,0.11498305196688263
0.45,0.22000000000000003,0.33,16/18,0.1070729521951588,0.13710160254441217,0.1070729521951588,0.11085517609743373
0.45,0.21000000000000002,0.34,16/18,0.1052518714032915,0.1369556956423255,0.1052518714032915,0.10672730022798482
0.45,0.20000000000000007,0.35,18/22,0.10259942435853595,0.1368097887402388,0.1034307906114242,0.10259942435853595
0.45,0.19000000000000006,0.36,18/22,0.09847154848908704,0.13666388183815212,0.1016097098195569,0.09847154848908704
0.45,0.18000000000000005,0.37,18/22,0.09434367261963814,0.13651797493606546,0.09978862902768959,0.09434367261963814
0.45,0.17000000000000004,0.38,18/22,0.09021579675018923,0.13637206803397878,0.09796754823582227,0.09021579675018923
0.45,0.16000000000000003,0.39,18/22,0.08608792088074033,0.1362261611318921,0.09614646744395496,0.08608792088074033
0.45,0.15000000000000002,0.4,18/22,0.08196004501129142,0.1360802542298054,0.09432538665208764,0.08196004501129142
0.45,0.14000000000000007,0.41,18/22,0.07783216914184253,0.13593434732771875,0.09250430586022036,0.07783216914184253
0.45,0.13000000000000006,0.42,18/22,0.07370429327239361,0.1357884404256321,0.09068322506835305,0.07370429327239361
0.45,0.12000000000000005,0.43,18/22,0.0695764174029447,0.13564253352354538,0.08886214427648573,0.0695764174029447
0.45,0.11000000000000004,0.44,18/22,0.0654485415334958,0.13549662662145873,0.08704106348461842,0.0654485415334958
0.45,0.10000000000000003,0.45,18/22,0.061320665664046904,0.13535071971937204,0.0852199826927511,0.061320665664046904
0.45,0.09000000000000002,0.46,18/22,0.05719278979459799,0.13520481281728536,0.08339890190088381,0.05719278979459799
0.45,0.08000000000000007,0.47,18/22,0.05306491392514911,0.1350589059151987,0.08157782110901651,0.05306491392514911
0.45,0.07000000000000006,0.48,18/22,0.048937038055700204,0.13491299901311202,0.07975674031714919,0.048937038055700204
0.45,0.06000000000000005,0.49,18/22,0.04480916218625129,0.13476709211102533,0.07793565952528188,0.04480916218625129
0.45,0.050000000000000044,0.5,18/22,0.04068128631680239,0.13462118520893868,0.07611457873341457,0.04068128631680239
0.45,0.040000000000000036,0.51,18/22,0.03655341044735348,0.134475278306852,0.07429349794154726,0.03655341044735348
0.45,0.030000000000000027,0.52,18/22,0.03242553457790458,0.1343293714047653,0.07247241714967996,0.03242553457790458
0.45,0.020000000000000018,0.53,18/22,0.02829765870845567,0.13418346450267862,0.07065133635781265,0.02829765870845567
0.45,0.010000000000000009,0.54,18/22,0.02416978283900676,0.13403755760059197,0.06883025556594534,0.02416978283900676
0.45,0.0,0.55,18/22,0.020041906969557856,0.13389165069850528,0.06700917477407803,0.020041906969557856
0.46,0.54,0.0,15/18,0.14096821564893036,0.14096821564893036,0.1655032969743366,0.24339257963023325
0.46,0.53,0.01,15/18,0.1408223087468437,0.1408223087468437,0.16368221618246928,0.23926470376078435
0.46,0.52,0.02,15/18,0.14067640184475702,0.14067640184475702,0.16186113539060198,0.23513682789133544
0.46,0.51,0.03,15/18,0.14053049494267034,0.14053049494267034,0.1600400545987347,0.23100895202188654
0.46,0.5,0.04,15/18,0.14038458804058365,0.14038458804058365,0.1582189738068674,0.22688107615243763
0.46,0.49000000000000005,0.05,15/18,0.140238681138497,0.140238681138497,0.15639789301500007,0.22275320028298876
0.46,0.48000000000000004,0.06,15/18,0.14009277423641034,0.14009277423641034,0.15457681222313274,0.21862532441353985
0.46,0.47000000000000003,0.07,15/18,0.13994686733432363,0.13994686733432363,0.15275573143126547,0.21449744854409095
0.46,0.46,0.08,15/18,0.13980096043223694,0.13980096043223694,0.15093465063939815,0.21036957267464204
0.46,0.45000000000000007,0.09,15/18,0.13965505353015029,0.13965505353015029,0.14911356984753085,0.20624169680519314
0.46,0.44000000000000006,0.1,15/18,0.13950914662806363,0.13950914662806363,0.14729248905566353,0.20211382093574423
0.46,0.43000000000000005,0.11,15/18,0.13936323972597692,0.13936323972597692,0.14547140826379623,0.19798594506629533
0.46,0.42000000000000004,0.12,15/18,0.13921733282389026,0.13921733282389026,0.14365032747192893,0.19385806919684642
0.46,0.41000000000000003,0.13,15/18,0.13907142592180358,0.13907142592180358,0.1418292466800616,0.18973019332739752
0.46,0.4,0.14,15/18,0.13892551901971692,0.13892551901971692,0.1400081658881943,0.1856023174579486
0.46,0.39,0.15,16/18,0.138187085096327,0.1387796121176302,0.138187085096327,0.1814744415884997
0.46,0.38,0.16,16/18,0.13636600430445966,0.13863370521554355,0.13636600430445966,0.1773465657190508
0.46,0.37,0.17,16/18,0.13454492351259237,0.13848779831345687,0.13454492351259237,0.1732186898496019
0.46,0.36000000000000004,0.18,16/18,0.13272384272072507,0.1383418914113702,0.13272384272072507,0.169090813980153
0.46,0.35000000000000003,0.19,16/18,0.13090276192885777,0.1381959845092835,0.13090276192885777,0.1649629381107041
0.46,0.34,0.2,16/18,0.12908168113699045,0.13805007760719684,0.12908168113699045,0.16083506224125518
0.46,0.33000000000000007,0.21,16/18,0.12726060034512315,0.13790417070511019,0.12726060034512315,0.1567071863718063
0.46,0.32000000000000006,0.22,16/18,0.12543951955325586,0.1377582638030235,0.12543951955325586,0.1525793105023574
0.46,0.31000000000000005,0.23,16/18,0.12361843876138853,0.13761235690093682,0.12361843876138853,0.1484514346329085
0.46,0.30000000000000004,0.24,16/18,0.12179735796952122,0.13746644999885013,0.12179735796952122,0.1443235587634596
0.46,0.29000000000000004,0.25,16/18,0.11997627717765391,0.13732054309676345,0.11997627717765391,0.1401956828940107
0.46,0.28,0.26,16/18,0.1181551963857866,0.1371746361946768,0.1181551963857866,0.13606780702456178
0.46,0.27,0.27,16/18,0.11633411559391929,0.1370287292925901,0.11633411559391929,0.13193993115511288
0.46,0.26,0.28,16/18,0.11451303480205197,0.13688282239050342,0.11451303480205197,0.12781205528566397
0.46,0.25000000000000006,0.29,16/18,0.11269195401018468,0.13673691548841677,0.11269195401018468,0.12368417941621508
0.46,0.24000000000000005,0.3,16/18,0.11087087321831737,0.13659100858633008,0.11087087321831737,0.11955630354676618
0.46,0.23000000000000004,0.31,16/18,0.10904979242645006,0.1364451016842434,0.10904979242645006,0.11542842767731726
0.46,0.22000000000000003,0.32,16/18,0.10722871163458275,0.1362991947821567,0.10722871163458275,0.11130055180786835
0.46,0.21000000000000002,0.33,16/18,0.10540763084271546,0.13615328788007006,0.10540763084271546,0.10717267593841945
0.46,0.2,0.34,18/22,0.10304480006897054,0.13600738097798337,0.10358655005084813,0.10304480006897054
0.46,0.19000000000000006,0.35,18/22,0.09891692419952165,0.13586147407589672,0.10176546925898083,0.09891692419952165
0.46,0.18000000000000005,0.36,18/22,0.09478904833007275,0.13571556717381,0.09994438846711352,0.09478904833007275
0.46,0.17000000000000004,0.37,18/22,0.09066117246062384,0.13556966027172335,0.09812330767524621,0.09066117246062384
0.46,0.16000000000000003,0.38,18/22,0.08653329659117494,0.13542375336963666,0.09630222688337892,0.08653329659117494
0.46,0.15000000000000002,0.39,18/22,0.08240542072172603,0.13527784646754998,0.09448114609151159,0.08240542072172603
0.46,0.14,0.4,18/22,0.07827754485227711,0.13513193956546332,0.0926600652996443,0.07827754485227711
0.46,0.13000000000000006,0.41,18/22,0.07414966898282824,0.13498603266337664,0.09083898450777698,0.07414966898282824
0.46,0.12000000000000005,0.42,18/22,0.07002179311337933,0.13484012576128995,0.08901790371590967,0.07002179311337933
0.46,0.11000000000000004,0.43,18/22,0.06589391724393043,0.13469421885920327,0.08719682292404236,0.06589391724393043
0.46,0.10000000000000003,0.44,18/22,0.06176604137448152,0.1345483119571166,0.08537574213217505,0.06176604137448152
0.46,0.09000000000000002,0.45,18/22,0.05763816550503261,0.13440240505502993,0.08355466134030776,0.05763816550503261
0.46,0.08000000000000002,0.46,18/22,0.053510289635583706,0.13425649815294324,0.08173358054844045,0.053510289635583706
0.46,0.07000000000000006,0.47,18/22,0.04938241376613482,0.13411059125085656,0.07991249975657314,0.04938241376613482
0.46,0.06000000000000005,0.48,18/22,0.04525453789668592,0.1339646843487699,0.07809141896470582,0.04525453789668592
0.46,0.050000000000000044,0.49,18/22,0.04112666202723701,0.13381877744668322,0.07627033817283853,0.04112666202723701
0.46,0.040000000000000036,0.5,18/22,0.0369987861577881,0.13367287054459653,0.07444925738097122,0.0369987861577881
0.46,0.030000000000000027,0.51,18/22,0.032870910288339196,0.13352696364250988,0.07262817658910391,0.032870910288339196
0.46,0.020000000000000018,0.52,18/22,0.028743034418890288,0.1333810567404232,0.0708070957972366,0.028743034418890288
0.46,0.010000000000000009,0.53,18/22,0.02461515854944138,0.1332351498383365,0.06898601500536929,0.02461515854944138
0.46,0.0,0.54,18/22,0.020487282679992475,0.13308924293624985,0.06716493421350198,0.020487282679992475
0.47,0.53,0.0,15/18,0.14001990098458825,0.14001990098458825,0.16383797562189326,0.23971007947121897
0.47,0.52,0.01,15/18,0.1398739940825016,0.1398739940825016,0.16201689483002593,0.23558220360177007
0.47,0.51,0.02,15/18,0.1397280871804149,0.1397280871804149,0.16019581403815866,0.23145432773232116
0.47,0.5,0.03,15/18,0.1395821802783282,0.1395821802783282,0.15837473324629134,0.22732645186287226
0.47,0.49000000000000005,0.04,15/18,0.13943627337624157,0.13943627337624157,0.15655365245442404,0.22319857599342338
0.47,0.48000000000000004,0.05,15/18,0.13929036647415488,0.13929036647415488,0.15473257166255672,0.21907070012397448
0.47,0.47000000000000003,0.06,15/18,0.1391444595720682,0.1391444595720682,0.1529114908706894,0.21494282425452557
0.47,0.46,0.07,15/18,0.13899855266998148,0.13899855266998148,0.1510904100788221,0.21081494838507667
0.47,0.45,0.08,15/18,0.13885264576789483,0.13885264576789483,0.14926932928695477,0.20668707251562773
0.47,0.44000000000000006,0.09,15/18,0.13870673886580817,0.13870673886580817,0.1474482484950875,0.20255919664617886
0.47,0.43000000000000005,0.1,15/18,0.1385608319637215,0.1385608319637215,0.1456271677032202,0.19843132077672995
0.47,0.42000000000000004,0.11,15/18,0.1384149250616348,0.1384149250616348,0.14380608691135288,0.19430344490728105
0.47,0.41000000000000003,0.12,15/18,0.13826901815954815,0.13826901815954815,0.14198500611948559,0.19017556903783214
0.47,0.4,0.13,15/18,0.13812311125746146,0.13812311125746146,0.14016392532761826,0.18604769316838324
0.47,0.39,0.14,15/18,0.13797720435537478,0.13797720435537478,0.13834284453575096,0.18191981729893433
0.47,0.38,0.15,16/18,0.13652176374388364,0.1378312974532881,0.13652176374388364,0.17779194142948543
0.47,0.37,0.16,16/18,0.13470068295201632,0.1376853905512014,0.13470068295201632,0.17366406556003652
0.47,0.36,0.17,16/18,0.13287960216014902,0.13753948364911472,0.13287960216014902,0.16953618969058762
0.47,0.35000000000000003,0.18,16/18,0.13105852136828172,0.13739357674702807,0.13105852136828172,0.1654083138211387
0.47,0.34,0.19,16/18,0.12923744057641443,0.1372476698449414,0.12923744057641443,0.1612804379516898
0.47,0.33,0.2,16/18,0.1274163597845471,0.13710176294285473,0.1274163597845471,0.1571525620822409
0.47,0.32000000000000006,0.21,16/18,0.1255952789926798,0.13695585604076804,0.1255952789926798,0.15302468621279203
0.47,0.31000000000000005,0.22,16/18,0.1237741982008125,0.13680994913868139,0.1237741982008125,0.14889681034334312
0.47,0.30000000000000004,0.23,16/18,0.12195311740894518,0.13666404223659467,0.12195311740894518,0.14476893447389422
0.47,0.29000000000000004,0.24,16/18,0.12013203661707787,0.13651813533450802,0.12013203661707787,0.1406410586044453
0.47,0.28,0.25,16/18,0.11831095582521056,0.13637222843242133,0.11831095582521056,0.13651318273499638
0.47,0.27,0.26,16/18,0.11648987503334325,0.13622632153033465,0.11648987503334325,0.13238530686554748
0.47,0.26,0.27,16/18,0.11466879424147594,0.136080414628248,0.11466879424147594,0.12825743099609857
0.47,0.25,0.28,16/18,0.11284771344960862,0.1359345077261613,0.11284771344960862,0.12412955512664967
0.47,0.24000000000000005,0.29,16/18,0.11102663265774133,0.13578860082407462,0.11102663265774133,0.12000167925720079
0.47,0.23000000000000004,0.3,16/18,0.10920555186587402,0.13564269392198797,0.10920555186587402,0.11587380338775187
0.47,0.22000000000000003,0.31,16/18,0.10738447107400671,0.13549678701990125,0.10738447107400671,0.11174592751830296
0.47,0.21000000000000002,0.32,16/18,0.1055633902821394,0.1353508801178146,0.1055633902821394,0.10761805164885406
0.47,0.2,0.33,18/22,0.10349017577940516,0.1352049732157279,0.10374230949027208,0.10349017577940516
0.47,0.19,0.34,18/22,0.09936229990995625,0.13505906631364126,0.10192122869840478,0.09936229990995625
0.47,0.18000000000000005,0.35,18/22,0.09523442404050736,0.13491315941155457,0.10010014790653748,0.09523442404050736
0.47,0.17000000000000004,0.36,18/22,0.09110654817105845,0.1347672525094679,0.09827906711467017,0.09110654817105845
0.47,0.16000000000000003,0.37,18/22,0.08697867230160955,0.1346213456073812,0.09645798632280286,0.08697867230160955
0.47,0.15000000000000002,0.38,18/22,0.08285079643216064,0.13447543870529455,0.09463690553093554,0.08285079643216064
0.47,0.14,0.39,18/22,0.07872292056271174,0.13432953180320784,0.09281582473906824,0.07872292056271174
0.47,0.13,0.4,18/22,0.07459504469326284,0.13418362490112118,0.09099474394720093,0.07459504469326284
0.47,0.12000000000000005,0.41,18/22,0.07046716882381394,0.13403771799903452,0.08917366315533364,0.07046716882381394
0.47,0.11000000000000004,0.42,18/22,0.06633929295436504,0.13389181109694784,0.08735258236346632,0.06633929295436504
0.47,0.10000000000000003,0.43,18/22,0.062211417084916135,0.13374590419486115,0.08553150157159901,0.062211417084916135
0.47,0.09000000000000002,0.44,18/22,0.05808354121546723,0.1335999972927745,0.0837104207797317,0.05808354121546723
0.47,0.08000000000000002,0.45,18/22,0.053955665346018325,0.1334540903906878,0.08188933998786439,0.053955665346018325
0.47,0.07,0.46,18/22,0.04982778947656941,0.13330818348860113,0.08006825919599708,0.04982778947656941
0.47,0.06000000000000005,0.47,18/22,0.04569991360712053,0.13316227658651444,0.07824717840412979,0.04569991360712053
0.47,0.050000000000000044,0.48,18/22,0.041572037737671624,0.1330163696844278,0.07642609761226248,0.041572037737671624
0.47,0.040000000000000036,0.49,18/22,0.03744416186822272,0.1328704627823411,0.07460501682039516,0.03744416186822272
0.47,0.030000000000000027,0.5,18/22,0.03331628599877381,0.13272455588025442,0.07278393602852787,0.03331628599877381
0.47,0.020000000000000018,0.51,18/22,0.029188410129324903,0.13257864897816773,0.07096285523666054,0.029188410129324903
0.47,0.010000000000000009,0.52,18/22,0.025060534259875998,0.13243274207608108,0.06914177444479325,0.025060534259875998
0.47,0.0,0.53,18/22,0.02093265839042709,0.1322868351739944,0.06732069365292592,0.02093265839042709
0.48,0.52,0.0,15/18,0.13907158632024613,0.13907158632024613,0.16217265426944988,0.2360275793122047
0.48,0.51,0.01,15/18,0.13892567941815945,0.13892567941815945,0.16035157347758258,0.2318997034427558
0.48,0.5,0.02,15/18,0.1387797725160728,0.1387797725160728,0.15853049268571529,0.22777182757330688
0.48,0.49,0.03,15/18,0.1386338656139861,0.1386338656139861,0.15670941189384796,0.22364395170385798
0.48,0.48000000000000004,0.04,15/18,0.13848795871189942,0.13848795871189942,0.1548883311019807,0.21951607583440907
0.48,0.47000000000000003,0.05,15/18,0.13834205180981277,0.13834205180981277,0.15306725031011337,0.21538819996496017
0.48,0.46,0.06,15/18,0.13819614490772608,0.13819614490772608,0.15124616951824604,0.21126032409551126
0.48,0.45,0.07,15/18,0.1380502380056394,0.1380502380056394,0.14942508872637875,0.20713244822606236
0.48,0.44,0.08,15/18,0.1379043311035527,0.1379043311035527,0.14760400793451142,0.20300457235661346
0.48,0.43000000000000005,0.09,15/18,0.13775842420146606,0.13775842420146606,0.14578292714264415,0.19887669648716455
0.48,0.42000000000000004,0.1,15/18,0.13761251729937937,0.13761251729937937,0.14396184635077683,0.19474882061771565
0.48,0.41000000000000003,0.11,15/18,0.1374666103972927,0.1374666103972927,0.1421407655589095,0.19062094474826674
0.48,0.4,0.12,15/18,0.13732070349520603,0.13732070349520603,0.1403196847670422,0.18649306887881784
0.48,0.39,0.13,15/18,0.13717479659311935,0.13717479659311935,0.13849860397517488,0.18236519300936893
0.48,0.38,0.14,16/18,0.13667752318330761,0.13702888969103266,0.13667752318330761,0.17823731713992003
0.48,0.37,0.15,16/18,0.1348564423914403,0.13688298278894598,0.1348564423914403,0.17410944127047112
0.48,0.36,0.16,16/18,0.13303536159957297,0.1367370758868593,0.13303536159957297,0.16998156540102222
0.48,0.35,0.17,16/18,0.13121428080770564,0.13659116898477264,0.13121428080770564,0.1658536895315733
0.48,0.34,0.18,16/18,0.12939320001583837,0.13644526208268595,0.12939320001583837,0.1617258136621244
0.48,0.33,0.19,16/18,0.12757211922397105,0.13629935518059927,0.12757211922397105,0.1575979377926755
0.48,0.32,0.2,16/18,0.12575103843210372,0.1361534482785126,0.12575103843210372,0.1534700619232266
0.48,0.31000000000000005,0.21,16/18,0.12392995764023644,0.13600754137642593,0.12392995764023644,0.14934218605377775
0.48,0.30000000000000004,0.22,16/18,0.12210887684836913,0.13586163447433927,0.12210887684836913,0.14521431018432884
0.48,0.29000000000000004,0.23,16/18,0.12028779605650183,0.1357157275722526,0.12028779605650183,0.14108643431487994
0.48,0.28,0.24,16/18,0.11846671526463451,0.1355698206701659,0.11846671526463451,0.136958558445431
0.48,0.27,0.25,16/18,0.1166456344727672,0.13542391376807922,0.1166456344727672,0.1328306825759821
0.48,0.26,0.26,16/18,0.11482455368089989,0.13527800686599253,0.11482455368089989,0.1287028067065332
0.48,0.25,0.27,16/18,0.11300347288903259,0.13513209996390588,0.11300347288903259,0.12457493083708429
0.48,0.24,0.28,16/18,0.11118239209716527,0.1349861930618192,0.11118239209716527,0.12044705496763539
0.48,0.23000000000000004,0.29,16/18,0.10936131130529797,0.1348402861597325,0.10936131130529797,0.1163191790981865
0.48,0.22000000000000003,0.3,16/18,0.10754023051343066,0.13469437925764585,0.10754023051343066,0.11219130322873759
0.48,0.21000000000000002,0.31,16/18,0.10571914972156336,0.13454847235555917,0.10571914972156336,0.10806342735928869
0.48,0.2,0.32,16/18,0.10389806892969605,0.13440256545347248,0.10389806892969605,0.10393555148983978
0.48,0.19,0.33,18/22,0.09980767562039088,0.1342566585513858,0.10207698813782873,0.09980767562039088
0.48,0.18,0.34,18/22,0.09567979975094197,0.13411075164929914,0.10025590734596142,0.09567979975094197
0.48,0.17000000000000004,0.35,18/22,0.09155192388149308,0.13396484474721246,0.09843482655409412,0.09155192388149308
0.48,0.16000000000000003,0.36,18/22,0.08742404801204418,0.13381893784512577,0.09661374576222682,0.08742404801204418
0.48,0.15000000000000002,0.37,18/22,0.08329617214259527,0.13367303094303912,0.09479266497035951,0.08329617214259527
0.48,0.14,0.38,18/22,0.07916829627314637,0.13352712404095243,0.09297158417849219,0.07916829627314637
0.48,0.13,0.39,18/22,0.07504042040369746,0.13338121713886575,0.09115050338662488,0.07504042040369746
0.48,0.12,0.4,18/22,0.07091254453424856,0.1332353102367791,0.08932942259475757,0.07091254453424856
0.48,0.11000000000000004,0.41,18/22,0.06678466866479967,0.13308940333469238,0.08750834180289029,0.06678466866479967
0.48,0.10000000000000003,0.42,18/22,0.06265679279535076,0.13294349643260572,0.08568726101102297,0.06265679279535076
0.48,0.09000000000000002,0.43,18/22,0.05852891692590185,0.13279758953051904,0.08386618021915565,0.05852891692590185
0.48,0.08000000000000002,0.44,18/22,0.054401041056452944,0.13265168262843235,0.08204509942728834,0.054401041056452944
0.48,0.07,0.45,18/22,0.05027316518700403,0.1325057757263457,0.08022401863542103,0.05027316518700403
0.48,0.06,0.46,18/22,0.04614528931755513,0.132359868824259,0.07840293784355373,0.04614528931755513
0.48,0.050000000000000044,0.47,18/22,0.04201741344810625,0.13221396192217233,0.07658185705168644,0.04201741344810625
0.48,0.040000000000000036,0.48,18/22,0.03788953757865734,0.13206805502008567,0.07476077625981911,0.03788953757865734
0.48,0.030000000000000027,0.49,18/22,0.03376166170920843,0.13192214811799896,0.07293969546795182,0.03376166170920843
0.48,0.020000000000000018,0.5,18/22,0.029633785839759525,0.1317762412159123,0.07111861467608449,0.029633785839759525
0.48,0.010000000000000009,0.51,18/22,0.025505909970310617,0.13163033431382565,0.0692975338842172,0.025505909970310617
0.48,0.0,0.52,18/22,0.021378034100861712,0.13148442741173894,0.06747645309234988,0.021378034100861712
0.49,0.51,0.0,15/18,0.13812327165590402,0.13812327165590402,0.16050733291700656,0.2323450791531904
0.49,0.5,0.01,15/18,0.13797736475381736,0.13797736475381736,0.15868625212513923,0.22821720328374148
0.49,0.49,0.02,15/18,0.13783145785173068,0.13783145785173068,0.15686517133327194,0.22408932741429258
0.49,0.48,0.03,15/18,0.13768555094964396,0.13768555094964396,0.1550440905414046,0.21996145154484367
0.49,0.47000000000000003,0.04,15/18,0.13753964404755734,0.13753964404755734,0.15322300974953734,0.2158335756753948
0.49,0.46,0.05,15/18,0.13739373714547065,0.13739373714547065,0.15140192895767002,0.2117056998059459
0.49,0.45,0.06,15/18,0.13724783024338397,0.13724783024338397,0.1495808481658027,0.20757782393649696
0.49,0.44,0.07,15/18,0.13710192334129725,0.13710192334129725,0.1477597673739354,0.20344994806704805
0.49,0.43,0.08,15/18,0.1369560164392106,0.1369560164392106,0.14593868658206807,0.19932207219759915
0.49,0.42000000000000004,0.09,15/18,0.13681010953712394,0.13681010953712394,0.1441176057902008,0.19519419632815027
0.49,0.41000000000000003,0.1,15/18,0.13666420263503726,0.13666420263503726,0.14229652499833348,0.19106632045870137
0.49,0.4,0.11,15/18,0.13651829573295057,0.13651829573295057,0.14047544420646615,0.18693844458925246
0.49,0.39,0.12,15/18,0.13637238883086392,0.13637238883086392,0.13865436341459886,0.18281056871980356
0.49,0.38,0.13,15/18,0.13622648192877723,0.13622648192877723,0.13683328262273153,0.17868269285035465
0.49,0.37,0.14,16/18,0.13501220183086424,0.13608057502669055,0.13501220183086424,0.17455481698090575
0.49,0.36,0.15,16/18,0.1331911210389969,0.13593466812460386,0.1331911210389969,0.17042694111145684
0.49,0.35,0.16,16/18,0.1313700402471296,0.13578876122251718,0.1313700402471296,0.16629906524200794
0.49,0.33999999999999997,0.17,16/18,0.12954895945526232,0.1356428543204305,0.12954895945526232,0.162171189372559
0.49,0.33,0.18,16/18,0.127727878663395,0.13549694741834384,0.127727878663395,0.15804331350311013
0.49,0.32,0.19,16/18,0.1259067978715277,0.13535104051625718,0.1259067978715277,0.15391543763366122
0.49,0.31,0.2,16/18,0.12408571707966037,0.13520513361417047,0.12408571707966037,0.14978756176421232
0.49,0.30000000000000004,0.21,16/18,0.12226463628779309,0.1350592267120838,0.12226463628779309,0.14565968589476344
0.49,0.29000000000000004,0.22,16/18,0.12044355549592578,0.13491331980999716,0.12044355549592578,0.14153181002531454
0.49,0.28,0.23,16/18,0.11862247470405846,0.13476741290791044,0.11862247470405846,0.13740393415586563
0.49,0.27,0.24,16/18,0.11680139391219115,0.1346215060058238,0.11680139391219115,0.13327605828641673
0.49,0.26,0.25,16/18,0.11498031312032383,0.1344755991037371,0.11498031312032383,0.12914818241696782
0.49,0.25,0.26,16/18,0.11315923232845654,0.13432969220165042,0.11315923232845654,0.12502030654751892
0.49,0.24,0.27,16/18,0.11133815153658923,0.13418378529956376,0.11133815153658923,0.12089243067807001
0.49,0.22999999999999998,0.28,16/18,0.10951707074472192,0.13403787839747708,0.10951707074472192,0.11676455480862111
0.49,0.22000000000000003,0.29,16/18,0.1076959899528546,0.1338919714953904,0.1076959899528546,0.1126366789391722
0.49,0.21000000000000002,0.3,16/18,0.10587490916098731,0.13374606459330374,0.10587490916098731,0.1085088030697233
0.49,0.2,0.31,16/18,0.10405382836912,0.13360015769121703,0.10405382836912,0.10438092720027439
0.49,0.19,0.32,18/22,0.10025305133082549,0.13345425078913037,0.1022327475772527,0.10025305133082549
0.49,0.18,0.33,18/22,0.09612517546137658,0.13330834388704368,0.10041166678538538,0.09612517546137658
0.49,0.16999999999999998,0.34,18/22,0.09199729959192768,0.133162436984957,0.09859058599351807,0.09199729959192768
0.49,0.16000000000000003,0.35,18/22,0.0878694237224788,0.13301653008287034,0.09676950520165077,0.0878694237224788
0.49,0.15000000000000002,0.36,18/22,0.0837415478530299,0.13287062318078366,0.09494842440978346,0.0837415478530299
0.49,0.14,0.37,18/22,0.07961367198358098,0.13272471627869697,0.09312734361791616,0.07961367198358098
0.49,0.13,0.38,18/22,0.07548579611413207,0.13257880937661032,0.09130626282604884,0.07548579611413207
0.49,0.12,0.39,18/22,0.07135792024468317,0.1324329024745236,0.08948518203418153,0.07135792024468317
0.49,0.10999999999999999,0.4,18/22,0.06723004437523426,0.13228699557243695,0.08766410124231422,0.06723004437523426
0.49,0.10000000000000003,0.41,18/22,0.06310216850578537,0.1321410886703503,0.08584302045044692,0.06310216850578537
0.49,0.09000000000000002,0.42,18/22,0.05897429263633647,0.1319951817682636,0.08402193965857961,0.05897429263633647
0.49,0.08000000000000002,0.43,18/22,0.05484641676688756,0.13184927486617692,0.0822008588667123,0.05484641676688756
0.49,0.07,0.44,18/22,0.05071854089743866,0.13170336796409027,0.08037977807484499,0.05071854089743866
0.49,0.06,0.45,18/22,0.04659066502798975,0.13155746106200358,0.07855869728297768,0.04659066502798975
0.49,0.04999999999999999,0.46,18/22,0.04246278915854084,0.1314115541599169,0.07673761649111038,0.04246278915854084
0.49,0.040000000000000036,0.47,18/22,0.03833491328909196,0.13126564725783021,0.07491653569924307,0.03833491328909196
0.49,0.030000000000000027,0.48,18/22,0.03420703741964305,0.13111974035574353,0.07309545490737576,0.03420703741964305
0.49,0.020000000000000018,0.49,18/22,0.030079161550194144,0.13097383345365687,0.07127437411550845,0.030079161550194144
0.49,0.010000000000000009,0.5,18/22,0.025951285680745236,0.1308279265515702,0.06945329332364114,0.025951285680745236
0.49,0.0,0.51,18/22,0.02182340981129633,0.1306820196494835,0.06763221253177383,0.02182340981129633
0.5,0.5,0.0,15/18,0.1371749569915619,0.1371749569915619,0.15884201156456318,0.2286625789941761
0.5,0.49,0.01,15/18,0.13702905008947522,0.13702905008947522,0.15702093077269585,0.2245347031247272
0.5,0.48,0.02,15/18,0.13688314318738856,0.13688314318738856,0.15519984998082856,0.2204068272552783
0.5,0.47,0.03,15/18,0.13673723628530188,0.13673723628530188,0.15337876918896126,0.2162789513858294
0.5,0.46,0.04,15/18,0.1365913293832152,0.1365913293832152,0.151557688397094,0.21215107551638052
0.5,0.45,0.05,15/18,0.1364454224811285,0.1364454224811285,0.14973660760522667,0.20802319964693158
0.5,0.44,0.06,15/18,0.13629951557904185,0.13629951557904185,0.14791552681335934,0.20389532377748268
0.5,0.43,0.07,15/18,0.13615360867695517,0.13615360867695517,0.14609444602149205,0.19976744790803377
0.5,0.42,0.08,15/18,0.13600770177486848,0.13600770177486848,0.14427336522962472,0.19563957203858487
0.5,0.41000000000000003,0.09,15/18,0.13586179487278183,0.13586179487278183,0.14245228443775743,0.191511696169136
0.5,0.4,0.1,15/18,0.13571588797069514,0.13571588797069514,0.1406312036458901,0.1873838202996871
0.5,0.39,0.11,15/18,0.13556998106860846,0.13556998106860846,0.13881012285402278,0.18325594443023818
0.5,0.38,0.12,15/18,0.1354240741665218,0.1354240741665218,0.1369890420621555,0.17912806856078928
0.5,0.37,0.13,16/18,0.13516796127028818,0.1352781672644351,0.13516796127028818,0.17500019269134037
0.5,0.36,0.14,16/18,0.1333468804784209,0.13513226036234843,0.1333468804784209,0.17087231682189147
0.5,0.35,0.15,16/18,0.13152579968655356,0.13498635346026175,0.13152579968655356,0.16674444095244256
0.5,0.33999999999999997,0.16,16/18,0.12970471889468627,0.13484044655817506,0.12970471889468627,0.16261656508299363
0.5,0.32999999999999996,0.17,16/18,0.12788363810281894,0.1346945396560884,0.12788363810281894,0.15848868921354473
0.5,0.32,0.18,16/18,0.12606255731095165,0.13454863275400172,0.12606255731095165,0.15436081334409585
0.5,0.31,0.19,16/18,0.12424147651908433,0.13440272585191504,0.12424147651908433,0.15023293747464694
0.5,0.3,0.2,16/18,0.12242039572721702,0.13425681894982835,0.12242039572721702,0.14610506160519804
0.5,0.29000000000000004,0.21,16/18,0.12059931493534974,0.1341109120477417,0.12059931493534974,0.14197718573574916
0.5,0.28,0.22,16/18,0.11877823414348243,0.13396500514565501,0.11877823414348243,0.13784930986630023
0.5,0.27,0.23,16/18,0.1169571533516151,0.13381909824356836,0.1169571533516151,0.13372143399685132
0.5,0.26,0.24,16/18,0.1151360725597478,0.13367319134148167,0.1151360725597478,0.12959355812740242
0.5,0.25,0.25,16/18,0.11331499176788049,0.133527284439395,0.11331499176788049,0.12546568225795351
0.5,0.24,0.26,16/18,0.11149391097601317,0.1333813775373083,0.11149391097601317,0.12133780638850462
0.5,0.22999999999999998,0.27,16/18,0.10967283018414588,0.13323547063522165,0.10967283018414588,0.11720993051905572
0.5,0.21999999999999997,0.28,16/18,0.10785174939227857,0.13308956373313496,0.10785174939227857,0.11308205464960681
0.5,0.21000000000000002,0.29,16/18,0.10603066860041126,0.13294365683104828,0.10603066860041126,0.10895417878015792
0.5,0.2,0.3,16/18,0.10420958780854395,0.13279774992896162,0.10420958780854395,0.10482630291070902
0.5,0.19,0.31,18/22,0.10069842704126011,0.13265184302687494,0.10238850701667665,0.10069842704126011
0.5,0.18,0.32,18/22,0.09657055117181121,0.13250593612478825,0.10056742622480934,0.09657055117181121
0.5,0.16999999999999998,0.33,18/22,0.09244267530236229,0.13236002922270157,0.09874634543294203,0.09244267530236229
0.5,0.15999999999999998,0.34,18/22,0.08831479943291339,0.1322141223206149,0.09692526464107472,0.08831479943291339
0.5,0.15000000000000002,0.35,18/22,0.08418692356346451,0.13206821541852823,0.09510418384920741,0.08418692356346451
0.5,0.14,0.36,18/22,0.08005904769401559,0.13192230851644154,0.09328310305734011,0.08005904769401559
0.5,0.13,0.37,18/22,0.07593117182456668,0.13177640161435486,0.09146202226547279,0.07593117182456668
0.5,0.12,0.38,18/22,0.07180329595511778,0.1316304947122682,0.08964094147360549,0.07180329595511778
0.5,0.10999999999999999,0.39,18/22,0.06767542008566887,0.13148458781018152,0.08781986068173818,0.06767542008566887
0.5,0.09999999999999998,0.4,18/22,0.06354754421621997,0.13133868090809483,0.08599877988987087,0.06354754421621997
0.5,0.09000000000000002,0.41,18/22,0.059419668346771086,0.13119277400600815,0.08417769909800357,0.059419668346771086
0.5,0.08000000000000002,0.42,18/22,0.05529179247732218,0.1310468671039215,0.08235661830613625,0.05529179247732218
0.5,0.07,0.43,18/22,0.05116391660787327,0.1309009602018348,0.08053553751426895,0.05116391660787327
0.5,0.06,0.44,18/22,0.047036040738424365,0.13075505329974813,0.07871445672240164,0.047036040738424365
0.5,0.04999999999999999,0.45,18/22,0.04290816486897546,0.13060914639766147,0.07689337593053433,0.04290816486897546
0.5,0.03999999999999998,0.46,18/22,0.038780288999526555,0.13046323949557478,0.07507229513866702,0.038780288999526555
0.5,0.030000000000000027,0.47,18/22,0.03465241313007767,0.1303173325934881,0.07325121434679972,0.03465241313007767
0.5,0.020000000000000018,0.48,18/22,0.030524537260628763,0.13017142569140144,0.07143013355493241,0.030524537260628763
0.5,0.010000000000000009,0.49,18/22,0.026396661391179854,0.13002551878931473,0.0696090527630651,0.026396661391179854
0.5,0.0,0.5,18/22,0.02226878552173095,0.12987961188722807,0.06778797197119779,0.02226878552173095
0.51,0.49,0.0,15/18,0.1362266423272198,0.1362266423272198,0.15717669021211983,0.22498007883516183
0.51,0.48,0.01,15/18,0.13608073542513313,0.13608073542513313,0.1553556094202525,0.22085220296571292
0.51,0.47,0.02,15/18,0.13593482852304645,0.13593482852304645,0.15353452862838524,0.21672432709626402
0.51,0.45999999999999996,0.03,15/18,0.13578892162095973,0.13578892162095973,0.1517134478365179,0.21259645122681511
0.51,0.45,0.04,15/18,0.13564301471887308,0.13564301471887308,0.14989236704465062,0.2084685753573662
0.51,0.44,0.05,15/18,0.13549710781678642,0.13549710781678642,0.1480712862527833,0.2043406994879173
0.51,0.43,0.06,15/18,0.13535120091469974,0.13535120091469974,0.146250205460916,0.2002128236184684
0.51,0.42,0.07,15/18,0.13520529401261305,0.13520529401261305,0.1444291246690487,0.1960849477490195
0.51,0.41,0.08,15/18,0.13505938711052637,0.13505938711052637,0.14260804387718137,0.1919570718795706
0.51,0.4,0.09,15/18,0.1349134802084397,0.1349134802084397,0.14078696308531408,0.1878291960101217
0.51,0.39,0.1,15/18,0.13476757330635303,0.13476757330635303,0.13896588229344675,0.1837013201406728
0.51,0.38,0.11,15/18,0.13462166640426634,0.13462166640426634,0.13714480150157946,0.1795734442712239
0.51,0.37,0.12,15/18,0.13447575950217966,0.13447575950217966,0.13532372070971216,0.175445568401775
0.51,0.36,0.13,16/18,0.13350263991784483,0.13432985260009297,0.13350263991784483,0.1713176925323261
0.51,0.35,0.14,16/18,0.13168155912597754,0.13418394569800632,0.13168155912597754,0.1671898166628772
0.51,0.33999999999999997,0.15,16/18,0.1298604783341102,0.13403803879591963,0.1298604783341102,0.16306194079342826
0.51,0.32999999999999996,0.16,16/18,0.1280393975422429,0.13389213189383295,0.1280393975422429,0.15893406492397935
0.51,0.31999999999999995,0.17,16/18,0.1262183167503756,0.13374622499174627,0.1262183167503756,0.15480618905453045
0.51,0.31,0.18,16/18,0.1243972359585083,0.1336003180896596,0.1243972359585083,0.15067831318508157
0.51,0.3,0.19,16/18,0.12257615516664098,0.13345441118757295,0.12257615516664098,0.14655043731563266
0.51,0.29,0.2,16/18,0.12075507437477367,0.13330850428548624,0.12075507437477367,0.14242256144618376
0.51,0.28,0.21,16/18,0.11893399358290639,0.13316259738339958,0.11893399358290639,0.13829468557673485
0.51,0.27,0.22,16/18,0.11711291279103908,0.1330166904813129,0.11711291279103908,0.13416680970728595
0.51,0.26,0.23,16/18,0.11529183199917176,0.13287078357922621,0.11529183199917176,0.13003893383783705
0.51,0.25,0.24,16/18,0.11347075120730445,0.13272487667713956,0.11347075120730445,0.12591105796838814
0.51,0.24,0.25,16/18,0.11164967041543714,0.13257896977505287,0.11164967041543714,0.12178318209893924
0.51,0.22999999999999998,0.26,16/18,0.10982858962356983,0.1324330628729662,0.10982858962356983,0.11765530622949033
0.51,0.21999999999999997,0.27,16/18,0.10800750883170251,0.13228715597087953,0.10800750883170251,0.11352743036004143
0.51,0.20999999999999996,0.28,16/18,0.10618642803983522,0.13214124906879282,0.10618642803983522,0.10939955449059252
0.51,0.2,0.29,16/18,0.10436534724796791,0.13199534216670616,0.10436534724796791,0.10527167862114364
0.51,0.19,0.3,18/22,0.10114380275169474,0.1318494352646195,0.1025442664561006,0.10114380275169474
0.51,0.18,0.31,18/22,0.09701592688224583,0.1317035283625328,0.10072318566423329,0.09701592688224583
0.51,0.16999999999999998,0.32,18/22,0.0928880510127969,0.13155762146044614,0.09890210487236599,0.0928880510127969
0.51,0.15999999999999998,0.33,18/22,0.088760175143348,0.13141171455835945,0.09708102408049868,0.088760175143348
0.51,0.14999999999999997,0.34,18/22,0.08463229927389909,0.13126580765627277,0.09525994328863135,0.08463229927389909
0.51,0.14,0.35,18/22,0.08050442340445021,0.13111990075418611,0.09343886249676406,0.08050442340445021
0.51,0.13,0.36,18/22,0.07637654753500131,0.13097399385209943,0.09161778170489675,0.07637654753500131
0.51,0.12,0.37,18/22,0.0722486716655524,0.13082808695001275,0.08979670091302944,0.0722486716655524
0.51,0.10999999999999999,0.38,18/22,0.0681207957961035,0.1306821800479261,0.08797562012116214,0.0681207957961035
0.51,0.09999999999999998,0.39,18/22,0.0639929199266546,0.13053627314583938,0.08615453932929482,0.0639929199266546
0.51,0.08999999999999997,0.4,18/22,0.059865044057205684,0.13039036624375272,0.08433345853742752,0.059865044057205684
0.51,0.08000000000000002,0.41,18/22,0.0557371681877568,0.13024445934166606,0.08251237774556022,0.0557371681877568
0.51,0.07,0.42,18/22,0.051609292318307895,0.13009855243957938,0.0806912969536929,0.051609292318307895
0.51,0.06,0.43,18/22,0.04748141644885899,0.1299526455374927,0.07887021616182559,0.04748141644885899
0.51,0.04999999999999999,0.44,18/22,0.04335354057941008,0.129806738635406,0.07704913536995829,0.04335354057941008
0.51,0.03999999999999998,0.45,18/22,0.039225664709961174,0.12966083173331935,0.07522805457809098,0.039225664709961174
0.51,0.02999999999999997,0.46,18/22,0.03509778884051226,0.12951492483123267,0.07340697378622367,0.03509778884051226
0.51,0.020000000000000018,0.47,18/22,0.03096991297106338,0.12936901792914599,0.07158589299435636,0.03096991297106338
0.51,0.010000000000000009,0.48,18/22,0.026842037101614473,0.1292231110270593,0.06976481220248906,0.026842037101614473
0.51,0.0,0.49,18/22,0.022714161232165568,0.12907720412497264,0.06794373141062175,0.022714161232165568
0.52,0.48,0.0,15/18,0.13527832766287767,0.13527832766287767,0.15551136885967648,0.22129757867614752
0.52,0.47,0.01,15/18,0.135132420760791,0.135132420760791,0.15369028806780916,0.21716970280669862
0.52,0.45999999999999996,0.02,15/18,0.13498651385870433,0.13498651385870433,0.15186920727594186,0.2130418269372497
0.52,0.44999999999999996,0.03,15/18,0.13484060695661765,0.13484060695661765,0.15004812648407453,0.2089139510678008
0.52,0.44,0.04,15/18,0.13469470005453096,0.13469470005453096,0.14822704569220727,0.2047860751983519
0.52,0.43,0.05,15/18,0.13454879315244428,0.13454879315244428,0.14640596490033997,0.200658199328903
0.52,0.42,0.06,15/18,0.13440288625035762,0.13440288625035762,0.14458488410847264,0.1965303234594541
0.52,0.41,0.07,15/18,0.13425697934827094,0.13425697934827094,0.14276380331660535,0.1924024475900052
0.52,0.39999999999999997,0.08,15/18,0.13411107244618425,0.13411107244618425,0.14094272252473802,0.18827457172055628
0.52,0.39,0.09,15/18,0.1339651655440976,0.1339651655440976,0.13912164173287073,0.18414669585110743
0.52,0.38,0.1,15/18,0.1338192586420109,0.1338192586420109,0.1373005609410034,0.18001881998165853
0.52,0.37,0.11,15/18,0.13367335173992423,0.13367335173992423,0.13547948014913608,0.17589094411220962
0.52,0.36,0.12,15/18,0.13352744483783754,0.13352744483783754,0.13365839935726878,0.17176306824276072
0.52,0.35,0.13,16/18,0.13183731856540148,0.13338153793575086,0.13183731856540148,0.16763519237331181
0.52,0.33999999999999997,0.14,16/18,0.1300162377735342,0.1332356310336642,0.1300162377735342,0.16350731650386285
0.52,0.32999999999999996,0.15,16/18,0.12819515698166686,0.13308972413157752,0.12819515698166686,0.15937944063441395
0.52,0.31999999999999995,0.16,16/18,0.12637407618979954,0.13294381722949083,0.12637407618979954,0.15525156476496504
0.52,0.30999999999999994,0.17,16/18,0.12455299539793224,0.13279791032740418,0.12455299539793224,0.15112368889551614
0.52,0.3,0.18,16/18,0.12273191460606493,0.1326520034253175,0.12273191460606493,0.1469958130260673
0.52,0.29,0.19,16/18,0.12091083381419764,0.1325060965232308,0.12091083381419764,0.14286793715661839
0.52,0.27999999999999997,0.2,16/18,0.11908975302233032,0.13236018962114413,0.11908975302233032,0.13874006128716948
0.52,0.27,0.21,16/18,0.11726867223046303,0.13221428271905747,0.11726867223046303,0.13461218541772058
0.52,0.26,0.22,16/18,0.11544759143859572,0.13206837581697078,0.11544759143859572,0.13048430954827167
0.52,0.24999999999999997,0.23,16/18,0.11362651064672841,0.13192246891488413,0.11362651064672841,0.12635643367882277
0.52,0.24,0.24,16/18,0.1118054298548611,0.13177656201279744,0.1118054298548611,0.12222855780937386
0.52,0.22999999999999998,0.25,16/18,0.10998434906299379,0.13163065511071076,0.10998434906299379,0.11810068193992496
0.52,0.21999999999999997,0.26,16/18,0.10816326827112648,0.13148474820862407,0.10816326827112648,0.11397280607047605
0.52,0.20999999999999996,0.27,16/18,0.10634218747925916,0.13133884130653742,0.10634218747925916,0.10984493020102713
0.52,0.19999999999999996,0.28,16/18,0.10452110668739184,0.13119293440445073,0.10452110668739184,0.10571705433157823
0.52,0.19,0.29,18/22,0.10158917846212935,0.13104702750236405,0.10270002589552456,0.10158917846212935
0.52,0.18,0.3,18/22,0.09746130259268045,0.13090112060027737,0.10087894510365725,0.09746130259268045
0.52,0.16999999999999998,0.31,18/22,0.09333342672323153,0.1307552136981907,0.09905786431178994,0.09333342672323153
0.52,0.15999999999999998,0.32,18/22,0.08920555085378262,0.13060930679610402,0.09723678351992263,0.08920555085378262
0.52,0.14999999999999997,0.33,18/22,0.08507767498433372,0.13046339989401734,0.0954157027280553,0.08507767498433372
0.52,0.13999999999999996,0.34,18/22,0.08094979911488481,0.13031749299193068,0.093594621936188,0.08094979911488481
0.52,0.13,0.35,18/22,0.07682192324543594,0.13017158608984397,0.09177354114432071,0.07682192324543594
0.52,0.12,0.36,18/22,0.07269404737598703,0.13002567918775731,0.0899524603524534,0.07269404737598703
0.52,0.10999999999999999,0.37,18/22,0.06856617150653813,0.12987977228567063,0.08813137956058609,0.06856617150653813
0.52,0.09999999999999998,0.38,18/22,0.06443829563708921,0.12973386538358395,0.08631029876871879,0.06443829563708921
0.52,0.08999999999999997,0.39,18/22,0.0603104197676403,0.1295879584814973,0.08448921797685147,0.0603104197676403
0.52,0.07999999999999996,0.4,18/22,0.0561825438981914,0.1294420515794106,0.08266813718498416,0.0561825438981914
0.52,0.07,0.41,18/22,0.05205466802874251,0.12929614467732392,0.08084705639311686,0.05205466802874251
0.52,0.06,0.42,18/22,0.0479267921592936,0.12915023777523726,0.07902597560124955,0.0479267921592936
0.52,0.04999999999999999,0.43,18/22,0.0437989162898447,0.12900433087315058,0.07720489480938224,0.0437989162898447
0.52,0.03999999999999998,0.44,18/22,0.03967104042039579,0.1288584239710639,0.07538381401751493,0.03967104042039579
0.52,0.02999999999999997,0.45,18/22,0.03554316455094689,0.12871251706897724,0.07356273322564763,0.03554316455094689
0.52,0.019999999999999962,0.46,18/22,0.031415288681497976,0.12856661016689055,0.0717416524337803,0.031415288681497976
0.52,0.010000000000000009,0.47,18/22,0.02728741281204909,0.12842070326480387,0.06992057164191301,0.02728741281204909
0.52,0.0,0.48,18/22,0.023159536942600187,0.1282747963627172,0.0680994908500457,0.023159536942600187
0.53,0.47,0.0,15/18,0.13433001299853556,0.13433001299853556,0.15384604750723313,0.21761507851713324
0.53,0.45999999999999996,0.01,15/18,0.1341841060964489,0.1341841060964489,0.1520249667153658,0.21348720264768434
0.53,0.44999999999999996,0.02,15/18,0.13403819919436222,0.13403819919436222,0.1502038859234985,0.20935932677823543
0.53,0.43999999999999995,0.03,15/18,0.1338922922922755,0.1338922922922755,0.14838280513163118,0.20523145090878653
0.53,0.43,0.04,15/18,0.13374638539018885,0.13374638539018885,0.14656172433976392,0.20110357503933762
0.53,0.42,0.05,15/18,0.1336004784881022,0.1336004784881022,0.1447406435478966,0.19697569916988872
0.53,0.41,0.06,15/18,0.1334545715860155,0.1334545715860155,0.14291956275602927,0.1928478233004398
0.53,0.39999999999999997,0.07,15/18,0.13330866468392882,0.13330866468392882,0.14109848196416197,0.1887199474309909
0.53,0.38999999999999996,0.08,15/18,0.13316275778184214,0.13316275778184214,0.13927740117229465,0.184592071561542
0.53,0.38,0.09,15/18,0.13301685087975548,0.13301685087975548,0.13745632038042738,0.18046419569209313
0.53,0.37,0.1,15/18,0.1328709439776688,0.1328709439776688,0.13563523958856005,0.17633631982264422
0.53,0.36,0.11,15/18,0.13272503707558211,0.13272503707558211,0.13381415879669273,0.17220844395319532
0.53,0.35,0.12,16/18,0.13199307800482543,0.13257913017349543,0.13199307800482543,0.1680805680837464
0.53,0.33999999999999997,0.13,16/18,0.13017199721295813,0.13243322327140875,0.13017199721295813,0.16395269221429748
0.53,0.32999999999999996,0.14,16/18,0.1283509164210908,0.1322873163693221,0.1283509164210908,0.15982481634484857
0.53,0.31999999999999995,0.15,16/18,0.12652983562922349,0.1321414094672354,0.12652983562922349,0.15569694047539967
0.53,0.30999999999999994,0.16,16/18,0.12470875483735619,0.13199550256514872,0.12470875483735619,0.15156906460595077
0.53,0.29999999999999993,0.17,16/18,0.12288767404548888,0.13184959566306204,0.12288767404548888,0.14744118873650186
0.53,0.29,0.18,16/18,0.12106659325362158,0.13170368876097538,0.12106659325362158,0.14331331286705298
0.53,0.27999999999999997,0.19,16/18,0.11924551246175427,0.13155778185888872,0.11924551246175427,0.13918543699760408
0.53,0.26999999999999996,0.2,16/18,0.11742443166988696,0.131411874956802,0.11742443166988696,0.13505756112815517
0.53,0.26,0.21,16/18,0.11560335087801966,0.13126596805471535,0.11560335087801966,0.1309296852587063
0.53,0.24999999999999997,0.22,16/18,0.11378227008615235,0.13112006115262867,0.11378227008615235,0.12680180938925736
0.53,0.23999999999999996,0.23,16/18,0.11196118929428503,0.13097415425054199,0.11196118929428503,0.12267393351980847
0.53,0.22999999999999998,0.24,16/18,0.11014010850241773,0.13082824734845533,0.11014010850241773,0.11854605765035958
0.53,0.21999999999999997,0.25,16/18,0.10831902771055042,0.13068234044636864,0.10831902771055042,0.11441818178091068
0.53,0.20999999999999996,0.26,16/18,0.10649794691868313,0.13053643354428196,0.10649794691868313,0.11029030591146176
0.53,0.19999999999999996,0.27,16/18,0.10467686612681582,0.1303905266421953,0.10467686612681582,0.10616243004201285
0.53,0.18999999999999995,0.28,18/22,0.10203455417256395,0.1302446197401086,0.10285578533494849,0.10203455417256395
0.53,0.18,0.29,18/22,0.09790667830311507,0.13009871283802193,0.1010347045430812,0.09790667830311507
0.53,0.16999999999999998,0.3,18/22,0.09377880243366615,0.12995280593593525,0.0992136237512139,0.09377880243366615
0.53,0.15999999999999998,0.31,18/22,0.08965092656421725,0.12980689903384857,0.09739254295934659,0.08965092656421725
0.53,0.14999999999999997,0.32,18/22,0.08552305069476834,0.1296609921317619,0.09557146216747928,0.08552305069476834
0.53,0.13999999999999996,0.33,18/22,0.08139517482531944,0.12951508522967523,0.09375038137561195,0.08139517482531944
0.53,0.12999999999999995,0.34,18/22,0.07726729895587053,0.12936917832758854,0.09192930058374464,0.07726729895587053
0.53,0.12,0.35,18/22,0.07313942308642164,0.12922327142550188,0.09010821979187734,0.07313942308642164
0.53,0.10999999999999999,0.36,18/22,0.06901154721697274,0.1290773645234152,0.08828713900001005,0.06901154721697274
0.53,0.09999999999999998,0.37,18/22,0.06488367134752383,0.12893145762132852,0.08646605820814274,0.06488367134752383
0.53,0.08999999999999997,0.38,18/22,0.06075579547807493,0.12878555071924186,0.08464497741627541,0.06075579547807493
0.53,0.07999999999999996,0.39,18/22,0.05662791960862602,0.12863964381715515,0.0828238966244081,0.05662791960862602
0.53,0.06999999999999995,0.4,18/22,0.05250004373917711,0.1284937369150685,0.08100281583254079,0.05250004373917711
0.53,0.06,0.41,18/22,0.04837216786972823,0.12834783001298183,0.0791817350406735,0.04837216786972823
0.53,0.04999999999999999,0.42,18/22,0.04424429200027932,0.12820192311089515,0.0773606542488062,0.04424429200027932
0.53,0.03999999999999998,0.43,18/22,0.04011641613083042,0.12805601620880847,0.07553957345693887,0.04011641613083042
0.53,0.02999999999999997,0.44,18/22,0.035988540261381506,0.12791010930672178,0.07371849266507158,0.035988540261381506
0.53,0.019999999999999962,0.45,18/22,0.0318606643919326,0.12776420240463512,0.07189741187320425,0.0318606643919326
0.53,0.009999999999999953,0.46,18/22,0.027732788522483693,0.12761829550254844,0.07007633108133696,0.027732788522483693
0.53,0.0,0.47,18/22,0.02360491265303481,0.12747238860046176,0.06825525028946966,0.02360491265303481
0.54,0.45999999999999996,0.0,15/18,0.13338169833419344,0.13338169833419344,0.15218072615478978,0.21393257835811896
0.54,0.44999999999999996,0.01,15/18,0.13323579143210676,0.13323579143210676,0.15035964536292246,0.20980470248867006
0.54,0.43999999999999995,0.02,15/18,0.1330898845300201,0.1330898845300201,0.14853856457105516,0.20567682661922115
0.54,0.42999999999999994,0.03,15/18,0.1329439776279334,0.1329439776279334,0.14671748377918784,0.20154895074977222
0.54,0.42,0.04,15/18,0.13279807072584673,0.13279807072584673,0.14489640298732057,0.19742107488032334
0.54,0.41,0.05,15/18,0.13265216382376005,0.13265216382376005,0.14307532219545324,0.19329319901087444
0.54,0.39999999999999997,0.06,15/18,0.1325062569216734,0.1325062569216734,0.14125424140358592,0.18916532314142553
0.54,0.38999999999999996,0.07,15/18,0.13236035001958668,0.13236035001958668,0.13943316061171862,0.18503744727197663
0.54,0.37999999999999995,0.08,15/18,0.13221444311750002,0.13221444311750002,0.1376120798198513,0.18090957140252772
0.54,0.37,0.09,15/18,0.13206853621541334,0.13206853621541334,0.13579099902798403,0.17678169553307885
0.54,0.36,0.1,15/18,0.13192262931332668,0.13192262931332668,0.1339699182361167,0.17265381966362994
0.54,0.35,0.11,15/18,0.13177672241123997,0.13177672241123997,0.13214883744424938,0.16852594379418104
0.54,0.33999999999999997,0.12,16/18,0.13032775665238208,0.13163081550915331,0.13032775665238208,0.1643980679247321
0.54,0.32999999999999996,0.13,16/18,0.12850667586051476,0.13148490860706663,0.12850667586051476,0.1602701920552832
0.54,0.31999999999999995,0.14,16/18,0.12668559506864746,0.13133900170497997,0.12668559506864746,0.1561423161858343
0.54,0.30999999999999994,0.15,16/18,0.12486451427678014,0.13119309480289326,0.12486451427678014,0.1520144403163854
0.54,0.29999999999999993,0.16,16/18,0.12304343348491283,0.1310471879008066,0.12304343348491283,0.14788656444693649
0.54,0.2899999999999999,0.17,16/18,0.12122235269304554,0.13090128099871992,0.12122235269304554,0.14375868857748758
0.54,0.27999999999999997,0.18,16/18,0.11940127190117822,0.13075537409663326,0.11940127190117822,0.1396308127080387
0.54,0.26999999999999996,0.19,16/18,0.11758019110931091,0.13060946719454658,0.11758019110931091,0.1355029368385898
0.54,0.25999999999999995,0.2,16/18,0.1157591103174436,0.1304635602924599,0.1157591103174436,0.1313750609691409
0.54,0.24999999999999997,0.21,16/18,0.11393802952557631,0.1303176533903732,0.11393802952557631,0.127247185099692
0.54,0.23999999999999996,0.22,16/18,0.112116948733709,0.13017174648828655,0.112116948733709,0.12311930923024308
0.54,0.22999999999999995,0.23,16/18,0.11029586794184168,0.13002583958619987,0.11029586794184168,0.11899143336079418
0.54,0.21999999999999997,0.24,16/18,0.10847478714997437,0.1298799326841132,0.10847478714997437,0.11486355749134529
0.54,0.20999999999999996,0.25,16/18,0.10665370635810707,0.12973402578202653,0.10665370635810707,0.11073568162189637
0.54,0.19999999999999996,0.26,16/18,0.10483262556623976,0.12958811887993985,0.10483262556623976,0.10660780575244747
0.54,0.18999999999999995,0.27,18/22,0.10247992988299856,0.12944221197785316,0.10301154477437247,0.10247992988299856
0.54,0.17999999999999994,0.28,18/22,0.09835205401354966,0.1292963050757665,0.10119046398250514,0.09835205401354966
0.54,0.16999999999999998,0.29,18/22,0.09422417814410076,0.12915039817367982,0.09936938319063784,0.09422417814410076
0.54,0.15999999999999998,0.3,18/22,0.09009630227465186,0.12900449127159314,0.09754830239877053,0.09009630227465186
0.54,0.14999999999999997,0.31,18/22,0.08596842640520296,0.12885858436950648,0.09572722160690322,0.08596842640520296
0.54,0.13999999999999996,0.32,18/22,0.08184055053575405,0.12871267746741977,0.09390614081503593,0.08184055053575405
0.54,0.12999999999999995,0.33,18/22,0.07771267466630515,0.1285667705653331,0.0920850600231686,0.07771267466630515
0.54,0.11999999999999994,0.34,18/22,0.07358479879685624,0.12842086366324643,0.09026397923130129,0.07358479879685624
0.54,0.10999999999999999,0.35,18/22,0.06945692292740736,0.12827495676115974,0.088442898439434,0.06945692292740736
0.54,0.09999999999999998,0.36,18/22,0.06532904705795844,0.12812904985907309,0.08662181764756668,0.06532904705795844
0.54,0.08999999999999997,0.37,18/22,0.06120117118850954,0.1279831429569864,0.08480073685569939,0.06120117118850954
0.54,0.07999999999999996,0.38,18/22,0.057073295319060635,0.12783723605489972,0.08297965606383206,0.057073295319060635
0.54,0.06999999999999995,0.39,18/22,0.05294541944961173,0.12769132915281303,0.08115857527196475,0.05294541944961173
0.54,0.05999999999999994,0.4,18/22,0.048817543580162825,0.12754542225072638,0.07933749448009744,0.048817543580162825
0.54,0.04999999999999999,0.41,18/22,0.044689667710713935,0.1273995153486397,0.07751641368823015,0.044689667710713935
0.54,0.03999999999999998,0.42,18/22,0.04056179184126503,0.12725360844655303,0.07569533289636284,0.04056179184126503
0.54,0.02999999999999997,0.43,18/22,0.036433915971816125,0.12710770154446632,0.07387425210449552,0.036433915971816125
0.54,0.019999999999999962,0.44,18/22,0.03230604010236722,0.12696179464237967,0.07205317131262821,0.03230604010236722
0.54,0.009999999999999953,0.45,18/22,0.02817816423291831,0.126815887740293,0.0702320905207609,0.02817816423291831
0.54,-5.551115123125783e-17,0.46,18/22,0.024050288363469403,0.1266699808382063,0.06841100972889361,0.024050288363469403
0.55,0.44999999999999996,0.0,15/18,0.13243338366985133,0.13243338366985133,0.15051540480234643,0.21025007819910468
0.55,0.43999999999999995,0.01,15/18,0.13228747676776464,0.13228747676776464,0.1486943240104791,0.20612220232965578
0.55,0.42999999999999994,0.02,15/18,0.13214156986567796,0.13214156986567796,0.1468732432186118,0.20199432646020685
0.55,0.41999999999999993,0.03,15/18,0.13199566296359128,0.13199566296359128,0.14505216242674449,0.19786645059075794
0.55,0.41,0.04,15/18,0.13184975606150462,0.13184975606150462,0.1432310816348772,0.19373857472130906
0.55,0.39999999999999997,0.05,15/18,0.13170384915941794,0.13170384915941794,0.14141000084300986,0.18961069885186016
0.55,0.38999999999999996,0.06,15/18,0.13155794225733128,0.13155794225733128,0.13958892005114254,0.18548282298241126
0.55,0.37999999999999995,0.07,15/18,0.13141203535524457,0.13141203535524457,0.13776783925927527,0.18135494711296235
0.55,0.36999999999999994,0.08,15/18,0.1312661284531579,0.1312661284531579,0.13594675846740795,0.17722707124351345
0.55,0.36,0.09,15/18,0.13112022155107123,0.13112022155107123,0.13412567767554068,0.17309919537406457
0.55,0.35,0.1,15/18,0.13097431464898457,0.13097431464898457,0.13230459688367335,0.16897131950461566
0.55,0.33999999999999997,0.11,16/18,0.13048351609180603,0.13082840774689786,0.13048351609180603,0.16484344363516673
0.55,0.32999999999999996,0.12,16/18,0.12866243529993873,0.1306825008448112,0.12866243529993873,0.16071556776571783
0.55,0.31999999999999995,0.13,16/18,0.1268413545080714,0.13053659394272452,0.1268413545080714,0.15658769189626892
0.55,0.30999999999999994,0.14,16/18,0.1250202737162041,0.13039068704063786,0.1250202737162041,0.15245981602682002
0.55,0.29999999999999993,0.15,16/18,0.12319919292433679,0.13024478013855115,0.12319919292433679,0.1483319401573711
0.55,0.2899999999999999,0.16,16/18,0.12137811213246949,0.1300988732364645,0.12137811213246949,0.1442040642879222
0.55,0.2799999999999999,0.17,16/18,0.11955703134060218,0.1299529663343778,0.11955703134060218,0.1400761884184733
0.55,0.26999999999999996,0.18,16/18,0.11773595054873487,0.12980705943229115,0.11773595054873487,0.13594831254902442
0.55,0.25999999999999995,0.19,16/18,0.11591486975686756,0.12966115253020447,0.11591486975686756,0.1318204366795755
0.55,0.24999999999999994,0.2,16/18,0.11409378896500025,0.12951524562811778,0.11409378896500025,0.1276925608101266
0.55,0.23999999999999996,0.21,16/18,0.11227270817313295,0.12936933872603112,0.11227270817313295,0.12356468494067771
0.55,0.22999999999999995,0.22,16/18,0.11045162738126565,0.12922343182394444,0.11045162738126565,0.1194368090712288
0.55,0.21999999999999995,0.23,16/18,0.10863054658939833,0.12907752492185776,0.10863054658939833,0.1153089332017799
0.55,0.20999999999999996,0.24,16/18,0.10680946579753102,0.12893161801977107,0.10680946579753102,0.111181057332331
0.55,0.19999999999999996,0.25,16/18,0.10498838500566371,0.1287857111176844,0.10498838500566371,0.10705318146288209
0.55,0.18999999999999995,0.26,18/22,0.10292530559343319,0.12863980421559773,0.10316730421379641,0.10292530559343319
0.55,0.17999999999999994,0.27,18/22,0.09879742972398428,0.12849389731351105,0.1013462234219291,0.09879742972398428
0.55,0.16999999999999993,0.28,18/22,0.09466955385453538,0.12834799041142436,0.09952514263006179,0.09466955385453538
0.55,0.15999999999999998,0.29,18/22,0.09054167798508649,0.1282020835093377,0.09770406183819448,0.09054167798508649
0.55,0.14999999999999997,0.3,18/22,0.08641380211563758,0.12805617660725102,0.09588298104632717,0.08641380211563758
0.55,0.13999999999999996,0.31,18/22,0.08228592624618868,0.12791026970516434,0.09406190025445987,0.08228592624618868
0.55,0.12999999999999995,0.32,18/22,0.07815805037673977,0.12776436280307765,0.09224081946259256,0.07815805037673977
0.55,0.11999999999999994,0.33,18/22,0.07403017450729087,0.127618455900991,0.09041973867072525,0.07403017450729087
0.55,0.10999999999999993,0.34,18/22,0.06990229863784195,0.1274725489989043,0.08859865787885794,0.06990229863784195
0.55,0.09999999999999998,0.35,18/22,0.06577442276839307,0.12732664209681765,0.08677757708699065,0.06577442276839307
0.55,0.08999999999999997,0.36,18/22,0.061646546898944166,0.12718073519473097,0.08495649629512333,0.061646546898944166
0.55,0.07999999999999996,0.37,18/22,0.05751867102949526,0.1270348282926443,0.08313541550325601,0.05751867102949526
0.55,0.06999999999999995,0.38,18/22,0.05339079516004635,0.1268889213905576,0.08131433471138871,0.05339079516004635
0.55,0.05999999999999994,0.39,18/22,0.04926291929059744,0.12674301448847092,0.0794932539195214,0.04926291929059744
0.55,0.04999999999999993,0.4,18/22,0.04513504342114853,0.12659710758638426,0.07767217312765409,0.04513504342114853
0.55,0.03999999999999998,0.41,18/22,0.041007167551699655,0.12645120068429758,0.0758510923357868,0.041007167551699655
0.55,0.02999999999999997,0.42,18/22,0.036879291682250744,0.1263052937822109,0.07403001154391949,0.036879291682250744
0.55,0.019999999999999962,0.43,18/22,0.03275141581280184,0.12615938688012424,0.07220893075205218,0.03275141581280184
0.55,0.009999999999999953,0.44,18/22,0.02862353994335293,0.12601347997803755,0.07038784996018486,0.02862353994335293
0.55,-5.551115123125783e-17,0.45,18/22,0.024495664073904022,0.12586757307595087,0.06856676916831755,0.024495664073904022
0.56,0.43999999999999995,0.0,15/18,0.13148506900550921,0.13148506900550921,0.14885008344990305,0.2065675780400904
0.56,0.42999999999999994,0.01,15/18,0.13133916210342253,0.13133916210342253,0.14702900265803576,0.20243970217064147
0.56,0.41999999999999993,0.02,15/18,0.13119325520133585,0.13119325520133585,0.14520792186616846,0.19831182630119257
0.56,0.4099999999999999,0.03,15/18,0.13104734829924916,0.13104734829924916,0.14338684107430114,0.19418395043174366
0.56,0.39999999999999997,0.04,15/18,0.1309014413971625,0.1309014413971625,0.14156576028243384,0.19005607456229479
0.56,0.38999999999999996,0.05,15/18,0.13075553449507582,0.13075553449507582,0.13974467949056651,0.18592819869284588
0.56,0.37999999999999995,0.06,15/18,0.13060962759298916,0.13060962759298916,0.13792359869869922,0.18180032282339698
0.56,0.36999999999999994,0.07,15/18,0.13046372069090245,0.13046372069090245,0.13610251790683192,0.17767244695394807
0.56,0.35999999999999993,0.08,15/18,0.1303178137888158,0.1303178137888158,0.1342814371149646,0.17354457108449917
0.56,0.35,0.09,15/18,0.1301719068867291,0.1301719068867291,0.1324603563230973,0.1694166952150503
0.56,0.33999999999999997,0.1,15/18,0.13002599998464245,0.13002599998464245,0.13063927553123,0.16528881934560136
0.56,0.32999999999999996,0.11,16/18,0.12881819473936268,0.12988009308255574,0.12881819473936268,0.16116094347615245
0.56,0.31999999999999995,0.12,16/18,0.12699711394749538,0.12973418618046909,0.12699711394749538,0.15703306760670355
0.56,0.30999999999999994,0.13,16/18,0.12517603315562806,0.1295882792783824,0.12517603315562806,0.15290519173725464
0.56,0.29999999999999993,0.14,16/18,0.12335495236376075,0.12944237237629574,0.12335495236376075,0.14877731586780574
0.56,0.2899999999999999,0.15,16/18,0.12153387157189344,0.12929646547420903,0.12153387157189344,0.14464943999835683
0.56,0.2799999999999999,0.16,16/18,0.11971279078002613,0.12915055857212238,0.11971279078002613,0.14052156412890793
0.56,0.2699999999999999,0.17,16/18,0.11789170998815882,0.1290046516700357,0.11789170998815882,0.13639368825945902
0.56,0.25999999999999995,0.18,16/18,0.11607062919629152,0.12885874476794903,0.11607062919629152,0.13226581239001012
0.56,0.24999999999999994,0.19,16/18,0.11424954840442421,0.12871283786586235,0.11424954840442421,0.1281379365205612
0.56,0.23999999999999994,0.2,16/18,0.1124284676125569,0.12856693096377567,0.1124284676125569,0.12401006065111231
0.56,0.22999999999999995,0.21,16/18,0.1106073868206896,0.12842102406168898,0.1106073868206896,0.11988218478166342
0.56,0.21999999999999995,0.22,16/18,0.10878630602882229,0.12827511715960233,0.10878630602882229,0.11575430891221451
0.56,0.20999999999999994,0.23,16/18,0.10696522523695498,0.12812921025751564,0.10696522523695498,0.11162643304276561
0.56,0.19999999999999996,0.24,16/18,0.10514414444508767,0.12798330335542896,0.10514414444508767,0.1074985571733167
0.56,0.18999999999999995,0.25,16/18,0.10332306365322036,0.1278373964533423,0.10332306365322036,0.1033706813038678
0.56,0.17999999999999994,0.26,18/22,0.0992428054344189,0.12769148955125562,0.10150198286135305,0.0992428054344189
0.56,0.16999999999999993,0.27,18/22,0.09511492956496999,0.12754558264916893,0.09968090206948575,0.09511492956496999
0.56,0.15999999999999992,0.28,18/22,0.09098705369552108,0.12739967574708227,0.09785982127761844,0.09098705369552108
0.56,0.14999999999999997,0.29,18/22,0.08685917782607219,0.1272537688449956,0.09603874048575113,0.08685917782607219
0.56,0.13999999999999996,0.3,18/22,0.08273130195662329,0.1271078619429089,0.09421765969388382,0.08273130195662329
0.56,0.12999999999999995,0.31,18/22,0.07860342608717438,0.12696195504082222,0.09239657890201651,0.07860342608717438
0.56,0.11999999999999994,0.32,18/22,0.07447555021772548,0.12681604813873554,0.09057549811014921,0.07447555021772548
0.56,0.10999999999999993,0.33,18/22,0.07034767434827657,0.12667014123664888,0.0887544173182819,0.07034767434827657
0.56,0.09999999999999992,0.34,18/22,0.06621979847882767,0.1265242343345622,0.08693333652641458,0.06621979847882767
0.56,0.08999999999999997,0.35,18/22,0.06209192260937878,0.1263783274324755,0.08511225573454728,0.06209192260937878
0.56,0.07999999999999996,0.36,18/22,0.05796404673992987,0.12623242053038886,0.08329117494267999,0.05796404673992987
0.56,0.06999999999999995,0.37,18/22,0.05383617087048097,0.12608651362830217,0.08147009415081266,0.05383617087048097
0.56,0.05999999999999994,0.38,18/22,0.04970829500103206,0.1259406067262155,0.07964901335894536,0.04970829500103206
0.56,0.04999999999999993,0.39,18/22,0.04558041913158316,0.1257946998241288,0.07782793256707805,0.04558041913158316
0.56,0.039999999999999925,0.4,18/22,0.041452543262134246,0.12564879292204215,0.07600685177521074,0.041452543262134246
0.56,0.02999999999999997,0.41,18/22,0.03732466739268536,0.12550288601995546,0.07418577098334345,0.03732466739268536
0.56,0.019999999999999962,0.42,18/22,0.03319679152323646,0.1253569791178688,0.07236469019147612,0.03319679152323646
0.56,0.009999999999999953,0.43,18/22,0.02906891565378755,0.1252110722157821,0.07054360939960883,0.02906891565378755
0.56,-5.551115123125783e-17,0.44,18/22,0.02494103978433864,0.12506516531369544,0.06872252860774151,0.02494103978433864
0.57,0.43000000000000005,0.0,15/18,0.1305367543411671,0.1305367543411671,0.14718476209745973,0.20288507788107613
0.57,0.42000000000000004,0.01,15/18,0.13039084743908044,0.13039084743908044,0.1453636813055924,0.19875720201162722
0.57,0.41000000000000003,0.02,15/18,0.13024494053699376,0.13024494053699376,0.1435426005137251,0.19462932614217832
0.57,0.4,0.03,15/18,0.13009903363490707,0.13009903363490707,0.14172151972185779,0.1905014502727294
0.57,0.39000000000000007,0.04,15/18,0.1299531267328204,0.1299531267328204,0.13990043892999052,0.18637357440328053
0.57,0.38000000000000006,0.05,15/18,0.1298072198307337,0.1298072198307337,0.1380793581381232,0.18224569853383163
0.57,0.37000000000000005,0.06,15/18,0.12966131292864705,0.12966131292864705,0.13625827734625587,0.17811782266438272
0.57,0.36000000000000004,0.07,15/18,0.12951540602656036,0.12951540602656036,0.13443719655438857,0.1739899467949338
0.57,0.35000000000000003,0.08,15/18,0.12936949912447368,0.12936949912447368,0.13261611576252125,0.1698620709254849
0.57,0.3400000000000001,0.09,15/18,0.12922359222238702,0.12922359222238702,0.13079503497065398,0.165734195056036
0.57,0.33000000000000007,0.1,16/18,0.12897395417878665,0.12907768532030034,0.12897395417878665,0.1616063191865871
0.57,0.32000000000000006,0.11,16/18,0.12715287338691933,0.12893177841821366,0.12715287338691933,0.1574784433171382
0.57,0.31000000000000005,0.12,16/18,0.12533179259505203,0.12878587151612697,0.12533179259505203,0.1533505674476893
0.57,0.30000000000000004,0.13,16/18,0.12351071180318471,0.12863996461404031,0.12351071180318471,0.1492226915782404
0.57,0.29000000000000004,0.14,16/18,0.12168963101131743,0.12849405771195363,0.12168963101131743,0.14509481570879149
0.57,0.28,0.15,16/18,0.11986855021945012,0.12834815080986695,0.11986855021945012,0.14096693983934258
0.57,0.27,0.16,16/18,0.1180474694275828,0.12820224390778026,0.1180474694275828,0.13683906396989368
0.57,0.26,0.17,16/18,0.1162263886357155,0.12805633700569358,0.1162263886357155,0.13271118810044477
0.57,0.25000000000000006,0.18,16/18,0.11440530784384818,0.12791043010360692,0.11440530784384818,0.1285833122309959
0.57,0.24000000000000005,0.19,16/18,0.11258422705198087,0.12776452320152026,0.11258422705198087,0.12445543636154699
0.57,0.23000000000000004,0.2,16/18,0.11076314626011358,0.12761861629943355,0.11076314626011358,0.12032756049209806
0.57,0.22000000000000006,0.21,16/18,0.10894206546824627,0.1274727093973469,0.10894206546824627,0.11619968462264918
0.57,0.21000000000000005,0.22,16/18,0.10712098467637896,0.1273268024952602,0.10712098467637896,0.11207180875320027
0.57,0.20000000000000004,0.23,16/18,0.10529990388451163,0.12718089559317353,0.10529990388451163,0.10794393288375137
0.57,0.19000000000000006,0.24,16/18,0.10347882309264435,0.12703498869108687,0.10347882309264435,0.10381605701430247
0.57,0.18000000000000005,0.25,18/22,0.09968818114485356,0.12688908178900019,0.10165774230077704,0.09968818114485356
0.57,0.17000000000000004,0.26,18/22,0.09556030527540466,0.1267431748869135,0.09983666150890973,0.09556030527540466
0.57,0.16000000000000003,0.27,18/22,0.09143242940595575,0.12659726798482684,0.09801558071704242,0.09143242940595575
0.57,0.15000000000000002,0.28,18/22,0.08730455353650685,0.12645136108274016,0.09619449992517509,0.08730455353650685
0.57,0.14000000000000007,0.29,18/22,0.08317667766705795,0.12630545418065348,0.09437341913330781,0.08317667766705795
0.57,0.13000000000000006,0.3,18/22,0.07904880179760904,0.1261595472785668,0.0925523383414405,0.07904880179760904
0.57,0.12000000000000005,0.31,18/22,0.07492092592816013,0.1260136403764801,0.09073125754957319,0.07492092592816013
0.57,0.11000000000000004,0.32,18/22,0.07079305005871123,0.12586773347439345,0.08891017675770588,0.07079305005871123
0.57,0.10000000000000003,0.33,18/22,0.06666517418926232,0.12572182657230677,0.08708909596583855,0.06666517418926232
0.57,0.09000000000000002,0.34,18/22,0.06253729831981342,0.12557591967022008,0.08526801517397124,0.06253729831981342
0.57,0.08000000000000007,0.35,18/22,0.05840942245036453,0.12543001276813343,0.08344693438210396,0.05840942245036453
0.57,0.07000000000000006,0.36,18/22,0.05428154658091563,0.12528410586604674,0.08162585359023665,0.05428154658091563
0.57,0.06000000000000005,0.37,18/22,0.050153670711466716,0.12513819896396006,0.07980477279836934,0.050153670711466716
0.57,0.050000000000000044,0.38,18/22,0.04602579484201781,0.1249922920618734,0.07798369200650203,0.04602579484201781
0.57,0.040000000000000036,0.39,18/22,0.04189791897256891,0.12484638515978672,0.07616261121463472,0.04189791897256891
0.57,0.030000000000000027,0.4,18/22,0.03777004310312,0.12470047825770003,0.07434153042276741,0.03777004310312
0.57,0.020000000000000073,0.41,18/22,0.03364216723367112,0.12455457135561336,0.07252044963090011,0.03364216723367112
0.57,0.010000000000000064,0.42,18/22,0.02951429136422221,0.12440866445352669,0.0706993688390328,0.02951429136422221
0.57,5.551115123125783e-17,0.43,18/22,0.025386415494773305,0.12426275755144,0.06887828804716549,0.025386415494773305
0.58,0.42000000000000004,0.0,15/18,0.12958843967682498,0.12958843967682498,0.14551944074501638,0.19920257772206185
0.58,0.41000000000000003,0.01,15/18,0.1294425327747383,0.1294425327747383,0.14369835995314906,0.19507470185261294
0.58,0.4,0.02,15/18,0.12929662587265164,0.12929662587265164,0.14187727916128176,0.19094682598316404
0.58,0.39,0.03,15/18,0.12915071897056496,0.12915071897056496,0.14005619836941444,0.18681895011371513
0.58,0.38000000000000006,0.04,15/18,0.12900481206847828,0.12900481206847828,0.13823511757754717,0.18269107424426625
0.58,0.37000000000000005,0.05,15/18,0.1288589051663916,0.1288589051663916,0.13641403678567984,0.17856319837481735
0.58,0.36000000000000004,0.06,15/18,0.12871299826430493,0.12871299826430493,0.13459295599381252,0.17443532250536842
0.58,0.35000000000000003,0.07,15/18,0.12856709136221825,0.12856709136221825,0.13277187520194522,0.1703074466359195
0.58,0.34,0.08,15/18,0.12842118446013157,0.12842118446013157,0.1309507944100779,0.1661795707664706
0.58,0.33000000000000007,0.09,15/18,0.1282752775580449,0.1282752775580449,0.12912971361821063,0.16205169489702173
0.58,0.32000000000000006,0.1,16/18,0.1273086328263433,0.12812937065595822,0.1273086328263433,0.15792381902757283
0.58,0.31000000000000005,0.11,16/18,0.12548755203447598,0.12798346375387154,0.12548755203447598,0.15379594315812392
0.58,0.30000000000000004,0.12,16/18,0.12366647124260868,0.12783755685178486,0.12366647124260868,0.14966806728867502
0.58,0.29000000000000004,0.13,16/18,0.12184539045074136,0.1276916499496982,0.12184539045074136,0.1455401914192261
0.58,0.28,0.14,16/18,0.12002430965887405,0.12754574304761152,0.12002430965887405,0.14141231554977718
0.58,0.27,0.15,16/18,0.11820322886700674,0.12739983614552483,0.11820322886700674,0.13728443968032827
0.58,0.26,0.16,16/18,0.11638214807513943,0.12725392924343815,0.11638214807513943,0.13315656381087937
0.58,0.25,0.17,16/18,0.11456106728327213,0.1271080223413515,0.11456106728327213,0.12902868794143046
0.58,0.24000000000000005,0.18,16/18,0.11273998649140482,0.1269621154392648,0.11273998649140482,0.1249008120719816
0.58,0.23000000000000004,0.19,16/18,0.11091890569953751,0.12681620853717812,0.11091890569953751,0.12077293620253268
0.58,0.22000000000000003,0.2,16/18,0.1090978249076702,0.12667030163509144,0.1090978249076702,0.11664506033308378
0.58,0.21000000000000005,0.21,16/18,0.10727674411580292,0.12652439473300478,0.10727674411580292,0.11251718446363489
0.58,0.20000000000000004,0.22,16/18,0.1054556633239356,0.1263784878309181,0.1054556633239356,0.10838930859418598
0.58,0.19000000000000003,0.23,16/18,0.10363458253206828,0.12623258092883144,0.10363458253206828,0.10426143272473708
0.58,0.18000000000000005,0.24,18/22,0.10013355685528817,0.12608667402674475,0.10181350174020097,0.10013355685528817
0.58,0.17000000000000004,0.25,18/22,0.09600568098583927,0.12594076712465807,0.09999242094833366,0.09600568098583927
0.58,0.16000000000000003,0.26,18/22,0.09187780511639036,0.1257948602225714,0.09817134015646636,0.09187780511639036
0.58,0.15000000000000002,0.27,18/22,0.08774992924694146,0.12564895332048473,0.09635025936459905,0.08774992924694146
0.58,0.14,0.28,18/22,0.08362205337749254,0.12550304641839805,0.09452917857273174,0.08362205337749254
0.58,0.13000000000000006,0.29,18/22,0.07949417750804366,0.12535713951631136,0.09270809778086443,0.07949417750804366
0.58,0.12000000000000005,0.3,18/22,0.07536630163859476,0.12521123261422468,0.09088701698899714,0.07536630163859476
0.58,0.11000000000000004,0.31,18/22,0.07123842576914585,0.12506532571213802,0.08906593619712982,0.07123842576914585
0.58,0.10000000000000003,0.32,18/22,0.06711054989969695,0.12491941881005134,0.08724485540526251,0.06711054989969695
0.58,0.09000000000000002,0.33,18/22,0.06298267403024804,0.12477351190796465,0.0854237746133952,0.06298267403024804
0.58,0.08000000000000002,0.34,18/22,0.05885479816079913,0.12462760500587798,0.0836026938215279,0.05885479816079913
0.58,0.07000000000000006,0.35,18/22,0.05472692229135025,0.1244816981037913,0.0817816130296606,0.05472692229135025
0.58,0.06000000000000005,0.36,18/22,0.05059904642190134,0.12433579120170463,0.07996053223779329,0.05059904642190134
0.58,0.050000000000000044,0.37,18/22,0.04647117055245244,0.12418988429961794,0.07813945144592598,0.04647117055245244
0.58,0.040000000000000036,0.38,18/22,0.042343294683003525,0.12404397739753129,0.07631837065405866,0.042343294683003525
0.58,0.030000000000000027,0.39,18/22,0.03821541881355462,0.12389807049544459,0.07449728986219135,0.03821541881355462
0.58,0.020000000000000018,0.4,18/22,0.03408754294410571,0.12375216359335792,0.07267620907032404,0.03408754294410571
0.58,0.010000000000000064,0.41,18/22,0.029959667074656828,0.12360625669127125,0.07085512827845675,0.029959667074656828
0.58,5.551115123125783e-17,0.42,18/22,0.025831791205207923,0.12346034978918458,0.06903404748658944,0.025831791205207923
0.59,0.41000000000000003,0.0,15/18,0.12864012501248287,0.12864012501248287,0.14385411939257303,0.19552007756304757
0.59,0.4,0.01,15/18,0.12849421811039619,0.12849421811039619,0.1420330386007057,0.19139220169359866
0.59,0.39,0.02,15/18,0.12834831120830953,0.12834831120830953,0.1402119578088384,0.18726432582414976
0.59,0.38,0.03,15/18,0.12820240430622282,0.12820240430622282,0.1383908770169711,0.18313644995470085
0.59,0.37000000000000005,0.04,15/18,0.12805649740413616,0.12805649740413616,0.1365697962251038,0.17900857408525198
0.59,0.36000000000000004,0.05,15/18,0.12791059050204948,0.12791059050204948,0.13474871543323647,0.17488069821580304
0.59,0.35000000000000003,0.06,15/18,0.12776468359996282,0.12776468359996282,0.13292763464136914,0.17075282234635414
0.59,0.34,0.07,15/18,0.1276187766978761,0.1276187766978761,0.13110655384950187,0.16662494647690523
0.59,0.33,0.08,15/18,0.12747286979578945,0.12747286979578945,0.12928547305763455,0.16249707060745633
0.59,0.32000000000000006,0.09,15/18,0.12732696289370277,0.12732696289370277,0.12746439226576725,0.15836919473800745
0.59,0.31000000000000005,0.1,16/18,0.12564331147389995,0.1271810559916161,0.12564331147389995,0.15424131886855855
0.59,0.30000000000000004,0.11,16/18,0.12382223068203263,0.12703514908952943,0.12382223068203263,0.15011344299910964
0.59,0.29000000000000004,0.12,16/18,0.12200114989016533,0.12688924218744274,0.12200114989016533,0.14598556712966074
0.59,0.28,0.13,16/18,0.12018006909829801,0.12674333528535606,0.12018006909829801,0.1418576912602118
0.59,0.27,0.14,16/18,0.1183589883064307,0.1265974283832694,0.1183589883064307,0.1377298153907629
0.59,0.26,0.15,16/18,0.11653790751456339,0.1264515214811827,0.11653790751456339,0.133601939521314
0.59,0.25,0.16,16/18,0.11471682672269608,0.12630561457909603,0.11471682672269608,0.1294740636518651
0.59,0.24000000000000002,0.17,16/18,0.11289574593082878,0.12615970767700935,0.11289574593082878,0.1253461877824162
0.59,0.23000000000000004,0.18,16/18,0.11107466513896147,0.1260138007749227,0.11107466513896147,0.12121831191296731
0.59,0.22000000000000003,0.19,16/18,0.10925358434709416,0.125867893872836,0.10925358434709416,0.1170904360435184
0.59,0.21000000000000002,0.2,16/18,0.10743250355522685,0.12572198697074932,0.10743250355522685,0.1129625601740695
0.59,0.20000000000000004,0.21,16/18,0.10561142276335955,0.12557608006866267,0.10561142276335955,0.1088346843046206
0.59,0.19000000000000003,0.22,16/18,0.10379034197149226,0.12543017316657598,0.10379034197149226,0.10470680843517169
0.59,0.18000000000000002,0.23,18/22,0.10057893256572278,0.1252842662644893,0.10196926117962493,0.10057893256572278
0.59,0.17000000000000004,0.24,18/22,0.09645105669627388,0.1251383593624026,0.10014818038775762,0.09645105669627388
0.59,0.16000000000000003,0.25,18/22,0.09232318082682497,0.12499245246031594,0.09832709959589031,0.09232318082682497
0.59,0.15000000000000002,0.26,18/22,0.08819530495737607,0.12484654555822927,0.096506018804023,0.08819530495737607
0.59,0.14,0.27,18/22,0.08406742908792716,0.12470063865614259,0.0946849380121557,0.08406742908792716
0.59,0.13,0.28,18/22,0.07993955321847826,0.12455473175405592,0.09286385722028839,0.07993955321847826
0.59,0.12000000000000005,0.29,18/22,0.07581167734902938,0.12440882485196925,0.09104277642842108,0.07581167734902938
0.59,0.11000000000000004,0.3,18/22,0.07168380147958048,0.12426291794988256,0.08922169563655377,0.07168380147958048
0.59,0.10000000000000003,0.31,18/22,0.06755592561013157,0.12411701104779589,0.08740061484468648,0.06755592561013157
0.59,0.09000000000000002,0.32,18/22,0.06342804974068265,0.1239711041457092,0.08557953405281916,0.06342804974068265
0.59,0.08000000000000002,0.33,18/22,0.05930017387123375,0.12382519724362254,0.08375845326095185,0.05930017387123375
0.59,0.07,0.34,18/22,0.055172298001784845,0.12367929034153585,0.08193737246908454,0.055172298001784845
0.59,0.06000000000000005,0.35,18/22,0.051044422132335954,0.12353338343944918,0.08011629167721723,0.051044422132335954
0.59,0.050000000000000044,0.36,18/22,0.04691654626288705,0.12338747653736251,0.07829521088534994,0.04691654626288705
0.59,0.040000000000000036,0.37,18/22,0.042788670393438144,0.12324156963527583,0.07647413009348261,0.042788670393438144
0.59,0.030000000000000027,0.38,18/22,0.03866079452398924,0.12309566273318916,0.07465304930161532,0.03866079452398924
0.59,0.020000000000000018,0.39,18/22,0.034532918654540334,0.12294975583110246,0.072831968509748,0.034532918654540334
0.59,0.010000000000000009,0.4,18/22,0.030405042785091423,0.1228038489290158,0.0710108877178807,0.030405042785091423
0.59,5.551115123125783e-17,0.41,18/22,0.026277166915642542,0.12265794202692912,0.0691898069260134,0.026277166915642542
0.6,0.4,0.0,15/18,0.12769181034814076,0.12769181034814076,0.14218879804012965,0.1918375774040333
0.6,0.39,0.01,15/18,0.12754590344605407,0.12754590344605407,0.14036771724826233,0.18770970153458438
0.6,0.38,0.02,15/18,0.12739999654396741,0.12739999654396741,0.13854663645639506,0.18358182566513548
0.6,0.37,0.03,15/18,0.1272540896418807,0.1272540896418807,0.13672555566452774,0.17945394979568657
0.6,0.36000000000000004,0.04,15/18,0.12710818273979405,0.12710818273979405,0.13490447487266044,0.17532607392623767
0.6,0.35000000000000003,0.05,15/18,0.12696227583770736,0.12696227583770736,0.13308339408079312,0.17119819805678876
0.6,0.34,0.06,15/18,0.1268163689356207,0.1268163689356207,0.13126231328892582,0.16707032218733986
0.6,0.33,0.07,15/18,0.126670462033534,0.126670462033534,0.12944123249705852,0.16294244631789095
0.6,0.32,0.08,15/18,0.12652455513144734,0.12652455513144734,0.1276201517051912,0.15881457044844205
0.6,0.31000000000000005,0.09,16/18,0.1257990709133239,0.12637864822936065,0.1257990709133239,0.15468669457899317
0.6,0.30000000000000004,0.1,16/18,0.12397799012145658,0.126232741327274,0.12397799012145658,0.15055881870954427
0.6,0.29000000000000004,0.11,16/18,0.1221569093295893,0.1260868344251873,0.1221569093295893,0.14643094284009536
0.6,0.28,0.12,16/18,0.12033582853772198,0.12594092752310063,0.12033582853772198,0.14230306697064643
0.6,0.27,0.13,16/18,0.11851474774585466,0.12579502062101394,0.11851474774585466,0.13817519110119753
0.6,0.26,0.14,16/18,0.11669366695398735,0.12564911371892729,0.11669366695398735,0.13404731523174862
0.6,0.25,0.15,16/18,0.11487258616212004,0.12550320681684057,0.11487258616212004,0.12991943936229972
0.6,0.24000000000000002,0.16,16/18,0.11305150537025273,0.12535729991475392,0.11305150537025273,0.12579156349285084
0.6,0.23,0.17,16/18,0.11123042457838543,0.12521139301266723,0.11123042457838543,0.12166368762340192
0.6,0.22000000000000003,0.18,16/18,0.10940934378651812,0.12506548611058058,0.10940934378651812,0.11753581175395302
0.6,0.21000000000000002,0.19,16/18,0.10758826299465081,0.12491957920849389,0.10758826299465081,0.11340793588450411
0.6,0.2,0.2,16/18,0.1057671822027835,0.12477367230640721,0.1057671822027835,0.1092800600150552
0.6,0.19000000000000003,0.21,16/18,0.1039461014109162,0.12462776540432054,0.1039461014109162,0.10515218414560631
0.6,0.18000000000000002,0.22,18/22,0.1010243082761574,0.12448185850223387,0.10212502061904889,0.1010243082761574
0.6,0.17,0.23,18/22,0.09689643240670849,0.12433595160014718,0.10030393982718158,0.09689643240670849
0.6,0.16000000000000003,0.24,18/22,0.0927685565372596,0.1241900446980605,0.09848285903531427,0.0927685565372596
0.6,0.15000000000000002,0.25,18/22,0.0886406806678107,0.12404413779597383,0.09666177824344696,0.0886406806678107
0.6,0.14,0.26,18/22,0.08451280479836179,0.12389823089388716,0.09484069745157965,0.08451280479836179
0.6,0.13,0.27,18/22,0.08038492892891289,0.12375232399180047,0.09301961665971234,0.08038492892891289
0.6,0.12,0.28,18/22,0.07625705305946398,0.1236064170897138,0.09119853586784504,0.07625705305946398
0.6,0.11000000000000004,0.29,18/22,0.07212917719001509,0.12346051018762713,0.08937745507597773,0.07212917719001509
0.6,0.10000000000000003,0.3,18/22,0.06800130132056618,0.12331460328554045,0.08755637428411042,0.06800130132056618
0.6,0.09000000000000002,0.31,18/22,0.06387342545111728,0.12316869638345378,0.08573529349224311,0.06387342545111728
0.6,0.08000000000000002,0.32,18/22,0.059745549581668375,0.12302278948136708,0.08391421270037581,0.059745549581668375
0.6,0.07,0.33,18/22,0.05561767371221946,0.12287688257928042,0.0820931319085085,0.05561767371221946
0.6,0.06,0.34,18/22,0.05148979784277056,0.12273097567719374,0.08027205111664118,0.05148979784277056
0.6,0.050000000000000044,0.35,18/22,0.047361921973321675,0.12258506877510707,0.07845097032477388,0.047361921973321675
0.6,0.040000000000000036,0.36,18/22,0.04323404610387277,0.1224391618730204,0.07662988953290657,0.04323404610387277
0.6,0.030000000000000027,0.37,18/22,0.03910617023442386,0.12229325497093371,0.07480880874103926,0.03910617023442386
0.6,0.020000000000000018,0.38,18/22,0.03497829436497495,0.12214734806884703,0.07298772794917197,0.03497829436497495
0.6,0.010000000000000009,0.39,18/22,0.030850418495526048,0.12200144116676034,0.07116664715730465,0.030850418495526048
0.6,0.0,0.4,18/22,0.02672254262607714,0.12185553426467369,0.06934556636543734,0.02672254262607714
0.61,0.39,0.0,15/18,0.12674349568379864,0.12674349568379864,0.1405234766876863,0.18815507724501898
0.61,0.38,0.01,15/18,0.12659758878171196,0.12659758878171196,0.138702395895819,0.18402720137557008
0.61,0.37,0.02,15/18,0.12645168187962527,0.12645168187962527,0.1368813151039517,0.17989932550612117
0.61,0.36,0.03,15/18,0.1263057749775386,0.1263057749775386,0.1350602343120844,0.17577144963667227
0.61,0.35000000000000003,0.04,15/18,0.12615986807545193,0.12615986807545193,0.1332391535202171,0.17164357376722336
0.61,0.34,0.05,15/18,0.12601396117336525,0.12601396117336525,0.13141807272834977,0.16751569789777446
0.61,0.33,0.06,15/18,0.1258680542712786,0.1258680542712786,0.12959699193648244,0.16338782202832555
0.61,0.32,0.07,15/18,0.12572214736919188,0.12572214736919188,0.12777591114461515,0.15925994615887665
0.61,0.31,0.08,15/18,0.12557624046710522,0.12557624046710522,0.12595483035274785,0.15513207028942774
0.61,0.30000000000000004,0.09,16/18,0.12413374956088054,0.12543033356501854,0.12413374956088054,0.15100419441997887
0.61,0.29000000000000004,0.1,16/18,0.12231266876901324,0.12528442666293188,0.12231266876901324,0.14687631855052996
0.61,0.28,0.11,16/18,0.12049158797714593,0.12513851976084517,0.12049158797714593,0.14274844268108106
0.61,0.27,0.12,16/18,0.11867050718527862,0.12499261285875851,0.11867050718527862,0.13862056681163215
0.61,0.26,0.13,16/18,0.1168494263934113,0.12484670595667183,0.1168494263934113,0.13449269094218325
0.61,0.25,0.14,16/18,0.115028345601544,0.12470079905458517,0.115028345601544,0.13036481507273434
0.61,0.24000000000000002,0.15,16/18,0.11320726480967669,0.12455489215249849,0.11320726480967669,0.12623693920328544
0.61,0.23,0.16,16/18,0.11138618401780938,0.1244089852504118,0.11138618401780938,0.12210906333383655
0.61,0.22,0.17,16/18,0.10956510322594207,0.12426307834832512,0.10956510322594207,0.11798118746438763
0.61,0.21000000000000002,0.18,16/18,0.10774402243407477,0.12411717144623845,0.10774402243407477,0.11385331159493874
0.61,0.2,0.19,16/18,0.10592294164220746,0.12397126454415178,0.10592294164220746,0.10972543572548983
0.61,0.19,0.2,16/18,0.10410186085034015,0.12382535764206509,0.10410186085034015,0.10559755985604093
0.61,0.18000000000000002,0.21,18/22,0.10146968398659202,0.12367945073997842,0.10228078005847284,0.10146968398659202
0.61,0.17,0.22,18/22,0.09734180811714312,0.12353354383789175,0.10045969926660554,0.09734180811714312
0.61,0.16,0.23,18/22,0.09321393224769421,0.12338763693580507,0.09863861847473823,0.09321393224769421
0.61,0.15000000000000002,0.24,18/22,0.08908605637824532,0.12324173003371838,0.09681753768287092,0.08908605637824532
0.61,0.14,0.25,18/22,0.0849581805087964,0.12309582313163171,0.09499645689100361,0.0849581805087964
0.61,0.13,0.26,18/22,0.0808303046393475,0.12294991622954504,0.0931753760991363,0.0808303046393475
0.61,0.12,0.27,18/22,0.07670242876989859,0.12280400932745836,0.09135429530726899,0.07670242876989859
0.61,0.10999999999999999,0.28,18/22,0.07257455290044969,0.12265810242537169,0.08953321451540167,0.07257455290044969
0.61,0.10000000000000003,0.29,18/22,0.06844667703100081,0.12251219552328502,0.08771213372353438,0.06844667703100081
0.61,0.09000000000000002,0.3,18/22,0.06431880116155189,0.12236628862119833,0.08589105293166707,0.06431880116155189
0.61,0.08000000000000002,0.31,18/22,0.06019092529210299,0.12222038171911165,0.08406997213979976,0.06019092529210299
0.61,0.07,0.32,18/22,0.05606304942265408,0.12207447481702496,0.08224889134793245,0.05606304942265408
0.61,0.06,0.33,18/22,0.05193517355320518,0.12192856791493831,0.08042781055606514,0.05193517355320518
0.61,0.04999999999999999,0.34,18/22,0.04780729768375627,0.12178266101285162,0.07860672976419783,0.04780729768375627
0.61,0.040000000000000036,0.35,18/22,0.04367942181430738,0.12163675411076495,0.07678564897233053,0.04367942181430738
0.61,0.030000000000000027,0.36,18/22,0.03955154594485848,0.12149084720867828,0.07496456818046322,0.03955154594485848
0.61,0.020000000000000018,0.37,18/22,0.03542367007540957,0.1213449403065916,0.07314348738859591,0.03542367007540957
0.61,0.010000000000000009,0.38,18/22,0.03129579420596067,0.12119903340450491,0.07132240659672862,0.03129579420596067
0.61,0.0,0.39,18/22,0.02716791833651176,0.12105312650241823,0.06950132580486129,0.02716791833651176
0.62,0.38,0.0,15/18,0.12579518101945653,0.12579518101945653,0.13885815533524296,0.1844725770860047
0.62,0.37,0.01,15/18,0.12564927411736984,0.12564927411736984,0.13703707454337563,0.1803447012165558
0.62,0.36,0.02,15/18,0.12550336721528316,0.12550336721528316,0.13521599375150833,0.1762168253471069
0.62,0.35,0.03,15/18,0.12535746031319647,0.12535746031319647,0.133394912959641,0.172088949477658
0.62,0.34,0.04,15/18,0.12521155341110982,0.12521155341110982,0.13157383216777374,0.16796107360820908
0.62,0.33,0.05,15/18,0.12506564650902313,0.12506564650902313,0.12975275137590642,0.16383319773876018
0.62,0.32,0.06,15/18,0.12491973960693646,0.12491973960693646,0.1279316705840391,0.15970532186931127
0.62,0.31,0.07,15/18,0.12477383270484978,0.12477383270484978,0.1261105897921718,0.15557744599986237
0.62,0.3,0.08,16/18,0.12428950900030447,0.12462792580276309,0.12428950900030447,0.15144957013041346
0.62,0.29000000000000004,0.09,16/18,0.12246842820843719,0.12448201890067644,0.12246842820843719,0.1473216942609646
0.62,0.28,0.1,16/18,0.12064734741656988,0.12433611199858975,0.12064734741656988,0.14319381839151568
0.62,0.27,0.11,16/18,0.11882626662470257,0.12419020509650307,0.11882626662470257,0.13906594252206678
0.62,0.26,0.12,16/18,0.11700518583283526,0.1240442981944164,0.11700518583283526,0.13493806665261787
0.62,0.25,0.13,16/18,0.11518410504096795,0.12389839129232971,0.11518410504096795,0.13081019078316897
0.62,0.24,0.14,16/18,0.11336302424910064,0.12375248439024306,0.11336302424910064,0.12668231491372006
0.62,0.23,0.15,16/18,0.11154194345723334,0.12360657748815636,0.11154194345723334,0.12255443904427116
0.62,0.22,0.16,16/18,0.10972086266536603,0.12346067058606969,0.10972086266536603,0.11842656317482224
0.62,0.21,0.17,16/18,0.10789978187349872,0.123314763683983,0.10789978187349872,0.11429868730537333
0.62,0.2,0.18,16/18,0.10607870108163141,0.12316885678189633,0.10607870108163141,0.11017081143592444
0.62,0.19,0.19,16/18,0.10425762028976411,0.12302294987980966,0.10425762028976411,0.10604293556647554
0.62,0.18,0.2,18/22,0.10191505969702663,0.12287704297772298,0.1024365394978968,0.10191505969702663
0.62,0.17,0.21,18/22,0.09778718382757773,0.12273113607563631,0.10061545870602949,0.09778718382757773
0.62,0.16,0.22,18/22,0.09365930795812882,0.12258522917354964,0.09879437791416218,0.09365930795812882
0.62,0.15,0.23,18/22,0.08953143208867992,0.12243932227146295,0.09697329712229485,0.08953143208867992
0.62,0.14,0.24,18/22,0.08540355621923103,0.12229341536937627,0.09515221633042757,0.08540355621923103
0.62,0.13,0.25,18/22,0.08127568034978212,0.1221475084672896,0.09333113553856026,0.08127568034978212
0.62,0.12,0.26,18/22,0.07714780448033322,0.12200160156520293,0.09151005474669295,0.07714780448033322
0.62,0.10999999999999999,0.27,18/22,0.07301992861088431,0.12185569466311624,0.08968897395482564,0.07301992861088431
0.62,0.09999999999999998,0.28,18/22,0.0688920527414354,0.12170978776102957,0.08786789316295832,0.0688920527414354
0.62,0.09000000000000002,0.29,18/22,0.06476417687198652,0.1215638808589429,0.08604681237109103,0.06476417687198652
0.62,0.08000000000000002,0.3,18/22,0.06063630100253761,0.12141797395685622,0.08422573157922372,0.06063630100253761
0.62,0.07,0.31,18/22,0.0565084251330887,0.12127206705476953,0.08240465078735641,0.0565084251330887
0.62,0.06,0.32,18/22,0.052380549263639796,0.12112616015268285,0.0805835699954891,0.052380549263639796
0.62,0.04999999999999999,0.33,18/22,0.048252673394190884,0.12098025325059619,0.07876248920362179,0.048252673394190884
0.62,0.03999999999999998,0.34,18/22,0.04412479752474198,0.12083434634850951,0.07694140841175448,0.04412479752474198
0.62,0.030000000000000027,0.35,18/22,0.039996921655293095,0.12068843944642284,0.07512032761988718,0.039996921655293095
0.62,0.020000000000000018,0.36,18/22,0.03586904578584419,0.12054253254433615,0.07329924682801987,0.03586904578584419
0.62,0.010000000000000009,0.37,18/22,0.031741169916395286,0.12039662564224948,0.07147816603615256,0.031741169916395286
0.62,0.0,0.38,18/22,0.027613294046946377,0.1202507187401628,0.06965708524428525,0.027613294046946377
0.63,0.37,0.0,15/18,0.12484686635511438,0.12484686635511438,0.1371928339827996,0.18079007692699042
0.63,0.36,0.01,15/18,0.12470095945302773,0.12470095945302773,0.13537175319093228,0.17666220105754152
0.63,0.35,0.02,15/18,0.12455505255094103,0.12455505255094103,0.13355067239906498,0.1725343251880926
0.63,0.33999999999999997,0.03,15/18,0.12440914564885437,0.12440914564885437,0.13172959160719766,0.16840644931864368
0.63,0.33,0.04,15/18,0.1242632387467677,0.1242632387467677,0.1299085108153304,0.1642785734491948
0.63,0.32,0.05,15/18,0.12411733184468102,0.12411733184468102,0.12808743002346307,0.1601506975797459
0.63,0.31,0.06,15/18,0.12397142494259433,0.12397142494259433,0.12626634923159574,0.156022821710297
0.63,0.3,0.07,15/18,0.12382551804050766,0.12382551804050766,0.12444526843972845,0.1518949458408481
0.63,0.29,0.08,16/18,0.12262418764786112,0.12367961113842098,0.12262418764786112,0.14776706997139918
0.63,0.28,0.09,16/18,0.12080310685599384,0.12353370423633431,0.12080310685599384,0.14363919410195028
0.63,0.27,0.1,16/18,0.11898202606412653,0.12338779733424764,0.11898202606412653,0.13951131823250137
0.63,0.26,0.11,16/18,0.11716094527225922,0.12324189043216095,0.11716094527225922,0.13538344236305247
0.63,0.25,0.12,16/18,0.11533986448039191,0.12309598353007428,0.11533986448039191,0.13125556649360356
0.63,0.24,0.13,16/18,0.11351878368852458,0.1229500766279876,0.11351878368852458,0.12712769062415466
0.63,0.22999999999999998,0.14,16/18,0.11169770289665727,0.12280416972590094,0.11169770289665727,0.12299981475470577
0.63,0.22,0.15,16/18,0.10987662210478998,0.12265826282381424,0.10987662210478998,0.11887193888525686
0.63,0.21,0.16,16/18,0.10805554131292268,0.12251235592172757,0.10805554131292268,0.11474406301580796
0.63,0.19999999999999998,0.17,16/18,0.10623446052105537,0.12236644901964089,0.10623446052105537,0.11061618714635905
0.63,0.19,0.18,16/18,0.10441337972918804,0.12222054211755422,0.10441337972918804,0.10648831127691016
0.63,0.18,0.19,18/22,0.10236043540746126,0.12207463521546753,0.10259229893732073,0.10236043540746126
0.63,0.16999999999999998,0.2,18/22,0.09823255953801234,0.12192872831338086,0.10077121814545344,0.09823255953801234
0.63,0.16,0.21,18/22,0.09410468366856345,0.12178282141129419,0.09895013735358614,0.09410468366856345
0.63,0.15,0.22,18/22,0.08997680779911454,0.12163691450920752,0.09712905656171883,0.08997680779911454
0.63,0.13999999999999999,0.23,18/22,0.08584893192966564,0.12149100760712084,0.0953079757698515,0.08584893192966564
0.63,0.13,0.24,18/22,0.08172105606021673,0.12134510070503415,0.0934868949779842,0.08172105606021673
0.63,0.12,0.25,18/22,0.07759318019076783,0.12119919380294748,0.0916658141861169,0.07759318019076783
0.63,0.10999999999999999,0.26,18/22,0.07346530432131892,0.12105328690086081,0.08984473339424959,0.07346530432131892
0.63,0.09999999999999998,0.27,18/22,0.06933742845187002,0.12090737999877413,0.08802365260238228,0.06933742845187002
0.63,0.08999999999999997,0.28,18/22,0.06520955258242112,0.12076147309668746,0.08620257181051497,0.06520955258242112
0.63,0.08000000000000002,0.29,18/22,0.061081676712972224,0.12061556619460077,0.08438149101864767,0.061081676712972224
0.63,0.07,0.3,18/22,0.05695380084352332,0.1204696592925141,0.08256041022678036,0.05695380084352332
0.63,0.06,0.31,18/22,0.052825924974074415,0.12032375239042742,0.08073932943491305,0.052825924974074415
0.63,0.04999999999999999,0.32,18/22,0.04869804910462551,0.12017784548834073,0.07891824864304574,0.04869804910462551
0.63,0.03999999999999998,0.33,18/22,0.044570173235176605,0.12003193858625408,0.07709716785117843,0.044570173235176605
0.63,0.02999999999999997,0.34,18/22,0.04044229736572769,0.1198860316841674,0.07527608705931112,0.04044229736572769
0.63,0.020000000000000018,0.35,18/22,0.03631442149627881,0.11974012478208071,0.07345500626744382,0.03631442149627881
0.63,0.010000000000000009,0.36,18/22,0.032186545626829904,0.11959421787999404,0.07163392547557651,0.032186545626829904
0.63,0.0,0.37,18/22,0.028058669757380996,0.11944831097790737,0.0698128446837092,0.028058669757380996
0.64,0.36,0.0,15/18,0.12389855169077227,0.12389855169077227,0.13552751263035623,0.17710757676797614
0.64,0.35,0.01,15/18,0.12375264478868561,0.12375264478868561,0.1337064318384889,0.17297970089852724
0.64,0.33999999999999997,0.02,15/18,0.12360673788659891,0.12360673788659891,0.13188535104662163,0.1688518250290783
0.64,0.32999999999999996,0.03,15/18,0.12346083098451226,0.12346083098451226,0.1300642702547543,0.1647239491596294
0.64,0.32,0.04,15/18,0.12331492408242559,0.12331492408242559,0.12824318946288704,0.16059607329018052
0.64,0.31,0.05,15/18,0.1231690171803389,0.1231690171803389,0.12642210867101972,0.15646819742073162
0.64,0.3,0.06,15/18,0.12302311027825222,0.12302311027825222,0.12460102787915239,0.15234032155128271
0.64,0.29,0.07,16/18,0.1227799470872851,0.12287720337616555,0.1227799470872851,0.1482124456818338
0.64,0.27999999999999997,0.08,16/18,0.12095886629541777,0.12273129647407886,0.12095886629541777,0.1440845698123849
0.64,0.27,0.09,16/18,0.11913778550355048,0.12258538957199219,0.11913778550355048,0.139956693942936
0.64,0.26,0.1,16/18,0.11731670471168316,0.12243948266990552,0.11731670471168316,0.1358288180734871
0.64,0.25,0.11,16/18,0.11549562391981587,0.12229357576781884,0.11549562391981587,0.1317009422040382
0.64,0.24,0.12,16/18,0.11367454312794856,0.12214766886573217,0.11367454312794856,0.12757306633458929
0.64,0.22999999999999998,0.13,16/18,0.11185346233608123,0.12200176196364548,0.11185346233608123,0.12344519046514038
0.64,0.21999999999999997,0.14,16/18,0.11003238154421392,0.12185585506155883,0.11003238154421392,0.11931731459569148
0.64,0.21,0.15,16/18,0.10821130075234663,0.12170994815947213,0.10821130075234663,0.11518943872624257
0.64,0.19999999999999998,0.16,16/18,0.10639021996047932,0.12156404125738546,0.10639021996047932,0.11106156285679367
0.64,0.18999999999999997,0.17,16/18,0.10456913916861202,0.12141813435529877,0.10456913916861202,0.10693368698734476
0.64,0.18,0.18,16/18,0.1027480583767447,0.1212722274532121,0.1027480583767447,0.10280581111789587
0.64,0.16999999999999998,0.19,18/22,0.09867793524844695,0.12112632055112542,0.10092697758487738,0.09867793524844695
0.64,0.15999999999999998,0.2,18/22,0.09455005937899805,0.12098041364903875,0.09910589679301007,0.09455005937899805
0.64,0.15,0.21,18/22,0.09042218350954916,0.12083450674695208,0.09728481600114278,0.09042218350954916
0.64,0.13999999999999999,0.22,18/22,0.08629430764010025,0.12068859984486541,0.09546373520927548,0.08629430764010025
0.64,0.12999999999999998,0.23,18/22,0.08216643177065135,0.12054269294277872,0.09364265441740816,0.08216643177065135
0.64,0.12,0.24,18/22,0.07803855590120246,0.12039678604069204,0.09182157362554084,0.07803855590120246
0.64,0.10999999999999999,0.25,18/22,0.07391068003175355,0.12025087913860537,0.09000049283367353,0.07391068003175355
0.64,0.09999999999999998,0.26,18/22,0.06978280416230463,0.1201049722365187,0.08817941204180624,0.06978280416230463
0.64,0.08999999999999997,0.27,18/22,0.06565492829285573,0.11995906533443201,0.08635833124993893,0.06565492829285573
0.64,0.07999999999999996,0.28,18/22,0.06152705242340682,0.11981315843234534,0.08453725045807162,0.06152705242340682
0.64,0.07,0.29,18/22,0.05739917655395794,0.11966725153025866,0.0827161696662043,0.05739917655395794
0.64,0.06,0.3,18/22,0.05327130068450903,0.11952134462817199,0.08089508887433701,0.05327130068450903
0.64,0.04999999999999999,0.31,18/22,0.04914342481506012,0.1193754377260853,0.0790740080824697,0.04914342481506012
0.64,0.03999999999999998,0.32,18/22,0.04501554894561122,0.11922953082399862,0.07725292729060239,0.04501554894561122
0.64,0.02999999999999997,0.33,18/22,0.04088767307616231,0.11908362392191196,0.07543184649873508,0.04088767307616231
0.64,0.019999999999999962,0.34,18/22,0.03675979720671341,0.11893771701982528,0.07361076570686777,0.03675979720671341
0.64,0.010000000000000009,0.35,18/22,0.03263192133726452,0.1187918101177386,0.07178968491500047,0.03263192133726452
0.64,0.0,0.36,18/22,0.028504045467815615,0.11864590321565192,0.06996860412313316,0.028504045467815615
0.65,0.35,0.0,15/18,0.12295023702643015,0.12295023702643015,0.13386219127791288,0.17342507660896184
0.65,0.33999999999999997,0.01,15/18,0.1228043301243435,0.1228043301243435,0.13204111048604558,0.1692972007395129
0.65,0.32999999999999996,0.02,15/18,0.1226584232222568,0.1226584232222568,0.13022002969417829,0.165169324870064
0.65,0.31999999999999995,0.03,15/18,0.12251251632017014,0.12251251632017014,0.12839894890231096,0.1610414490006151
0.65,0.31,0.04,15/18,0.12236660941808346,0.12236660941808346,0.12657786811044366,0.15691357313116622
0.65,0.3,0.05,15/18,0.12222070251599679,0.12222070251599679,0.12475678731857634,0.1527856972617173
0.65,0.29,0.06,15/18,0.1220747956139101,0.1220747956139101,0.12293570652670906,0.1486578213922684
0.65,0.27999999999999997,0.07,16/18,0.12111462573484175,0.12192888871182343,0.12111462573484175,0.1445299455228195
0.65,0.26999999999999996,0.08,16/18,0.11929354494297442,0.12178298180973675,0.11929354494297442,0.1404020696533706
0.65,0.26,0.09,16/18,0.11747246415110711,0.12163707490765008,0.11747246415110711,0.13627419378392172
0.65,0.24999999999999997,0.1,16/18,0.1156513833592398,0.1214911680055634,0.1156513833592398,0.1321463179144728
0.65,0.24,0.11,16/18,0.1138303025673725,0.12134526110347672,0.1138303025673725,0.1280184420450239
0.65,0.22999999999999998,0.12,16/18,0.11200922177550521,0.12119935420139005,0.11200922177550521,0.123890566175575
0.65,0.21999999999999997,0.13,16/18,0.11018814098363788,0.12105344729930337,0.11018814098363788,0.1197626903061261
0.65,0.20999999999999996,0.14,16/18,0.10836706019177057,0.12090754039721668,0.10836706019177057,0.11563481443667718
0.65,0.19999999999999998,0.15,16/18,0.10654597939990326,0.12076163349513001,0.10654597939990326,0.11150693856722829
0.65,0.18999999999999997,0.16,16/18,0.10472489860803597,0.12061572659304334,0.10472489860803597,0.10737906269777939
0.65,0.17999999999999997,0.17,16/18,0.10290381781616866,0.12046981969095666,0.10290381781616866,0.10325118682833048
0.65,0.16999999999999998,0.18,18/22,0.09912331095888158,0.12032391278886999,0.10108273702430134,0.09912331095888158
0.65,0.15999999999999998,0.19,18/22,0.09499543508943267,0.1201780058867833,0.09926165623243403,0.09499543508943267
0.65,0.14999999999999997,0.2,18/22,0.09086755921998377,0.12003209898469663,0.09744057544056672,0.09086755921998377
0.65,0.13999999999999999,0.21,18/22,0.08673968335053488,0.11988619208260996,0.09561949464869943,0.08673968335053488
0.65,0.12999999999999998,0.22,18/22,0.08261180748108596,0.11974028518052329,0.09379841385683212,0.08261180748108596
0.65,0.11999999999999997,0.23,18/22,0.07848393161163705,0.1195943782784366,0.0919773330649648,0.07848393161163705
0.65,0.10999999999999999,0.24,18/22,0.07435605574218816,0.11944847137634992,0.0901562522730975,0.07435605574218816
0.65,0.09999999999999998,0.25,18/22,0.07022817987273926,0.11930256447426325,0.08833517148123018,0.07022817987273926
0.65,0.08999999999999997,0.26,18/22,0.06610030400329035,0.11915665757217658,0.08651409068936287,0.06610030400329035
0.65,0.07999999999999996,0.27,18/22,0.06197242813384145,0.1190107506700899,0.08469300989749558,0.06197242813384145
0.65,0.06999999999999995,0.28,18/22,0.057844552264392536,0.11886484376800323,0.08287192910562827,0.057844552264392536
0.65,0.06,0.29,18/22,0.05371667639494365,0.11871893686591654,0.08105084831376096,0.05371667639494365
0.65,0.04999999999999999,0.3,18/22,0.04958880052549475,0.11857302996382987,0.07922976752189365,0.04958880052549475
0.65,0.03999999999999998,0.31,18/22,0.04546092465604584,0.11842712306174319,0.07740868673002634,0.04546092465604584
0.65,0.02999999999999997,0.32,18/22,0.04133304878659693,0.1182812161596565,0.07558760593815904,0.04133304878659693
0.65,0.019999999999999962,0.33,18/22,0.037205172917148026,0.11813530925756985,0.07376652514629173,0.037205172917148026
0.65,0.009999999999999953,0.34,18/22,0.033077297047699114,0.11798940235548316,0.07194544435442442,0.033077297047699114
0.65,0.0,0.35,18/22,0.028949421178250234,0.11784349545339648,0.07012436356255711,0.028949421178250234
0.66,0.33999999999999997,0.0,15/18,0.12200192236208804,0.12200192236208804,0.13219686992546953,0.16974257644994753
0.66,0.32999999999999996,0.01,15/18,0.12185601546000138,0.12185601546000138,0.1303757891336022,0.16561470058049862
0.66,0.31999999999999995,0.02,15/18,0.12171010855791468,0.12171010855791468,0.1285547083417349,0.16148682471104972
0.66,0.30999999999999994,0.03,15/18,0.12156420165582803,0.12156420165582803,0.1267336275498676,0.15735894884160082
0.66,0.3,0.04,15/18,0.12141829475374134,0.12141829475374134,0.1249125467580003,0.15323107297215194
0.66,0.29,0.05,15/18,0.12127238785165467,0.12127238785165467,0.123091465966133,0.14910319710270303
0.66,0.27999999999999997,0.06,15/18,0.12112648094956799,0.12112648094956799,0.1212703851742657,0.14497532123325413
0.66,0.26999999999999996,0.07,16/18,0.11944930438239838,0.12098057404748132,0.11944930438239838,0.14084744536380522
0.66,0.25999999999999995,0.08,16/18,0.11762822359053106,0.12083466714539463,0.11762822359053106,0.13671956949435632
0.66,0.24999999999999997,0.09,16/18,0.11580714279866376,0.12068876024330796,0.11580714279866376,0.13259169362490741
0.66,0.23999999999999996,0.1,16/18,0.11398606200679645,0.12054285334122128,0.11398606200679645,0.1284638177554585
0.66,0.22999999999999998,0.11,16/18,0.11216498121492915,0.12039694643913461,0.11216498121492915,0.12433594188600963
0.66,0.21999999999999997,0.12,16/18,0.11034390042306184,0.12025103953704794,0.11034390042306184,0.12020806601656073
0.66,0.20999999999999996,0.13,16/18,0.10852281963119453,0.12010513263496125,0.10852281963119453,0.1160801901471118
0.66,0.19999999999999996,0.14,16/18,0.10670173883932722,0.11995922573287457,0.10670173883932722,0.11195231427766289
0.66,0.18999999999999997,0.15,16/18,0.10488065804745991,0.1198133188307879,0.10488065804745991,0.10782443840821401
0.66,0.17999999999999997,0.16,16/18,0.1030595772555926,0.11966741192870123,0.1030595772555926,0.10369656253876511
0.66,0.16999999999999996,0.17,18/22,0.0995686866693162,0.11952150502661454,0.1012384964637253,0.0995686866693162
0.66,0.15999999999999998,0.18,18/22,0.0954408107998673,0.11937559812452787,0.099417415671858,0.0954408107998673
0.66,0.14999999999999997,0.19,18/22,0.0913129349304184,0.11922969122244119,0.09759633487999068,0.0913129349304184
0.66,0.13999999999999996,0.2,18/22,0.08718505906096949,0.11908378432035452,0.09577525408812337,0.08718505906096949
0.66,0.12999999999999998,0.21,18/22,0.08305718319152058,0.11893787741826785,0.09395417329625606,0.08305718319152058
0.66,0.11999999999999997,0.22,18/22,0.07892930732207168,0.11879197051618118,0.09213309250438877,0.07892930732207168
0.66,0.10999999999999996,0.23,18/22,0.07480143145262277,0.11864606361409448,0.09031201171252146,0.07480143145262277
0.66,0.09999999999999998,0.24,18/22,0.07067355558317387,0.11850015671200781,0.08849093092065415,0.07067355558317387
0.66,0.08999999999999997,0.25,18/22,0.06654567971372496,0.11835424980992114,0.08666985012878684,0.06654567971372496
0.66,0.07999999999999996,0.26,18/22,0.06241780384427607,0.11820834290783447,0.08484876933691952,0.06241780384427607
0.66,0.06999999999999995,0.27,18/22,0.058289927974827155,0.11806243600574778,0.08302768854505221,0.058289927974827155
0.66,0.05999999999999994,0.28,18/22,0.05416205210537825,0.11791652910366111,0.08120660775318492,0.05416205210537825
0.66,0.04999999999999999,0.29,18/22,0.050034176235929366,0.11777062220157443,0.0793855269613176,0.050034176235929366
0.66,0.03999999999999998,0.3,18/22,0.04590630036648046,0.11762471529948776,0.0775644461694503,0.04590630036648046
0.66,0.02999999999999997,0.31,18/22,0.04177842449703155,0.11747880839740107,0.07574336537758299,0.04177842449703155
0.66,0.019999999999999962,0.32,18/22,0.037650548627582645,0.11733290149531439,0.07392228458571568,0.037650548627582645
0.66,0.009999999999999953,0.33,18/22,0.03352267275813374,0.11718699459322773,0.07210120379384838,0.03352267275813374
0.66,-5.551115123125783e-17,0.34,18/22,0.02939479688868483,0.11704108769114105,0.07028012300198105,0.02939479688868483
0.67,0.32999999999999996,0.0,15/18,0.12105360769774592,0.12105360769774592,0.13053154857302618,0.16606007629093325
0.67,0.31999999999999995,0.01,15/18,0.12090770079565925,0.12090770079565925,0.12871046778115885,0.16193220042148435
0.67,0.30999999999999994,0.02,15/18,0.12076179389357257,0.12076179389357257,0.12688938698929156,0.15780432455203544
0.67,0.29999999999999993,0.03,15/18,0.1206158869914859,0.1206158869914859,0.12506830619742423,0.15367644868258654
0.67,0.29,0.04,15/18,0.12046998008939921,0.12046998008939921,0.12324722540555695,0.14954857281313766
0.67,0.27999999999999997,0.05,15/18,0.12032407318731256,0.12032407318731256,0.12142614461368964,0.14542069694368875
0.67,0.26999999999999996,0.06,16/18,0.11960506382182233,0.12017816628522586,0.11960506382182233,0.14129282107423985
0.67,0.25999999999999995,0.07,16/18,0.11778398302995502,0.1200322593831392,0.11778398302995502,0.13716494520479094
0.67,0.24999999999999994,0.08,16/18,0.11596290223808771,0.1198863524810525,0.11596290223808771,0.13303706933534204
0.67,0.23999999999999996,0.09,16/18,0.11414182144622041,0.11974044557896585,0.11414182144622041,0.12890919346589313
0.67,0.22999999999999995,0.1,16/18,0.1123207406543531,0.11959453867687915,0.1123207406543531,0.12478131759644423
0.67,0.21999999999999997,0.11,16/18,0.11049965986248579,0.1194486317747925,0.11049965986248579,0.12065344172699534
0.67,0.20999999999999996,0.12,16/18,0.1086785790706185,0.1193027248727058,0.1086785790706185,0.11652556585754642
0.67,0.19999999999999996,0.13,16/18,0.10685749827875117,0.11915681797061914,0.10685749827875117,0.11239768998809752
0.67,0.18999999999999995,0.14,16/18,0.10503641748688387,0.11901091106853245,0.10503641748688387,0.10826981411864861
0.67,0.17999999999999997,0.15,16/18,0.10321533669501656,0.11886500416644578,0.10321533669501656,0.10414193824919972
0.67,0.16999999999999996,0.16,18/22,0.10001406237975081,0.11871909726435909,0.10139425590314925,0.10001406237975081
0.67,0.15999999999999995,0.17,18/22,0.09588618651030191,0.11857319036227243,0.09957317511128194,0.09588618651030191
0.67,0.14999999999999997,0.18,18/22,0.091758310640853,0.11842728346018574,0.09775209431941463,0.091758310640853
0.67,0.13999999999999996,0.19,18/22,0.0876304347714041,0.11828137655809907,0.09593101352754733,0.0876304347714041
0.67,0.12999999999999995,0.2,18/22,0.0835025589019552,0.1181354696560124,0.09410993273568002,0.0835025589019552
0.67,0.11999999999999997,0.21,18/22,0.0793746830325063,0.11798956275392572,0.09228885194381271,0.0793746830325063
0.67,0.10999999999999996,0.22,18/22,0.0752468071630574,0.11784365585183904,0.0904677711519454,0.0752468071630574
0.67,0.09999999999999995,0.23,18/22,0.0711189312936085,0.11769774894975236,0.0886466903600781,0.0711189312936085
0.67,0.08999999999999997,0.24,18/22,0.06699105542415959,0.1175518420476657,0.0868256095682108,0.06699105542415959
0.67,0.07999999999999996,0.25,18/22,0.06286317955471069,0.11740593514557901,0.08500452877634349,0.06286317955471069
0.67,0.06999999999999995,0.26,18/22,0.05873530368526178,0.11726002824349233,0.08318344798447617,0.05873530368526178
0.67,0.05999999999999994,0.27,18/22,0.05460742781581287,0.11711412134140567,0.08136236719260886,0.05460742781581287
0.67,0.04999999999999993,0.28,18/22,0.050479551946363964,0.11696821443931898,0.07954128640074154,0.050479551946363964
0.67,0.03999999999999998,0.29,18/22,0.04635167607691508,0.11682230753723231,0.07772020560887424,0.04635167607691508
0.67,0.02999999999999997,0.3,18/22,0.042223800207466175,0.11667640063514564,0.07589912481700695,0.042223800207466175
0.67,0.019999999999999962,0.31,18/22,0.03809592433801726,0.11653049373305895,0.07407804402513964,0.03809592433801726
0.67,0.009999999999999953,0.32,18/22,0.03396804846856836,0.11638458683097228,0.07225696323327233,0.03396804846856836
0.67,-5.551115123125783e-17,0.33,18/22,0.02984017259911945,0.1162386799288856,0.07043588244140501,0.02984017259911945
0.68,0.31999999999999995,0.0,15/18,0.12010529303340381,0.12010529303340381,0.12886622722058283,0.16237757613191897
0.68,0.30999999999999994,0.01,15/18,0.11995938613131714,0.11995938613131714,0.1270451464287155,0.15824970026247007
0.68,0.29999999999999993,0.02,15/18,0.11981347922923045,0.11981347922923045,0.1252240656368482,0.15412182439302116
0.68,0.2899999999999999,0.03,15/18,0.11966757232714378,0.11966757232714378,0.12340298484498088,0.14999394852357226
0.68,0.27999999999999997,0.04,15/18,0.1195216654250571,0.1195216654250571,0.1215819040531136,0.14586607265412338
0.68,0.26999999999999996,0.05,15/18,0.11937575852297044,0.11937575852297044,0.11976082326124629,0.14173819678467448
0.68,0.25999999999999995,0.06,16/18,0.11793974246937898,0.11922985162088375,0.11793974246937898,0.13761032091522554
0.68,0.24999999999999994,0.07,16/18,0.11611866167751167,0.11908394471879709,0.11611866167751167,0.13348244504577664
0.68,0.23999999999999994,0.08,16/18,0.11429758088564435,0.11893803781671039,0.11429758088564435,0.12935456917632773
0.68,0.22999999999999995,0.09,16/18,0.11247650009377705,0.11879213091462373,0.11247650009377705,0.12522669330687886
0.68,0.21999999999999995,0.1,16/18,0.11065541930190974,0.11864622401253704,0.11065541930190974,0.12109881743742995
0.68,0.20999999999999996,0.11,16/18,0.10883433851004244,0.11850031711045038,0.10883433851004244,0.11697094156798105
0.68,0.19999999999999996,0.12,16/18,0.10701325771817513,0.11835441020836368,0.10701325771817513,0.11284306569853214
0.68,0.18999999999999995,0.13,16/18,0.1051921769263078,0.11820850330627702,0.1051921769263078,0.10871518982908324
0.68,0.17999999999999994,0.14,16/18,0.1033710961344405,0.11806259640419034,0.1033710961344405,0.10458731395963433
0.68,0.16999999999999996,0.15,18/22,0.10045943809018543,0.11791668950210367,0.10155001534257321,0.10045943809018543
0.68,0.15999999999999995,0.16,18/22,0.09633156222073652,0.11777078260001698,0.0997289345507059,0.09633156222073652
0.68,0.14999999999999994,0.17,18/22,0.09220368635128762,0.11762487569793031,0.09790785375883859,0.09220368635128762
0.68,0.13999999999999996,0.18,18/22,0.08807581048183871,0.11747896879584363,0.09608677296697127,0.08807581048183871
0.68,0.12999999999999995,0.19,18/22,0.08394793461238981,0.11733306189375696,0.09426569217510396,0.08394793461238981
0.68,0.11999999999999994,0.2,18/22,0.0798200587429409,0.11718715499167029,0.09244461138323666,0.0798200587429409
0.68,0.10999999999999996,0.21,18/22,0.07569218287349201,0.1170412480895836,0.09062353059136936,0.07569218287349201
0.68,0.09999999999999995,0.22,18/22,0.0715643070040431,0.11689534118749692,0.08880244979950205,0.0715643070040431
0.68,0.08999999999999994,0.23,18/22,0.06743643113459419,0.11674943428541025,0.08698136900763473,0.06743643113459419
0.68,0.07999999999999996,0.24,18/22,0.06330855526514531,0.11660352738332358,0.08516028821576743,0.06330855526514531
0.68,0.06999999999999995,0.25,18/22,0.05918067939569639,0.1164576204812369,0.08333920742390012,0.05918067939569639
0.68,0.05999999999999994,0.26,18/22,0.05505280352624749,0.11631171357915021,0.08151812663203281,0.05505280352624749
0.68,0.04999999999999993,0.27,18/22,0.05092492765679858,0.11616580667706355,0.07969704584016551,0.05092492765679858
0.68,0.039999999999999925,0.28,18/22,0.04679705178734968,0.11601989977497687,0.07787596504829819,0.04679705178734968
0.68,0.02999999999999997,0.29,18/22,0.04266917591790079,0.11587399287289019,0.0760548842564309,0.04266917591790079
0.68,0.019999999999999962,0.3,18/22,0.03854130004845188,0.1157280859708035,0.07423380346456358,0.03854130004845188
0.68,0.009999999999999953,0.31,18/22,0.03441342417900298,0.11558217906871683,0.07241272267269627,0.03441342417900298
0.68,-5.551115123125783e-17,0.32,18/22,0.03028554830955407,0.11543627216663016,0.07059164188082896,0.03028554830955407
0.69,0.31000000000000005,0.0,15/18,0.11915697836906171,0.11915697836906171,0.12720090586813948,0.15869507597290472
0.69,0.30000000000000004,0.01,15/18,0.11901107146697504,0.11901107146697504,0.12537982507627216,0.15456720010345582
0.69,0.29000000000000004,0.02,15/18,0.11886516456488835,0.11886516456488835,0.12355874428440489,0.1504393242340069
0.69,0.28,0.03,15/18,0.11871925766280168,0.11871925766280168,0.12173766349253756,0.146311448364558
0.69,0.2700000000000001,0.04,15/18,0.11857335076071501,0.11857335076071501,0.11991658270067025,0.14218357249510913
0.69,0.26000000000000006,0.05,16/18,0.11809550190880294,0.11842744385862833,0.11809550190880294,0.13805569662566022
0.69,0.25000000000000006,0.06,16/18,0.11627442111693564,0.11828153695654164,0.11627442111693564,0.13392782075621132
0.69,0.24000000000000005,0.07,16/18,0.11445334032506833,0.11813563005445497,0.11445334032506833,0.12979994488676241
0.69,0.23000000000000004,0.08,16/18,0.11263225953320102,0.11798972315236829,0.11263225953320102,0.12567206901731348
0.69,0.22000000000000006,0.09,16/18,0.11081117874133371,0.11784381625028162,0.11081117874133371,0.1215441931478646
0.69,0.21000000000000005,0.1,16/18,0.1089900979494664,0.11769790934819495,0.1089900979494664,0.1174163172784157
0.69,0.20000000000000007,0.11,16/18,0.1071690171575991,0.11755200244610826,0.1071690171575991,0.11328844140896681
0.69,0.19000000000000006,0.12,16/18,0.10534793636573181,0.1174060955440216,0.10534793636573181,0.10916056553951789
0.69,0.18000000000000005,0.13,16/18,0.10352685557386448,0.11726018864193491,0.10352685557386448,0.10503268967006898
0.69,0.17000000000000004,0.14,18/22,0.10090481380062008,0.11711428173984825,0.10170577478199717,0.10090481380062008
0.69,0.16000000000000006,0.15,18/22,0.09677693793117119,0.11696837483776157,0.09988469399012986,0.09677693793117119
0.69,0.15000000000000005,0.16,18/22,0.09264906206172227,0.11682246793567488,0.09806361319826255,0.09264906206172227
0.69,0.14000000000000004,0.17,18/22,0.08852118619227337,0.1166765610335882,0.09624253240639526,0.08852118619227337
0.69,0.13000000000000006,0.18,18/22,0.08439331032282447,0.11653065413150153,0.09442145161452795,0.08439331032282447
0.69,0.12000000000000005,0.19,18/22,0.08026543445337557,0.11638474722941486,0.09260037082266064,0.08026543445337557
0.69,0.11000000000000004,0.2,18/22,0.07613755858392666,0.11623884032732817,0.09077929003079332,0.07613755858392666
0.69,0.10000000000000006,0.21,18/22,0.07200968271447776,0.1160929334252415,0.08895820923892603,0.07200968271447776
0.69,0.09000000000000005,0.22,18/22,0.06788180684502886,0.11594702652315483,0.08713712844705872,0.06788180684502886
0.69,0.08000000000000004,0.23,18/22,0.06375393097557995,0.11580111962106815,0.08531604765519141,0.06375393097557995
0.69,0.07000000000000006,0.24,18/22,0.05962605510613106,0.11565521271898146,0.0834949668633241,0.05962605510613106
0.69,0.06000000000000005,0.25,18/22,0.05549817923668215,0.1155093058168948,0.08167388607145679,0.05549817923668215
0.69,0.050000000000000044,0.26,18/22,0.05137030336723324,0.11536339891480812,0.07985280527958948,0.05137030336723324
0.69,0.040000000000000036,0.27,18/22,0.04724242749778433,0.11521749201272144,0.07803172448772216,0.04724242749778433
0.69,0.030000000000000027,0.28,18/22,0.043114551628335426,0.11507158511063477,0.07621064369585487,0.043114551628335426
0.69,0.020000000000000073,0.29,18/22,0.03898667575888655,0.11492567820854808,0.07438956290398756,0.03898667575888655
0.69,0.010000000000000064,0.3,18/22,0.03485879988943764,0.11477977130646141,0.07256848211212025,0.03485879988943764
0.69,5.551115123125783e-17,0.31,18/22,0.030730924019988733,0.11463386440437473,0.07074740132025294,0.030730924019988733
0.7,0.30000000000000004,0.0,15/18,0.11820866370471958,0.11820866370471958,0.12553558451569613,0.15501257581389044
0.7,0.29000000000000004,0.01,15/18,0.11806275680263292,0.11806275680263292,0.12371450372382883,0.15088469994444154
0.7,0.28,0.02,15/18,0.11791684990054623,0.11791684990054623,0.12189342293196152,0.14675682407499263
0.7,0.27,0.03,15/18,0.11777094299845955,0.11777094299845955,0.1200723421400942,0.14262894820554373
0.7,0.26000000000000006,0.04,15/18,0.11762503609637288,0.11762503609637288,0.1182512613482269,0.13850107233609485
0.7,0.25000000000000006,0.05,16/18,0.11643018055635959,0.11747912919428621,0.11643018055635959,0.13437319646664594
0.7,0.24000000000000005,0.06,16/18,0.11460909976449228,0.11733322229219952,0.11460909976449228,0.13024532059719704
0.7,0.23000000000000004,0.07,16/18,0.11278801897262498,0.11718731539011286,0.11278801897262498,0.1261174447277481
0.7,0.22000000000000003,0.08,16/18,0.11096693818075766,0.11704140848802616,0.11096693818075766,0.1219895688582992
0.7,0.21000000000000005,0.09,16/18,0.10914585738889036,0.1168955015859395,0.10914585738889036,0.11786169298885031
0.7,0.20000000000000004,0.1,16/18,0.10732477659702305,0.1167495946838528,0.10732477659702305,0.1137338171194014
0.7,0.19000000000000006,0.11,16/18,0.10550369580515576,0.11660368778176615,0.10550369580515576,0.1096059412499525
0.7,0.18000000000000005,0.12,16/18,0.10368261501328845,0.11645778087967947,0.10368261501328845,0.1054780653805036
0.7,0.17000000000000004,0.13,18/22,0.10135018951105469,0.1163118739775928,0.10186153422142112,0.10135018951105469
0.7,0.16000000000000003,0.14,18/22,0.09722231364160579,0.11616596707550611,0.10004045342955382,0.09722231364160579
0.7,0.15000000000000005,0.15,18/22,0.0930944377721569,0.11602006017341944,0.09821937263768651,0.0930944377721569
0.7,0.14000000000000004,0.16,18/22,0.08896656190270799,0.11587415327133276,0.0963982918458192,0.08896656190270799
0.7,0.13000000000000003,0.17,18/22,0.08483868603325909,0.11572824636924608,0.09457721105395189,0.08483868603325909
0.7,0.12000000000000005,0.18,18/22,0.08071081016381018,0.1155823394671594,0.09275613026208458,0.08071081016381018
0.7,0.11000000000000004,0.19,18/22,0.07658293429436128,0.11543643256507273,0.09093504947021729,0.07658293429436128
0.7,0.10000000000000003,0.2,18/22,0.07245505842491237,0.11529052566298606,0.08911396867834998,0.07245505842491237
0.7,0.09000000000000005,0.21,18/22,0.06832718255546348,0.11514461876089938,0.08729288788648266,0.06832718255546348
0.7,0.08000000000000004,0.22,18/22,0.06419930668601458,0.11499871185881269,0.08547180709461537,0.06419930668601458
0.7,0.07000000000000003,0.23,18/22,0.060071430816565664,0.11485280495672602,0.08365072630274806,0.060071430816565664
0.7,0.06000000000000005,0.24,18/22,0.055943554947116766,0.11470689805463935,0.08182964551088075,0.055943554947116766
0.7,0.050000000000000044,0.25,18/22,0.05181567907766786,0.11456099115255267,0.08000856471901344,0.05181567907766786
0.7,0.040000000000000036,0.26,18/22,0.04768780320821896,0.11441508425046598,0.07818748392714613,0.04768780320821896
0.7,0.030000000000000027,0.27,18/22,0.043559927338770045,0.11426917734837932,0.07636640313527882,0.043559927338770045
0.7,0.020000000000000018,0.28,18/22,0.03943205146932114,0.11412327044629264,0.0745453223434115,0.03943205146932114
0.7,0.010000000000000064,0.29,18/22,0.035304175599872256,0.11397736354420597,0.07272424155154421,0.035304175599872256
0.7,5.551115123125783e-17,0.3,18/22,0.03117629973042335,0.1138314566421193,0.0709031607596769,0.03117629973042335
0.71,0.29000000000000004,0.0,15/18,0.11726034904037747,0.11726034904037747,0.12387026316325278,0.15133007565487616
0.71,0.28,0.01,15/18,0.1171144421382908,0.1171144421382908,0.12204918237138547,0.14720219978542726
0.71,0.27,0.02,15/18,0.11696853523620411,0.11696853523620411,0.12022810157951816,0.14307432391597835
0.71,0.26,0.03,15/18,0.11682262833411744,0.11682262833411744,0.11840702078765084,0.13894644804652945
0.71,0.25000000000000006,0.04,16/18,0.11658593999578355,0.11667672143203076,0.11658593999578355,0.13481857217708054
0.71,0.24000000000000005,0.05,16/18,0.11476485920391624,0.1165308145299441,0.11476485920391624,0.13069069630763164
0.71,0.23000000000000004,0.06,16/18,0.11294377841204893,0.1163849076278574,0.11294377841204893,0.12656282043818273
0.71,0.22000000000000003,0.07,16/18,0.11112269762018162,0.11623900072577074,0.11112269762018162,0.12243494456873383
0.71,0.21000000000000002,0.08,16/18,0.10930161682831431,0.11609309382368405,0.10930161682831431,0.11830706869928492
0.71,0.20000000000000004,0.09,16/18,0.10748053603644701,0.11594718692159739,0.10748053603644701,0.11417919282983603
0.71,0.19000000000000003,0.1,16/18,0.1056594552445797,0.11580128001951069,0.1056594552445797,0.11005131696038713
0.71,0.18000000000000005,0.11,16/18,0.10383837445271239,0.11565537311742403,0.10383837445271239,0.10592344109093822
0.71,0.17000000000000004,0.12,18/22,0.10179556522148932,0.11550946621533735,0.10201729366084508,0.10179556522148932
0.71,0.16000000000000003,0.13,18/22,0.09766768935204041,0.11536355931325068,0.10019621286897777,0.09766768935204041
0.71,0.15000000000000002,0.14,18/22,0.09353981348259151,0.115217652411164,0.09837513207711046,0.09353981348259151
0.71,0.14000000000000004,0.15,18/22,0.08941193761314262,0.11507174550907733,0.09655405128524316,0.08941193761314262
0.71,0.13000000000000003,0.16,18/22,0.08528406174369371,0.11492583860699064,0.09473297049337585,0.08528406174369371
0.71,0.12000000000000002,0.17,18/22,0.08115618587424481,0.11477993170490397,0.09291188970150854,0.08115618587424481
0.71,0.11000000000000004,0.18,18/22,0.0770283100047959,0.11463402480281729,0.09109080890964123,0.0770283100047959
0.71,0.10000000000000003,0.19,18/22,0.072900434135347,0.11448811790073062,0.08926972811777392,0.072900434135347
0.71,0.09000000000000002,0.2,18/22,0.06877255826589809,0.11434221099864394,0.08744864732590663,0.06877255826589809
0.71,0.08000000000000004,0.21,18/22,0.06464468239644919,0.11419630409655726,0.08562756653403931,0.06464468239644919
0.71,0.07000000000000003,0.22,18/22,0.06051680652700028,0.11405039719447058,0.083806485742172,0.06051680652700028
0.71,0.060000000000000026,0.23,18/22,0.05638893065755138,0.1139044902923839,0.08198540495030471,0.05638893065755138
0.71,0.050000000000000044,0.24,18/22,0.05226105478810249,0.11375858339029724,0.08016432415843738,0.05226105478810249
0.71,0.040000000000000036,0.25,18/22,0.048133178918653576,0.11361267648821055,0.07834324336657009,0.048133178918653576
0.71,0.030000000000000027,0.26,18/22,0.04400530304920467,0.11346676958612387,0.07652216257470278,0.04400530304920467
0.71,0.020000000000000018,0.27,18/22,0.03987742717975576,0.11332086268403721,0.07470108178283547,0.03987742717975576
0.71,0.010000000000000009,0.28,18/22,0.035749551310306854,0.11317495578195053,0.07288000099096816,0.035749551310306854
0.71,5.551115123125783e-17,0.29,18/22,0.03162167544085797,0.11302904887986386,0.07105892019910084,0.03162167544085797
0.72,0.28,0.0,15/18,0.11631203437603535,0.11631203437603535,0.12220494181080943,0.14764757549586185
0.72,0.27,0.01,15/18,0.11616612747394868,0.11616612747394868,0.12038386101894212,0.14351969962641295
0.72,0.26,0.02,15/18,0.116020220571862,0.116020220571862,0.11856278022707481,0.13939182375696405
0.72,0.25,0.03,15/18,0.11587431366977533,0.11587431366977533,0.11674169943520749,0.13526394788751514
0.72,0.24000000000000002,0.04,16/18,0.11492061864334019,0.11572840676768864,0.11492061864334019,0.13113607201806626
0.72,0.23000000000000004,0.05,16/18,0.11309953785147289,0.11558249986560198,0.11309953785147289,0.12700819614861736
0.72,0.22000000000000003,0.06,16/18,0.11127845705960558,0.11543659296351529,0.11127845705960558,0.12288032027916845
0.72,0.21000000000000002,0.07,16/18,0.10945737626773827,0.11529068606142863,0.10945737626773827,0.11875244440971955
0.72,0.2,0.08,16/18,0.10763629547587095,0.11514477915934193,0.10763629547587095,0.11462456854027064
0.72,0.19000000000000003,0.09,16/18,0.10581521468400366,0.11499887225725527,0.10581521468400366,0.11049669267082174
0.72,0.18000000000000002,0.1,16/18,0.10399413389213635,0.11485296535516858,0.10399413389213635,0.10636881680137283
0.72,0.17000000000000004,0.11,16/18,0.10217305310026904,0.11470705845308192,0.10217305310026904,0.10224094093192393
0.72,0.16000000000000003,0.12,18/22,0.09811306506247502,0.11456115155099524,0.10035197230840173,0.09811306506247502
0.72,0.15000000000000002,0.13,18/22,0.09398518919302612,0.11441524464890857,0.09853089151653441,0.09398518919302612
0.72,0.14,0.14,18/22,0.08985731332357721,0.11426933774682188,0.09670981072466711,0.08985731332357721
0.72,0.13000000000000003,0.15,18/22,0.08572943745412832,0.11412343084473521,0.09488872993279981,0.08572943745412832
0.72,0.12000000000000002,0.16,18/22,0.08160156158467942,0.11397752394264853,0.0930676491409325,0.08160156158467942
0.72,0.11000000000000001,0.17,18/22,0.0774736857152305,0.11383161704056186,0.0912465683490652,0.0774736857152305
0.72,0.10000000000000003,0.18,18/22,0.07334580984578162,0.11368571013847517,0.08942548755719788,0.07334580984578162
0.72,0.09000000000000002,0.19,18/22,0.0692179339763327,0.1135398032363885,0.08760440676533057,0.0692179339763327
0.72,0.08000000000000002,0.2,18/22,0.0650900581068838,0.11339389633430183,0.08578332597346326,0.0650900581068838
0.72,0.07000000000000003,0.21,18/22,0.06096218223743491,0.11324798943221515,0.08396224518159597,0.06096218223743491
0.72,0.060000000000000026,0.22,18/22,0.056834306367986,0.11310208253012846,0.08214116438972865,0.056834306367986
0.72,0.05000000000000002,0.23,18/22,0.05270643049853709,0.11295617562804179,0.08032008359786133,0.05270643049853709
0.72,0.040000000000000036,0.24,18/22,0.048578554629088194,0.11281026872595512,0.07849900280599403,0.048578554629088194
0.72,0.030000000000000027,0.25,18/22,0.04445067875963929,0.11266436182386844,0.07667792201412674,0.04445067875963929
0.72,0.020000000000000018,0.26,18/22,0.040322802890190385,0.11251845492178175,0.07485684122225941,0.040322802890190385
0.72,0.010000000000000009,0.27,18/22,0.03619492702074147,0.1123725480196951,0.07303576043039212,0.03619492702074147
0.72,0.0,0.28,18/22,0.03206705115129257,0.11222664111760841,0.07121467963852479,0.03206705115129257
0.73,0.27,0.0,15/18,0.11536371971169324,0.11536371971169324,0.12053962045836607,0.14396507533684758
0.73,0.26,0.01,15/18,0.11521781280960657,0.11521781280960657,0.11871853966649876,0.13983719946739867
0.73,0.25,0.02,15/18,0.11507190590751988,0.11507190590751988,0.11689745887463146,0.13570932359794977
0.73,0.24000000000000002,0.03,15/18,0.11492599900543322,0.11492599900543322,0.11507637808276414,0.1315814477285009
0.73,0.23,0.04,16/18,0.11325529729089683,0.11478009210334653,0.11325529729089683,0.12745357185905198
0.73,0.22000000000000003,0.05,16/18,0.11143421649902953,0.11463418520125987,0.11143421649902953,0.12332569598960307
0.73,0.21000000000000002,0.06,16/18,0.10961313570716223,0.11448827829917317,0.10961313570716223,0.11919782012015416
0.73,0.2,0.07,16/18,0.10779205491529492,0.11434237139708651,0.10779205491529492,0.11506994425070526
0.73,0.19,0.08,16/18,0.1059709741234276,0.11419646449499982,0.1059709741234276,0.11094206838125635
0.73,0.18000000000000002,0.09,16/18,0.10414989333156029,0.11405055759291316,0.10414989333156029,0.10681419251180745
0.73,0.17,0.1,16/18,0.10232881253969299,0.11390465069082646,0.10232881253969299,0.10268631664235854
0.73,0.16000000000000003,0.11,18/22,0.09855844077290965,0.1137587437887398,0.1005077317478257,0.09855844077290965
0.73,0.15000000000000002,0.12,18/22,0.09443056490346075,0.11361283688665312,0.09868665095595838,0.09443056490346075
0.73,0.14,0.13,18/22,0.09030268903401184,0.11346692998456645,0.09686557016409106,0.09030268903401184
0.73,0.13,0.14,18/22,0.08617481316456294,0.11332102308247977,0.09504448937222375,0.08617481316456294
0.73,0.12000000000000002,0.15,18/22,0.08204693729511403,0.1131751161803931,0.09322340858035645,0.08204693729511403
0.73,0.11000000000000001,0.16,18/22,0.07791906142566513,0.11302920927830641,0.09140232778848914,0.07791906142566513
0.73,0.1,0.17,18/22,0.07379118555621622,0.11288330237621974,0.08958124699662183,0.07379118555621622
0.73,0.09000000000000002,0.18,18/22,0.06966330968676732,0.11273739547413306,0.08776016620475452,0.06966330968676732
0.73,0.08000000000000002,0.19,18/22,0.06553543381731841,0.11259148857204639,0.08593908541288721,0.06553543381731841
0.73,0.07,0.2,18/22,0.06140755794786951,0.11244558166995972,0.0841180046210199,0.06140755794786951
0.73,0.060000000000000026,0.21,18/22,0.057279682078420616,0.11229967476787303,0.0822969238291526,0.057279682078420616
0.73,0.05000000000000002,0.22,18/22,0.05315180620897171,0.11215376786578635,0.08047584303728529,0.05315180620897171
0.73,0.04000000000000001,0.23,18/22,0.049023930339522806,0.11200786096369968,0.07865476224541798,0.049023930339522806
0.73,0.030000000000000027,0.24,18/22,0.04489605447007391,0.111861954061613,0.07683368145355068,0.04489605447007391
0.73,0.020000000000000018,0.25,18/22,0.040768178600624996,0.11171604715952632,0.07501260066168336,0.040768178600624996
0.73,0.010000000000000009,0.26,18/22,0.03664030273117609,0.11157014025743964,0.07319151986981606,0.03664030273117609
0.73,0.0,0.27,18/22,0.03251242686172719,0.11142423335535298,0.07137043907794875,0.03251242686172719
0.74,0.26,0.0,15/18,0.11441540504735112,0.11441540504735112,0.1188742991059227,0.1402825751778333
0.74,0.25,0.01,15/18,0.11426949814526445,0.11426949814526445,0.11705321831405541,0.1361546993083844
0.74,0.24000000000000002,0.02,15/18,0.11412359124317777,0.11412359124317777,0.11523213752218811,0.1320268234389355
0.74,0.23,0.03,16/18,0.11341105673032079,0.1139776843410911,0.11341105673032079,0.12789894756948658
0.74,0.22,0.04,16/18,0.11158997593845348,0.11383177743900441,0.11158997593845348,0.12377107170003768
0.74,0.21000000000000002,0.05,16/18,0.10976889514658618,0.11368587053691775,0.10976889514658618,0.11964319583058877
0.74,0.2,0.06,16/18,0.10794781435471887,0.11353996363483106,0.10794781435471887,0.11551531996113987
0.74,0.19,0.07,16/18,0.10612673356285157,0.1133940567327444,0.10612673356285157,0.11138744409169096
0.74,0.18,0.08,16/18,0.10430565277098425,0.1132481498306577,0.10430565277098425,0.10725956822224206
0.74,0.17,0.09,16/18,0.10248457197911694,0.11310224292857105,0.10248457197911694,0.10313169235279315
0.74,0.16,0.1,18/22,0.09900381648334425,0.11295633602648435,0.10066349118724963,0.09900381648334425
0.74,0.15000000000000002,0.11,18/22,0.09487594061389537,0.11281042912439769,0.09884241039538233,0.09487594061389537
0.74,0.14,0.12,18/22,0.09074806474444645,0.11266452222231099,0.09702132960351503,0.09074806474444645
0.74,0.13,0.13,18/22,0.08662018887499755,0.11251861532022434,0.09520024881164771,0.08662018887499755
0.74,0.12,0.14,18/22,0.08249231300554864,0.11237270841813765,0.0933791680197804,0.08249231300554864
0.74,0.11000000000000001,0.15,18/22,0.07836443713609975,0.11222680151605098,0.09155808722791309,0.07836443713609975
0.74,0.1,0.16,18/22,0.07423656126665085,0.1120808946139643,0.08973700643604579,0.07423656126665085
0.74,0.09,0.17,18/22,0.07010868539720194,0.11193498771187763,0.08791592564417848,0.07010868539720194
0.74,0.08000000000000002,0.18,18/22,0.06598080952775304,0.11178908080979094,0.08609484485231117,0.06598080952775304
0.74,0.07,0.19,18/22,0.06185293365830413,0.11164317390770427,0.08427376406044386,0.06185293365830413
0.74,0.06,0.2,18/22,0.05772505778885523,0.1114972670056176,0.08245268326857655,0.05772505778885523
0.74,0.05000000000000002,0.21,18/22,0.05359718191940633,0.11135136010353092,0.08063160247670925,0.05359718191940633
0.74,0.04000000000000001,0.22,18/22,0.04946930604995742,0.11120545320144423,0.07881052168484194,0.04946930604995742
0.74,0.03,0.23,18/22,0.04534143018050851,0.11105954629935756,0.07698944089297463,0.04534143018050851
0.74,0.020000000000000018,0.24,18/22,0.04121355431105962,0.11091363939727089,0.07516836010110732,0.04121355431105962
0.74,0.010000000000000009,0.25,18/22,0.03708567844161071,0.1107677324951842,0.07334727930924001,0.03708567844161071
0.74,0.0,0.26,18/22,0.032957802572161805,0.11062182559309752,0.0715261985173727,0.032957802572161805
0.75,0.25,0.0,15/18,0.113467090383009,0.113467090383009,0.11720897775347935,0.136600075018819
0.75,0.24,0.01,15/18,0.11332118348092234,0.11332118348092234,0.11538789696161204,0.13247219914937008
0.75,0.23,0.02,15/18,0.11317527657883565,0.11317527657883565,0.11356681616974476,0.1283443232799212
0.75,0.22,0.03,16/18,0.11174573537787744,0.11302936967674898,0.11174573537787744,0.12421644741047229
0.75,0.21,0.04,16/18,0.10992465458601013,0.1128834627746623,0.10992465458601013,0.12008857154102338
0.75,0.2,0.05,16/18,0.10810357379414282,0.11273755587257564,0.10810357379414282,0.11596069567157449
0.75,0.19,0.06,16/18,0.10628249300227552,0.11259164897048894,0.10628249300227552,0.11183281980212559
0.75,0.18,0.07,16/18,0.10446141221040821,0.11244574206840227,0.10446141221040821,0.10770494393267668
0.75,0.16999999999999998,0.08,16/18,0.1026403314185409,0.11229983516631559,0.1026403314185409,0.10357706806322776
0.75,0.16,0.09,18/22,0.09944919219377887,0.11215392826422893,0.10081925062667359,0.09944919219377887
0.75,0.15,0.1,18/22,0.09532131632432997,0.11200802136214223,0.09899816983480628,0.09532131632432997
0.75,0.14,0.11,18/22,0.09119344045488106,0.11186211446005558,0.09717708904293898,0.09119344045488106
0.75,0.13,0.12,18/22,0.08706556458543216,0.11171620755796888,0.09535600825107167,0.08706556458543216
0.75,0.12,0.13,18/22,0.08293768871598325,0.11157030065588222,0.09353492745920435,0.08293768871598325
0.75,0.10999999999999999,0.14,18/22,0.07880981284653435,0.11142439375379554,0.09171384666733705,0.07880981284653435
0.75,0.1,0.15,18/22,0.07468193697708546,0.11127848685170887,0.08989276587546974,0.07468193697708546
0.75,0.09,0.16,18/22,0.07055406110763655,0.11113257994962217,0.08807168508360243,0.07055406110763655
0.75,0.07999999999999999,0.17,18/22,0.06642618523818763,0.11098667304753551,0.08625060429173513,0.06642618523818763
0.75,0.07,0.18,18/22,0.062298309368738744,0.11084076614544883,0.08442952349986782,0.062298309368738744
0.75,0.06,0.19,18/22,0.05817043349928984,0.11069485924336216,0.08260844270800051,0.05817043349928984
0.75,0.04999999999999999,0.2,18/22,0.054042557629840934,0.11054895234127549,0.0807873619161332,0.054042557629840934
0.75,0.04000000000000001,0.21,18/22,0.04991468176039204,0.1104030454391888,0.0789662811242659,0.04991468176039204
0.75,0.03,0.22,18/22,0.04578680589094313,0.11025713853710212,0.07714520033239859,0.04578680589094313
0.75,0.01999999999999999,0.23,18/22,0.04165893002149423,0.11011123163501545,0.07532411954053128,0.04165893002149423
0.75,0.010000000000000009,0.24,18/22,0.03753105415204533,0.10996532473292878,0.07350303874866397,0.03753105415204533
0.75,0.0,0.25,18/22,0.033403178282596424,0.10981941783084209,0.07168195795679666,0.033403178282596424
0.76,0.24,0.0,15/18,0.11251877571866689,0.11251877571866689,0.115543656401036,0.1329175748598047
0.76,0.22999999999999998,0.01,15/18,0.11237286881658022,0.11237286881658022,0.1137225756091687,0.1287896989903558
0.76,0.22,0.02,16/18,0.1119014948173014,0.11222696191449354,0.1119014948173014,0.1246618231209069
0.76,0.21,0.03,16/18,0.11008041402543409,0.11208105501240687,0.11008041402543409,0.120533947251458
0.76,0.19999999999999998,0.04,16/18,0.10825933323356678,0.11193514811032018,0.10825933323356678,0.11640607138200909
0.76,0.19,0.05,16/18,0.10643825244169947,0.11178924120823353,0.10643825244169947,0.11227819551256021
0.76,0.18,0.06,16/18,0.10461717164983216,0.11164333430614683,0.10461717164983216,0.10815031964311131
0.76,0.16999999999999998,0.07,16/18,0.10279609085796486,0.11149742740406016,0.10279609085796486,0.10402244377366238
0.76,0.15999999999999998,0.08,18/22,0.09989456790421347,0.11135152050197347,0.10097501006609753,0.09989456790421347
0.76,0.15,0.09,18/22,0.0957666920347646,0.1112056135998868,0.09915392927423024,0.0957666920347646
0.76,0.13999999999999999,0.1,18/22,0.09163881616531569,0.11105970669780012,0.09733284848236293,0.09163881616531569
0.76,0.13,0.11,18/22,0.08751094029586678,0.11091379979571346,0.09551176769049562,0.08751094029586678
0.76,0.12,0.12,18/22,0.08338306442641788,0.11076789289362676,0.09369068689862832,0.08338306442641788
0.76,0.10999999999999999,0.13,18/22,0.07925518855696898,0.1106219859915401,0.091869606106761,0.07925518855696898
0.76,0.09999999999999998,0.14,18/22,0.07512731268752007,0.11047607908945342,0.09004852531489368,0.07512731268752007
0.76,0.09,0.15,18/22,0.07099943681807117,0.11033017218736675,0.08822744452302639,0.07099943681807117
0.76,0.07999999999999999,0.16,18/22,0.06687156094862226,0.11018426528528005,0.08640636373115908,0.06687156094862226
0.76,0.06999999999999998,0.17,18/22,0.06274368507917336,0.1100383583831934,0.08458528293929177,0.06274368507917336
0.76,0.06,0.18,18/22,0.058615809209724465,0.10989245148110671,0.08276420214742446,0.058615809209724465
0.76,0.04999999999999999,0.19,18/22,0.05448793334027555,0.10974654457902004,0.08094312135555715,0.05448793334027555
0.76,0.03999999999999998,0.2,18/22,0.05036005747082665,0.10960063767693337,0.07912204056368985,0.05036005747082665
0.76,0.03,0.21,18/22,0.04623218160137775,0.10945473077484669,0.07730095977182254,0.04623218160137775
0.76,0.01999999999999999,0.22,18/22,0.042104305731928846,0.10930882387276,0.07547987897995523,0.042104305731928846
0.76,0.009999999999999981,0.23,18/22,0.03797642986247994,0.10916291697067333,0.07365879818808793,0.03797642986247994
0.76,0.0,0.24,18/22,0.03384855399303104,0.10901701006858666,0.07183771739622062,0.03384855399303104
0.77,0.22999999999999998,0.0,15/18,0.11157046105432478,0.11157046105432478,0.11387833504859265,0.12923507470079043
0.77,0.21999999999999997,0.01,15/18,0.1114245541522381,0.1114245541522381,0.11205725425672534,0.12510719883134153
0.77,0.21,0.02,16/18,0.11023617346485805,0.11127864725015142,0.11023617346485805,0.12097932296189262
0.77,0.19999999999999998,0.03,16/18,0.10841509267299072,0.11113274034806475,0.10841509267299072,0.11685144709244372
0.77,0.18999999999999997,0.04,16/18,0.10659401188112343,0.11098683344597807,0.10659401188112343,0.11272357122299481
0.77,0.18,0.05,16/18,0.10477293108925612,0.1108409265438914,0.10477293108925612,0.10859569535354592
0.77,0.16999999999999998,0.06,16/18,0.1029518502973888,0.11069501964180471,0.1029518502973888,0.104467819484097
0.77,0.15999999999999998,0.07,18/22,0.1003399436146481,0.11054911273971804,0.1011307695055215,0.1003399436146481
0.77,0.14999999999999997,0.08,18/22,0.09621206774519919,0.11040320583763136,0.09930968871365417,0.09621206774519919
0.77,0.13999999999999999,0.09,18/22,0.0920841918757503,0.11025729893554469,0.09748860792178689,0.0920841918757503
0.77,0.12999999999999998,0.1,18/22,0.08795631600630138,0.110111392033458,0.09566752712991958,0.08795631600630138
0.77,0.11999999999999998,0.11,18/22,0.08382844013685249,0.10996548513137133,0.09384644633805227,0.08382844013685249
0.77,0.10999999999999999,0.12,18/22,0.0797005642674036,0.10981957822928465,0.09202536554618496,0.0797005642674036
0.77,0.09999999999999998,0.13,18/22,0.07557268839795468,0.10967367132719798,0.09020428475431765,0.07557268839795468
0.77,0.08999999999999997,0.14,18/22,0.07144481252850578,0.10952776442511131,0.08838320396245034,0.07144481252850578
0.77,0.07999999999999999,0.15,18/22,0.06731693665905689,0.10938185752302464,0.08656212317058304,0.06731693665905689
0.77,0.06999999999999998,0.16,18/22,0.06318906078960798,0.10923595062093794,0.08474104237871573,0.06318906078960798
0.77,0.05999999999999997,0.17,18/22,0.05906118492015907,0.10909004371885127,0.08291996158684842,0.05906118492015907
0.77,0.04999999999999999,0.18,18/22,0.05493330905071017,0.1089441368167646,0.0810988807949811,0.05493330905071017
0.77,0.03999999999999998,0.19,18/22,0.05080543318126127,0.10879822991467793,0.0792778000031138,0.05080543318126127
0.77,0.02999999999999997,0.2,18/22,0.04667755731181236,0.10865232301259123,0.07745671921124649,0.04667755731181236
0.77,0.01999999999999999,0.21,18/22,0.042549681442363464,0.10850641611050457,0.07563563841937919,0.042549681442363464
0.77,0.009999999999999981,0.22,18/22,0.03842180557291456,0.10836050920841789,0.07381455762751188,0.03842180557291456
0.77,-2.7755575615628914e-17,0.23,18/22,0.03429392970346565,0.10821460230633122,0.07199347683564457,0.03429392970346565
0.78,0.21999999999999997,0.0,15/18,0.11062214638998266,0.11062214638998266,0.11221301369614929,0.12555257454177615
0.78,0.20999999999999996,0.01,16/18,0.110391932904282,0.11047623948789598,0.110391932904282,0.12142469867232722
0.78,0.19999999999999998,0.02,16/18,0.10857085211241468,0.11033033258580931,0.10857085211241468,0.11729682280287834
0.78,0.18999999999999997,0.03,16/18,0.10674977132054736,0.11018442568372264,0.10674977132054736,0.11316894693342944
0.78,0.17999999999999997,0.04,16/18,0.10492869052868005,0.11003851878163595,0.10492869052868005,0.10904107106398053
0.78,0.16999999999999998,0.05,16/18,0.10310760973681277,0.10989261187954928,0.10310760973681277,0.10491319519453163
0.78,0.15999999999999998,0.06,18/22,0.10078531932508272,0.1097467049774626,0.10128652894494546,0.10078531932508272
0.78,0.14999999999999997,0.07,18/22,0.09665744345563382,0.10960079807537593,0.09946544815307815,0.09665744345563382
0.78,0.13999999999999996,0.08,18/22,0.09252956758618491,0.10945489117328924,0.09764436736121082,0.09252956758618491
0.78,0.12999999999999998,0.09,18/22,0.08840169171673601,0.10930898427120257,0.09582328656934351,0.08840169171673601
0.78,0.11999999999999997,0.1,18/22,0.0842738158472871,0.10916307736911589,0.09400220577747621,0.0842738158472871
0.78,0.10999999999999997,0.11,18/22,0.0801459399778382,0.10901717046702922,0.0921811249856089,0.0801459399778382
0.78,0.09999999999999998,0.12,18/22,0.0760180641083893,0.10887126356494253,0.0903600441937416,0.0760180641083893
0.78,0.08999999999999997,0.13,18/22,0.07189018823894039,0.10872535666285586,0.08853896340187428,0.07189018823894039
0.78,0.07999999999999996,0.14,18/22,0.06776231236949148,0.10857944976076919,0.08671788261000697,0.06776231236949148
0.78,0.06999999999999998,0.15,18/22,0.0636344365000426,0.10843354285868252,0.08489680181813967,0.0636344365000426
0.78,0.05999999999999997,0.16,18/22,0.05950656063059369,0.10828763595659582,0.08307572102627236,0.05950656063059369
0.78,0.04999999999999996,0.17,18/22,0.055378684761144784,0.10814172905450915,0.08125464023440505,0.055378684761144784
0.78,0.03999999999999998,0.18,18/22,0.051250808891695886,0.10799582215242248,0.07943355944253774,0.051250808891695886
0.78,0.02999999999999997,0.19,18/22,0.047122933022246974,0.10784991525033581,0.07761247865067043,0.047122933022246974
0.78,0.019999999999999962,0.2,18/22,0.04299505715279807,0.10770400834824911,0.07579139785880314,0.04299505715279807
0.78,0.009999999999999981,0.21,18/22,0.03886718128334918,0.10755810144616246,0.07397031706693583,0.03886718128334918
0.78,-2.7755575615628914e-17,0.22,18/22,0.034739305413900266,0.10741219454407577,0.07214923627506852,0.034739305413900266
0.79,0.20999999999999996,0.0,15/18,0.10967383172564055,0.10967383172564055,0.11054769234370594,0.12187007438276184
0.79,0.19999999999999996,0.01,16/18,0.10872661155183863,0.10952792482355386,0.10872661155183863,0.11774219851331294
0.79,0.18999999999999997,0.02,16/18,0.10690553075997133,0.10938201792146719,0.10690553075997133,0.11361432264386405
0.79,0.17999999999999997,0.03,16/18,0.10508444996810401,0.10923611101938052,0.10508444996810401,0.10948644677441514
0.79,0.16999999999999996,0.04,16/18,0.1032633691762367,0.10909020411729384,0.1032633691762367,0.10535857090496624
0.79,0.15999999999999998,0.05,18/22,0.10123069503551733,0.10894429721520717,0.1014422883843694,0.10123069503551733
0.79,0.14999999999999997,0.06,18/22,0.09710281916606843,0.10879839031312048,0.09962120759250209,0.09710281916606843
0.79,0.13999999999999996,0.07,18/22,0.09297494329661952,0.10865248341103381,0.0978001268006348,0.09297494329661952
0.79,0.12999999999999995,0.08,18/22,0.08884706742717062,0.10850657650894713,0.09597904600876747,0.08884706742717062
0.79,0.11999999999999997,0.09,18/22,0.08471919155772173,0.10836066960686046,0.09415796521690016,0.08471919155772173
0.79,0.10999999999999996,0.1,18/22,0.08059131568827282,0.10821476270477377,0.09233688442503285,0.08059131568827282
0.79,0.09999999999999996,0.11,18/22,0.07646343981882392,0.1080688558026871,0.09051580363316555,0.07646343981882392
0.79,0.08999999999999997,0.12,18/22,0.07233556394937501,0.10792294890060042,0.08869472284129826,0.07233556394937501
0.79,0.07999999999999996,0.13,18/22,0.06820768807992611,0.10777704199851375,0.08687364204943093,0.06820768807992611
0.79,0.06999999999999995,0.14,18/22,0.0640798122104772,0.10763113509642708,0.08505256125756362,0.0640798122104772
0.79,0.05999999999999997,0.15,18/22,0.05995193634102831,0.1074852281943404,0.08323148046569633,0.05995193634102831
0.79,0.04999999999999996,0.16,18/22,0.055824060471579395,0.10733932129225371,0.08141039967382901,0.055824060471579395
0.79,0.03999999999999995,0.17,18/22,0.05169618460213049,0.10719341439016704,0.0795893188819617,0.05169618460213049
0.79,0.02999999999999997,0.18,18/22,0.0475683087326816,0.10704750748808035,0.0777682380900944,0.0475683087326816
0.79,0.019999999999999962,0.19,18/22,0.04344043286323269,0.10690160058599368,0.07594715729822708,0.04344043286323269
0.79,0.009999999999999953,0.2,18/22,0.03931255699378378,0.106755693683907,0.07412607650635977,0.03931255699378378
0.79,-2.7755575615628914e-17,0.21,18/22,0.035184681124334885,0.10660978678182034,0.07230499571449248,0.035184681124334885
0.8,0.19999999999999996,0.0,15/18,0.10872551706129843,0.10872551706129843,0.10888237099126258,0.11818757422374757
0.8,0.18999999999999995,0.01,16/18,0.10706129019939528,0.10857961015921175,0.10706129019939528,0.11405969835429866
0.8,0.17999999999999997,0.02,16/18,0.10524020940752798,0.10843370325712508,0.10524020940752798,0.10993182248484976
0.8,0.16999999999999996,0.03,16/18,0.10341912861566066,0.1082877963550384,0.10341912861566066,0.10580394661540085
0.8,0.15999999999999995,0.04,16/18,0.10159804782379335,0.10814188945295172,0.10159804782379335,0.10167607074595195
0.8,0.14999999999999997,0.05,18/22,0.09754819487650304,0.10799598255086505,0.09977696703192604,0.09754819487650304
0.8,0.13999999999999996,0.06,18/22,0.09342031900705414,0.10785007564877837,0.09795588624005874,0.09342031900705414
0.8,0.12999999999999995,0.07,18/22,0.08929244313760523,0.1077041687466917,0.09613480544819143,0.08929244313760523
0.8,0.11999999999999995,0.08,18/22,0.08516456726815633,0.10755826184460501,0.09431372465632412,0.08516456726815633
0.8,0.10999999999999996,0.09,18/22,0.08103669139870744,0.10741235494251834,0.09249264386445681,0.08103669139870744
0.8,0.09999999999999995,0.1,18/22,0.07690881552925853,0.10726644804043166,0.0906715630725895,0.07690881552925853
0.8,0.08999999999999996,0.11,18/22,0.07278093965980963,0.10712054113834499,0.0888504822807222,0.07278093965980963
0.8,0.07999999999999996,0.12,18/22,0.06865306379036074,0.1069746342362583,0.0870294014888549,0.06865306379036074
0.8,0.06999999999999995,0.13,18/22,0.06452518792091182,0.10682872733417163,0.08520832069698758,0.06452518792091182
0.8,0.05999999999999994,0.14,18/22,0.06039731205146291,0.10668282043208496,0.08338723990512027,0.06039731205146291
0.8,0.04999999999999996,0.15,18/22,0.05626943618201402,0.10653691352999828,0.08156615911325296,0.05626943618201402
0.8,0.03999999999999995,0.16,18/22,0.05214156031256511,0.1063910066279116,0.07974507832138567,0.05214156031256511
0.8,0.029999999999999943,0.17,18/22,0.048013684443116204,0.10624509972582492,0.07792399752951835,0.048013684443116204
0.8,0.019999999999999962,0.18,18/22,0.043885808573667306,0.10609919282373824,0.07610291673765104,0.043885808573667306
0.8,0.009999999999999953,0.19,18/22,0.0397579327042184,0.10595328592165157,0.07428183594578373,0.0397579327042184
0.8,-5.551115123125783e-17,0.2,18/22,0.0356300568347695,0.10580737901956488,0.07246075515391642,0.0356300568347695
0.81,0.18999999999999995,0.0,16/18,0.10721704963881923,0.10777720239695632,0.10721704963881923,0.11450507406473329
0.81,0.17999999999999994,0.01,16/18,0.10539596884695192,0.10763129549486963,0.10539596884695192,0.11037719819528438
0.81,0.16999999999999996,0.02,16/18,0.10357488805508464,0.10748538859278296,0.10357488805508464,0.10624932232583548
0.81,0.15999999999999995,0.03,16/18,0.10175380726321731,0.10733948169069629,0.10175380726321731,0.10212144645638657
0.81,0.14999999999999994,0.04,18/22,0.09799357058693767,0.10719357478860961,0.09993272647135,0.09799357058693767
0.81,0.13999999999999996,0.05,18/22,0.09386569471748876,0.10704766788652294,0.09811164567948269,0.09386569471748876
0.81,0.12999999999999995,0.06,18/22,0.08973781884803986,0.10690176098443625,0.09629056488761538,0.08973781884803986
0.81,0.11999999999999994,0.07,18/22,0.08560994297859095,0.10675585408234958,0.09446948409574808,0.08560994297859095
0.81,0.10999999999999995,0.08,18/22,0.08148206710914205,0.1066099471802629,0.09264840330388076,0.08148206710914205
0.81,0.09999999999999995,0.09,18/22,0.07735419123969316,0.10646404027817623,0.09082732251201346,0.07735419123969316
0.81,0.08999999999999994,0.1,18/22,0.07322631537024424,0.10631813337608954,0.08900624172014615,0.07322631537024424
0.81,0.07999999999999995,0.11,18/22,0.06909843950079535,0.10617222647400287,0.08718516092827884,0.06909843950079535
0.81,0.06999999999999995,0.12,18/22,0.06497056363134644,0.10602631957191619,0.08536408013641154,0.06497056363134644
0.81,0.05999999999999994,0.13,18/22,0.06084268776189754,0.10588041266982952,0.08354299934454422,0.06084268776189754
0.81,0.04999999999999993,0.14,18/22,0.05671481189244863,0.10573450576774285,0.08172191855267692,0.05671481189244863
0.81,0.03999999999999995,0.15,18/22,0.052586936022999735,0.10558859886565616,0.07990083776080961,0.052586936022999735
0.81,0.029999999999999943,0.16,18/22,0.04845906015355083,0.10544269196356948,0.0780797569689423,0.04845906015355083
0.81,0.019999999999999934,0.17,18/22,0.04433118428410192,0.10529678506148281,0.076258676177075,0.04433118428410192
0.81,0.009999999999999953,0.18,18/22,0.04020330841465303,0.10515087815939612,0.07443759538520768,0.04020330841465303
0.81,-5.551115123125783e-17,0.19,18/22,0.03607543254520412,0.10500497125730945,0.07261651459334038,0.03607543254520412
0.82,0.18000000000000005,0.0,16/18,0.1055517282863759,0.1068288877326142,0.1055517282863759,0.11082257390571904
0.82,0.17000000000000004,0.01,16/18,0.1037306474945086,0.10668298083052753,0.1037306474945086,0.10669469803627013
0.82,0.16000000000000006,0.02,16/18,0.10190956670264129,0.10653707392844085,0.10190956670264129,0.10256682216682123
0.82,0.15000000000000005,0.03,18/22,0.09843894629737232,0.10639116702635418,0.10008848591077396,0.09843894629737232
0.82,0.14000000000000004,0.04,18/22,0.09431107042792342,0.1062452601242675,0.09826740511890666,0.09431107042792342
0.82,0.13000000000000006,0.05,18/22,0.09018319455847451,0.10609935322218082,0.09644632432703937,0.09018319455847451
0.82,0.12000000000000005,0.06,18/22,0.0860553186890256,0.10595344632009414,0.09462524353517206,0.0860553186890256
0.82,0.11000000000000004,0.07,18/22,0.0819274428195767,0.10580753941800747,0.09280416274330475,0.0819274428195767
0.82,0.10000000000000005,0.08,18/22,0.0777995669501278,0.10566163251592078,0.09098308195143742,0.0777995669501278
0.82,0.09000000000000005,0.09,18/22,0.0736716910806789,0.10551572561383411,0.08916200115957013,0.0736716910806789
0.82,0.08000000000000004,0.1,18/22,0.06954381521123,0.10536981871174743,0.08734092036770282,0.06954381521123
0.82,0.07000000000000005,0.11,18/22,0.0654159393417811,0.10522391180966076,0.08551983957583552,0.0654159393417811
0.82,0.06000000000000005,0.12,18/22,0.06128806347233219,0.10507800490757407,0.08369875878396821,0.06128806347233219
0.82,0.050000000000000044,0.13,18/22,0.057160187602883286,0.1049320980054874,0.08187767799210088,0.057160187602883286
0.82,0.040000000000000036,0.14,18/22,0.05303231173343438,0.10478619110340073,0.08005659720023359,0.05303231173343438
0.82,0.030000000000000054,0.15,18/22,0.04890443586398549,0.10464028420131406,0.07823551640836628,0.04890443586398549
0.82,0.020000000000000046,0.16,18/22,0.04477655999453658,0.10449437729922738,0.07641443561649898,0.04477655999453658
0.82,0.010000000000000037,0.17,18/22,0.040648684125087674,0.1043484703971407,0.07459335482463167,0.040648684125087674
0.82,5.551115123125783e-17,0.18,18/22,0.036520808255638776,0.10420256349505402,0.07277227403276436,0.036520808255638776
0.83,0.17000000000000004,0.0,16/18,0.10388640693393254,0.10588057306827209,0.10388640693393254,0.10714007374670474
0.83,0.16000000000000003,0.01,16/18,0.10206532614206525,0.10573466616618542,0.10206532614206525,0.10301219787725584
0.83,0.15000000000000005,0.02,18/22,0.09888432200780695,0.10558875926409873,0.10024424535019794,0.09888432200780695
0.83,0.14000000000000004,0.03,18/22,0.09475644613835804,0.10544285236201206,0.09842316455833061,0.09475644613835804
0.83,0.13000000000000003,0.04,18/22,0.09062857026890914,0.10529694545992538,0.0966020837664633,0.09062857026890914
0.83,0.12000000000000004,0.05,18/22,0.08650069439946023,0.10515103855783871,0.094781002974596,0.08650069439946023
0.83,0.11000000000000004,0.06,18/22,0.08237281853001133,0.10500513165575202,0.09295992218272871,0.08237281853001133
0.83,0.10000000000000003,0.07,18/22,0.07824494266056242,0.10485922475366535,0.0911388413908614,0.07824494266056242
0.83,0.09000000000000004,0.08,18/22,0.07411706679111352,0.10471331785157867,0.08931776059899407,0.07411706679111352
0.83,0.08000000000000004,0.09,18/22,0.06998919092166461,0.104567410949492,0.08749667980712678,0.06998919092166461
0.83,0.07000000000000003,0.1,18/22,0.06586131505221571,0.10442150404740531,0.08567559901525947,0.06586131505221571
0.83,0.06000000000000004,0.11,18/22,0.06173343918276681,0.10427559714531864,0.08385451822339215,0.06173343918276681
0.83,0.050000000000000044,0.12,18/22,0.05760556331331791,0.10412969024323196,0.08203343743152486,0.05760556331331791
0.83,0.040000000000000036,0.13,18/22,0.053477687443869,0.10398378334114529,0.08021235663965753,0.053477687443869
0.83,0.030000000000000027,0.14,18/22,0.049349811574420095,0.10383787643905862,0.07839127584779022,0.049349811574420095
0.83,0.020000000000000046,0.15,18/22,0.0452219357049712,0.10369196953697195,0.07657019505592293,0.0452219357049712
0.83,0.010000000000000037,0.16,18/22,0.04109405983552229,0.10354606263488525,0.07474911426405562,0.04109405983552229
0.83,2.7755575615628914e-17,0.17,18/22,0.03696618396607339,0.10340015573279858,0.0729280334721883,0.03696618396607339
0.84,0.16000000000000003,0.0,16/18,0.10222108558148918,0.10493225840392997,0.10222108558148918,0.10345757358769045
0.84,0.15000000000000002,0.01,18/22,0.09932969771824154,0.1047863515018433,0.10040000478962187,0.09932969771824154
0.84,0.14000000000000004,0.02,18/22,0.09520182184879265,0.10464044459975662,0.09857892399775459,0.09520182184879265
0.84,0.13000000000000003,0.03,18/22,0.09107394597934375,0.10449453769766995,0.09675784320588726,0.09107394597934375
0.84,0.12000000000000002,0.04,18/22,0.08694607010989484,0.10434863079558326,0.09493676241401995,0.08694607010989484
0.84,0.11000000000000003,0.05,18/22,0.08281819424044594,0.1042027238934966,0.09311568162215264,0.08281819424044594
0.84,0.10000000000000003,0.06,18/22,0.07869031837099705,0.10405681699140991,0.09129460083028534,0.07869031837099705
0.84,0.09000000000000002,0.07,18/22,0.07456244250154813,0.10391091008932324,0.08947352003841803,0.07456244250154813
0.84,0.08000000000000003,0.08,18/22,0.07043456663209924,0.10376500318723655,0.08765243924655072,0.07043456663209924
0.84,0.07000000000000003,0.09,18/22,0.06630669076265033,0.10361909628514988,0.08583135845468341,0.06630669076265033
0.84,0.060000000000000026,0.1,18/22,0.06217881489320142,0.1034731893830632,0.0840102776628161,0.06217881489320142
0.84,0.05000000000000003,0.11,18/22,0.058050939023752524,0.10332728248097653,0.0821891968709488,0.058050939023752524
0.84,0.040000000000000036,0.12,18/22,0.05392306315430362,0.10318137557888984,0.0803681160790815,0.05392306315430362
0.84,0.030000000000000027,0.13,18/22,0.049795187284854714,0.10303546867680317,0.07854703528721417,0.049795187284854714
0.84,0.020000000000000018,0.14,18/22,0.04566731141540581,0.1028895617747165,0.07672595449534687,0.04566731141540581
0.84,0.010000000000000037,0.15,18/22,0.04153943554595691,0.10274365487262982,0.07490487370347956,0.04153943554595691
0.84,2.7755575615628914e-17,0.16,18/22,0.037411559676508006,0.10259774797054313,0.07308379291161225,0.037411559676508006
0.85,0.15000000000000002,0.0,18/22,0.09977507342867617,0.10398394373958786,0.10055576422904583,0.09977507342867617
0.85,0.14,0.01,18/22,0.09564719755922726,0.10383803683750117,0.09873468343717852,0.09564719755922726
0.85,0.13000000000000003,0.02,18/22,0.09151932168977836,0.1036921299354145,0.09691360264531121,0.09151932168977836
0.85,0.12000000000000002,0.03,18/22,0.08739144582032946,0.10354622303332783,0.0950925218534439,0.08739144582032946
0.85,0.11000000000000001,0.04,18/22,0.08326356995088055,0.10340031613124115,0.09327144106157659,0.08326356995088055
0.85,0.10000000000000002,0.05,18/22,0.07913569408143165,0.10325440922915448,0.09145036026970929,0.07913569408143165
0.85,0.09000000000000002,0.06,18/22,0.07500781821198274,0.1031085023270678,0.08962927947784198,0.07500781821198274
0.85,0.08000000000000002,0.07,18/22,0.07087994234253384,0.10296259542498112,0.08780819868597467,0.07087994234253384
0.85,0.07000000000000002,0.08,18/22,0.06675206647308495,0.10281668852289444,0.08598711789410736,0.06675206647308495
0.85,0.060000000000000026,0.09,18/22,0.06262419060363604,0.10267078162080777,0.08416603710224005,0.06262419060363604
0.85,0.05000000000000002,0.1,18/22,0.058496314734187135,0.10252487471872108,0.08234495631037274,0.058496314734187135
0.85,0.04000000000000002,0.11,18/22,0.05436843886473823,0.10237896781663441,0.08052387551850544,0.05436843886473823
0.85,0.030000000000000027,0.12,18/22,0.05024056299528933,0.10223306091454773,0.07870279472663813,0.05024056299528933
0.85,0.020000000000000018,0.13,18/22,0.04611268712584042,0.10208715401246106,0.07688171393477082,0.04611268712584042
0.85,0.010000000000000009,0.14,18/22,0.041984811256391516,0.10194124711037439,0.07506063314290351,0.041984811256391516
0.85,2.7755575615628914e-17,0.15,18/22,0.037856935386942625,0.1017953402082877,0.0732395523510362,0.037856935386942625
0.86,0.14,0.0,18/22,0.09609257326966188,0.10303562907524574,0.09889044287660248,0.09609257326966188
0.86,0.13,0.01,18/22,0.09196469740021297,0.10288972217315906,0.09706936208473517,0.09196469740021297
0.86,0.12000000000000001,0.02,18/22,0.08783682153076408,0.10274381527107239,0.09524828129286786,0.08783682153076408
0.86,0.11000000000000001,0.03,18/22,0.08370894566131518,0.10259790836898572,0.09342720050100055,0.08370894566131518
0.86,0.1,0.04,18/22,0.07958106979186627,0.10245200146689903,0.09160611970913324,0.07958106979186627
0.86,0.09000000000000001,0.05,18/22,0.07545319392241737,0.10230609456481236,0.08978503891726594,0.07545319392241737
0.86,0.08000000000000002,0.06,18/22,0.07132531805296846,0.10216018766272568,0.08796395812539863,0.07132531805296846
0.86,0.07,0.07,18/22,0.06719744218351956,0.10201428076063901,0.08614287733353132,0.06719744218351956
0.86,0.06000000000000001,0.08,18/22,0.06306956631407065,0.10186837385855232,0.08432179654166401,0.06306956631407065
0.86,0.05000000000000002,0.09,18/22,0.058941690444621754,0.10172246695646565,0.0825007157497967,0.058941690444621754
0.86,0.04000000000000001,0.1,18/22,0.05481381457517284,0.10157656005437897,0.0806796349579294,0.05481381457517284
0.86,0.030000000000000013,0.11,18/22,0.050685938705723944,0.1014306531522923,0.07885855416606209,0.050685938705723944
0.86,0.020000000000000018,0.12,18/22,0.046558062836275046,0.10128474625020562,0.0770374733741948,0.046558062836275046
0.86,0.010000000000000009,0.13,18/22,0.042430186966826135,0.10113883934811894,0.07521639258232747,0.042430186966826135
0.86,0.0,0.14,18/22,0.03830231109737723,0.10099293244603227,0.07339531179046016,0.03830231109737723
0.87,0.13,0.0,18/22,0.09241007311064758,0.10208731441090363,0.09722512152415912,0.09241007311064758
0.87,0.12000000000000001,0.01,18/22,0.08828219724119869,0.10194140750881696,0.09540404073229182,0.08828219724119869
0.87,0.11,0.02,18/22,0.08415432137174977,0.10179550060673027,0.09358295994042451,0.08415432137174977
0.87,0.1,0.03,18/22,0.08002644550230088,0.1016495937046436,0.09176187914855718,0.08002644550230088
0.87,0.09,0.04,18/22,0.07589856963285198,0.10150368680255692,0.08994079835668987,0.07589856963285198
0.87,0.08,0.05,18/22,0.07177069376340307,0.10135777990047025,0.08811971756482258,0.07177069376340307
0.87,0.07,0.06,18/22,0.06764281789395417,0.10121187299838356,0.08629863677295528,0.06764281789395417
0.87,0.06,0.07,18/22,0.06351494202450526,0.1010659660962969,0.08447755598108797,0.06351494202450526
0.87,0.05,0.08,18/22,0.059387066155056366,0.10092005919421021,0.08265647518922065,0.059387066155056366
0.87,0.04000000000000001,0.09,18/22,0.05525919028560747,0.10077415229212354,0.08083539439735335,0.05525919028560747
0.87,0.03,0.1,18/22,0.051131314416158556,0.10062824539003686,0.07901431360548604,0.051131314416158556
0.87,0.020000000000000004,0.11,18/22,0.04700343854670966,0.10048233848795018,0.07719323281361873,0.04700343854670966
0.87,0.010000000000000009,0.12,18/22,0.04287556267726075,0.1003364315858635,0.07537215202175143,0.04287556267726075
0.87,0.0,0.13,18/22,0.03874768680781185,0.10019052468377683,0.07355107122988411,0.03874768680781185
0.88,0.12,0.0,18/22,0.0887275729516333,0.10113899974656149,0.09555980017171577,0.0887275729516333
0.88,0.11,0.01,18/22,0.0845996970821844,0.10099309284447483,0.09373871937984847,0.0845996970821844
0.88,0.09999999999999999,0.02,18/22,0.0804718212127355,0.10084718594238813,0.09191763858798116,0.0804718212127355
0.88,0.09,0.03,18/22,0.0763439453432866,0.10070127904030148,0.09009655779611384,0.0763439453432866
0.88,0.07999999999999999,0.04,18/22,0.07221606947383769,0.10055537213821478,0.08827547700424654,0.07221606947383769
0.88,0.06999999999999999,0.05,18/22,0.0680881936043888,0.10040946523612812,0.08645439621237923,0.0680881936043888
0.88,0.06,0.06,18/22,0.06396031773493989,0.10026355833404144,0.08463331542051193,0.06396031773493989
0.88,0.04999999999999999,0.07,18/22,0.059832441865490985,0.10011765143195477,0.08281223462864462,0.059832441865490985
0.88,0.039999999999999994,0.08,18/22,0.05570456599604208,0.09997174452986808,0.0809911538367773,0.05570456599604208
0.88,0.03,0.09,18/22,0.05157669012659318,0.09982583762778141,0.07917007304491,0.05157669012659318
0.88,0.01999999999999999,0.1,18/22,0.04744881425714428,0.09967993072569473,0.07734899225304269,0.04744881425714428
0.88,0.009999999999999995,0.11,18/22,0.04332093838769538,0.09953402382360806,0.07552791146117539,0.04332093838769538
0.88,0.0,0.12,18/22,0.039193062518246474,0.09938811692152137,0.07370683066930808,0.039193062518246474
0.89,0.10999999999999999,0.0,18/22,0.08504507279261903,0.10019068508221937,0.0938944788192724,0.08504507279261903
0.89,0.09999999999999999,0.01,18/22,0.08091719692317012,0.10004477818013272,0.0920733980274051,0.08091719692317012
0.89,0.08999999999999998,0.02,18/22,0.07678932105372122,0.09989887127804602,0.0902523172355378,0.07678932105372122
0.89,0.07999999999999999,0.03,18/22,0.07266144518427231,0.09975296437595936,0.08843123644367049,0.07266144518427231
0.89,0.06999999999999998,0.04,18/22,0.0685335693148234,0.09960705747387266,0.08661015565180318,0.0685335693148234
0.89,0.059999999999999984,0.05,18/22,0.0644056934453745,0.099461150571786,0.08478907485993586,0.0644056934453745
0.89,0.04999999999999999,0.06,18/22,0.0602778175759256,0.09931524366969932,0.08296799406806857,0.0602778175759256
0.89,0.03999999999999998,0.07,18/22,0.0561499417064767,0.09916933676761265,0.08114691327620126,0.0561499417064767
0.89,0.029999999999999985,0.08,18/22,0.0520220658370278,0.09902342986552597,0.07932583248433395,0.0520220658370278
0.89,0.01999999999999999,0.09,18/22,0.047894189967578896,0.0988775229634393,0.07750475169246664,0.047894189967578896
0.89,0.009999999999999981,0.1,18/22,0.04376631409812999,0.09873161606135261,0.07568367090059933,0.04376631409812999
0.89,-1.3877787807814457e-17,0.11,18/22,0.039638438228681086,0.09858570915926594,0.07386259010873203,0.039638438228681086
0.9,0.09999999999999998,0.0,18/22,0.08136257263360473,0.09924237041787726,0.09222915746682907,0.08136257263360473
0.9,0.08999999999999998,0.01,18/22,0.07723469676415584,0.0990964635157906,0.09040807667496176,0.07723469676415584
0.9,0.07999999999999997,0.02,18/22,0.07310682089470694,0.0989505566137039,0.08858699588309446,0.07310682089470694
0.9,0.06999999999999998,0.03,18/22,0.06897894502525803,0.09880464971161725,0.08676591509122714,0.06897894502525803
0.9,0.05999999999999998,0.04,18/22,0.06485106915580913,0.09865874280953055,0.08494483429935983,0.06485106915580913
0.9,0.049999999999999975,0.05,18/22,0.06072319328636022,0.09851283590744389,0.08312375350749253,0.06072319328636022
0.9,0.03999999999999998,0.06,18/22,0.05659531741691132,0.0983669290053572,0.08130267271562522,0.05659531741691132
0.9,0.02999999999999997,0.07,18/22,0.05246744154746241,0.09822102210327054,0.07948159192375791,0.05246744154746241
0.9,0.019999999999999976,0.08,18/22,0.04833956567801351,0.09807511520118385,0.0776605111318906,0.04833956567801351
0.9,0.009999999999999981,0.09,18/22,0.04421168980856461,0.09792920829909718,0.07583943034002329,0.04421168980856461
0.9,-2.7755575615628914e-17,0.1,18/22,0.0400838139391157,0.0977833013970105,0.07401834954815599,0.0400838139391157
0.91,0.08999999999999997,0.0,18/22,0.07768007247459044,0.09829405575353514,0.0905638361143857,0.07768007247459044
0.91,0.07999999999999997,0.01,18/22,0.07355219660514155,0.09814814885144847,0.0887427553225184,0.07355219660514155
0.91,0.06999999999999997,0.02,18/22,0.06942432073569263,0.09800224194936179,0.0869216745306511,0.06942432073569263
0.91,0.05999999999999997,0.03,18/22,0.06529644486624374,0.09785633504727512,0.08510059373878377,0.06529644486624374
0.91,0.04999999999999997,0.04,18/22,0.061168568996794834,0.09771042814518843,0.08327951294691648,0.061168568996794834
0.91,0.039999999999999966,0.05,18/22,0.05704069312734593,0.09756452124310176,0.08145843215504917,0.05704069312734593
0.91,0.02999999999999997,0.06,18/22,0.052912817257897024,0.09741861434101508,0.07963735136318185,0.052912817257897024
0.91,0.019999999999999962,0.07,18/22,0.04878494138844812,0.09727270743892841,0.07781627057131456,0.04878494138844812
0.91,0.009999999999999967,0.08,18/22,0.04465706551899922,0.09712680053684174,0.07599518977944723,0.04465706551899922
0.91,-2.7755575615628914e-17,0.09,18/22,0.040529189649550316,0.09698089363475507,0.07417410898757994,0.040529189649550316
0.92,0.07999999999999996,0.0,18/22,0.07399757231557616,0.09734574108919303,0.08889851476194234,0.07399757231557616
0.92,0.06999999999999997,0.01,18/22,0.06986969644612726,0.09719983418710636,0.08707743397007504,0.06986969644612726
0.92,0.059999999999999956,0.02,18/22,0.06574182057667835,0.09705392728501967,0.08525635317820773,0.06574182057667835
0.92,0.04999999999999996,0.03,18/22,0.061613944707229445,0.096908020382933,0.08343527238634041,0.061613944707229445
0.92,0.03999999999999996,0.04,18/22,0.05748606883778054,0.09676211348084632,0.08161419159447311,0.05748606883778054
0.92,0.029999999999999957,0.05,18/22,0.05335819296833164,0.09661620657875965,0.0797931108026058,0.05335819296833164
0.92,0.019999999999999962,0.06,18/22,0.04923031709888274,0.09647029967667296,0.0779720300107385,0.04923031709888274
0.92,0.009999999999999953,0.07,18/22,0.04510244122943383,0.09632439277458629,0.0761509492188712,0.04510244122943383
0.92,-4.163336342344337e-17,0.08,18/22,0.040974565359984935,0.09617848587249961,0.07432986842700387,0.040974565359984935
0.93,0.06999999999999995,0.0,18/22,0.07031507215656187,0.09639742642485091,0.087233193409499,0.07031507215656187
0.93,0.05999999999999995,0.01,18/22,0.06618719628711296,0.09625151952276424,0.0854121126176317,0.06618719628711296
0.93,0.04999999999999995,0.02,18/22,0.06205932041766406,0.09610561262067756,0.08359103182576438,0.06205932041766406
0.93,0.03999999999999995,0.03,18/22,0.05793144454821516,0.09595970571859089,0.08176995103389707,0.05793144454821516
0.93,0.02999999999999995,0.04,18/22,0.053803568678766255,0.0958137988165042,0.07994887024202976,0.053803568678766255
0.93,0.01999999999999995,0.05,18/22,0.04967569280931736,0.09566789191441753,0.07812778945016245,0.04967569280931736
0.93,0.009999999999999953,0.06,18/22,0.04554781693986845,0.09552198501233085,0.07630670865829516,0.04554781693986845
0.93,-5.551115123125783e-17,0.07,18/22,0.04141994107041955,0.09537607811024418,0.07448562786642784,0.04141994107041955
0.94,0.06000000000000005,0.0,18/22,0.06663257199754762,0.0954491117605088,0.08556787205705567,0.06663257199754762
0.94,0.05000000000000005,0.01,18/22,0.06250469612809872,0.09530320485842214,0.08374679126518836,0.06250469612809872
0.94,0.04000000000000005,0.02,18/22,0.05837682025864981,0.09515729795633544,0.08192571047332105,0.05837682025864981
0.94,0.030000000000000054,0.03,18/22,0.054248944389200915,0.09501139105424879,0.08010462968145374,0.054248944389200915
0.94,0.020000000000000052,0.04,18/22,0.05012106851975201,0.0948654841521621,0.07828354888958643,0.05012106851975201
0.94,0.01000000000000005,0.05,18/22,0.045993192650303105,0.09471957725007543,0.07646246809771912,0.045993192650303105
0.94,5.551115123125783e-17,0.06,18/22,0.0418653167808542,0.09457367034798875,0.07464138730585182,0.0418653167808542
0.95,0.050000000000000044,0.0,18/22,0.06295007183853334,0.09450079709616668,0.0839025507046123,0.06295007183853334
0.95,0.04000000000000004,0.01,18/22,0.05882219596908443,0.09435489019408001,0.082081469912745,0.05882219596908443
0.95,0.030000000000000044,0.02,18/22,0.054694320099635534,0.09420898329199333,0.0802603891208777,0.054694320099635534
0.95,0.020000000000000046,0.03,18/22,0.05056644423018663,0.09406307638990667,0.07843930832901037,0.05056644423018663
0.95,0.010000000000000044,0.04,18/22,0.046438568360737724,0.09391716948781999,0.07661822753714306,0.046438568360737724
0.95,4.163336342344337e-17,0.05,18/22,0.04231069249128882,0.09377126258573332,0.07479714674527577,0.04231069249128882
0.96,0.040000000000000036,0.0,18/22,0.05926757167951905,0.09355248243182457,0.08223722935216894,0.05926757167951905
0.96,0.030000000000000034,0.01,18/22,0.055139695810070145,0.0934065755297379,0.08041614856030163,0.055139695810070145
0.96,0.020000000000000035,0.02,18/22,0.05101181994062125,0.09326066862765121,0.07859506776843433,0.05101181994062125
0.96,0.010000000000000037,0.03,18/22,0.04688394407117234,0.09311476172556454,0.07677398697656701,0.04688394407117234
0.96,3.469446951953614e-17,0.04,18/22,0.04275606820172344,0.09296885482347786,0.07495290618469971,0.04275606820172344
0.97,0.030000000000000027,0.0,18/22,0.055585071520504764,0.09260416776748245,0.08057190799972559,0.055585071520504764
0.97,0.020000000000000025,0.01,18/22,0.05145719565105586,0.09245826086539578,0.0787508272078583,0.05145719565105586
0.97,0.010000000000000026,0.02,18/22,0.047329319781606954,0.0923123539633091,0.07692974641599098,0.047329319781606954
0.97,2.7755575615628914e-17,0.03,18/22,0.043201443912158057,0.09216644706122243,0.07510866562412366,0.043201443912158057
0.98,0.020000000000000018,0.0,18/22,0.05190257136149047,0.09165585310314034,0.07890658664728224,0.05190257136149047
0.98,0.010000000000000018,0.01,18/22,0.04777469549204157,0.09150994620105367,0.07708550585541493,0.04777469549204157
0.98,1.734723475976807e-17,0.02,18/22,0.04364681962259267,0.09136403929896698,0.07526442506354762,0.04364681962259267
0.99,0.010000000000000009,0.0,18/22,0.048220071202476185,0.09070753843879822,0.07724126529483889,0.048220071202476185
0.99,8.673617379884035e-18,0.01,18/22,0.04409219533302729,0.09056163153671155,0.07542018450297158,0.04409219533302729
1.0,0.0,0.0,18/22,0.0445375710434619,0.08975922377445611,0.07557594394239553,0.0445375710434619
