准确性权重,连续等待权重,不稳定权重,胜出方案,最小综合风险
0.0,0.0,1.0,18/22,0.0
0.0,0.01,0.99,18/22,0.004127875869448903
0.0,0.02,0.98,18/22,0.008255751738897806
0.0,0.03,0.97,18/22,0.01238362760834671
0.0,0.04,0.96,18/22,0.016511503477795612
0.0,0.05,0.95,18/22,0.020639379347244517
0.0,0.06,0.94,18/22,0.02476725521669342
0.0,0.07,0.9299999999999999,18/22,0.028895131086142323
0.0,0.08,0.92,18/22,0.033023006955591225
0.0,0.09,0.91,18/22,0.03715088282504013
0.0,0.1,0.9,18/22,0.041278758694489034
0.0,0.11,0.89,18/22,0.04540663456393793
0.0,0.12,0.88,18/22,0.04953451043338684
0.0,0.13,0.87,18/22,0.05366238630283574
0.0,0.14,0.86,18/22,0.05779026217228465
0.0,0.15,0.85,18/22,0.061918138041733545
0.0,0.16,0.84,18/22,0.06604601391118245
0.0,0.17,0.83,18/22,0.07017388978063135
0.0,0.18,0.8200000000000001,18/22,0.07430176565008026
0.0,0.19,0.81,18/22,0.07842964151952916
0.0,0.2,0.8,18/22,0.08255751738897807
0.0,0.21,0.79,18/22,0.08668539325842696
0.0,0.22,0.78,18/22,0.09081326912787586
0.0,0.23,0.77,18/22,0.09494114499732478
0.0,0.24,0.76,18/22,0.09906902086677367
0.0,0.25,0.75,18/22,0.10319689673622258
0.0,0.26,0.74,18/22,0.10732477260567148
0.0,0.27,0.73,16/18,0.10916918138041731
0.0,0.28,0.72,16/18,0.11099026217228464
0.0,0.29,0.71,16/18,0.11281134296415192
0.0,0.3,0.7,16/18,0.11463242375601923
0.0,0.31,0.69,16/18,0.11645350454788654
0.0,0.32,0.6799999999999999,16/18,0.11827458533975385
0.0,0.33,0.6699999999999999,16/18,0.12009566613162115
0.0,0.34,0.6599999999999999,16/18,0.12191674692348847
0.0,0.35000000000000003,0.6499999999999999,16/18,0.12373782771535578
0.0,0.36,0.64,16/18,0.1255589085072231
0.0,0.37,0.63,16/18,0.1273799892990904
0.0,0.38,0.62,16/18,0.12920107009095771
0.0,0.39,0.61,16/18,0.131022150882825
0.0,0.4,0.6,16/18,0.13284323167469234
0.0,0.41000000000000003,0.59,16/18,0.13466431246655963
0.0,0.42,0.5800000000000001,16/18,0.13648539325842693
0.0,0.43,0.5700000000000001,16/18,0.13830647405029425
0.0,0.44,0.56,16/18,0.14012755484216155
0.0,0.45,0.55,16/18,0.14194863563402887
0.0,0.46,0.54,16/18,0.14376971642589617
0.0,0.47000000000000003,0.53,16/18,0.1455907972177635
0.0,0.48,0.52,16/18,0.1474118780096308
0.0,0.49,0.51,16/18,0.1492329588014981
0.0,0.5,0.5,16/18,0.15105403959336539
0.0,0.51,0.49,16/18,0.1528751203852327
0.0,0.52,0.48,16/18,0.1546962011771
0.0,0.53,0.47,16/18,0.15651728196896733
0.0,0.54,0.45999999999999996,16/18,0.15833836276083463
0.0,0.55,0.44999999999999996,16/18,0.16015944355270195
0.0,0.56,0.43999999999999995,16/18,0.16198052434456928
0.0,0.5700000000000001,0.42999999999999994,16/18,0.16380160513643657
0.0,0.58,0.42000000000000004,16/18,0.16562268592830384
0.0,0.59,0.41000000000000003,16/18,0.16744376672017117
0.0,0.6,0.4,16/18,0.16926484751203846
0.0,0.61,0.39,16/18,0.1710859283039058
0.0,0.62,0.38,16/18,0.1729070090957731
0.0,0.63,0.37,16/18,0.1747280898876404
0.0,0.64,0.36,16/18,0.17654917067950773
0.0,0.65,0.35,16/18,0.17837025147137503
0.0,0.66,0.33999999999999997,15/18,0.17962985553772068
0.0,0.67,0.32999999999999996,15/18,0.17977576243980736
0.0,0.68,0.31999999999999995,15/18,0.17992166934189405
0.0,0.6900000000000001,0.30999999999999994,15/18,0.18006757624398073
0.0,0.7000000000000001,0.29999999999999993,15/18,0.1802134831460674
0.0,0.71,0.29000000000000004,15/18,0.18035939004815407
0.0,0.72,0.28,15/18,0.18050529695024073
0.0,0.73,0.27,15/18,0.1806512038523274
0.0,0.74,0.26,15/18,0.18079711075441407
0.0,0.75,0.25,15/18,0.18094301765650078
0.0,0.76,0.24,15/18,0.18108892455858747
0.0,0.77,0.22999999999999998,15/18,0.18123483146067412
0.0,0.78,0.21999999999999997,15/18,0.1813807383627608
0.0,0.79,0.20999999999999996,15/18,0.18152664526484746
0.0,0.8,0.19999999999999996,15/18,0.18167255216693418
0.0,0.81,0.18999999999999995,15/18,0.18181845906902083
0.0,0.8200000000000001,0.17999999999999994,15/18,0.18196436597110752
0.0,0.8300000000000001,0.16999999999999993,15/18,0.18211027287319417
0.0,0.84,0.16000000000000003,15/18,0.18225617977528086
0.0,0.85,0.15000000000000002,15/18,0.18240208667736754
0.0,0.86,0.14,15/18,0.18254799357945423
0.0,0.87,0.13,15/18,0.1826939004815409
0.0,0.88,0.12,15/18,0.18283980738362757
0.0,0.89,0.10999999999999999,15/18,0.18298571428571425
0.0,0.9,0.09999999999999998,15/18,0.1831316211878009
0.0,0.91,0.08999999999999997,15/18,0.18327752808988762
0.0,0.92,0.07999999999999996,15/18,0.18342343499197428
0.0,0.93,0.06999999999999995,15/18,0.18356934189406096
0.0,0.9400000000000001,0.05999999999999994,15/18,0.18371524879614765
0.0,0.9500000000000001,0.04999999999999993,15/18,0.1838611556982343
0.0,0.96,0.040000000000000036,15/18,0.184007062600321
0.0,0.97,0.030000000000000027,15/18,0.18415296950240764
0.0,0.98,0.020000000000000018,15/18,0.18429887640449436
0.0,0.99,0.010000000000000009,15/18,0.184444783306581
0.0,1.0,0.0,15/18,0.1845906902086677
0.01,0.0,0.99,18/22,0.000445375710434619
0.01,0.01,0.98,18/22,0.004573251579883522
0.01,0.02,0.97,18/22,0.008701127449332425
0.01,0.03,0.96,18/22,0.012829003318781328
0.01,0.04,0.95,18/22,0.01695687918823023
0.01,0.05,0.94,18/22,0.021084755057679136
0.01,0.06,0.9299999999999999,18/22,0.025212630927128037
0.01,0.07,0.9199999999999999,18/22,0.029340506796576942
0.01,0.08,0.91,18/22,0.033468382666025843
0.01,0.09,0.9,18/22,0.03759625853547475
0.01,0.1,0.89,18/22,0.04172413440492365
0.01,0.11,0.88,18/22,0.04585201027437255
0.01,0.12,0.87,18/22,0.049979886143821456
0.01,0.13,0.86,18/22,0.05410776201327036
0.01,0.14,0.85,18/22,0.058235637882719266
0.01,0.15,0.84,18/22,0.06236351375216816
0.01,0.16,0.83,18/22,0.06649138962161708
0.01,0.17,0.82,18/22,0.07061926549106598
0.01,0.18,0.81,18/22,0.07474714136051488
0.01,0.19,0.8,18/22,0.07887501722996379
0.01,0.2,0.79,18/22,0.0830028930994127
0.01,0.21,0.78,18/22,0.08713076896886159
0.01,0.22,0.77,18/22,0.09125864483831049
0.01,0.23,0.76,18/22,0.09538652070775941
0.01,0.24,0.75,18/22,0.0995143965772083
0.01,0.25,0.74,18/22,0.1036422724466572
0.01,0.26,0.73,16/18,0.10750386002797396
0.01,0.27,0.72,16/18,0.10932494081984126
0.01,0.28,0.71,16/18,0.11114602161170858
0.01,0.29,0.7,16/18,0.11296710240357587
0.01,0.3,0.69,16/18,0.11478818319544318
0.01,0.31,0.6799999999999999,16/18,0.1166092639873105
0.01,0.32,0.6699999999999999,16/18,0.1184303447791778
0.01,0.33,0.6599999999999999,16/18,0.12025142557104511
0.01,0.34,0.6499999999999999,16/18,0.12207250636291242
0.01,0.35000000000000003,0.6399999999999999,16/18,0.12389358715477973
0.01,0.36,0.63,16/18,0.12571466794664704
0.01,0.37,0.62,16/18,0.12753574873851434
0.01,0.38,0.61,16/18,0.12935682953038166
0.01,0.39,0.6,16/18,0.13117791032224896
0.01,0.4,0.59,16/18,0.13299899111411628
0.01,0.41000000000000003,0.58,16/18,0.13482007190598358
0.01,0.42,0.5700000000000001,16/18,0.13664115269785088
0.01,0.43,0.56,16/18,0.1384622334897182
0.01,0.44,0.55,16/18,0.14028331428158552
0.01,0.45,0.54,16/18,0.1421043950734528
0.01,0.46,0.53,16/18,0.14392547586532012
0.01,0.47000000000000003,0.52,16/18,0.14574655665718744
0.01,0.48,0.51,16/18,0.14756763744905474
0.01,0.49,0.5,16/18,0.14938871824092204
0.01,0.5,0.49,16/18,0.15120979903278936
0.01,0.51,0.48,16/18,0.15303087982465666
0.01,0.52,0.47,16/18,0.15485196061652398
0.01,0.53,0.45999999999999996,16/18,0.15667304140839128
0.01,0.54,0.44999999999999996,16/18,0.1584941222002586
0.01,0.55,0.43999999999999995,16/18,0.16031520299212593
0.01,0.56,0.42999999999999994,16/18,0.16213628378399322
0.01,0.5700000000000001,0.41999999999999993,16/18,0.16395736457586055
0.01,0.58,0.41000000000000003,16/18,0.16577844536772782
0.01,0.59,0.4,16/18,0.1675995261595951
0.01,0.6,0.39,16/18,0.16942060695146244
0.01,0.61,0.38,16/18,0.17124168774332976
0.01,0.62,0.37,16/18,0.17306276853519706
0.01,0.63,0.36,16/18,0.17488384932706438
0.01,0.64,0.35,16/18,0.17670493011893168
0.01,0.65,0.33999999999999997,16/18,0.178526010910799
0.01,0.66,0.32999999999999996,15/18,0.17882744777546525
0.01,0.67,0.31999999999999995,15/18,0.17897335467755193
0.01,0.68,0.30999999999999994,15/18,0.1791192615796386
0.01,0.6900000000000001,0.29999999999999993,15/18,0.17926516848172527
0.01,0.7000000000000001,0.2899999999999999,15/18,0.17941107538381193
0.01,0.71,0.28,15/18,0.17955698228589861
0.01,0.72,0.27,15/18,0.17970288918798527
0.01,0.73,0.26,15/18,0.17984879609007198
0.01,0.74,0.25,15/18,0.17999470299215864
0.01,0.75,0.24,15/18,0.18014060989424532
0.01,0.76,0.22999999999999998,15/18,0.180286516796332
0.01,0.77,0.21999999999999997,15/18,0.18043242369841866
0.01,0.78,0.20999999999999996,15/18,0.18057833060050538
0.01,0.79,0.19999999999999996,15/18,0.18072423750259203
0.01,0.8,0.18999999999999995,15/18,0.18087014440467872
0.01,0.81,0.17999999999999994,15/18,0.18101605130676537
0.01,0.8200000000000001,0.16999999999999993,15/18,0.18116195820885206
0.01,0.8300000000000001,0.15999999999999992,15/18,0.18130786511093872
0.01,0.84,0.15000000000000002,15/18,0.1814537720130254
0.01,0.85,0.14,15/18,0.1815996789151121
0.01,0.86,0.13,15/18,0.18174558581719877
0.01,0.87,0.12,15/18,0.18189149271928545
0.01,0.88,0.10999999999999999,15/18,0.1820373996213721
0.01,0.89,0.09999999999999998,15/18,0.1821833065234588
0.01,0.9,0.08999999999999997,15/18,0.18232921342554548
0.01,0.91,0.07999999999999996,15/18,0.18247512032763216
0.01,0.92,0.06999999999999995,15/18,0.18262102722971882
0.01,0.93,0.05999999999999994,15/18,0.1827669341318055
0.01,0.9400000000000001,0.04999999999999993,15/18,0.1829128410338922
0.01,0.9500000000000001,0.039999999999999925,15/18,0.18305874793597887
0.01,0.96,0.030000000000000027,15/18,0.18320465483806553
0.01,0.97,0.020000000000000018,15/18,0.1833505617401522
0.01,0.98,0.010000000000000009,15/18,0.1834964686422389
0.01,0.99,0.0,15/18,0.18364237554432555
0.02,0.0,0.98,18/22,0.000890751420869238
0.02,0.01,0.97,18/22,0.005018627290318141
0.02,0.02,0.96,18/22,0.009146503159767044
0.02,0.03,0.95,18/22,0.013274379029215947
0.02,0.04,0.94,18/22,0.01740225489866485
0.02,0.05,0.9299999999999999,18/22,0.021530130768113755
0.02,0.06,0.9199999999999999,18/22,0.025658006637562656
0.02,0.07,0.9099999999999999,18/22,0.02978588250701156
0.02,0.08,0.9,18/22,0.03391375837646046
0.02,0.09,0.89,18/22,0.03804163424590937
0.02,0.1,0.88,18/22,0.04216951011535827
0.02,0.11,0.87,18/22,0.04629738598480717
0.02,0.12,0.86,18/22,0.050425261854256075
0.02,0.13,0.85,18/22,0.05455313772370498
0.02,0.14,0.84,18/22,0.058681013593153884
0.02,0.15,0.83,18/22,0.06280888946260278
0.02,0.16,0.82,18/22,0.06693676533205169
0.02,0.17,0.8099999999999999,18/22,0.07106464120150059
0.02,0.18,0.8,18/22,0.0751925170709495
0.02,0.19,0.79,18/22,0.0793203929403984
0.02,0.2,0.78,18/22,0.0834482688098473
0.02,0.21,0.77,18/22,0.0875761446792962
0.02,0.22,0.76,18/22,0.0917040205487451
0.02,0.23,0.75,18/22,0.09583189641819402
0.02,0.24,0.74,18/22,0.09995977228764291
0.02,0.25,0.73,18/22,0.10408764815709182
0.02,0.26,0.72,16/18,0.10765961946739791
0.02,0.27,0.71,16/18,0.10948070025926523
0.02,0.28,0.7,16/18,0.11130178105113255
0.02,0.29,0.69,16/18,0.11312286184299983
0.02,0.3,0.6799999999999999,16/18,0.11494394263486715
0.02,0.31,0.6699999999999999,16/18,0.11676502342673445
0.02,0.32,0.6599999999999999,16/18,0.11858610421860177
0.02,0.33,0.6499999999999999,16/18,0.12040718501046907
0.02,0.34,0.6399999999999999,16/18,0.12222826580233638
0.02,0.35000000000000003,0.6299999999999999,16/18,0.12404934659420369
0.02,0.36,0.62,16/18,0.12587042738607102
0.02,0.37,0.61,16/18,0.1276915081779383
0.02,0.38,0.6,16/18,0.1295125889698056
0.02,0.39,0.59,16/18,0.13133366976167293
0.02,0.4,0.58,16/18,0.13315475055354026
0.02,0.41000000000000003,0.57,16/18,0.13497583134540753
0.02,0.42,0.56,16/18,0.13679691213727485
0.02,0.43,0.55,16/18,0.13861799292914218
0.02,0.44,0.54,16/18,0.14043907372100947
0.02,0.45,0.53,16/18,0.14226015451287677
0.02,0.46,0.52,16/18,0.1440812353047441
0.02,0.47000000000000003,0.51,16/18,0.1459023160966114
0.02,0.48,0.5,16/18,0.1477233968884787
0.02,0.49,0.49,16/18,0.149544477680346
0.02,0.5,0.48,16/18,0.1513655584722133
0.02,0.51,0.47,16/18,0.15318663926408063
0.02,0.52,0.45999999999999996,16/18,0.1550077200559479
0.02,0.53,0.44999999999999996,16/18,0.15682880084781523
0.02,0.54,0.43999999999999995,16/18,0.15864988163968255
0.02,0.55,0.42999999999999994,16/18,0.16047096243154985
0.02,0.56,0.41999999999999993,16/18,0.16229204322341717
0.02,0.5700000000000001,0.4099999999999999,16/18,0.16411312401528447
0.02,0.58,0.4,16/18,0.16593420480715174
0.02,0.59,0.39,16/18,0.16775528559901906
0.02,0.6,0.38,16/18,0.16957636639088636
0.02,0.61,0.37,16/18,0.17139744718275368
0.02,0.62,0.36,16/18,0.173218527974621
0.02,0.63,0.35,16/18,0.1750396087664883
0.02,0.64,0.33999999999999997,16/18,0.17686068955835563
0.02,0.65,0.32999999999999996,15/18,0.17787913311112313
0.02,0.66,0.31999999999999995,15/18,0.17802504001320982
0.02,0.67,0.30999999999999994,15/18,0.17817094691529647
0.02,0.68,0.29999999999999993,15/18,0.17831685381738316
0.02,0.6900000000000001,0.2899999999999999,15/18,0.17846276071946984
0.02,0.7000000000000001,0.2799999999999999,15/18,0.17860866762155653
0.02,0.71,0.27,15/18,0.17875457452364318
0.02,0.72,0.26,15/18,0.17890048142572984
0.02,0.73,0.25,15/18,0.17904638832781655
0.02,0.74,0.24,15/18,0.1791922952299032
0.02,0.75,0.22999999999999998,15/18,0.1793382021319899
0.02,0.76,0.21999999999999997,15/18,0.17948410903407658
0.02,0.77,0.20999999999999996,15/18,0.17963001593616323
0.02,0.78,0.19999999999999996,15/18,0.17977592283824995
0.02,0.79,0.18999999999999995,15/18,0.1799218297403366
0.02,0.8,0.17999999999999994,15/18,0.1800677366424233
0.02,0.81,0.16999999999999993,15/18,0.18021364354450994
0.02,0.8200000000000001,0.15999999999999992,15/18,0.18035955044659663
0.02,0.8300000000000001,0.1499999999999999,15/18,0.1805054573486833
0.02,0.84,0.14,15/18,0.18065136425077
0.02,0.85,0.13,15/18,0.18079727115285668
0.02,0.86,0.12,15/18,0.18094317805494334
0.02,0.87,0.10999999999999999,15/18,0.18108908495703002
0.02,0.88,0.09999999999999998,15/18,0.18123499185911668
0.02,0.89,0.08999999999999997,15/18,0.1813808987612034
0.02,0.9,0.07999999999999996,15/18,0.18152680566329005
0.02,0.91,0.06999999999999995,15/18,0.18167271256537673
0.02,0.92,0.05999999999999994,15/18,0.1818186194674634
0.02,0.93,0.04999999999999993,15/18,0.18196452636955007
0.02,0.9400000000000001,0.039999999999999925,15/18,0.18211043327163678
0.02,0.9500000000000001,0.029999999999999916,15/18,0.18225634017372344
0.02,0.96,0.020000000000000018,15/18,0.18240224707581013
0.02,0.97,0.010000000000000009,15/18,0.18254815397789678
0.02,0.98,0.0,15/18,0.18269406087998347
0.03,0.0,0.97,18/22,0.001336127131303857
0.03,0.01,0.96,18/22,0.00546400300075276
0.03,0.02,0.95,18/22,0.009591878870201662
0.03,0.03,0.94,18/22,0.013719754739650567
0.03,0.04,0.9299999999999999,18/22,0.01784763060909947
0.03,0.05,0.9199999999999999,18/22,0.021975506478548373
0.03,0.06,0.9099999999999999,18/22,0.026103382347997275
0.03,0.07,0.8999999999999999,18/22,0.03023125821744618
0.03,0.08,0.89,18/22,0.03435913408689508
0.03,0.09,0.88,18/22,0.038487009956343986
0.03,0.1,0.87,18/22,0.04261488582579289
0.03,0.11,0.86,18/22,0.04674276169524179
0.03,0.12,0.85,18/22,0.05087063756469069
0.03,0.13,0.84,18/22,0.0549985134341396
0.03,0.14,0.83,18/22,0.0591263893035885
0.03,0.15,0.82,18/22,0.06325426517303741
0.03,0.16,0.8099999999999999,18/22,0.06738214104248631
0.03,0.17,0.7999999999999999,18/22,0.07151001691193522
0.03,0.18,0.79,18/22,0.07563789278138412
0.03,0.19,0.78,18/22,0.07976576865083303
0.03,0.2,0.77,18/22,0.08389364452028193
0.03,0.21,0.76,18/22,0.08802152038973082
0.03,0.22,0.75,18/22,0.09214939625917973
0.03,0.23,0.74,18/22,0.09627727212862865
0.03,0.24,0.73,18/22,0.10040514799807754
0.03,0.25,0.72,18/22,0.10453302386752644
0.03,0.26,0.71,16/18,0.10781537890682187
0.03,0.27,0.7,16/18,0.10963645969868918
0.03,0.28,0.69,16/18,0.11145754049055649
0.03,0.29,0.6799999999999999,16/18,0.11327862128242377
0.03,0.3,0.6699999999999999,16/18,0.1150997020742911
0.03,0.31,0.6599999999999999,16/18,0.11692078286615841
0.03,0.32,0.6499999999999999,16/18,0.11874186365802572
0.03,0.33,0.6399999999999999,16/18,0.12056294444989302
0.03,0.34,0.6299999999999999,16/18,0.12238402524176034
0.03,0.35000000000000003,0.6199999999999999,16/18,0.12420510603362764
0.03,0.36,0.61,16/18,0.12602618682549496
0.03,0.37,0.6,16/18,0.12784726761736226
0.03,0.38,0.59,16/18,0.12966834840922956
0.03,0.39,0.58,16/18,0.13148942920109688
0.03,0.4,0.57,16/18,0.13331050999296418
0.03,0.41000000000000003,0.5599999999999999,16/18,0.1351315907848315
0.03,0.42,0.55,16/18,0.1369526715766988
0.03,0.43,0.54,16/18,0.1387737523685661
0.03,0.44,0.53,16/18,0.14059483316043342
0.03,0.45,0.52,16/18,0.14241591395230072
0.03,0.46,0.51,16/18,0.14423699474416804
0.03,0.47000000000000003,0.49999999999999994,16/18,0.14605807553603534
0.03,0.48,0.49,16/18,0.14787915632790266
0.03,0.49,0.48,16/18,0.14970023711976996
0.03,0.5,0.47,16/18,0.15152131791163725
0.03,0.51,0.45999999999999996,16/18,0.15334239870350455
0.03,0.52,0.44999999999999996,16/18,0.15516347949537188
0.03,0.53,0.43999999999999995,16/18,0.1569845602872392
0.03,0.54,0.42999999999999994,16/18,0.1588056410791065
0.03,0.55,0.41999999999999993,16/18,0.16062672187097382
0.03,0.56,0.4099999999999999,16/18,0.16244780266284112
0.03,0.5700000000000001,0.3999999999999999,16/18,0.16426888345470844
0.03,0.58,0.39,16/18,0.1660899642465757
0.03,0.59,0.38,16/18,0.167911045038443
0.03,0.6,0.37,16/18,0.16973212583031033
0.03,0.61,0.36,16/18,0.17155320662217766
0.03,0.62,0.35,16/18,0.17337428741404495
0.03,0.63,0.33999999999999997,16/18,0.17519536820591228
0.03,0.64,0.32999999999999996,15/18,0.17693081844678102
0.03,0.65,0.31999999999999995,15/18,0.1770767253488677
0.03,0.66,0.30999999999999994,15/18,0.17722263225095436
0.03,0.67,0.29999999999999993,15/18,0.17736853915304104
0.03,0.68,0.2899999999999999,15/18,0.1775144460551277
0.03,0.6900000000000001,0.2799999999999999,15/18,0.17766035295721438
0.03,0.7000000000000001,0.2699999999999999,15/18,0.17780625985930107
0.03,0.71,0.26,15/18,0.17795216676138775
0.03,0.72,0.25,15/18,0.1780980736634744
0.03,0.73,0.24,15/18,0.1782439805655611
0.03,0.74,0.22999999999999998,15/18,0.17838988746764775
0.03,0.75,0.21999999999999997,15/18,0.17853579436973444
0.03,0.76,0.20999999999999996,15/18,0.17868170127182115
0.03,0.77,0.19999999999999996,15/18,0.1788276081739078
0.03,0.78,0.18999999999999995,15/18,0.1789735150759945
0.03,0.79,0.17999999999999994,15/18,0.17911942197808114
0.03,0.8,0.16999999999999993,15/18,0.17926532888016783
0.03,0.81,0.15999999999999992,15/18,0.17941123578225449
0.03,0.8200000000000001,0.1499999999999999,15/18,0.1795571426843412
0.03,0.8300000000000001,0.1399999999999999,15/18,0.17970304958642785
0.03,0.84,0.13,15/18,0.17984895648851454
0.03,0.85,0.12,15/18,0.17999486339060122
0.03,0.86,0.10999999999999999,15/18,0.18014077029268788
0.03,0.87,0.09999999999999998,15/18,0.18028667719477456
0.03,0.88,0.08999999999999997,15/18,0.18043258409686125
0.03,0.89,0.07999999999999996,15/18,0.18057849099894793
0.03,0.9,0.06999999999999995,15/18,0.1807243979010346
0.03,0.91,0.05999999999999994,15/18,0.18087030480312127
0.03,0.92,0.04999999999999993,15/18,0.18101621170520793
0.03,0.93,0.039999999999999925,15/18,0.18116211860729464
0.03,0.9400000000000001,0.029999999999999916,15/18,0.18130802550938133
0.03,0.9500000000000001,0.019999999999999907,15/18,0.18145393241146798
0.03,0.96,0.010000000000000009,15/18,0.18159983931355467
0.03,0.97,0.0,15/18,0.18174574621564132
0.04,0.0,0.96,18/22,0.001781502841738476
0.04,0.01,0.95,18/22,0.005909378711187379
0.04,0.02,0.94,18/22,0.010037254580636283
0.04,0.03,0.9299999999999999,18/22,0.014165130450085186
0.04,0.04,0.9199999999999999,18/22,0.018293006319534087
0.04,0.05,0.9099999999999999,18/22,0.022420882188982992
0.04,0.06,0.8999999999999999,18/22,0.026548758058431893
0.04,0.07,0.8899999999999999,18/22,0.030676633927880798
0.04,0.08,0.88,18/22,0.0348045097973297
0.04,0.09,0.87,18/22,0.038932385666778604
0.04,0.1,0.86,18/22,0.04306026153622751
0.04,0.11,0.85,18/22,0.04718813740567641
0.04,0.12,0.84,18/22,0.05131601327512531
0.04,0.13,0.83,18/22,0.05544388914457422
0.04,0.14,0.82,18/22,0.05957176501402312
0.04,0.15,0.8099999999999999,18/22,0.06369964088347202
0.04,0.16,0.7999999999999999,18/22,0.06782751675292092
0.04,0.17,0.7899999999999999,18/22,0.07195539262236983
0.04,0.18,0.78,18/22,0.07608326849181873
0.04,0.19,0.77,18/22,0.08021114436126764
0.04,0.2,0.76,18/22,0.08433902023071654
0.04,0.21,0.75,18/22,0.08846689610016543
0.04,0.22,0.74,18/22,0.09259477196961434
0.04,0.23,0.73,18/22,0.09672264783906326
0.04,0.24,0.72,18/22,0.10085052370851215
0.04,0.25,0.71,18/22,0.10497839957796105
0.04,0.26,0.7,16/18,0.10797113834624582
0.04,0.27,0.69,16/18,0.10979221913811313
0.04,0.28,0.6799999999999999,16/18,0.11161329992998045
0.04,0.29,0.6699999999999999,16/18,0.11343438072184772
0.04,0.3,0.6599999999999999,16/18,0.11525546151371505
0.04,0.31,0.6499999999999999,16/18,0.11707654230558236
0.04,0.32,0.6399999999999999,16/18,0.11889762309744967
0.04,0.33,0.6299999999999999,16/18,0.12071870388931696
0.04,0.34,0.6199999999999999,16/18,0.12253978468118429
0.04,0.35000000000000003,0.6099999999999999,16/18,0.1243608654730516
0.04,0.36,0.6,16/18,0.1261819462649189
0.04,0.37,0.59,16/18,0.1280030270567862
0.04,0.38,0.58,16/18,0.1298241078486535
0.04,0.39,0.57,16/18,0.13164518864052083
0.04,0.4,0.5599999999999999,16/18,0.13346626943238815
0.04,0.41000000000000003,0.5499999999999999,16/18,0.13528735022425545
0.04,0.42,0.54,16/18,0.13710843101612274
0.04,0.43,0.53,16/18,0.13892951180799007
0.04,0.44,0.52,16/18,0.14075059259985737
0.04,0.45,0.51,16/18,0.14257167339172466
0.04,0.46,0.49999999999999994,16/18,0.144392754183592
0.04,0.47000000000000003,0.48999999999999994,16/18,0.1462138349754593
0.04,0.48,0.48,16/18,0.1480349157673266
0.04,0.49,0.47,16/18,0.1498559965591939
0.04,0.5,0.45999999999999996,16/18,0.1516770773510612
0.04,0.51,0.44999999999999996,16/18,0.15349815814292853
0.04,0.52,0.43999999999999995,16/18,0.15531923893479585
0.04,0.53,0.42999999999999994,16/18,0.15714031972666315
0.04,0.54,0.41999999999999993,16/18,0.15896140051853047
0.04,0.55,0.4099999999999999,16/18,0.16078248131039777
0.04,0.56,0.3999999999999999,16/18,0.1626035621022651
0.04,0.5700000000000001,0.3899999999999999,16/18,0.16442464289413242
0.04,0.58,0.38,16/18,0.16624572368599966
0.04,0.59,0.37,16/18,0.16806680447786698
0.04,0.6,0.36,16/18,0.1698878852697343
0.04,0.61,0.35,16/18,0.1717089660616016
0.04,0.62,0.33999999999999997,16/18,0.17353004685346893
0.04,0.63,0.32999999999999996,16/18,0.17535112764533622
0.04,0.64,0.31999999999999995,15/18,0.1761284106845256
0.04,0.65,0.30999999999999994,15/18,0.17627431758661224
0.04,0.66,0.29999999999999993,15/18,0.17642022448869893
0.04,0.67,0.2899999999999999,15/18,0.17656613139078559
0.04,0.68,0.2799999999999999,15/18,0.1767120382928723
0.04,0.6900000000000001,0.2699999999999999,15/18,0.17685794519495898
0.04,0.7000000000000001,0.2599999999999999,15/18,0.17700385209704564
0.04,0.71,0.25,15/18,0.17714975899913232
0.04,0.72,0.24,15/18,0.17729566590121898
0.04,0.73,0.22999999999999998,15/18,0.17744157280330566
0.04,0.74,0.21999999999999997,15/18,0.17758747970539232
0.04,0.75,0.20999999999999996,15/18,0.177733386607479
0.04,0.76,0.19999999999999996,15/18,0.17787929350956572
0.04,0.77,0.18999999999999995,15/18,0.17802520041165237
0.04,0.78,0.17999999999999994,15/18,0.17817110731373906
0.04,0.79,0.16999999999999993,15/18,0.17831701421582571
0.04,0.8,0.15999999999999992,15/18,0.1784629211179124
0.04,0.81,0.1499999999999999,15/18,0.17860882801999908
0.04,0.8200000000000001,0.1399999999999999,15/18,0.17875473492208577
0.04,0.8300000000000001,0.1299999999999999,15/18,0.17890064182417242
0.04,0.84,0.12,15/18,0.1790465487262591
0.04,0.85,0.10999999999999999,15/18,0.1791924556283458
0.04,0.86,0.09999999999999998,15/18,0.17933836253043245
0.04,0.87,0.08999999999999997,15/18,0.17948426943251916
0.04,0.88,0.07999999999999996,15/18,0.17963017633460582
0.04,0.89,0.06999999999999995,15/18,0.1797760832366925
0.04,0.9,0.05999999999999994,15/18,0.17992199013877916
0.04,0.91,0.04999999999999993,15/18,0.18006789704086584
0.04,0.92,0.039999999999999925,15/18,0.18021380394295253
0.04,0.93,0.029999999999999916,15/18,0.1803597108450392
0.04,0.9400000000000001,0.019999999999999907,15/18,0.1805056177471259
0.04,0.9500000000000001,0.009999999999999898,15/18,0.18065152464921255
0.04,0.96,0.0,15/18,0.18079743155129924
0.05,0.0,0.95,18/22,0.002226878552173095
0.05,0.01,0.94,18/22,0.006354754421621998
0.05,0.02,0.9299999999999999,18/22,0.010482630291070901
0.05,0.03,0.9199999999999999,18/22,0.014610506160519805
0.05,0.04,0.9099999999999999,18/22,0.018738382029968706
0.05,0.05,0.8999999999999999,18/22,0.02286625789941761
0.05,0.06,0.8899999999999999,18/22,0.026994133768866512
0.05,0.07,0.8799999999999999,18/22,0.031122009638315417
0.05,0.08,0.87,18/22,0.03524988550776432
0.05,0.09,0.86,18/22,0.03937776137721322
0.05,0.1,0.85,18/22,0.04350563724666213
0.05,0.11,0.84,18/22,0.047633513116111026
0.05,0.12,0.83,18/22,0.05176138898555993
0.05,0.13,0.82,18/22,0.055889264855008836
0.05,0.14,0.8099999999999999,18/22,0.06001714072445774
0.05,0.15,0.7999999999999999,18/22,0.06414501659390665
0.05,0.16,0.7899999999999999,18/22,0.06827289246335555
0.05,0.17,0.7799999999999999,18/22,0.07240076833280445
0.05,0.18,0.77,18/22,0.07652864420225336
0.05,0.19,0.76,18/22,0.08065652007170226
0.05,0.2,0.75,18/22,0.08478439594115117
0.05,0.21,0.74,18/22,0.08891227181060006
0.05,0.22,0.73,18/22,0.09304014768004897
0.05,0.23,0.72,18/22,0.09716802354949788
0.05,0.24,0.71,18/22,0.10129589941894677
0.05,0.25,0.7,18/22,0.10542377528839568
0.05,0.26,0.69,16/18,0.10812689778566978
0.05,0.27,0.6799999999999999,16/18,0.1099479785775371
0.05,0.28,0.6699999999999999,16/18,0.1117690593694044
0.05,0.29,0.6599999999999999,16/18,0.1135901401612717
0.05,0.3,0.6499999999999999,16/18,0.11541122095313901
0.05,0.31,0.6399999999999999,16/18,0.11723230174500632
0.05,0.32,0.6299999999999999,16/18,0.11905338253687364
0.05,0.33,0.6199999999999999,16/18,0.12087446332874094
0.05,0.34,0.6099999999999999,16/18,0.12269554412060825
0.05,0.35000000000000003,0.5999999999999999,16/18,0.12451662491247556
0.05,0.36,0.59,16/18,0.12633770570434286
0.05,0.37,0.58,16/18,0.12815878649621015
0.05,0.38,0.57,16/18,0.12997986728807748
0.05,0.39,0.5599999999999999,16/18,0.1318009480799448
0.05,0.4,0.5499999999999999,16/18,0.1336220288718121
0.05,0.41000000000000003,0.5399999999999999,16/18,0.1354431096636794
0.05,0.42,0.53,16/18,0.13726419045554672
0.05,0.43,0.52,16/18,0.13908527124741402
0.05,0.44,0.51,16/18,0.14090635203928134
0.05,0.45,0.49999999999999994,16/18,0.14272743283114864
0.05,0.46,0.48999999999999994,16/18,0.14454851362301596
0.05,0.47000000000000003,0.4799999999999999,16/18,0.14636959441488326
0.05,0.48,0.47,16/18,0.14819067520675056
0.05,0.49,0.45999999999999996,16/18,0.15001175599861785
0.05,0.5,0.44999999999999996,16/18,0.15183283679048518
0.05,0.51,0.43999999999999995,16/18,0.1536539175823525
0.05,0.52,0.42999999999999994,16/18,0.15547499837421977
0.05,0.53,0.41999999999999993,16/18,0.1572960791660871
0.05,0.54,0.4099999999999999,16/18,0.1591171599579544
0.05,0.55,0.3999999999999999,16/18,0.16093824074982171
0.05,0.56,0.3899999999999999,16/18,0.16275932154168904
0.05,0.5700000000000001,0.3799999999999999,16/18,0.16458040233355634
0.05,0.58,0.37,16/18,0.1664014831254236
0.05,0.59,0.36,16/18,0.16822256391729093
0.05,0.6,0.35,16/18,0.17004364470915823
0.05,0.61,0.33999999999999997,16/18,0.17186472550102555
0.05,0.62,0.32999999999999996,16/18,0.17368580629289287
0.05,0.63,0.31999999999999995,15/18,0.17518009602018345
0.05,0.64,0.30999999999999994,15/18,0.17532600292227013
0.05,0.65,0.29999999999999993,15/18,0.1754719098243568
0.05,0.66,0.2899999999999999,15/18,0.17561781672644347
0.05,0.67,0.2799999999999999,15/18,0.17576372362853016
0.05,0.68,0.2699999999999999,15/18,0.17590963053061684
0.05,0.6900000000000001,0.2599999999999999,15/18,0.17605553743270352
0.05,0.7000000000000001,0.2499999999999999,15/18,0.17620144433479018
0.05,0.71,0.24,15/18,0.17634735123687686
0.05,0.72,0.22999999999999998,15/18,0.17649325813896352
0.05,0.73,0.21999999999999997,15/18,0.1766391650410502
0.05,0.74,0.20999999999999996,15/18,0.17678507194313686
0.05,0.75,0.19999999999999996,15/18,0.17693097884522357
0.05,0.76,0.18999999999999995,15/18,0.17707688574731026
0.05,0.77,0.17999999999999994,15/18,0.17722279264939692
0.05,0.78,0.16999999999999993,15/18,0.1773686995514836
0.05,0.79,0.15999999999999992,15/18,0.17751460645357026
0.05,0.8,0.1499999999999999,15/18,0.17766051335565697
0.05,0.81,0.1399999999999999,15/18,0.17780642025774362
0.05,0.8200000000000001,0.1299999999999999,15/18,0.1779523271598303
0.05,0.8300000000000001,0.11999999999999988,15/18,0.17809823406191697
0.05,0.84,0.10999999999999999,15/18,0.17824414096400365
0.05,0.85,0.09999999999999998,15/18,0.17839004786609033
0.05,0.86,0.08999999999999997,15/18,0.17853595476817702
0.05,0.87,0.07999999999999996,15/18,0.1786818616702637
0.05,0.88,0.06999999999999995,15/18,0.17882776857235036
0.05,0.89,0.05999999999999994,15/18,0.17897367547443704
0.05,0.9,0.04999999999999993,15/18,0.1791195823765237
0.05,0.91,0.039999999999999925,15/18,0.1792654892786104
0.05,0.92,0.029999999999999916,15/18,0.17941139618069707
0.05,0.93,0.019999999999999907,15/18,0.17955730308278375
0.05,0.9400000000000001,0.009999999999999898,15/18,0.17970320998487044
0.05,0.9500000000000001,-1.1102230246251565e-16,15/18,0.1798491168869571
0.06,0.0,0.94,18/22,0.002672254262607714
0.06,0.01,0.9299999999999999,18/22,0.006800130132056617
0.06,0.02,0.9199999999999999,18/22,0.01092800600150552
0.06,0.03,0.9099999999999999,18/22,0.015055881870954423
0.06,0.04,0.8999999999999999,18/22,0.019183757740403325
0.06,0.05,0.8899999999999999,18/22,0.02331163360985223
0.06,0.06,0.8799999999999999,18/22,0.027439509479301134
0.06,0.07,0.8699999999999999,18/22,0.03156738534875004
0.06,0.08,0.86,18/22,0.03569526121819894
0.06,0.09,0.85,18/22,0.03982313708764784
0.06,0.1,0.84,18/22,0.04395101295709675
0.06,0.11,0.83,18/22,0.048078888826545645
0.06,0.12,0.82,18/22,0.05220676469599455
0.06,0.13,0.8099999999999999,18/22,0.056334640565443454
0.06,0.14,0.7999999999999999,18/22,0.06046251643489236
0.06,0.15,0.7899999999999999,18/22,0.06459039230434126
0.06,0.16,0.7799999999999999,18/22,0.06871826817379016
0.06,0.17,0.7699999999999999,18/22,0.07284614404323907
0.06,0.18,0.76,18/22,0.07697401991268797
0.06,0.19,0.75,18/22,0.08110189578213688
0.06,0.2,0.74,18/22,0.08522977165158578
0.06,0.21,0.73,18/22,0.08935764752103467
0.06,0.22,0.72,18/22,0.09348552339048358
0.06,0.23,0.71,18/22,0.0976133992599325
0.06,0.24,0.7,18/22,0.10174127512938139
0.06,0.25,0.69,18/22,0.10586915099883029
0.06,0.26,0.6799999999999999,16/18,0.10828265722509373
0.06,0.27,0.6699999999999999,16/18,0.11010373801696105
0.06,0.28,0.6599999999999999,16/18,0.11192481880882836
0.06,0.29,0.6499999999999999,16/18,0.11374589960069564
0.06,0.3,0.6399999999999999,16/18,0.11556698039256295
0.06,0.31,0.6299999999999999,16/18,0.11738806118443026
0.06,0.32,0.6199999999999999,16/18,0.11920914197629759
0.06,0.33,0.6099999999999999,16/18,0.12103022276816489
0.06,0.34,0.5999999999999999,16/18,0.1228513035600322
0.06,0.35000000000000003,0.5899999999999999,16/18,0.1246723843518995
0.06,0.36,0.58,16/18,0.1264934651437668
0.06,0.37,0.57,16/18,0.12831454593563413
0.06,0.38,0.5599999999999999,16/18,0.13013562672750142
0.06,0.39,0.5499999999999999,16/18,0.13195670751936875
0.06,0.4,0.5399999999999999,16/18,0.13377778831123605
0.06,0.41000000000000003,0.5299999999999999,16/18,0.13559886910310337
0.06,0.42,0.52,16/18,0.13741994989497067
0.06,0.43,0.51,16/18,0.13924103068683796
0.06,0.44,0.49999999999999994,16/18,0.1410621114787053
0.06,0.45,0.48999999999999994,16/18,0.14288319227057258
0.06,0.46,0.4799999999999999,16/18,0.1447042730624399
0.06,0.47000000000000003,0.4699999999999999,16/18,0.1465253538543072
0.06,0.48,0.45999999999999996,16/18,0.1483464346461745
0.06,0.49,0.44999999999999996,16/18,0.1501675154380418
0.06,0.5,0.43999999999999995,16/18,0.15198859622990915
0.06,0.51,0.42999999999999994,16/18,0.15380967702177645
0.06,0.52,0.41999999999999993,16/18,0.15563075781364374
0.06,0.53,0.4099999999999999,16/18,0.15745183860551104
0.06,0.54,0.3999999999999999,16/18,0.15927291939737837
0.06,0.55,0.3899999999999999,16/18,0.1610940001892457
0.06,0.56,0.3799999999999999,16/18,0.162915080981113
0.06,0.5700000000000001,0.3699999999999999,16/18,0.1647361617729803
0.06,0.58,0.36,16/18,0.16655724256484758
0.06,0.59,0.35,16/18,0.16837832335671488
0.06,0.6,0.33999999999999997,16/18,0.1701994041485822
0.06,0.61,0.32999999999999996,16/18,0.17202048494044953
0.06,0.62,0.31999999999999995,16/18,0.17384156573231682
0.06,0.63,0.30999999999999994,15/18,0.17437768825792802
0.06,0.64,0.29999999999999993,15/18,0.1745235951600147
0.06,0.65,0.2899999999999999,15/18,0.17466950206210136
0.06,0.66,0.2799999999999999,15/18,0.17481540896418807
0.06,0.67,0.2699999999999999,15/18,0.17496131586627472
0.06,0.68,0.2599999999999999,15/18,0.1751072227683614
0.06,0.6900000000000001,0.2499999999999999,15/18,0.1752531296704481
0.06,0.7000000000000001,0.23999999999999988,15/18,0.17539903657253475
0.06,0.71,0.22999999999999998,15/18,0.17554494347462143
0.06,0.72,0.21999999999999997,15/18,0.1756908503767081
0.06,0.73,0.20999999999999996,15/18,0.17583675727879478
0.06,0.74,0.19999999999999996,15/18,0.17598266418088146
0.06,0.75,0.18999999999999995,15/18,0.17612857108296814
0.06,0.76,0.17999999999999994,15/18,0.17627447798505483
0.06,0.77,0.16999999999999993,15/18,0.17642038488714148
0.06,0.78,0.15999999999999992,15/18,0.17656629178922817
0.06,0.79,0.1499999999999999,15/18,0.17671219869131485
0.06,0.8,0.1399999999999999,15/18,0.17685810559340154
0.06,0.81,0.1299999999999999,15/18,0.1770040124954882
0.06,0.8200000000000001,0.11999999999999988,15/18,0.17714991939757488
0.06,0.8300000000000001,0.10999999999999988,15/18,0.17729582629966156
0.06,0.84,0.09999999999999998,15/18,0.17744173320174822
0.06,0.85,0.08999999999999997,15/18,0.17758764010383493
0.06,0.86,0.07999999999999996,15/18,0.1777335470059216
0.06,0.87,0.06999999999999995,15/18,0.17787945390800827
0.06,0.88,0.05999999999999994,15/18,0.17802536081009493
0.06,0.89,0.04999999999999993,15/18,0.1781712677121816
0.06,0.9,0.039999999999999925,15/18,0.1783171746142683
0.06,0.91,0.029999999999999916,15/18,0.17846308151635498
0.06,0.92,0.019999999999999907,15/18,0.17860898841844164
0.06,0.93,0.009999999999999898,15/18,0.17875489532052832
0.06,0.9400000000000001,-1.1102230246251565e-16,15/18,0.178900802222615
0.07,0.0,0.9299999999999999,18/22,0.003117629973042333
0.07,0.01,0.9199999999999999,18/22,0.007245505842491236
0.07,0.02,0.9099999999999999,18/22,0.011373381711940139
0.07,0.03,0.8999999999999999,18/22,0.015501257581389042
0.07,0.04,0.8899999999999999,18/22,0.019629133450837947
0.07,0.05,0.8799999999999999,18/22,0.02375700932028685
0.07,0.06,0.8699999999999999,18/22,0.027884885189735753
0.07,0.07,0.8599999999999999,18/22,0.03201276105918466
0.07,0.08,0.85,18/22,0.036140636928633556
0.07,0.09,0.84,18/22,0.04026851279808246
0.07,0.1,0.83,18/22,0.044396388667531365
0.07,0.11,0.82,18/22,0.04852426453698026
0.07,0.12,0.8099999999999999,18/22,0.05265214040642917
0.07,0.13,0.7999999999999999,18/22,0.05678001627587807
0.07,0.14,0.7899999999999999,18/22,0.06090789214532698
0.07,0.15,0.7799999999999999,18/22,0.06503576801477588
0.07,0.16,0.7699999999999999,18/22,0.06916364388422479
0.07,0.17,0.7599999999999999,18/22,0.07329151975367369
0.07,0.18,0.75,18/22,0.0774193956231226
0.07,0.19,0.74,18/22,0.0815472714925715
0.07,0.2,0.73,18/22,0.0856751473620204
0.07,0.21,0.72,18/22,0.0898030232314693
0.07,0.22,0.71,18/22,0.0939308991009182
0.07,0.23,0.7,18/22,0.09805877497036712
0.07,0.24,0.69,18/22,0.10218665083981601
0.07,0.25,0.6799999999999999,18/22,0.10631452670926492
0.07,0.26,0.6699999999999999,16/18,0.10843841666451767
0.07,0.27,0.6599999999999999,16/18,0.110259497456385
0.07,0.28,0.6499999999999999,16/18,0.11208057824825231
0.07,0.29,0.6399999999999999,16/18,0.11390165904011959
0.07,0.3,0.6299999999999999,16/18,0.11572273983198691
0.07,0.31,0.6199999999999999,16/18,0.11754382062385421
0.07,0.32,0.6099999999999999,16/18,0.11936490141572154
0.07,0.33,0.5999999999999999,16/18,0.12118598220758883
0.07,0.34,0.5899999999999999,16/18,0.12300706299945614
0.07,0.35000000000000003,0.5799999999999998,16/18,0.12482814379132345
0.07,0.36,0.57,16/18,0.12664922458319078
0.07,0.37,0.5599999999999999,16/18,0.12847030537505807
0.07,0.38,0.5499999999999999,16/18,0.13029138616692537
0.07,0.39,0.5399999999999999,16/18,0.1321124669587927
0.07,0.4,0.5299999999999999,16/18,0.13393354775066002
0.07,0.41000000000000003,0.5199999999999999,16/18,0.1357546285425273
0.07,0.42,0.51,16/18,0.1375757093343946
0.07,0.43,0.49999999999999994,16/18,0.1393967901262619
0.07,0.44,0.48999999999999994,16/18,0.14121787091812923
0.07,0.45,0.4799999999999999,16/18,0.14303895170999653
0.07,0.46,0.4699999999999999,16/18,0.14486003250186386
0.07,0.47000000000000003,0.4599999999999999,16/18,0.14668111329373115
0.07,0.48,0.44999999999999996,16/18,0.14850219408559845
0.07,0.49,0.43999999999999995,16/18,0.15032327487746577
0.07,0.5,0.42999999999999994,16/18,0.15214435566933307
0.07,0.51,0.41999999999999993,16/18,0.1539654364612004
0.07,0.52,0.4099999999999999,16/18,0.1557865172530677
0.07,0.53,0.3999999999999999,16/18,0.15760759804493502
0.07,0.54,0.3899999999999999,16/18,0.15942867883680234
0.07,0.55,0.3799999999999999,16/18,0.16124975962866964
0.07,0.56,0.3699999999999999,16/18,0.16307084042053696
0.07,0.5700000000000001,0.3599999999999999,16/18,0.16489192121240426
0.07,0.58,0.35,16/18,0.16671300200427153
0.07,0.59,0.33999999999999997,16/18,0.16853408279613885
0.07,0.6,0.32999999999999996,16/18,0.17035516358800618
0.07,0.61,0.31999999999999995,16/18,0.17217624437987347
0.07,0.62,0.30999999999999994,15/18,0.1734293735935859
0.07,0.63,0.29999999999999993,15/18,0.17357528049567256
0.07,0.64,0.2899999999999999,15/18,0.17372118739775924
0.07,0.65,0.2799999999999999,15/18,0.17386709429984593
0.07,0.66,0.2699999999999999,15/18,0.1740130012019326
0.07,0.67,0.2599999999999999,15/18,0.1741589081040193
0.07,0.68,0.2499999999999999,15/18,0.17430481500610595
0.07,0.6900000000000001,0.23999999999999988,15/18,0.17445072190819264
0.07,0.7000000000000001,0.22999999999999987,15/18,0.17459662881027932
0.07,0.71,0.21999999999999997,15/18,0.17474253571236598
0.07,0.72,0.20999999999999996,15/18,0.17488844261445263
0.07,0.73,0.19999999999999996,15/18,0.17503434951653934
0.07,0.74,0.18999999999999995,15/18,0.175180256418626
0.07,0.75,0.17999999999999994,15/18,0.17532616332071269
0.07,0.76,0.16999999999999993,15/18,0.17547207022279937
0.07,0.77,0.15999999999999992,15/18,0.17561797712488603
0.07,0.78,0.1499999999999999,15/18,0.17576388402697274
0.07,0.79,0.1399999999999999,15/18,0.1759097909290594
0.07,0.8,0.1299999999999999,15/18,0.17605569783114608
0.07,0.81,0.11999999999999988,15/18,0.17620160473323274
0.07,0.8200000000000001,0.10999999999999988,15/18,0.17634751163531942
0.07,0.8300000000000001,0.09999999999999987,15/18,0.1764934185374061
0.07,0.84,0.08999999999999997,15/18,0.1766393254394928
0.07,0.85,0.07999999999999996,15/18,0.17678523234157947
0.07,0.86,0.06999999999999995,15/18,0.17693113924366613
0.07,0.87,0.05999999999999994,15/18,0.17707704614575281
0.07,0.88,0.04999999999999993,15/18,0.17722295304783947
0.07,0.89,0.039999999999999925,15/18,0.17736885994992618
0.07,0.9,0.029999999999999916,15/18,0.17751476685201284
0.07,0.91,0.019999999999999907,15/18,0.17766067375409952
0.07,0.92,0.009999999999999898,15/18,0.17780658065618618
0.07,0.93,-1.1102230246251565e-16,15/18,0.17795248755827286
0.08,0.0,0.92,18/22,0.003563005683476952
0.08,0.01,0.91,18/22,0.0076908815529258545
0.08,0.02,0.9,18/22,0.011818757422374758
0.08,0.03,0.89,18/22,0.01594663329182366
0.08,0.04,0.88,18/22,0.020074509161272566
0.08,0.05,0.87,18/22,0.02420238503072147
0.08,0.06,0.8600000000000001,18/22,0.028330260900170372
0.08,0.07,0.8500000000000001,18/22,0.03245813676961928
0.08,0.08,0.8400000000000001,18/22,0.036586012639068174
0.08,0.09,0.8300000000000001,18/22,0.04071388850851708
0.08,0.1,0.8200000000000001,18/22,0.044841764377965984
0.08,0.11,0.81,18/22,0.04896964024741488
0.08,0.12,0.8,18/22,0.05309751611686379
0.08,0.13,0.79,18/22,0.05722539198631269
0.08,0.14,0.78,18/22,0.061353267855761597
0.08,0.15,0.77,18/22,0.0654811437252105
0.08,0.16,0.76,18/22,0.0696090195946594
0.08,0.17,0.75,18/22,0.0737368954641083
0.08,0.18,0.74,18/22,0.07786477133355721
0.08,0.19,0.73,18/22,0.08199264720300611
0.08,0.2,0.72,18/22,0.08612052307245502
0.08,0.21,0.7100000000000001,18/22,0.09024839894190391
0.08,0.22,0.7000000000000001,18/22,0.09437627481135281
0.08,0.23,0.6900000000000001,18/22,0.09850415068080173
0.08,0.24,0.68,18/22,0.10263202655025062
0.08,0.25,0.67,18/22,0.10675990241969953
0.08,0.26,0.66,16/18,0.10859417610394165
0.08,0.27,0.65,16/18,0.11041525689580897
0.08,0.28,0.64,16/18,0.11223633768767627
0.08,0.29,0.6300000000000001,16/18,0.11405741847954357
0.08,0.3,0.6200000000000001,16/18,0.11587849927141089
0.08,0.31,0.6100000000000001,16/18,0.1176995800632782
0.08,0.32,0.6000000000000001,16/18,0.11952066085514551
0.08,0.33,0.5900000000000001,16/18,0.12134174164701281
0.08,0.34,0.5800000000000001,16/18,0.12316282243888013
0.08,0.35000000000000003,0.5700000000000001,16/18,0.12498390323074743
0.08,0.36,0.56,16/18,0.12680498402261475
0.08,0.37,0.55,16/18,0.12862606481448202
0.08,0.38,0.54,16/18,0.13044714560634935
0.08,0.39,0.53,16/18,0.13226822639821667
0.08,0.4,0.52,16/18,0.13408930719008397
0.08,0.41000000000000003,0.51,16/18,0.13591038798195126
0.08,0.42,0.5,16/18,0.1377314687738186
0.08,0.43,0.49000000000000005,16/18,0.13955254956568588
0.08,0.44,0.48000000000000004,16/18,0.1413736303575532
0.08,0.45,0.47000000000000003,16/18,0.1431947111494205
0.08,0.46,0.46,16/18,0.14501579194128783
0.08,0.47000000000000003,0.45,16/18,0.14683687273315513
0.08,0.48,0.44000000000000006,16/18,0.14865795352502242
0.08,0.49,0.43000000000000005,16/18,0.15047903431688975
0.08,0.5,0.42000000000000004,16/18,0.15230011510875704
0.08,0.51,0.41000000000000003,16/18,0.15412119590062437
0.08,0.52,0.4,16/18,0.15594227669249164
0.08,0.53,0.39,16/18,0.15776335748435896
0.08,0.54,0.38,16/18,0.15958443827622626
0.08,0.55,0.37,16/18,0.16140551906809358
0.08,0.56,0.36,16/18,0.1632265998599609
0.08,0.5700000000000001,0.35,16/18,0.1650476806518282
0.08,0.58,0.3400000000000001,16/18,0.16686876144369547
0.08,0.59,0.33000000000000007,16/18,0.1686898422355628
0.08,0.6,0.32000000000000006,16/18,0.1705109230274301
0.08,0.61,0.31000000000000005,16/18,0.17233200381929742
0.08,0.62,0.30000000000000004,15/18,0.17262696583133047
0.08,0.63,0.29000000000000004,15/18,0.17277287273341715
0.08,0.64,0.28,15/18,0.1729187796355038
0.08,0.65,0.27,15/18,0.1730646865375905
0.08,0.66,0.26,15/18,0.1732105934396772
0.08,0.67,0.25,15/18,0.17335650034176386
0.08,0.68,0.24,15/18,0.17350240724385052
0.08,0.6900000000000001,0.22999999999999998,15/18,0.1736483141459372
0.08,0.7000000000000001,0.21999999999999997,15/18,0.1737942210480239
0.08,0.71,0.21000000000000008,15/18,0.17394012795011055
0.08,0.72,0.20000000000000007,15/18,0.17408603485219726
0.08,0.73,0.19000000000000006,15/18,0.17423194175428391
0.08,0.74,0.18000000000000005,15/18,0.17437784865637057
0.08,0.75,0.17000000000000004,15/18,0.17452375555845726
0.08,0.76,0.16000000000000003,15/18,0.17466966246054394
0.08,0.77,0.15000000000000002,15/18,0.17481556936263062
0.08,0.78,0.14,15/18,0.17496147626471734
0.08,0.79,0.13,15/18,0.17510738316680396
0.08,0.8,0.12,15/18,0.17525329006889065
0.08,0.81,0.10999999999999999,15/18,0.17539919697097733
0.08,0.8200000000000001,0.09999999999999998,15/18,0.17554510387306402
0.08,0.8300000000000001,0.08999999999999997,15/18,0.17569101077515067
0.08,0.84,0.08000000000000007,15/18,0.17583691767723736
0.08,0.85,0.07000000000000006,15/18,0.17598282457932407
0.08,0.86,0.06000000000000005,15/18,0.1761287314814107
0.08,0.87,0.050000000000000044,15/18,0.17627463838349738
0.08,0.88,0.040000000000000036,15/18,0.17642054528558407
0.08,0.89,0.030000000000000027,15/18,0.17656645218767075
0.08,0.9,0.020000000000000018,15/18,0.1767123590897574
0.08,0.91,0.010000000000000009,15/18,0.1768582659918441
0.08,0.92,0.0,15/18,0.17700417289393078
0.09,0.0,0.91,18/22,0.004008381393911571
0.09,0.01,0.9,18/22,0.008136257263360473
0.09,0.02,0.89,18/22,0.012264133132809378
0.09,0.03,0.88,18/22,0.01639200900225828
0.09,0.04,0.87,18/22,0.020519884871707184
0.09,0.05,0.86,18/22,0.02464776074115609
0.09,0.06,0.8500000000000001,18/22,0.02877563661060499
0.09,0.07,0.8400000000000001,18/22,0.032903512480053895
0.09,0.08,0.8300000000000001,18/22,0.03703138834950279
0.09,0.09,0.8200000000000001,18/22,0.0411592642189517
0.09,0.1,0.81,18/22,0.0452871400884006
0.09,0.11,0.8,18/22,0.0494150159578495
0.09,0.12,0.79,18/22,0.053542891827298406
0.09,0.13,0.78,18/22,0.05767076769674731
0.09,0.14,0.77,18/22,0.061798643566196215
0.09,0.15,0.76,18/22,0.06592651943564512
0.09,0.16,0.75,18/22,0.07005439530509402
0.09,0.17,0.74,18/22,0.07418227117454293
0.09,0.18,0.73,18/22,0.07831014704399183
0.09,0.19,0.72,18/22,0.08243802291344074
0.09,0.2,0.71,18/22,0.08656589878288964
0.09,0.21,0.7000000000000001,18/22,0.09069377465233854
0.09,0.22,0.6900000000000001,18/22,0.09482165052178744
0.09,0.23,0.68,18/22,0.09894952639123636
0.09,0.24,0.67,18/22,0.10307740226068525
0.09,0.25,0.66,16/18,0.1069288547514983
0.09,0.26,0.65,16/18,0.1087499355433656
0.09,0.27,0.64,16/18,0.11057101633523292
0.09,0.28,0.63,16/18,0.11239209712710023
0.09,0.29,0.6200000000000001,16/18,0.11421317791896751
0.09,0.3,0.6100000000000001,16/18,0.11603425871083484
0.09,0.31,0.6000000000000001,16/18,0.11785533950270215
0.09,0.32,0.5900000000000001,16/18,0.11967642029456946
0.09,0.33,0.5800000000000001,16/18,0.12149750108643675
0.09,0.34,0.5700000000000001,16/18,0.12331858187830408
0.09,0.35000000000000003,0.56,16/18,0.1251396626701714
0.09,0.36,0.55,16/18,0.12696074346203867
0.09,0.37,0.54,16/18,0.128781824253906
0.09,0.38,0.53,16/18,0.1306029050457733
0.09,0.39,0.52,16/18,0.13242398583764062
0.09,0.4,0.51,16/18,0.13424506662950791
0.09,0.41000000000000003,0.5,16/18,0.13606614742137524
0.09,0.42,0.49000000000000005,16/18,0.13788722821324254
0.09,0.43,0.48000000000000004,16/18,0.13970830900510983
0.09,0.44,0.47000000000000003,16/18,0.14152938979697716
0.09,0.45,0.46,16/18,0.14335047058884445
0.09,0.46,0.45,16/18,0.14517155138071178
0.09,0.47000000000000003,0.44,16/18,0.14699263217257907
0.09,0.48,0.43000000000000005,16/18,0.1488137129644464
0.09,0.49,0.42000000000000004,16/18,0.1506347937563137
0.09,0.5,0.41000000000000003,16/18,0.15245587454818102
0.09,0.51,0.4,16/18,0.15427695534004832
0.09,0.52,0.39,16/18,0.1560980361319156
0.09,0.53,0.38,16/18,0.1579191169237829
0.09,0.54,0.37,16/18,0.15974019771565023
0.09,0.55,0.36,16/18,0.16156127850751756
0.09,0.56,0.35,16/18,0.16338235929938486
0.09,0.5700000000000001,0.33999999999999997,16/18,0.16520344009125218
0.09,0.58,0.33000000000000007,16/18,0.16702452088311945
0.09,0.59,0.32000000000000006,16/18,0.16884560167498674
0.09,0.6,0.31000000000000005,16/18,0.17066668246685407
0.09,0.61,0.30000000000000004,15/18,0.17167865116698836
0.09,0.62,0.29000000000000004,15/18,0.17182455806907504
0.09,0.63,0.28,15/18,0.17197046497116172
0.09,0.64,0.27,15/18,0.17211637187324838
0.09,0.65,0.26,15/18,0.17226227877533506
0.09,0.66,0.25,15/18,0.17240818567742175
0.09,0.67,0.24,15/18,0.1725540925795084
0.09,0.68,0.22999999999999998,15/18,0.1726999994815951
0.09,0.6900000000000001,0.21999999999999997,15/18,0.17284590638368177
0.09,0.7000000000000001,0.20999999999999996,15/18,0.17299181328576846
0.09,0.71,0.20000000000000007,15/18,0.17313772018785512
0.09,0.72,0.19000000000000006,15/18,0.17328362708994177
0.09,0.73,0.18000000000000005,15/18,0.17342953399202848
0.09,0.74,0.17000000000000004,15/18,0.17357544089411514
0.09,0.75,0.16000000000000003,15/18,0.17372134779620182
0.09,0.76,0.15000000000000002,15/18,0.1738672546982885
0.09,0.77,0.14,15/18,0.1740131616003752
0.09,0.78,0.13,15/18,0.17415906850246188
0.09,0.79,0.12,15/18,0.17430497540454853
0.09,0.8,0.10999999999999999,15/18,0.17445088230663522
0.09,0.81,0.09999999999999998,15/18,0.17459678920872188
0.09,0.8200000000000001,0.08999999999999997,15/18,0.1747426961108086
0.09,0.8300000000000001,0.07999999999999996,15/18,0.17488860301289524
0.09,0.84,0.07000000000000006,15/18,0.17503450991498193
0.09,0.85,0.06000000000000005,15/18,0.1751804168170686
0.09,0.86,0.050000000000000044,15/18,0.17532632371915527
0.09,0.87,0.040000000000000036,15/18,0.17547223062124195
0.09,0.88,0.030000000000000027,15/18,0.1756181375233286
0.09,0.89,0.020000000000000018,15/18,0.17576404442541532
0.09,0.9,0.010000000000000009,15/18,0.17590995132750198
0.09,0.91,0.0,15/18,0.17605585822958866
0.1,0.0,0.9,18/22,0.00445375710434619
0.1,0.01,0.89,18/22,0.008581632973795092
0.1,0.02,0.88,18/22,0.012709508843243997
0.1,0.03,0.87,18/22,0.016837384712692898
0.1,0.04,0.86,18/22,0.020965260582141803
0.1,0.05,0.85,18/22,0.025093136451590708
0.1,0.06,0.8400000000000001,18/22,0.02922101232103961
0.1,0.07,0.8300000000000001,18/22,0.033348888190488514
0.1,0.08,0.8200000000000001,18/22,0.03747676405993741
0.1,0.09,0.81,18/22,0.04160463992938632
0.1,0.1,0.8,18/22,0.04573251579883522
0.1,0.11,0.79,18/22,0.04986039166828412
0.1,0.12,0.78,18/22,0.053988267537733024
0.1,0.13,0.77,18/22,0.05811614340718193
0.1,0.14,0.76,18/22,0.062244019276630834
0.1,0.15,0.75,18/22,0.06637189514607973
0.1,0.16,0.74,18/22,0.07049977101552864
0.1,0.17,0.73,18/22,0.07462764688497754
0.1,0.18,0.72,18/22,0.07875552275442645
0.1,0.19,0.71,18/22,0.08288339862387535
0.1,0.2,0.7,18/22,0.08701127449332426
0.1,0.21,0.6900000000000001,18/22,0.09113915036277315
0.1,0.22,0.68,18/22,0.09526702623222205
0.1,0.23,0.67,18/22,0.09939490210167097
0.1,0.24,0.66,18/22,0.10352277797111986
0.1,0.25,0.65,16/18,0.10708461419092224
0.1,0.26,0.64,16/18,0.10890569498278954
0.1,0.27,0.63,16/18,0.11072677577465687
0.1,0.28,0.62,16/18,0.11254785656652418
0.1,0.29,0.6100000000000001,16/18,0.11436893735839147
0.1,0.3,0.6000000000000001,16/18,0.11619001815025878
0.1,0.31,0.5900000000000001,16/18,0.1180110989421261
0.1,0.32,0.5800000000000001,16/18,0.1198321797339934
0.1,0.33,0.5700000000000001,16/18,0.1216532605258607
0.1,0.34,0.56,16/18,0.12347434131772803
0.1,0.35000000000000003,0.55,16/18,0.12529542210959532
0.1,0.36,0.54,16/18,0.12711650290146265
0.1,0.37,0.53,16/18,0.12893758369332994
0.1,0.38,0.52,16/18,0.13075866448519724
0.1,0.39,0.51,16/18,0.13257974527706456
0.1,0.4,0.5,16/18,0.1344008260689319
0.1,0.41000000000000003,0.49,16/18,0.13622190686079919
0.1,0.42,0.48000000000000004,16/18,0.13804298765266648
0.1,0.43,0.47000000000000003,16/18,0.13986406844453378
0.1,0.44,0.46,16/18,0.1416851492364011
0.1,0.45,0.45,16/18,0.1435062300282684
0.1,0.46,0.44,16/18,0.14532731082013572
0.1,0.47000000000000003,0.43,16/18,0.14714839161200302
0.1,0.48,0.42000000000000004,16/18,0.14896947240387032
0.1,0.49,0.41000000000000003,16/18,0.15079055319573764
0.1,0.5,0.4,16/18,0.15261163398760494
0.1,0.51,0.39,16/18,0.15443271477947226
0.1,0.52,0.38,16/18,0.15625379557133956
0.1,0.53,0.37,16/18,0.15807487636320688
0.1,0.54,0.36,16/18,0.1598959571550742
0.1,0.55,0.35,16/18,0.1617170379469415
0.1,0.56,0.33999999999999997,16/18,0.16353811873880883
0.1,0.5700000000000001,0.32999999999999996,16/18,0.16535919953067613
0.1,0.58,0.32000000000000006,16/18,0.1671802803225434
0.1,0.59,0.31000000000000005,16/18,0.16900136111441072
0.1,0.6,0.30000000000000004,15/18,0.17073033650264624
0.1,0.61,0.29000000000000004,15/18,0.1708762434047329
0.1,0.62,0.28,15/18,0.17102215030681958
0.1,0.63,0.27,15/18,0.17116805720890627
0.1,0.64,0.26,15/18,0.17131396411099292
0.1,0.65,0.25,15/18,0.17145987101307963
0.1,0.66,0.24,15/18,0.1716057779151663
0.1,0.67,0.22999999999999998,15/18,0.17175168481725298
0.1,0.68,0.21999999999999997,15/18,0.17189759171933963
0.1,0.6900000000000001,0.20999999999999996,15/18,0.17204349862142632
0.1,0.7000000000000001,0.19999999999999996,15/18,0.172189405523513
0.1,0.71,0.19000000000000006,15/18,0.17233531242559968
0.1,0.72,0.18000000000000005,15/18,0.17248121932768634
0.1,0.73,0.17000000000000004,15/18,0.17262712622977303
0.1,0.74,0.16000000000000003,15/18,0.17277303313185968
0.1,0.75,0.15000000000000002,15/18,0.17291894003394637
0.1,0.76,0.14,15/18,0.17306484693603308
0.1,0.77,0.13,15/18,0.17321075383811974
0.1,0.78,0.12,15/18,0.17335666074020642
0.1,0.79,0.10999999999999999,15/18,0.17350256764229308
0.1,0.8,0.09999999999999998,15/18,0.17364847454437976
0.1,0.81,0.08999999999999997,15/18,0.17379438144646644
0.1,0.8200000000000001,0.07999999999999996,15/18,0.17394028834855313
0.1,0.8300000000000001,0.06999999999999995,15/18,0.17408619525063979
0.1,0.84,0.06000000000000005,15/18,0.17423210215272647
0.1,0.85,0.050000000000000044,15/18,0.17437800905481315
0.1,0.86,0.040000000000000036,15/18,0.1745239159568998
0.1,0.87,0.030000000000000027,15/18,0.1746698228589865
0.1,0.88,0.020000000000000018,15/18,0.17481572976107318
0.1,0.89,0.010000000000000009,15/18,0.17496163666315986
0.1,0.9,0.0,15/18,0.17510754356524652
0.11,0.0,0.89,18/22,0.004899132814780809
0.11,0.01,0.88,18/22,0.009027008684229712
0.11,0.02,0.87,18/22,0.013154884553678615
0.11,0.03,0.86,18/22,0.01728276042312752
0.11,0.04,0.85,18/22,0.02141063629257642
0.11,0.05,0.84,18/22,0.025538512162025327
0.11,0.06,0.8300000000000001,18/22,0.029666388031474228
0.11,0.07,0.8200000000000001,18/22,0.03379426390092313
0.11,0.08,0.81,18/22,0.03792213977037204
0.11,0.09,0.8,18/22,0.04205001563982094
0.11,0.1,0.79,18/22,0.04617789150926985
0.11,0.11,0.78,18/22,0.05030576737871874
0.11,0.12,0.77,18/22,0.05443364324816764
0.11,0.13,0.76,18/22,0.05856151911761655
0.11,0.14,0.75,18/22,0.06268939498706545
0.11,0.15,0.74,18/22,0.06681727085651436
0.11,0.16,0.73,18/22,0.07094514672596326
0.11,0.17,0.72,18/22,0.07507302259541217
0.11,0.18,0.71,18/22,0.07920089846486107
0.11,0.19,0.7,18/22,0.08332877433430998
0.11,0.2,0.69,18/22,0.08745665020375888
0.11,0.21,0.68,18/22,0.09158452607320777
0.11,0.22,0.67,18/22,0.09571240194265668
0.11,0.23,0.66,18/22,0.0998402778121056
0.11,0.24,0.65,18/22,0.10396815368155449
0.11,0.25,0.64,16/18,0.10724037363034619
0.11,0.26,0.63,16/18,0.10906145442221352
0.11,0.27,0.62,16/18,0.11088253521408083
0.11,0.28,0.61,16/18,0.11270361600594814
0.11,0.29,0.6000000000000001,16/18,0.11452469679781543
0.11,0.3,0.5900000000000001,16/18,0.11634577758968274
0.11,0.31,0.5800000000000001,16/18,0.11816685838155006
0.11,0.32,0.5700000000000001,16/18,0.11998793917341738
0.11,0.33,0.56,16/18,0.12180901996528468
0.11,0.34,0.55,16/18,0.12363010075715199
0.11,0.35000000000000003,0.54,16/18,0.1254511815490193
0.11,0.36,0.53,16/18,0.1272722623408866
0.11,0.37,0.52,16/18,0.1290933431327539
0.11,0.38,0.51,16/18,0.13091442392462121
0.11,0.39,0.5,16/18,0.13273550471648854
0.11,0.4,0.49,16/18,0.13455658550835584
0.11,0.41000000000000003,0.48,16/18,0.13637766630022313
0.11,0.42,0.47000000000000003,16/18,0.13819874709209043
0.11,0.43,0.46,16/18,0.14001982788395775
0.11,0.44,0.45,16/18,0.14184090867582508
0.11,0.45,0.44,16/18,0.14366198946769237
0.11,0.46,0.43,16/18,0.14548307025955967
0.11,0.47000000000000003,0.42,16/18,0.147304151051427
0.11,0.48,0.41000000000000003,16/18,0.1491252318432943
0.11,0.49,0.4,16/18,0.1509463126351616
0.11,0.5,0.39,16/18,0.1527673934270289
0.11,0.51,0.38,16/18,0.1545884742188962
0.11,0.52,0.37,16/18,0.1564095550107635
0.11,0.53,0.36,16/18,0.15823063580263083
0.11,0.54,0.35,16/18,0.16005171659449813
0.11,0.55,0.33999999999999997,16/18,0.16187279738636545
0.11,0.56,0.32999999999999996,16/18,0.16369387817823278
0.11,0.5700000000000001,0.31999999999999995,16/18,0.16551495897010007
0.11,0.58,0.31000000000000005,16/18,0.16733603976196734
0.11,0.59,0.30000000000000004,16/18,0.16915712055383464
0.11,0.6,0.29000000000000004,15/18,0.1699279287403908
0.11,0.61,0.28,15/18,0.17007383564247747
0.11,0.62,0.27,15/18,0.17021974254456415
0.11,0.63,0.26,15/18,0.17036564944665084
0.11,0.64,0.25,15/18,0.17051155634873752
0.11,0.65,0.24,15/18,0.17065746325082418
0.11,0.66,0.22999999999999998,15/18,0.17080337015291086
0.11,0.67,0.21999999999999997,15/18,0.17094927705499752
0.11,0.68,0.20999999999999996,15/18,0.17109518395708423
0.11,0.6900000000000001,0.19999999999999996,15/18,0.1712410908591709
0.11,0.7000000000000001,0.18999999999999995,15/18,0.17138699776125757
0.11,0.71,0.18000000000000005,15/18,0.17153290466334425
0.11,0.72,0.17000000000000004,15/18,0.1716788115654309
0.11,0.73,0.16000000000000003,15/18,0.1718247184675176
0.11,0.74,0.15000000000000002,15/18,0.17197062536960425
0.11,0.75,0.14,15/18,0.17211653227169096
0.11,0.76,0.13,15/18,0.17226243917377765
0.11,0.77,0.12,15/18,0.1724083460758643
0.11,0.78,0.10999999999999999,15/18,0.172554252977951
0.11,0.79,0.09999999999999998,15/18,0.17270015988003765
0.11,0.8,0.08999999999999997,15/18,0.17284606678212436
0.11,0.81,0.07999999999999996,15/18,0.17299197368421101
0.11,0.8200000000000001,0.06999999999999995,15/18,0.1731378805862977
0.11,0.8300000000000001,0.05999999999999994,15/18,0.17328378748838436
0.11,0.84,0.050000000000000044,15/18,0.17342969439047104
0.11,0.85,0.040000000000000036,15/18,0.17357560129255772
0.11,0.86,0.030000000000000027,15/18,0.17372150819464438
0.11,0.87,0.020000000000000018,15/18,0.1738674150967311
0.11,0.88,0.010000000000000009,15/18,0.17401332199881775
0.11,0.89,0.0,15/18,0.17415922890090443
0.12,0.0,0.88,18/22,0.005344508525215428
0.12,0.01,0.87,18/22,0.009472384394664331
0.12,0.02,0.86,18/22,0.013600260264113234
0.12,0.03,0.85,18/22,0.01772813613356214
0.12,0.04,0.84,18/22,0.02185601200301104
0.12,0.05,0.83,18/22,0.025983887872459945
0.12,0.06,0.8200000000000001,18/22,0.030111763741908847
0.12,0.07,0.81,18/22,0.03423963961135775
0.12,0.08,0.8,18/22,0.03836751548080665
0.12,0.09,0.79,18/22,0.042495391350255554
0.12,0.1,0.78,18/22,0.04662326721970446
0.12,0.11,0.77,18/22,0.050751143089153364
0.12,0.12,0.76,18/22,0.05487901895860227
0.12,0.13,0.75,18/22,0.059006894828051173
0.12,0.14,0.74,18/22,0.06313477069750008
0.12,0.15,0.73,18/22,0.06726264656694897
0.12,0.16,0.72,18/22,0.07139052243639787
0.12,0.17,0.71,18/22,0.07551839830584678
0.12,0.18,0.7,18/22,0.07964627417529568
0.12,0.19,0.69,18/22,0.08377415004474459
0.12,0.2,0.6799999999999999,18/22,0.0879020259141935
0.12,0.21,0.67,18/22,0.09202990178364238
0.12,0.22,0.66,18/22,0.09615777765309129
0.12,0.23,0.65,18/22,0.10028565352254021
0.12,0.24,0.64,18/22,0.1044135293919891
0.12,0.25,0.63,16/18,0.10739613306977017
0.12,0.26,0.62,16/18,0.10921721386163746
0.12,0.27,0.61,16/18,0.11103829465350479
0.12,0.28,0.6,16/18,0.11285937544537208
0.12,0.29,0.5900000000000001,16/18,0.11468045623723938
0.12,0.3,0.5800000000000001,16/18,0.1165015370291067
0.12,0.31,0.5700000000000001,16/18,0.118322617820974
0.12,0.32,0.56,16/18,0.12014369861284133
0.12,0.33,0.55,16/18,0.12196477940470862
0.12,0.34,0.54,16/18,0.12378586019657593
0.12,0.35000000000000003,0.53,16/18,0.12560694098844324
0.12,0.36,0.52,16/18,0.12742802178031054
0.12,0.37,0.51,16/18,0.12924910257217784
0.12,0.38,0.5,16/18,0.13107018336404516
0.12,0.39,0.49,16/18,0.1328912641559125
0.12,0.4,0.48,16/18,0.13471234494777978
0.12,0.41000000000000003,0.47,16/18,0.13653342573964708
0.12,0.42,0.46,16/18,0.13835450653151438
0.12,0.43,0.45,16/18,0.1401755873233817
0.12,0.44,0.44,16/18,0.14199666811524903
0.12,0.45,0.43,16/18,0.14381774890711632
0.12,0.46,0.42,16/18,0.14563882969898362
0.12,0.47000000000000003,0.41,16/18,0.14745991049085094
0.12,0.48,0.4,16/18,0.14928099128271824
0.12,0.49,0.39,16/18,0.15110207207458556
0.12,0.5,0.38,16/18,0.15292315286645286
0.12,0.51,0.37,16/18,0.15474423365832018
0.12,0.52,0.36,16/18,0.15656531445018748
0.12,0.53,0.35,16/18,0.15838639524205478
0.12,0.54,0.33999999999999997,16/18,0.1602074760339221
0.12,0.55,0.32999999999999996,16/18,0.16202855682578943
0.12,0.56,0.31999999999999995,16/18,0.16384963761765672
0.12,0.5700000000000001,0.30999999999999994,16/18,0.16567071840952405
0.12,0.58,0.30000000000000004,16/18,0.1674917992013913
0.12,0.59,0.29000000000000004,15/18,0.16897961407604867
0.12,0.6,0.28,15/18,0.16912552097813535
0.12,0.61,0.27,15/18,0.169271427880222
0.12,0.62,0.26,15/18,0.1694173347823087
0.12,0.63,0.25,15/18,0.1695632416843954
0.12,0.64,0.24,15/18,0.16970914858648206
0.12,0.65,0.22999999999999998,15/18,0.16985505548856875
0.12,0.66,0.21999999999999997,15/18,0.1700009623906554
0.12,0.67,0.20999999999999996,15/18,0.1701468692927421
0.12,0.68,0.19999999999999996,15/18,0.17029277619482877
0.12,0.6900000000000001,0.18999999999999995,15/18,0.17043868309691546
0.12,0.7000000000000001,0.17999999999999994,15/18,0.1705845899990021
0.12,0.71,0.17000000000000004,15/18,0.1707304969010888
0.12,0.72,0.16000000000000003,15/18,0.17087640380317545
0.12,0.73,0.15000000000000002,15/18,0.17102231070526214
0.12,0.74,0.14,15/18,0.17116821760734882
0.12,0.75,0.13,15/18,0.1713141245094355
0.12,0.76,0.12,15/18,0.1714600314115222
0.12,0.77,0.10999999999999999,15/18,0.17160593831360885
0.12,0.78,0.09999999999999998,15/18,0.17175184521569553
0.12,0.79,0.08999999999999997,15/18,0.17189775211778222
0.12,0.8,0.07999999999999996,15/18,0.1720436590198689
0.12,0.81,0.06999999999999995,15/18,0.17218956592195556
0.12,0.8200000000000001,0.05999999999999994,15/18,0.17233547282404224
0.12,0.8300000000000001,0.04999999999999993,15/18,0.1724813797261289
0.12,0.84,0.040000000000000036,15/18,0.17262728662821558
0.12,0.85,0.030000000000000027,15/18,0.17277319353030227
0.12,0.86,0.020000000000000018,15/18,0.17291910043238895
0.12,0.87,0.010000000000000009,15/18,0.17306500733447563
0.12,0.88,0.0,15/18,0.1732109142365623
0.13,0.0,0.87,18/22,0.005789884235650047
0.13,0.01,0.86,18/22,0.00991776010509895
0.13,0.02,0.85,18/22,0.014045635974547853
0.13,0.03,0.84,18/22,0.018173511843996758
0.13,0.04,0.83,18/22,0.02230138771344566
0.13,0.05,0.82,18/22,0.026429263582894564
0.13,0.06,0.81,18/22,0.030557139452343465
0.13,0.07,0.8,18/22,0.03468501532179237
0.13,0.08,0.79,18/22,0.038812891191241275
0.13,0.09,0.78,18/22,0.04294076706069018
0.13,0.1,0.77,18/22,0.047068642930139085
0.13,0.11,0.76,18/22,0.051196518799587976
0.13,0.12,0.75,18/22,0.05532439466903688
0.13,0.13,0.74,18/22,0.059452270538485785
0.13,0.14,0.73,18/22,0.06358014640793469
0.13,0.15,0.72,18/22,0.0677080222773836
0.13,0.16,0.71,18/22,0.0718358981468325
0.13,0.17,0.7,18/22,0.0759637740162814
0.13,0.18,0.69,18/22,0.08009164988573031
0.13,0.19,0.6799999999999999,18/22,0.08421952575517921
0.13,0.2,0.6699999999999999,18/22,0.08834740162462812
0.13,0.21,0.66,18/22,0.09247527749407701
0.13,0.22,0.65,18/22,0.09660315336352591
0.13,0.23,0.64,18/22,0.10073102923297483
0.13,0.24,0.63,18/22,0.10485890510242372
0.13,0.25,0.62,16/18,0.10755189250919411
0.13,0.26,0.61,16/18,0.10937297330106141
0.13,0.27,0.6,16/18,0.11119405409292873
0.13,0.28,0.59,16/18,0.11301513488479603
0.13,0.29,0.5800000000000001,16/18,0.11483621567666333
0.13,0.3,0.5700000000000001,16/18,0.11665729646853065
0.13,0.31,0.56,16/18,0.11847837726039796
0.13,0.32,0.55,16/18,0.12029945805226527
0.13,0.33,0.54,16/18,0.12212053884413258
0.13,0.34,0.53,16/18,0.1239416196359999
0.13,0.35000000000000003,0.52,16/18,0.12576270042786722
0.13,0.36,0.51,16/18,0.1275837812197345
0.13,0.37,0.5,16/18,0.1294048620116018
0.13,0.38,0.49,16/18,0.13122594280346914
0.13,0.39,0.48,16/18,0.13304702359533643
0.13,0.4,0.47,16/18,0.13486810438720376
0.13,0.41000000000000003,0.45999999999999996,16/18,0.13668918517907103
0.13,0.42,0.45,16/18,0.13851026597093835
0.13,0.43,0.44,16/18,0.14033134676280568
0.13,0.44,0.43,16/18,0.14215242755467297
0.13,0.45,0.42,16/18,0.14397350834654027
0.13,0.46,0.41,16/18,0.1457945891384076
0.13,0.47000000000000003,0.39999999999999997,16/18,0.1476156699302749
0.13,0.48,0.39,16/18,0.14943675072214221
0.13,0.49,0.38,16/18,0.1512578315140095
0.13,0.5,0.37,16/18,0.1530789123058768
0.13,0.51,0.36,16/18,0.15489999309774413
0.13,0.52,0.35,16/18,0.15672107388961143
0.13,0.53,0.33999999999999997,16/18,0.15854215468147875
0.13,0.54,0.32999999999999996,16/18,0.16036323547334608
0.13,0.55,0.31999999999999995,16/18,0.16218431626521337
0.13,0.56,0.30999999999999994,16/18,0.1640053970570807
0.13,0.5700000000000001,0.29999999999999993,16/18,0.165826477848948
0.13,0.58,0.29000000000000004,16/18,0.16764755864081526
0.13,0.59,0.28,15/18,0.16817720631379324
0.13,0.6,0.27,15/18,0.1683231132158799
0.13,0.61,0.26,15/18,0.16846902011796658
0.13,0.62,0.25,15/18,0.16861492702005326
0.13,0.63,0.24,15/18,0.16876083392213995
0.13,0.64,0.22999999999999998,15/18,0.16890674082422663
0.13,0.65,0.21999999999999997,15/18,0.1690526477263133
0.13,0.66,0.20999999999999996,15/18,0.1691985546284
0.13,0.67,0.19999999999999996,15/18,0.16934446153048666
0.13,0.68,0.18999999999999995,15/18,0.16949036843257334
0.13,0.6900000000000001,0.17999999999999994,15/18,0.16963627533466002
0.13,0.7000000000000001,0.16999999999999993,15/18,0.16978218223674668
0.13,0.71,0.16000000000000003,15/18,0.16992808913883337
0.13,0.72,0.15000000000000002,15/18,0.17007399604092002
0.13,0.73,0.14,15/18,0.17021990294300673
0.13,0.74,0.13,15/18,0.1703658098450934
0.13,0.75,0.12,15/18,0.17051171674718008
0.13,0.76,0.10999999999999999,15/18,0.17065762364926676
0.13,0.77,0.09999999999999998,15/18,0.17080353055135342
0.13,0.78,0.08999999999999997,15/18,0.17094943745344013
0.13,0.79,0.07999999999999996,15/18,0.17109534435552678
0.13,0.8,0.06999999999999995,15/18,0.17124125125761347
0.13,0.81,0.05999999999999994,15/18,0.17138715815970013
0.13,0.8200000000000001,0.04999999999999993,15/18,0.1715330650617868
0.13,0.8300000000000001,0.039999999999999925,15/18,0.1716789719638735
0.13,0.84,0.030000000000000027,15/18,0.17182487886596015
0.13,0.85,0.020000000000000018,15/18,0.17197078576804686
0.13,0.86,0.010000000000000009,15/18,0.17211669267013352
0.13,0.87,0.0,15/18,0.1722625995722202
0.14,0.0,0.86,18/22,0.006235259946084666
0.14,0.01,0.85,18/22,0.01036313581553357
0.14,0.02,0.84,18/22,0.014491011684982472
0.14,0.03,0.83,18/22,0.018618887554431376
0.14,0.04,0.82,18/22,0.022746763423880278
0.14,0.05,0.8099999999999999,18/22,0.026874639293329183
0.14,0.06,0.8,18/22,0.031002515162778084
0.14,0.07,0.79,18/22,0.03513039103222699
0.14,0.08,0.78,18/22,0.039258266901675894
0.14,0.09,0.77,18/22,0.0433861427711248
0.14,0.1,0.76,18/22,0.0475140186405737
0.14,0.11,0.75,18/22,0.0516418945100226
0.14,0.12,0.74,18/22,0.055769770379471506
0.14,0.13,0.73,18/22,0.05989764624892041
0.14,0.14,0.72,18/22,0.06402552211836932
0.14,0.15,0.71,18/22,0.0681533979878182
0.14,0.16,0.7,18/22,0.07228127385726711
0.14,0.17,0.69,18/22,0.07640914972671602
0.14,0.18,0.6799999999999999,18/22,0.08053702559616492
0.14,0.19,0.6699999999999999,18/22,0.08466490146561383
0.14,0.2,0.6599999999999999,18/22,0.08879277733506273
0.14,0.21,0.65,18/22,0.09292065320451162
0.14,0.22,0.64,18/22,0.09704852907396053
0.14,0.23,0.63,18/22,0.10117640494340945
0.14,0.24,0.62,18/22,0.10530428081285834
0.14,0.25,0.61,16/18,0.10770765194861806
0.14,0.26,0.6,16/18,0.10952873274048538
0.14,0.27,0.59,16/18,0.11134981353235268
0.14,0.28,0.58,16/18,0.11317089432422
0.14,0.29,0.5700000000000001,16/18,0.1149919751160873
0.14,0.3,0.56,16/18,0.11681305590795461
0.14,0.31,0.55,16/18,0.11863413669982192
0.14,0.32,0.54,16/18,0.12045521749168923
0.14,0.33,0.53,16/18,0.12227629828355654
0.14,0.34,0.52,16/18,0.12409737907542384
0.14,0.35000000000000003,0.51,16/18,0.12591845986729117
0.14,0.36,0.5,16/18,0.12773954065915846
0.14,0.37,0.49,16/18,0.12956062145102576
0.14,0.38,0.48,16/18,0.13138170224289308
0.14,0.39,0.47,16/18,0.13320278303476038
0.14,0.4,0.45999999999999996,16/18,0.1350238638266277
0.14,0.41000000000000003,0.44999999999999996,16/18,0.136844944618495
0.14,0.42,0.44,16/18,0.1386660254103623
0.14,0.43,0.43,16/18,0.14048710620222962
0.14,0.44,0.42,16/18,0.14230818699409692
0.14,0.45,0.41,16/18,0.14412926778596424
0.14,0.46,0.39999999999999997,16/18,0.14595034857783154
0.14,0.47000000000000003,0.38999999999999996,16/18,0.14777142936969886
0.14,0.48,0.38,16/18,0.14959251016156616
0.14,0.49,0.37,16/18,0.15141359095343346
0.14,0.5,0.36,16/18,0.15323467174530078
0.14,0.51,0.35,16/18,0.15505575253716808
0.14,0.52,0.33999999999999997,16/18,0.15687683332903538
0.14,0.53,0.32999999999999996,16/18,0.15869791412090267
0.14,0.54,0.31999999999999995,16/18,0.16051899491277
0.14,0.55,0.30999999999999994,16/18,0.16234007570463732
0.14,0.56,0.29999999999999993,16/18,0.16416115649650462
0.14,0.5700000000000001,0.2899999999999999,16/18,0.16598223728837194
0.14,0.58,0.28,15/18,0.16722889164945112
0.14,0.59,0.27,15/18,0.16737479855153778
0.14,0.6,0.26,15/18,0.16752070545362446
0.14,0.61,0.25,15/18,0.16766661235571115
0.14,0.62,0.24,15/18,0.16781251925779783
0.14,0.63,0.22999999999999998,15/18,0.16795842615988452
0.14,0.64,0.21999999999999997,15/18,0.16810433306197117
0.14,0.65,0.20999999999999996,15/18,0.16825023996405786
0.14,0.66,0.19999999999999996,15/18,0.16839614686614454
0.14,0.67,0.18999999999999995,15/18,0.16854205376823123
0.14,0.68,0.17999999999999994,15/18,0.16868796067031788
0.14,0.6900000000000001,0.16999999999999993,15/18,0.16883386757240457
0.14,0.7000000000000001,0.15999999999999992,15/18,0.16897977447449125
0.14,0.71,0.15000000000000002,15/18,0.1691256813765779
0.14,0.72,0.14,15/18,0.1692715882786646
0.14,0.73,0.13,15/18,0.16941749518075128
0.14,0.74,0.12,15/18,0.16956340208283793
0.14,0.75,0.10999999999999999,15/18,0.16970930898492462
0.14,0.76,0.09999999999999998,15/18,0.1698552158870113
0.14,0.77,0.08999999999999997,15/18,0.17000112278909799
0.14,0.78,0.07999999999999996,15/18,0.17014702969118467
0.14,0.79,0.06999999999999995,15/18,0.17029293659327133
0.14,0.8,0.05999999999999994,15/18,0.170438843495358
0.14,0.81,0.04999999999999993,15/18,0.17058475039744467
0.14,0.8200000000000001,0.039999999999999925,15/18,0.17073065729953138
0.14,0.8300000000000001,0.029999999999999916,15/18,0.17087656420161804
0.14,0.84,0.020000000000000018,15/18,0.17102247110370472
0.14,0.85,0.010000000000000009,15/18,0.1711683780057914
0.14,0.86,0.0,15/18,0.17131428490787806
0.15,0.0,0.85,18/22,0.006680635656519285
0.15,0.01,0.84,18/22,0.010808511525968189
0.15,0.02,0.83,18/22,0.01493638739541709
0.15,0.03,0.82,18/22,0.019064263264865995
0.15,0.04,0.8099999999999999,18/22,0.023192139134314897
0.15,0.05,0.7999999999999999,18/22,0.0273200150037638
0.15,0.06,0.79,18/22,0.0314478908732127
0.15,0.07,0.78,18/22,0.03557576674266161
0.15,0.08,0.77,18/22,0.03970364261211051
0.15,0.09,0.76,18/22,0.04383151848155942
0.15,0.1,0.75,18/22,0.04795939435100832
0.15,0.11,0.74,18/22,0.05208727022045722
0.15,0.12,0.73,18/22,0.056215146089906125
0.15,0.13,0.72,18/22,0.06034302195935503
0.15,0.14,0.71,18/22,0.06447089782880393
0.15,0.15,0.7,18/22,0.06859877369825283
0.15,0.16,0.69,18/22,0.07272664956770174
0.15,0.17,0.6799999999999999,18/22,0.07685452543715064
0.15,0.18,0.6699999999999999,18/22,0.08098240130659955
0.15,0.19,0.6599999999999999,18/22,0.08511027717604845
0.15,0.2,0.6499999999999999,18/22,0.08923815304549736
0.15,0.21,0.64,18/22,0.09336602891494625
0.15,0.22,0.63,18/22,0.09749390478439515
0.15,0.23,0.62,18/22,0.10162178065384407
0.15,0.24,0.61,18/22,0.10574965652329296
0.15,0.25,0.6,16/18,0.10786341138804204
0.15,0.26,0.59,16/18,0.10968449217990933
0.15,0.27,0.58,16/18,0.11150557297177664
0.15,0.28,0.57,16/18,0.11332665376364395
0.15,0.29,0.56,16/18,0.11514773455551125
0.15,0.3,0.55,16/18,0.11696881534737856
0.15,0.31,0.54,16/18,0.11878989613924587
0.15,0.32,0.53,16/18,0.1206109769311132
0.15,0.33,0.52,16/18,0.12243205772298049
0.15,0.34,0.51,16/18,0.1242531385148478
0.15,0.35000000000000003,0.49999999999999994,16/18,0.1260742193067151
0.15,0.36,0.49,16/18,0.1278953000985824
0.15,0.37,0.48,16/18,0.1297163808904497
0.15,0.38,0.47,16/18,0.13153746168231703
0.15,0.39,0.45999999999999996,16/18,0.13335854247418433
0.15,0.4,0.44999999999999996,16/18,0.13517962326605165
0.15,0.41000000000000003,0.43999999999999995,16/18,0.13700070405791895
0.15,0.42,0.43,16/18,0.13882178484978624
0.15,0.43,0.42,16/18,0.14064286564165357
0.15,0.44,0.41,16/18,0.1424639464335209
0.15,0.45,0.39999999999999997,16/18,0.1442850272253882
0.15,0.46,0.38999999999999996,16/18,0.1461061080172555
0.15,0.47000000000000003,0.37999999999999995,16/18,0.1479271888091228
0.15,0.48,0.37,16/18,0.1497482696009901
0.15,0.49,0.36,16/18,0.15156935039285743
0.15,0.5,0.35,16/18,0.15339043118472473
0.15,0.51,0.33999999999999997,16/18,0.15521151197659205
0.15,0.52,0.32999999999999996,16/18,0.15703259276845932
0.15,0.53,0.31999999999999995,16/18,0.15885367356032665
0.15,0.54,0.30999999999999994,16/18,0.16067475435219397
0.15,0.55,0.29999999999999993,16/18,0.16249583514406127
0.15,0.56,0.2899999999999999,16/18,0.1643169159359286
0.15,0.5700000000000001,0.2799999999999999,16/18,0.1661379967277959
0.15,0.58,0.27,15/18,0.16642648388719566
0.15,0.59,0.26,15/18,0.16657239078928235
0.15,0.6,0.25,15/18,0.16671829769136903
0.15,0.61,0.24,15/18,0.1668642045934557
0.15,0.62,0.22999999999999998,15/18,0.16701011149554237
0.15,0.63,0.21999999999999997,15/18,0.16715601839762906
0.15,0.64,0.20999999999999996,15/18,0.16730192529971577
0.15,0.65,0.19999999999999996,15/18,0.16744783220180243
0.15,0.66,0.18999999999999995,15/18,0.16759373910388908
0.15,0.67,0.17999999999999994,15/18,0.16773964600597577
0.15,0.68,0.16999999999999993,15/18,0.16788555290806245
0.15,0.6900000000000001,0.15999999999999992,15/18,0.16803145981014916
0.15,0.7000000000000001,0.1499999999999999,15/18,0.1681773667122358
0.15,0.71,0.14,15/18,0.1683232736143225
0.15,0.72,0.13,15/18,0.16846918051640913
0.15,0.73,0.12,15/18,0.16861508741849582
0.15,0.74,0.10999999999999999,15/18,0.1687609943205825
0.15,0.75,0.09999999999999998,15/18,0.1689069012226692
0.15,0.76,0.08999999999999997,15/18,0.1690528081247559
0.15,0.77,0.07999999999999996,15/18,0.16919871502684253
0.15,0.78,0.06999999999999995,15/18,0.1693446219289292
0.15,0.79,0.05999999999999994,15/18,0.1694905288310159
0.15,0.8,0.04999999999999993,15/18,0.16963643573310258
0.15,0.81,0.039999999999999925,15/18,0.16978234263518924
0.15,0.8200000000000001,0.029999999999999916,15/18,0.16992824953727592
0.15,0.8300000000000001,0.019999999999999907,15/18,0.1700741564393626
0.15,0.84,0.010000000000000009,15/18,0.17022006334144926
0.15,0.85,0.0,15/18,0.17036597024353595
0.16,0.0,0.84,18/22,0.007126011366953904
0.16,0.01,0.83,18/22,0.011253887236402808
0.16,0.02,0.82,18/22,0.015381763105851709
0.16,0.03,0.8099999999999999,18/22,0.019509638975300614
0.16,0.04,0.7999999999999999,18/22,0.023637514844749515
0.16,0.05,0.7899999999999999,18/22,0.02776539071419842
0.16,0.06,0.78,18/22,0.03189326658364732
0.16,0.07,0.77,18/22,0.036021142453096226
0.16,0.08,0.76,18/22,0.04014901832254513
0.16,0.09,0.75,18/22,0.044276894191994036
0.16,0.1,0.74,18/22,0.04840477006144294
0.16,0.11,0.73,18/22,0.05253264593089184
0.16,0.12,0.72,18/22,0.056660521800340743
0.16,0.13,0.71,18/22,0.06078839766978965
0.16,0.14,0.7,18/22,0.06491627353923855
0.16,0.15,0.69,18/22,0.06904414940868744
0.16,0.16,0.6799999999999999,18/22,0.07317202527813635
0.16,0.17,0.6699999999999999,18/22,0.07729990114758525
0.16,0.18,0.6599999999999999,18/22,0.08142777701703416
0.16,0.19,0.6499999999999999,18/22,0.08555565288648306
0.16,0.2,0.6399999999999999,18/22,0.08968352875593197
0.16,0.21,0.63,18/22,0.09381140462538086
0.16,0.22,0.62,18/22,0.09793928049482976
0.16,0.23,0.61,18/22,0.10206715636427868
0.16,0.24,0.6,18/22,0.10619503223372757
0.16,0.25,0.59,16/18,0.10801917082746598
0.16,0.26,0.58,16/18,0.10984025161933328
0.16,0.27,0.57,16/18,0.11166133241120059
0.16,0.28,0.5599999999999999,16/18,0.1134824132030679
0.16,0.29,0.55,16/18,0.1153034939949352
0.16,0.3,0.54,16/18,0.11712457478680251
0.16,0.31,0.53,16/18,0.11894565557866982
0.16,0.32,0.52,16/18,0.12076673637053714
0.16,0.33,0.51,16/18,0.12258781716240445
0.16,0.34,0.49999999999999994,16/18,0.12440889795427176
0.16,0.35000000000000003,0.48999999999999994,16/18,0.12622997874613906
0.16,0.36,0.48,16/18,0.12805105953800636
0.16,0.37,0.47,16/18,0.12987214032987368
0.16,0.38,0.45999999999999996,16/18,0.13169322112174098
0.16,0.39,0.44999999999999996,16/18,0.1335143019136083
0.16,0.4,0.43999999999999995,16/18,0.13533538270547563
0.16,0.41000000000000003,0.42999999999999994,16/18,0.1371564634973429
0.16,0.42,0.42,16/18,0.13897754428921022
0.16,0.43,0.41,16/18,0.14079862508107754
0.16,0.44,0.39999999999999997,16/18,0.14261970587294484
0.16,0.45,0.38999999999999996,16/18,0.14444078666481214
0.16,0.46,0.37999999999999995,16/18,0.14626186745667943
0.16,0.47000000000000003,0.36999999999999994,16/18,0.14808294824854676
0.16,0.48,0.36,16/18,0.14990402904041408
0.16,0.49,0.35,16/18,0.15172510983228135
0.16,0.5,0.33999999999999997,16/18,0.15354619062414868
0.16,0.51,0.32999999999999996,16/18,0.15536727141601597
0.16,0.52,0.31999999999999995,16/18,0.1571883522078833
0.16,0.53,0.30999999999999994,16/18,0.15900943299975062
0.16,0.54,0.29999999999999993,16/18,0.16083051379161792
0.16,0.55,0.2899999999999999,16/18,0.16265159458348524
0.16,0.56,0.2799999999999999,16/18,0.16447267537535254
0.16,0.5700000000000001,0.2699999999999999,15/18,0.16547816922285358
0.16,0.58,0.26,15/18,0.16562407612494023
0.16,0.59,0.25,15/18,0.16576998302702692
0.16,0.6,0.24,15/18,0.1659158899291136
0.16,0.61,0.22999999999999998,15/18,0.16606179683120026
0.16,0.62,0.21999999999999997,15/18,0.16620770373328692
0.16,0.63,0.20999999999999996,15/18,0.16635361063537363
0.16,0.64,0.19999999999999996,15/18,0.1664995175374603
0.16,0.65,0.18999999999999995,15/18,0.166645424439547
0.16,0.66,0.17999999999999994,15/18,0.16679133134163365
0.16,0.67,0.16999999999999993,15/18,0.1669372382437203
0.16,0.68,0.15999999999999992,15/18,0.16708314514580702
0.16,0.6900000000000001,0.1499999999999999,15/18,0.1672290520478937
0.16,0.7000000000000001,0.1399999999999999,15/18,0.16737495894998036
0.16,0.71,0.13,15/18,0.16752086585206705
0.16,0.72,0.12,15/18,0.1676667727541537
0.16,0.73,0.10999999999999999,15/18,0.1678126796562404
0.16,0.74,0.09999999999999998,15/18,0.16795858655832704
0.16,0.75,0.08999999999999997,15/18,0.16810449346041376
0.16,0.76,0.07999999999999996,15/18,0.16825040036250044
0.16,0.77,0.06999999999999995,15/18,0.1683963072645871
0.16,0.78,0.05999999999999994,15/18,0.16854221416667378
0.16,0.79,0.04999999999999993,15/18,0.16868812106876044
0.16,0.8,0.039999999999999925,15/18,0.16883402797084715
0.16,0.81,0.029999999999999916,15/18,0.1689799348729338
0.16,0.8200000000000001,0.019999999999999907,15/18,0.1691258417750205
0.16,0.8300000000000001,0.009999999999999898,15/18,0.16927174867710715
0.16,0.84,0.0,15/18,0.16941765557919383
0.17,0.0,0.83,18/22,0.007571387077388523
0.17,0.01,0.82,18/22,0.011699262946837426
0.17,0.02,0.8099999999999999,18/22,0.015827138816286328
0.17,0.03,0.7999999999999999,18/22,0.019955014685735233
0.17,0.04,0.7899999999999999,18/22,0.024082890555184137
0.17,0.05,0.7799999999999999,18/22,0.028210766424633042
0.17,0.06,0.77,18/22,0.03233864229408194
0.17,0.07,0.76,18/22,0.036466518163530845
0.17,0.08,0.75,18/22,0.04059439403297975
0.17,0.09,0.74,18/22,0.044722269902428655
0.17,0.1,0.73,18/22,0.04885014577187756
0.17,0.11,0.72,18/22,0.05297802164132646
0.17,0.12,0.71,18/22,0.05710589751077536
0.17,0.13,0.7,18/22,0.06123377338022427
0.17,0.14,0.69,18/22,0.06536164924967316
0.17,0.15,0.6799999999999999,18/22,0.06948952511912207
0.17,0.16,0.6699999999999999,18/22,0.07361740098857097
0.17,0.17,0.6599999999999999,18/22,0.07774527685801988
0.17,0.18,0.6499999999999999,18/22,0.08187315272746878
0.17,0.19,0.6399999999999999,18/22,0.08600102859691769
0.17,0.2,0.6299999999999999,18/22,0.0901289044663666
0.17,0.21,0.62,18/22,0.09425678033581548
0.17,0.22,0.61,18/22,0.09838465620526439
0.17,0.23,0.6,18/22,0.10251253207471331
0.17,0.24,0.59,16/18,0.10635384947502263
0.17,0.25,0.58,16/18,0.10817493026688993
0.17,0.26,0.57,16/18,0.10999601105875724
0.17,0.27,0.5599999999999999,16/18,0.11181709185062455
0.17,0.28,0.5499999999999999,16/18,0.11363817264249187
0.17,0.29,0.54,16/18,0.11545925343435916
0.17,0.3,0.53,16/18,0.11728033422622647
0.17,0.31,0.52,16/18,0.11910141501809379
0.17,0.32,0.51,16/18,0.1209224958099611
0.17,0.33,0.49999999999999994,16/18,0.1227435766018284
0.17,0.34,0.48999999999999994,16/18,0.12456465739369571
0.17,0.35000000000000003,0.4799999999999999,16/18,0.12638573818556303
0.17,0.36,0.47,16/18,0.12820681897743033
0.17,0.37,0.45999999999999996,16/18,0.13002789976929763
0.17,0.38,0.44999999999999996,16/18,0.13184898056116495
0.17,0.39,0.43999999999999995,16/18,0.13367006135303225
0.17,0.4,0.42999999999999994,16/18,0.13549114214489957
0.17,0.41000000000000003,0.41999999999999993,16/18,0.13731222293676687
0.17,0.42,0.41,16/18,0.13913330372863417
0.17,0.43,0.39999999999999997,16/18,0.1409543845205015
0.17,0.44,0.38999999999999996,16/18,0.1427754653123688
0.17,0.45,0.37999999999999995,16/18,0.14459654610423608
0.17,0.46,0.36999999999999994,16/18,0.1464176268961034
0.17,0.47000000000000003,0.35999999999999993,16/18,0.1482387076879707
0.17,0.48,0.35,16/18,0.150059788479838
0.17,0.49,0.33999999999999997,16/18,0.15188086927170533
0.17,0.5,0.32999999999999996,16/18,0.15370195006357262
0.17,0.51,0.31999999999999995,16/18,0.15552303085543995
0.17,0.52,0.30999999999999994,16/18,0.15734411164730724
0.17,0.53,0.29999999999999993,16/18,0.15916519243917454
0.17,0.54,0.2899999999999999,16/18,0.16098627323104187
0.17,0.55,0.2799999999999999,16/18,0.1628073540229092
0.17,0.56,0.2699999999999999,15/18,0.16452985455851143
0.17,0.5700000000000001,0.2599999999999999,15/18,0.16467576146059812
0.17,0.58,0.25,15/18,0.1648216683626848
0.17,0.59,0.24,15/18,0.16496757526477146
0.17,0.6,0.22999999999999998,15/18,0.16511348216685814
0.17,0.61,0.21999999999999997,15/18,0.1652593890689448
0.17,0.62,0.20999999999999996,15/18,0.16540529597103149
0.17,0.63,0.19999999999999996,15/18,0.1655512028731182
0.17,0.64,0.18999999999999995,15/18,0.16569710977520485
0.17,0.65,0.17999999999999994,15/18,0.16584301667729154
0.17,0.66,0.16999999999999993,15/18,0.1659889235793782
0.17,0.67,0.15999999999999992,15/18,0.16613483048146488
0.17,0.68,0.1499999999999999,15/18,0.16628073738355156
0.17,0.6900000000000001,0.1399999999999999,15/18,0.16642664428563825
0.17,0.7000000000000001,0.1299999999999999,15/18,0.1665725511877249
0.17,0.71,0.12,15/18,0.1667184580898116
0.17,0.72,0.10999999999999999,15/18,0.16686436499189825
0.17,0.73,0.09999999999999998,15/18,0.16701027189398493
0.17,0.74,0.08999999999999997,15/18,0.16715617879607161
0.17,0.75,0.07999999999999996,15/18,0.1673020856981583
0.17,0.76,0.06999999999999995,15/18,0.16744799260024498
0.17,0.77,0.05999999999999994,15/18,0.16759389950233164
0.17,0.78,0.04999999999999993,15/18,0.16773980640441832
0.17,0.79,0.039999999999999925,15/18,0.167885713306505
0.17,0.8,0.029999999999999916,15/18,0.1680316202085917
0.17,0.81,0.019999999999999907,15/18,0.16817752711067835
0.17,0.8200000000000001,0.009999999999999898,15/18,0.16832343401276503
0.17,0.8300000000000001,-1.1102230246251565e-16,15/18,0.1684693409148517
0.18,0.0,0.8200000000000001,18/22,0.008016762787823142
0.18,0.01,0.81,18/22,0.012144638657272045
0.18,0.02,0.8,18/22,0.016272514526720946
0.18,0.03,0.79,18/22,0.02040039039616985
0.18,0.04,0.78,18/22,0.024528266265618756
0.18,0.05,0.77,18/22,0.02865614213506766
0.18,0.06,0.76,18/22,0.03278401800451656
0.18,0.07,0.75,18/22,0.036911893873965464
0.18,0.08,0.7400000000000001,18/22,0.04103976974341437
0.18,0.09,0.7300000000000001,18/22,0.04516764561286327
0.18,0.1,0.7200000000000001,18/22,0.04929552148231218
0.18,0.11,0.7100000000000001,18/22,0.053423397351761076
0.18,0.12,0.7000000000000001,18/22,0.05755127322120998
0.18,0.13,0.6900000000000001,18/22,0.061679149090658886
0.18,0.14,0.68,18/22,0.06580702496010779
0.18,0.15,0.67,18/22,0.06993490082955668
0.18,0.16,0.66,18/22,0.07406277669900559
0.18,0.17,0.65,18/22,0.07819065256845449
0.18,0.18,0.6400000000000001,18/22,0.0823185284379034
0.18,0.19,0.6300000000000001,18/22,0.0864464043073523
0.18,0.2,0.6200000000000001,18/22,0.0905742801768012
0.18,0.21,0.6100000000000001,18/22,0.0947021560462501
0.18,0.22,0.6000000000000001,18/22,0.098830031915699
0.18,0.23,0.5900000000000001,18/22,0.10295790778514792
0.18,0.24,0.5800000000000001,16/18,0.10650960891444658
0.18,0.25,0.5700000000000001,16/18,0.1083306897063139
0.18,0.26,0.56,16/18,0.1101517704981812
0.18,0.27,0.55,16/18,0.11197285129004851
0.18,0.28,0.54,16/18,0.11379393208191582
0.18,0.29,0.53,16/18,0.11561501287378312
0.18,0.3,0.52,16/18,0.11743609366565042
0.18,0.31,0.51,16/18,0.11925717445751774
0.18,0.32,0.5,16/18,0.12107825524938505
0.18,0.33,0.49000000000000005,16/18,0.12289933604125236
0.18,0.34,0.48000000000000004,16/18,0.12472041683311967
0.18,0.35000000000000003,0.47000000000000003,16/18,0.12654149762498698
0.18,0.36,0.4600000000000001,16/18,0.12836257841685428
0.18,0.37,0.45000000000000007,16/18,0.13018365920872157
0.18,0.38,0.44000000000000006,16/18,0.1320047400005889
0.18,0.39,0.43000000000000005,16/18,0.1338258207924562
0.18,0.4,0.42000000000000004,16/18,0.13564690158432352
0.18,0.41000000000000003,0.41000000000000003,16/18,0.13746798237619082
0.18,0.42,0.4000000000000001,16/18,0.1392890631680581
0.18,0.43,0.39000000000000007,16/18,0.14111014395992544
0.18,0.44,0.38000000000000006,16/18,0.14293122475179276
0.18,0.45,0.37000000000000005,16/18,0.14475230554366006
0.18,0.46,0.36000000000000004,16/18,0.14657338633552736
0.18,0.47000000000000003,0.35000000000000003,16/18,0.14839446712739468
0.18,0.48,0.3400000000000001,16/18,0.15021554791926198
0.18,0.49,0.33000000000000007,16/18,0.1520366287111293
0.18,0.5,0.32000000000000006,16/18,0.1538577095029966
0.18,0.51,0.31000000000000005,16/18,0.15567879029486392
0.18,0.52,0.30000000000000004,16/18,0.1574998710867312
0.18,0.53,0.29000000000000004,16/18,0.15932095187859852
0.18,0.54,0.28,16/18,0.16114203267046584
0.18,0.55,0.27,16/18,0.16296311346233314
0.18,0.56,0.26,15/18,0.163727446796256
0.18,0.5700000000000001,0.25,15/18,0.16387335369834272
0.18,0.58,0.2400000000000001,15/18,0.16401926060042937
0.18,0.59,0.2300000000000001,15/18,0.16416516750251606
0.18,0.6,0.22000000000000008,15/18,0.1643110744046027
0.18,0.61,0.21000000000000008,15/18,0.1644569813066894
0.18,0.62,0.20000000000000007,15/18,0.16460288820877605
0.18,0.63,0.19000000000000006,15/18,0.16474879511086277
0.18,0.64,0.18000000000000005,15/18,0.16489470201294945
0.18,0.65,0.17000000000000004,15/18,0.1650406089150361
0.18,0.66,0.16000000000000003,15/18,0.1651865158171228
0.18,0.67,0.15000000000000002,15/18,0.16533242271920945
0.18,0.68,0.14,15/18,0.16547832962129616
0.18,0.6900000000000001,0.13,15/18,0.16562423652338285
0.18,0.7000000000000001,0.12,15/18,0.1657701434254695
0.18,0.71,0.1100000000000001,15/18,0.16591605032755619
0.18,0.72,0.10000000000000009,15/18,0.16606195722964284
0.18,0.73,0.09000000000000008,15/18,0.16620786413172953
0.18,0.74,0.08000000000000007,15/18,0.16635377103381618
0.18,0.75,0.07000000000000006,15/18,0.1664996779359029
0.18,0.76,0.06000000000000005,15/18,0.16664558483798958
0.18,0.77,0.050000000000000044,15/18,0.16679149174007624
0.18,0.78,0.040000000000000036,15/18,0.16693739864216292
0.18,0.79,0.030000000000000027,15/18,0.16708330554424958
0.18,0.8,0.020000000000000018,15/18,0.1672292124463363
0.18,0.81,0.010000000000000009,15/18,0.16737511934842295
0.18,0.8200000000000001,0.0,15/18,0.16752102625050963
0.19,0.0,0.81,18/22,0.00846213849825776
0.19,0.01,0.8,18/22,0.012590014367706664
0.19,0.02,0.79,18/22,0.016717890237155565
0.19,0.03,0.78,18/22,0.02084576610660447
0.19,0.04,0.77,18/22,0.024973641976053375
0.19,0.05,0.76,18/22,0.02910151784550228
0.19,0.06,0.75,18/22,0.03322939371495118
0.19,0.07,0.74,18/22,0.03735726958440008
0.19,0.08,0.7300000000000001,18/22,0.04148514545384899
0.19,0.09,0.7200000000000001,18/22,0.04561302132329789
0.19,0.1,0.7100000000000001,18/22,0.0497408971927468
0.19,0.11,0.7000000000000001,18/22,0.053868773062195695
0.19,0.12,0.6900000000000001,18/22,0.0579966489316446
0.19,0.13,0.68,18/22,0.062124524801093504
0.19,0.14,0.67,18/22,0.0662524006705424
0.19,0.15,0.66,18/22,0.07038027653999131
0.19,0.16,0.65,18/22,0.07450815240944021
0.19,0.17,0.64,18/22,0.07863602827888912
0.19,0.18,0.6300000000000001,18/22,0.08276390414833802
0.19,0.19,0.6200000000000001,18/22,0.08689178001778693
0.19,0.2,0.6100000000000001,18/22,0.09101965588723583
0.19,0.21,0.6000000000000001,18/22,0.09514753175668472
0.19,0.22,0.5900000000000001,18/22,0.09927540762613363
0.19,0.23,0.5800000000000001,18/22,0.10340328349558255
0.19,0.24,0.5700000000000001,16/18,0.10666536835387055
0.19,0.25,0.56,16/18,0.10848644914573785
0.19,0.26,0.55,16/18,0.11030752993760515
0.19,0.27,0.54,16/18,0.11212861072947246
0.19,0.28,0.53,16/18,0.11394969152133977
0.19,0.29,0.52,16/18,0.11577077231320707
0.19,0.3,0.51,16/18,0.11759185310507438
0.19,0.31,0.5,16/18,0.11941293389694169
0.19,0.32,0.49000000000000005,16/18,0.12123401468880901
0.19,0.33,0.48000000000000004,16/18,0.12305509548067632
0.19,0.34,0.47000000000000003,16/18,0.12487617627254363
0.19,0.35000000000000003,0.46,16/18,0.12669725706441093
0.19,0.36,0.45000000000000007,16/18,0.12851833785627823
0.19,0.37,0.44000000000000006,16/18,0.13033941864814555
0.19,0.38,0.43000000000000005,16/18,0.13216049944001285
0.19,0.39,0.42000000000000004,16/18,0.13398158023188017
0.19,0.4,0.41000000000000003,16/18,0.1358026610237475
0.19,0.41000000000000003,0.4,16/18,0.13762374181561476
0.19,0.42,0.39000000000000007,16/18,0.1394448226074821
0.19,0.43,0.38000000000000006,16/18,0.1412659033993494
0.19,0.44,0.37000000000000005,16/18,0.1430869841912167
0.19,0.45,0.36000000000000004,16/18,0.144908064983084
0.19,0.46,0.35000000000000003,16/18,0.1467291457749513
0.19,0.47000000000000003,0.34,16/18,0.14855022656681863
0.19,0.48,0.33000000000000007,16/18,0.15037130735868595
0.19,0.49,0.32000000000000006,16/18,0.15219238815055322
0.19,0.5,0.31000000000000005,16/18,0.15401346894242054
0.19,0.51,0.30000000000000004,16/18,0.15583454973428784
0.19,0.52,0.29000000000000004,16/18,0.15765563052615517
0.19,0.53,0.28,16/18,0.1594767113180225
0.19,0.54,0.27,16/18,0.1612977921098898
0.19,0.55,0.26,15/18,0.16277913213191392
0.19,0.56,0.25,15/18,0.16292503903400057
0.19,0.5700000000000001,0.24,15/18,0.16307094593608726
0.19,0.58,0.2300000000000001,15/18,0.16321685283817394
0.19,0.59,0.22000000000000008,15/18,0.1633627597402606
0.19,0.6,0.21000000000000008,15/18,0.16350866664234728
0.19,0.61,0.20000000000000007,15/18,0.16365457354443397
0.19,0.62,0.19000000000000006,15/18,0.16380048044652062
0.19,0.63,0.18000000000000005,15/18,0.16394638734860734
0.19,0.64,0.17000000000000004,15/18,0.164092294250694
0.19,0.65,0.16000000000000003,15/18,0.16423820115278068
0.19,0.66,0.15000000000000002,15/18,0.16438410805486733
0.19,0.67,0.14,15/18,0.16453001495695405
0.19,0.68,0.13,15/18,0.1646759218590407
0.19,0.6900000000000001,0.12,15/18,0.1648218287611274
0.19,0.7000000000000001,0.10999999999999999,15/18,0.16496773566321404
0.19,0.71,0.10000000000000009,15/18,0.16511364256530073
0.19,0.72,0.09000000000000008,15/18,0.16525954946738738
0.19,0.73,0.08000000000000007,15/18,0.16540545636947407
0.19,0.74,0.07000000000000006,15/18,0.16555136327156075
0.19,0.75,0.06000000000000005,15/18,0.16569727017364744
0.19,0.76,0.050000000000000044,15/18,0.16584317707573412
0.19,0.77,0.040000000000000036,15/18,0.16598908397782078
0.19,0.78,0.030000000000000027,15/18,0.16613499087990746
0.19,0.79,0.020000000000000018,15/18,0.16628089778199415
0.19,0.8,0.010000000000000009,15/18,0.16642680468408083
0.19,0.81,0.0,15/18,0.1665727115861675
0.2,0.0,0.8,18/22,0.00890751420869238
0.2,0.01,0.79,18/22,0.013035390078141283
0.2,0.02,0.78,18/22,0.017163265947590184
0.2,0.03,0.77,18/22,0.02129114181703909
0.2,0.04,0.76,18/22,0.025419017686487994
0.2,0.05,0.75,18/22,0.0295468935559369
0.2,0.06,0.74,18/22,0.033674769425385796
0.2,0.07,0.73,18/22,0.0378026452948347
0.2,0.08,0.7200000000000001,18/22,0.041930521164283606
0.2,0.09,0.7100000000000001,18/22,0.04605839703373251
0.2,0.1,0.7000000000000001,18/22,0.050186272903181416
0.2,0.11,0.6900000000000001,18/22,0.054314148772630313
0.2,0.12,0.68,18/22,0.05844202464207922
0.2,0.13,0.67,18/22,0.06256990051152812
0.2,0.14,0.66,18/22,0.06669777638097703
0.2,0.15,0.65,18/22,0.07082565225042592
0.2,0.16,0.64,18/22,0.07495352811987482
0.2,0.17,0.63,18/22,0.07908140398932373
0.2,0.18,0.6200000000000001,18/22,0.08320927985877263
0.2,0.19,0.6100000000000001,18/22,0.08733715572822154
0.2,0.2,0.6000000000000001,18/22,0.09146503159767044
0.2,0.21,0.5900000000000001,18/22,0.09559290746711933
0.2,0.22,0.5800000000000001,18/22,0.09972078333656824
0.2,0.23,0.5700000000000001,18/22,0.10384865920601716
0.2,0.24,0.56,16/18,0.1068211277932945
0.2,0.25,0.55,16/18,0.1086422085851618
0.2,0.26,0.54,16/18,0.11046328937702911
0.2,0.27,0.53,16/18,0.11228437016889642
0.2,0.28,0.52,16/18,0.11410545096076374
0.2,0.29,0.51,16/18,0.11592653175263103
0.2,0.3,0.5,16/18,0.11774761254449834
0.2,0.31,0.49000000000000005,16/18,0.11956869333636566
0.2,0.32,0.48000000000000004,16/18,0.12138977412823297
0.2,0.33,0.47000000000000003,16/18,0.12321085492010027
0.2,0.34,0.46,16/18,0.12503193571196758
0.2,0.35000000000000003,0.45,16/18,0.1268530165038349
0.2,0.36,0.44000000000000006,16/18,0.1286740972957022
0.2,0.37,0.43000000000000005,16/18,0.1304951780875695
0.2,0.38,0.42000000000000004,16/18,0.13231625887943682
0.2,0.39,0.41000000000000003,16/18,0.13413733967130412
0.2,0.4,0.4,16/18,0.13595842046317144
0.2,0.41000000000000003,0.39,16/18,0.13777950125503874
0.2,0.42,0.38000000000000006,16/18,0.13960058204690604
0.2,0.43,0.37000000000000005,16/18,0.14142166283877336
0.2,0.44,0.36000000000000004,16/18,0.14324274363064066
0.2,0.45,0.35000000000000003,16/18,0.14506382442250795
0.2,0.46,0.34,16/18,0.14688490521437528
0.2,0.47000000000000003,0.33,16/18,0.1487059860062426
0.2,0.48,0.32000000000000006,16/18,0.15052706679810987
0.2,0.49,0.31000000000000005,16/18,0.1523481475899772
0.2,0.5,0.30000000000000004,16/18,0.1541692283818445
0.2,0.51,0.29000000000000004,16/18,0.15599030917371182
0.2,0.52,0.28,16/18,0.1578113899655791
0.2,0.53,0.27,16/18,0.1596324707574464
0.2,0.54,0.26,16/18,0.16145355154931373
0.2,0.55,0.25,15/18,0.16197672436965846
0.2,0.56,0.24,15/18,0.16212263127174514
0.2,0.5700000000000001,0.22999999999999998,15/18,0.16226853817383183
0.2,0.58,0.22000000000000008,15/18,0.16241444507591848
0.2,0.59,0.21000000000000008,15/18,0.16256035197800517
0.2,0.6,0.20000000000000007,15/18,0.16270625888009183
0.2,0.61,0.19000000000000006,15/18,0.16285216578217854
0.2,0.62,0.18000000000000005,15/18,0.1629980726842652
0.2,0.63,0.17000000000000004,15/18,0.16314397958635188
0.2,0.64,0.16000000000000003,15/18,0.16328988648843856
0.2,0.65,0.15000000000000002,15/18,0.16343579339052522
0.2,0.66,0.14,15/18,0.16358170029261193
0.2,0.67,0.13,15/18,0.1637276071946986
0.2,0.68,0.12,15/18,0.16387351409678527
0.2,0.6900000000000001,0.10999999999999999,15/18,0.16401942099887196
0.2,0.7000000000000001,0.09999999999999998,15/18,0.1641653279009586
0.2,0.71,0.09000000000000008,15/18,0.1643112348030453
0.2,0.72,0.08000000000000007,15/18,0.16445714170513195
0.2,0.73,0.07000000000000006,15/18,0.16460304860721867
0.2,0.74,0.06000000000000005,15/18,0.16474895550930532
0.2,0.75,0.050000000000000044,15/18,0.164894862411392
0.2,0.76,0.040000000000000036,15/18,0.1650407693134787
0.2,0.77,0.030000000000000027,15/18,0.16518667621556535
0.2,0.78,0.020000000000000018,15/18,0.16533258311765206
0.2,0.79,0.010000000000000009,15/18,0.16547849001973872
0.2,0.8,0.0,15/18,0.1656243969218254
0.21,0.0,0.79,18/22,0.009352889919126998
0.21,0.01,0.78,18/22,0.013480765788575901
0.21,0.02,0.77,18/22,0.017608641658024803
0.21,0.03,0.76,18/22,0.021736517527473707
0.21,0.04,0.75,18/22,0.025864393396922612
0.21,0.05,0.74,18/22,0.029992269266371517
0.21,0.06,0.73,18/22,0.034120145135820415
0.21,0.07,0.72,18/22,0.03824802100526932
0.21,0.08,0.7100000000000001,18/22,0.042375896874718225
0.21,0.09,0.7000000000000001,18/22,0.04650377274416713
0.21,0.1,0.6900000000000001,18/22,0.050631648613616034
0.21,0.11,0.68,18/22,0.05475952448306493
0.21,0.12,0.67,18/22,0.05888740035251384
0.21,0.13,0.66,18/22,0.06301527622196273
0.21,0.14,0.65,18/22,0.06714315209141164
0.21,0.15,0.64,18/22,0.07127102796086054
0.21,0.16,0.63,18/22,0.07539890383030945
0.21,0.17,0.62,18/22,0.07952677969975835
0.21,0.18,0.6100000000000001,18/22,0.08365465556920726
0.21,0.19,0.6000000000000001,18/22,0.08778253143865616
0.21,0.2,0.5900000000000001,18/22,0.09191040730810507
0.21,0.21,0.5800000000000001,18/22,0.09603828317755396
0.21,0.22,0.5700000000000001,18/22,0.10016615904700286
0.21,0.23,0.56,18/22,0.10429403491645178
0.21,0.24,0.55,16/18,0.10697688723271845
0.21,0.25,0.54,16/18,0.10879796802458576
0.21,0.26,0.53,16/18,0.11061904881645307
0.21,0.27,0.52,16/18,0.11244012960832037
0.21,0.28,0.51,16/18,0.11426121040018769
0.21,0.29,0.5,16/18,0.11608229119205497
0.21,0.3,0.49000000000000005,16/18,0.11790337198392228
0.21,0.31,0.48000000000000004,16/18,0.11972445277578961
0.21,0.32,0.47000000000000003,16/18,0.12154553356765692
0.21,0.33,0.46,16/18,0.12336661435952422
0.21,0.34,0.45,16/18,0.12518769515139153
0.21,0.35000000000000003,0.44,16/18,0.12700877594325885
0.21,0.36,0.43000000000000005,16/18,0.12882985673512615
0.21,0.37,0.42000000000000004,16/18,0.13065093752699344
0.21,0.38,0.41000000000000003,16/18,0.13247201831886077
0.21,0.39,0.4,16/18,0.13429309911072806
0.21,0.4,0.39,16/18,0.1361141799025954
0.21,0.41000000000000003,0.38,16/18,0.13793526069446269
0.21,0.42,0.37000000000000005,16/18,0.13975634148632998
0.21,0.43,0.36000000000000004,16/18,0.1415774222781973
0.21,0.44,0.35000000000000003,16/18,0.1433985030700646
0.21,0.45,0.34,16/18,0.1452195838619319
0.21,0.46,0.33,16/18,0.14704066465379925
0.21,0.47000000000000003,0.32,16/18,0.14886174544566655
0.21,0.48,0.31000000000000005,16/18,0.15068282623753385
0.21,0.49,0.30000000000000004,16/18,0.15250390702940114
0.21,0.5,0.29000000000000004,16/18,0.15432498782126844
0.21,0.51,0.28,16/18,0.15614606861313576
0.21,0.52,0.27,16/18,0.15796714940500306
0.21,0.53,0.26,16/18,0.15978823019687038
0.21,0.54,0.25,15/18,0.16102840970531634
0.21,0.55,0.24,15/18,0.161174316607403
0.21,0.56,0.22999999999999998,15/18,0.16132022350948969
0.21,0.5700000000000001,0.21999999999999997,15/18,0.16146613041157637
0.21,0.58,0.21000000000000008,15/18,0.16161203731366305
0.21,0.59,0.20000000000000007,15/18,0.16175794421574974
0.21,0.6,0.19000000000000006,15/18,0.1619038511178364
0.21,0.61,0.18000000000000005,15/18,0.16204975801992308
0.21,0.62,0.17000000000000004,15/18,0.16219566492200976
0.21,0.63,0.16000000000000003,15/18,0.16234157182409645
0.21,0.64,0.15000000000000002,15/18,0.1624874787261831
0.21,0.65,0.14,15/18,0.16263338562826982
0.21,0.66,0.13,15/18,0.16277929253035647
0.21,0.67,0.12,15/18,0.16292519943244316
0.21,0.68,0.10999999999999999,15/18,0.16307110633452981
0.21,0.6900000000000001,0.09999999999999998,15/18,0.1632170132366165
0.21,0.7000000000000001,0.08999999999999997,15/18,0.16336292013870318
0.21,0.71,0.08000000000000007,15/18,0.16350882704078984
0.21,0.72,0.07000000000000006,15/18,0.16365473394287652
0.21,0.73,0.06000000000000005,15/18,0.1638006408449632
0.21,0.74,0.050000000000000044,15/18,0.16394654774704986
0.21,0.75,0.040000000000000036,15/18,0.16409245464913655
0.21,0.76,0.030000000000000027,15/18,0.16423836155122323
0.21,0.77,0.020000000000000018,15/18,0.16438426845330992
0.21,0.78,0.010000000000000009,15/18,0.1645301753553966
0.21,0.79,0.0,15/18,0.16467608225748326
0.22,0.0,0.78,18/22,0.009798265629561619
0.22,0.01,0.77,18/22,0.013926141499010522
0.22,0.02,0.76,18/22,0.018054017368459425
0.22,0.03,0.75,18/22,0.022181893237908326
0.22,0.04,0.74,18/22,0.02630976910735723
0.22,0.05,0.73,18/22,0.030437644976806136
0.22,0.06,0.72,18/22,0.03456552084625504
0.22,0.07,0.71,18/22,0.038693396715703945
0.22,0.08,0.7000000000000001,18/22,0.04282127258515284
0.22,0.09,0.6900000000000001,18/22,0.04694914845460175
0.22,0.1,0.68,18/22,0.05107702432405065
0.22,0.11,0.67,18/22,0.05520490019349955
0.22,0.12,0.66,18/22,0.059332776062948456
0.22,0.13,0.65,18/22,0.06346065193239736
0.22,0.14,0.64,18/22,0.06758852780184627
0.22,0.15,0.63,18/22,0.07171640367129517
0.22,0.16,0.62,18/22,0.07584427954074408
0.22,0.17,0.61,18/22,0.07997215541019298
0.22,0.18,0.6000000000000001,18/22,0.08410003127964188
0.22,0.19,0.5900000000000001,18/22,0.08822790714909079
0.22,0.2,0.5800000000000001,18/22,0.0923557830185397
0.22,0.21,0.5700000000000001,18/22,0.09648365888798857
0.22,0.22,0.56,18/22,0.10061153475743748
0.22,0.23,0.55,18/22,0.10473941062688641
0.22,0.24,0.54,16/18,0.10713264667214241
0.22,0.25,0.53,16/18,0.10895372746400972
0.22,0.26,0.52,16/18,0.11077480825587702
0.22,0.27,0.51,16/18,0.11259588904774433
0.22,0.28,0.5,16/18,0.11441696983961164
0.22,0.29,0.49000000000000005,16/18,0.11623805063147893
0.22,0.3,0.48000000000000004,16/18,0.11805913142334624
0.22,0.31,0.47000000000000003,16/18,0.11988021221521356
0.22,0.32,0.46,16/18,0.12170129300708087
0.22,0.33,0.45,16/18,0.12352237379894818
0.22,0.34,0.44,16/18,0.1253434545908155
0.22,0.35000000000000003,0.43,16/18,0.1271645353826828
0.22,0.36,0.42000000000000004,16/18,0.1289856161745501
0.22,0.37,0.41000000000000003,16/18,0.13080669696641742
0.22,0.38,0.4,16/18,0.13262777775828472
0.22,0.39,0.39,16/18,0.13444885855015204
0.22,0.4,0.38,16/18,0.13626993934201936
0.22,0.41000000000000003,0.37,16/18,0.13809102013388663
0.22,0.42,0.36000000000000004,16/18,0.13991210092575396
0.22,0.43,0.35000000000000003,16/18,0.14173318171762125
0.22,0.44,0.34,16/18,0.14355426250948858
0.22,0.45,0.33,16/18,0.14537534330135587
0.22,0.46,0.32,16/18,0.14719642409322317
0.22,0.47000000000000003,0.31,16/18,0.1490175048850905
0.22,0.48,0.30000000000000004,16/18,0.1508385856769578
0.22,0.49,0.29000000000000004,16/18,0.1526596664688251
0.22,0.5,0.28,16/18,0.1544807472606924
0.22,0.51,0.27,16/18,0.1563018280525597
0.22,0.52,0.26,16/18,0.15812290884442703
0.22,0.53,0.25,16/18,0.15994398963629436
0.22,0.54,0.24,15/18,0.16022600194306091
0.22,0.55,0.22999999999999998,15/18,0.16037190884514757
0.22,0.56,0.21999999999999997,15/18,0.16051781574723425
0.22,0.5700000000000001,0.20999999999999996,15/18,0.16066372264932094
0.22,0.58,0.20000000000000007,15/18,0.1608096295514076
0.22,0.59,0.19000000000000006,15/18,0.1609555364534943
0.22,0.6,0.18000000000000005,15/18,0.16110144335558096
0.22,0.61,0.17000000000000004,15/18,0.16124735025766765
0.22,0.62,0.16000000000000003,15/18,0.1613932571597543
0.22,0.63,0.15000000000000002,15/18,0.161539164061841
0.22,0.64,0.14,15/18,0.1616850709639277
0.22,0.65,0.13,15/18,0.16183097786601436
0.22,0.66,0.12,15/18,0.16197688476810104
0.22,0.67,0.10999999999999999,15/18,0.1621227916701877
0.22,0.68,0.09999999999999998,15/18,0.16226869857227438
0.22,0.6900000000000001,0.08999999999999997,15/18,0.1624146054743611
0.22,0.7000000000000001,0.07999999999999996,15/18,0.16256051237644775
0.22,0.71,0.07000000000000006,15/18,0.16270641927853444
0.22,0.72,0.06000000000000005,15/18,0.1628523261806211
0.22,0.73,0.050000000000000044,15/18,0.16299823308270778
0.22,0.74,0.040000000000000036,15/18,0.16314413998479443
0.22,0.75,0.030000000000000027,15/18,0.16329004688688112
0.22,0.76,0.020000000000000018,15/18,0.16343595378896783
0.22,0.77,0.010000000000000009,15/18,0.1635818606910545
0.22,0.78,0.0,15/18,0.16372776759314117
0.23,0.0,0.77,18/22,0.010243641339996237
0.23,0.01,0.76,18/22,0.01437151720944514
0.23,0.02,0.75,18/22,0.018499393078894043
0.23,0.03,0.74,18/22,0.022627268948342945
0.23,0.04,0.73,18/22,0.02675514481779185
0.23,0.05,0.72,18/22,0.030883020687240754
0.23,0.06,0.71,18/22,0.03501089655668965
0.23,0.07,0.7,18/22,0.03913877242613856
0.23,0.08,0.6900000000000001,18/22,0.04326664829558746
0.23,0.09,0.68,18/22,0.04739452416503637
0.23,0.1,0.67,18/22,0.05152240003448527
0.23,0.11,0.66,18/22,0.05565027590393417
0.23,0.12,0.65,18/22,0.059778151773383074
0.23,0.13,0.64,18/22,0.06390602764283199
0.23,0.14,0.63,18/22,0.06803390351228089
0.23,0.15,0.62,18/22,0.07216177938172978
0.23,0.16,0.61,18/22,0.07628965525117869
0.23,0.17,0.6,18/22,0.08041753112062759
0.23,0.18,0.5900000000000001,18/22,0.0845454069900765
0.23,0.19,0.5800000000000001,18/22,0.0886732828595254
0.23,0.2,0.5700000000000001,18/22,0.0928011587289743
0.23,0.21,0.56,18/22,0.0969290345984232
0.23,0.22,0.55,18/22,0.1010569104678721
0.23,0.23,0.54,18/22,0.10518478633732102
0.23,0.24,0.53,16/18,0.10728840611156637
0.23,0.25,0.52,16/18,0.10910948690343367
0.23,0.26,0.51,16/18,0.11093056769530098
0.23,0.27,0.5,16/18,0.11275164848716829
0.23,0.28,0.49,16/18,0.1145727292790356
0.23,0.29,0.48000000000000004,16/18,0.1163938100709029
0.23,0.3,0.47000000000000003,16/18,0.1182148908627702
0.23,0.31,0.46,16/18,0.12003597165463752
0.23,0.32,0.45,16/18,0.12185705244650483
0.23,0.33,0.44,16/18,0.12367813323837212
0.23,0.34,0.43,16/18,0.12549921403023945
0.23,0.35000000000000003,0.42,16/18,0.12732029482210674
0.23,0.36,0.41000000000000003,16/18,0.12914137561397407
0.23,0.37,0.4,16/18,0.13096245640584137
0.23,0.38,0.39,16/18,0.13278353719770866
0.23,0.39,0.38,16/18,0.134604617989576
0.23,0.4,0.37,16/18,0.13642569878144328
0.23,0.41000000000000003,0.36,16/18,0.1382467795733106
0.23,0.42,0.35000000000000003,16/18,0.1400678603651779
0.23,0.43,0.34,16/18,0.1418889411570452
0.23,0.44,0.33,16/18,0.14371002194891253
0.23,0.45,0.32,16/18,0.14553110274077982
0.23,0.46,0.31,16/18,0.14735218353264715
0.23,0.47000000000000003,0.3,16/18,0.14917326432451444
0.23,0.48,0.29000000000000004,16/18,0.15099434511638174
0.23,0.49,0.28,16/18,0.15281542590824906
0.23,0.5,0.27,16/18,0.15463650670011636
0.23,0.51,0.26,16/18,0.15645758749198369
0.23,0.52,0.25,16/18,0.15827866828385095
0.23,0.53,0.24,15/18,0.15927768727871877
0.23,0.54,0.22999999999999998,15/18,0.15942359418080546
0.23,0.55,0.21999999999999997,15/18,0.15956950108289214
0.23,0.56,0.20999999999999996,15/18,0.1597154079849788
0.23,0.5700000000000001,0.19999999999999996,15/18,0.1598613148870655
0.23,0.58,0.19000000000000006,15/18,0.16000722178915217
0.23,0.59,0.18000000000000005,15/18,0.16015312869123885
0.23,0.6,0.17000000000000004,15/18,0.1602990355933255
0.23,0.61,0.16000000000000003,15/18,0.1604449424954122
0.23,0.62,0.15000000000000002,15/18,0.16059084939749887
0.23,0.63,0.14,15/18,0.1607367562995856
0.23,0.64,0.13,15/18,0.16088266320167224
0.23,0.65,0.12,15/18,0.1610285701037589
0.23,0.66,0.10999999999999999,15/18,0.16117447700584558
0.23,0.67,0.09999999999999998,15/18,0.16132038390793227
0.23,0.68,0.08999999999999997,15/18,0.16146629081001895
0.23,0.6900000000000001,0.07999999999999996,15/18,0.16161219771210564
0.23,0.7000000000000001,0.06999999999999995,15/18,0.1617581046141923
0.23,0.71,0.06000000000000005,15/18,0.16190401151627898
0.23,0.72,0.050000000000000044,15/18,0.16204991841836563
0.23,0.73,0.040000000000000036,15/18,0.16219582532045232
0.23,0.74,0.030000000000000027,15/18,0.16234173222253898
0.23,0.75,0.020000000000000018,15/18,0.1624876391246257
0.23,0.76,0.010000000000000009,15/18,0.16263354602671237
0.23,0.77,0.0,15/18,0.16277945292879903
0.24,0.0,0.76,18/22,0.010689017050430856
0.24,0.01,0.75,18/22,0.014816892919879759
0.24,0.02,0.74,18/22,0.018944768789328662
0.24,0.03,0.73,18/22,0.023072644658777564
0.24,0.04,0.72,18/22,0.02720052052822647
0.24,0.05,0.71,18/22,0.03132839639767537
0.24,0.06,0.7,18/22,0.03545627226712428
0.24,0.07,0.69,18/22,0.03958414813657318
0.24,0.08,0.68,18/22,0.04371202400602208
0.24,0.09,0.67,18/22,0.047839899875470986
0.24,0.1,0.66,18/22,0.05196777574491989
0.24,0.11,0.65,18/22,0.05609565161436879
0.24,0.12,0.64,18/22,0.06022352748381769
0.24,0.13,0.63,18/22,0.0643514033532666
0.24,0.14,0.62,18/22,0.0684792792227155
0.24,0.15,0.61,18/22,0.0726071550921644
0.24,0.16,0.6,18/22,0.0767350309616133
0.24,0.17,0.59,18/22,0.0808629068310622
0.24,0.18,0.5800000000000001,18/22,0.08499078270051111
0.24,0.19,0.5700000000000001,18/22,0.08911865856996001
0.24,0.2,0.56,18/22,0.09324653443940892
0.24,0.21,0.55,18/22,0.09737441030885782
0.24,0.22,0.54,18/22,0.10150228617830673
0.24,0.23,0.53,16/18,0.10562308475912299
0.24,0.24,0.52,16/18,0.10744416555099032
0.24,0.25,0.51,16/18,0.10926524634285763
0.24,0.26,0.5,16/18,0.11108632713472492
0.24,0.27,0.49,16/18,0.11290740792659223
0.24,0.28,0.48,16/18,0.11472848871845956
0.24,0.29,0.47000000000000003,16/18,0.11654956951032684
0.24,0.3,0.46,16/18,0.11837065030219415
0.24,0.31,0.45,16/18,0.12019173109406146
0.24,0.32,0.44,16/18,0.12201281188592877
0.24,0.33,0.43,16/18,0.12383389267779608
0.24,0.34,0.42,16/18,0.1256549734696634
0.24,0.35000000000000003,0.41,16/18,0.1274760542615307
0.24,0.36,0.4,16/18,0.12929713505339802
0.24,0.37,0.39,16/18,0.1311182158452653
0.24,0.38,0.38,16/18,0.1329392966371326
0.24,0.39,0.37,16/18,0.13476037742899993
0.24,0.4,0.36,16/18,0.13658145822086726
0.24,0.41000000000000003,0.35,16/18,0.13840253901273455
0.24,0.42,0.34,16/18,0.14022361980460185
0.24,0.43,0.33,16/18,0.14204470059646918
0.24,0.44,0.32,16/18,0.14386578138833647
0.24,0.45,0.31,16/18,0.14568686218020377
0.24,0.46,0.3,16/18,0.14750794297207107
0.24,0.47000000000000003,0.29,16/18,0.1493290237639384
0.24,0.48,0.28,16/18,0.15115010455580571
0.24,0.49,0.27,16/18,0.152971185347673
0.24,0.5,0.26,16/18,0.15479226613954034
0.24,0.51,0.25,16/18,0.15661334693140766
0.24,0.52,0.24,15/18,0.15832937261437668
0.24,0.53,0.22999999999999998,15/18,0.15847527951646334
0.24,0.54,0.21999999999999997,15/18,0.15862118641855003
0.24,0.55,0.20999999999999996,15/18,0.1587670933206367
0.24,0.56,0.19999999999999996,15/18,0.15891300022272337
0.24,0.5700000000000001,0.18999999999999995,15/18,0.15905890712481005
0.24,0.58,0.18000000000000005,15/18,0.15920481402689673
0.24,0.59,0.17000000000000004,15/18,0.1593507209289834
0.24,0.6,0.16000000000000003,15/18,0.15949662783107008
0.24,0.61,0.15000000000000002,15/18,0.15964253473315673
0.24,0.62,0.14,15/18,0.15978844163524344
0.24,0.63,0.13,15/18,0.15993434853733013
0.24,0.64,0.12,15/18,0.16008025543941679
0.24,0.65,0.10999999999999999,15/18,0.16022616234150347
0.24,0.66,0.09999999999999998,15/18,0.16037206924359013
0.24,0.67,0.08999999999999997,15/18,0.16051797614567684
0.24,0.68,0.07999999999999996,15/18,0.1606638830477635
0.24,0.6900000000000001,0.06999999999999995,15/18,0.16080978994985018
0.24,0.7000000000000001,0.05999999999999994,15/18,0.16095569685193684
0.24,0.71,0.050000000000000044,15/18,0.16110160375402352
0.24,0.72,0.040000000000000036,15/18,0.16124751065611018
0.24,0.73,0.030000000000000027,15/18,0.16139341755819686
0.24,0.74,0.020000000000000018,15/18,0.16153932446028355
0.24,0.75,0.010000000000000009,15/18,0.16168523136237023
0.24,0.76,0.0,15/18,0.16183113826445691
0.25,0.0,0.75,18/22,0.011134392760865475
0.25,0.01,0.74,18/22,0.015262268630314378
0.25,0.02,0.73,18/22,0.01939014449976328
0.25,0.03,0.72,18/22,0.023518020369212182
0.25,0.04,0.71,18/22,0.027645896238661087
0.25,0.05,0.7,18/22,0.03177377210810999
0.25,0.06,0.69,18/22,0.03590164797755889
0.25,0.07,0.6799999999999999,18/22,0.040029523847007795
0.25,0.08,0.67,18/22,0.0441573997164567
0.25,0.09,0.66,18/22,0.048285275585905604
0.25,0.1,0.65,18/22,0.05241315145535451
0.25,0.11,0.64,18/22,0.05654102732480341
0.25,0.12,0.63,18/22,0.06066890319425231
0.25,0.13,0.62,18/22,0.06479677906370121
0.25,0.14,0.61,18/22,0.06892465493315011
0.25,0.15,0.6,18/22,0.07305253080259902
0.25,0.16,0.59,18/22,0.07718040667204792
0.25,0.17,0.58,18/22,0.08130828254149683
0.25,0.18,0.5700000000000001,18/22,0.08543615841094573
0.25,0.19,0.56,18/22,0.08956403428039464
0.25,0.2,0.55,18/22,0.09369191014984354
0.25,0.21,0.54,18/22,0.09781978601929243
0.25,0.22,0.53,18/22,0.10194766188874134
0.25,0.23,0.52,16/18,0.10577884419854697
0.25,0.24,0.51,16/18,0.10759992499041428
0.25,0.25,0.5,16/18,0.10942100578228157
0.25,0.26,0.49,16/18,0.11124208657414887
0.25,0.27,0.48,16/18,0.11306316736601618
0.25,0.28,0.47,16/18,0.1148842481578835
0.25,0.29,0.46,16/18,0.11670532894975079
0.25,0.3,0.45,16/18,0.1185264097416181
0.25,0.31,0.44,16/18,0.12034749053348542
0.25,0.32,0.43,16/18,0.12216857132535273
0.25,0.33,0.42,16/18,0.12398965211722004
0.25,0.34,0.41,16/18,0.12581073290908734
0.25,0.35000000000000003,0.39999999999999997,16/18,0.12763181370095467
0.25,0.36,0.39,16/18,0.12945289449282196
0.25,0.37,0.38,16/18,0.13127397528468926
0.25,0.38,0.37,16/18,0.13309505607655658
0.25,0.39,0.36,16/18,0.1349161368684239
0.25,0.4,0.35,16/18,0.1367372176602912
0.25,0.41000000000000003,0.33999999999999997,16/18,0.1385582984521585
0.25,0.42,0.33,16/18,0.14037937924402583
0.25,0.43,0.32,16/18,0.14220046003589312
0.25,0.44,0.31,16/18,0.14402154082776045
0.25,0.45,0.3,16/18,0.14584262161962772
0.25,0.46,0.29,16/18,0.14766370241149504
0.25,0.47000000000000003,0.27999999999999997,16/18,0.14948478320336236
0.25,0.48,0.27,16/18,0.15130586399522966
0.25,0.49,0.26,16/18,0.15312694478709696
0.25,0.5,0.25,16/18,0.15494802557896425
0.25,0.51,0.24,16/18,0.15676910637083158
0.25,0.52,0.22999999999999998,15/18,0.15752696485212123
0.25,0.53,0.21999999999999997,15/18,0.1576728717542079
0.25,0.54,0.20999999999999996,15/18,0.15781877865629457
0.25,0.55,0.19999999999999996,15/18,0.15796468555838125
0.25,0.56,0.18999999999999995,15/18,0.15811059246046794
0.25,0.5700000000000001,0.17999999999999994,15/18,0.15825649936255462
0.25,0.58,0.17000000000000004,15/18,0.15840240626464128
0.25,0.59,0.16000000000000003,15/18,0.15854831316672796
0.25,0.6,0.15000000000000002,15/18,0.15869422006881462
0.25,0.61,0.14,15/18,0.15884012697090133
0.25,0.62,0.13,15/18,0.158986033872988
0.25,0.63,0.12,15/18,0.15913194077507467
0.25,0.64,0.10999999999999999,15/18,0.15927784767716135
0.25,0.65,0.09999999999999998,15/18,0.159423754579248
0.25,0.66,0.08999999999999997,15/18,0.15956966148133472
0.25,0.67,0.07999999999999996,15/18,0.15971556838342138
0.25,0.68,0.06999999999999995,15/18,0.15986147528550806
0.25,0.6900000000000001,0.05999999999999994,15/18,0.16000738218759475
0.25,0.7000000000000001,0.04999999999999993,15/18,0.1601532890896814
0.25,0.71,0.040000000000000036,15/18,0.1602991959917681
0.25,0.72,0.030000000000000027,15/18,0.16044510289385475
0.25,0.73,0.020000000000000018,15/18,0.16059100979594146
0.25,0.74,0.010000000000000009,15/18,0.16073691669802811
0.25,0.75,0.0,15/18,0.1608828236001148
0.26,0.0,0.74,18/22,0.011579768471300093
0.26,0.01,0.73,18/22,0.015707644340748998
0.26,0.02,0.72,18/22,0.0198355202101979
0.26,0.03,0.71,18/22,0.0239633960796468
0.26,0.04,0.7,18/22,0.028091271949095706
0.26,0.05,0.69,18/22,0.03221914781854461
0.26,0.06,0.6799999999999999,18/22,0.036347023687993515
0.26,0.07,0.6699999999999999,18/22,0.04047489955744242
0.26,0.08,0.66,18/22,0.04460277542689132
0.26,0.09,0.65,18/22,0.04873065129634022
0.26,0.1,0.64,18/22,0.05285852716578913
0.26,0.11,0.63,18/22,0.056986403035238026
0.26,0.12,0.62,18/22,0.06111427890468693
0.26,0.13,0.61,18/22,0.06524215477413584
0.26,0.14,0.6,18/22,0.06937003064358474
0.26,0.15,0.59,18/22,0.07349790651303365
0.26,0.16,0.58,18/22,0.07762578238248255
0.26,0.17,0.57,18/22,0.08175365825193145
0.26,0.18,0.56,18/22,0.08588153412138036
0.26,0.19,0.55,18/22,0.09000940999082926
0.26,0.2,0.54,18/22,0.09413728586027817
0.26,0.21,0.53,18/22,0.09826516172972705
0.26,0.22,0.52,18/22,0.10239303759917595
0.26,0.23,0.51,16/18,0.10593460363797093
0.26,0.24,0.5,16/18,0.10775568442983822
0.26,0.25,0.49,16/18,0.10957676522170552
0.26,0.26,0.48,16/18,0.11139784601357283
0.26,0.27,0.47,16/18,0.11321892680544016
0.26,0.28,0.45999999999999996,16/18,0.11504000759730747
0.26,0.29,0.45,16/18,0.11686108838917475
0.26,0.3,0.44,16/18,0.11868216918104207
0.26,0.31,0.43,16/18,0.12050324997290938
0.26,0.32,0.42,16/18,0.1223243307647767
0.26,0.33,0.41,16/18,0.12414541155664399
0.26,0.34,0.39999999999999997,16/18,0.12596649234851132
0.26,0.35000000000000003,0.38999999999999996,16/18,0.1277875731403786
0.26,0.36,0.38,16/18,0.1296086539322459
0.26,0.37,0.37,16/18,0.13142973472411323
0.26,0.38,0.36,16/18,0.13325081551598053
0.26,0.39,0.35,16/18,0.13507189630784786
0.26,0.4,0.33999999999999997,16/18,0.13689297709971515
0.26,0.41000000000000003,0.32999999999999996,16/18,0.13871405789158248
0.26,0.42,0.32,16/18,0.14053513868344977
0.26,0.43,0.31,16/18,0.14235621947531707
0.26,0.44,0.3,16/18,0.14417730026718437
0.26,0.45,0.29,16/18,0.1459983810590517
0.26,0.46,0.27999999999999997,16/18,0.14781946185091902
0.26,0.47000000000000003,0.26999999999999996,16/18,0.1496405426427863
0.26,0.48,0.26,16/18,0.15146162343465364
0.26,0.49,0.25,16/18,0.1532827042265209
0.26,0.5,0.24,16/18,0.15510378501838823
0.26,0.51,0.22999999999999998,15/18,0.1565786501877791
0.26,0.52,0.21999999999999997,15/18,0.1567245570898658
0.26,0.53,0.20999999999999996,15/18,0.15687046399195248
0.26,0.54,0.19999999999999996,15/18,0.15701637089403914
0.26,0.55,0.18999999999999995,15/18,0.15716227779612582
0.26,0.56,0.17999999999999994,15/18,0.15730818469821248
0.26,0.5700000000000001,0.16999999999999993,15/18,0.15745409160029916
0.26,0.58,0.16000000000000003,15/18,0.15759999850238585
0.26,0.59,0.15000000000000002,15/18,0.1577459054044725
0.26,0.6,0.14,15/18,0.15789181230655921
0.26,0.61,0.13,15/18,0.15803771920864587
0.26,0.62,0.12,15/18,0.15818362611073256
0.26,0.63,0.10999999999999999,15/18,0.15832953301281924
0.26,0.64,0.09999999999999998,15/18,0.1584754399149059
0.26,0.65,0.08999999999999997,15/18,0.1586213468169926
0.26,0.66,0.07999999999999996,15/18,0.15876725371907927
0.26,0.67,0.06999999999999995,15/18,0.15891316062116595
0.26,0.68,0.05999999999999994,15/18,0.1590590675232526
0.26,0.6900000000000001,0.04999999999999993,15/18,0.1592049744253393
0.26,0.7000000000000001,0.039999999999999925,15/18,0.15935088132742597
0.26,0.71,0.030000000000000027,15/18,0.15949678822951263
0.26,0.72,0.020000000000000018,15/18,0.15964269513159932
0.26,0.73,0.010000000000000009,15/18,0.159788602033686
0.26,0.74,0.0,15/18,0.15993450893577266
0.27,0.0,0.73,18/22,0.012025144181734714
0.27,0.01,0.72,18/22,0.016153020051183617
0.27,0.02,0.71,18/22,0.020280895920632522
0.27,0.03,0.7,18/22,0.024408771790081423
0.27,0.04,0.69,18/22,0.028536647659530325
0.27,0.05,0.6799999999999999,18/22,0.03266452352897923
0.27,0.06,0.6699999999999999,18/22,0.036792399398428134
0.27,0.07,0.6599999999999999,18/22,0.04092027526787704
0.27,0.08,0.65,18/22,0.04504815113732594
0.27,0.09,0.64,18/22,0.04917602700677484
0.27,0.1,0.63,18/22,0.05330390287622375
0.27,0.11,0.62,18/22,0.057431778745672644
0.27,0.12,0.61,18/22,0.06155965461512155
0.27,0.13,0.6,18/22,0.06568753048457046
0.27,0.14,0.59,18/22,0.06981540635401937
0.27,0.15,0.58,18/22,0.07394328222346826
0.27,0.16,0.57,18/22,0.07807115809291716
0.27,0.17,0.5599999999999999,18/22,0.08219903396236607
0.27,0.18,0.55,18/22,0.08632690983181497
0.27,0.19,0.54,18/22,0.09045478570126388
0.27,0.2,0.53,18/22,0.09458266157071278
0.27,0.21,0.52,18/22,0.09871053744016167
0.27,0.22,0.51,18/22,0.10283841330961058
0.27,0.23,0.5,16/18,0.10609036307739488
0.27,0.24,0.49,16/18,0.10791144386926217
0.27,0.25,0.48,16/18,0.10973252466112948
0.27,0.26,0.47,16/18,0.11155360545299678
0.27,0.27,0.45999999999999996,16/18,0.1133746862448641
0.27,0.28,0.44999999999999996,16/18,0.11519576703673141
0.27,0.29,0.44,16/18,0.1170168478285987
0.27,0.3,0.43,16/18,0.11883792862046602
0.27,0.31,0.42,16/18,0.12065900941233333
0.27,0.32,0.41,16/18,0.12248009020420064
0.27,0.33,0.39999999999999997,16/18,0.12430117099606794
0.27,0.34,0.38999999999999996,16/18,0.12612225178793526
0.27,0.35000000000000003,0.37999999999999995,16/18,0.12794333257980256
0.27,0.36,0.37,16/18,0.12976441337166988
0.27,0.37,0.36,16/18,0.13158549416353718
0.27,0.38,0.35,16/18,0.13340657495540448
0.27,0.39,0.33999999999999997,16/18,0.1352276557472718
0.27,0.4,0.32999999999999996,16/18,0.13704873653913913
0.27,0.41000000000000003,0.31999999999999995,16/18,0.1388698173310064
0.27,0.42,0.31,16/18,0.14069089812287372
0.27,0.43,0.3,16/18,0.14251197891474102
0.27,0.44,0.29,16/18,0.14433305970660834
0.27,0.45,0.27999999999999997,16/18,0.14615414049847567
0.27,0.46,0.26999999999999996,16/18,0.14797522129034296
0.27,0.47000000000000003,0.25999999999999995,16/18,0.1497963020822103
0.27,0.48,0.25,16/18,0.15161738287407756
0.27,0.49,0.24,16/18,0.15343846366594488
0.27,0.5,0.22999999999999998,16/18,0.1552595444578122
0.27,0.51,0.21999999999999997,15/18,0.15577624242552365
0.27,0.52,0.20999999999999996,15/18,0.15592214932761034
0.27,0.53,0.19999999999999996,15/18,0.15606805622969702
0.27,0.54,0.18999999999999995,15/18,0.1562139631317837
0.27,0.55,0.17999999999999994,15/18,0.15635987003387036
0.27,0.56,0.16999999999999993,15/18,0.15650577693595705
0.27,0.5700000000000001,0.15999999999999992,15/18,0.15665168383804373
0.27,0.58,0.15000000000000002,15/18,0.1567975907401304
0.27,0.59,0.14,15/18,0.1569434976422171
0.27,0.6,0.13,15/18,0.15708940454430376
0.27,0.61,0.12,15/18,0.15723531144639044
0.27,0.62,0.10999999999999999,15/18,0.1573812183484771
0.27,0.63,0.09999999999999998,15/18,0.15752712525056378
0.27,0.64,0.08999999999999997,15/18,0.1576730321526505
0.27,0.65,0.07999999999999996,15/18,0.15781893905473715
0.27,0.66,0.06999999999999995,15/18,0.15796484595682384
0.27,0.67,0.05999999999999994,15/18,0.1581107528589105
0.27,0.68,0.04999999999999993,15/18,0.15825665976099718
0.27,0.6900000000000001,0.039999999999999925,15/18,0.1584025666630839
0.27,0.7000000000000001,0.029999999999999916,15/18,0.15854847356517054
0.27,0.71,0.020000000000000018,15/18,0.15869438046725723
0.27,0.72,0.010000000000000009,15/18,0.15884028736934389
0.27,0.73,0.0,15/18,0.15898619427143057
0.28,0.0,0.72,18/22,0.012470519892169333
0.28,0.01,0.71,18/22,0.016598395761618236
0.28,0.02,0.7,18/22,0.02072627163106714
0.28,0.03,0.69,18/22,0.024854147500516042
0.28,0.04,0.6799999999999999,18/22,0.028982023369964943
0.28,0.05,0.6699999999999999,18/22,0.03310989923941385
0.28,0.06,0.6599999999999999,18/22,0.03723777510886275
0.28,0.07,0.6499999999999999,18/22,0.04136565097831166
0.28,0.08,0.64,18/22,0.045493526847760556
0.28,0.09,0.63,18/22,0.04962140271720946
0.28,0.1,0.62,18/22,0.053749278586658365
0.28,0.11,0.61,18/22,0.05787715445610726
0.28,0.12,0.6,18/22,0.06200503032555617
0.28,0.13,0.59,18/22,0.06613290619500507
0.28,0.14,0.58,18/22,0.07026078206445398
0.28,0.15,0.57,18/22,0.07438865793390288
0.28,0.16,0.5599999999999999,18/22,0.07851653380335179
0.28,0.17,0.5499999999999999,18/22,0.08264440967280069
0.28,0.18,0.54,18/22,0.0867722855422496
0.28,0.19,0.53,18/22,0.0909001614116985
0.28,0.2,0.52,18/22,0.0950280372811474
0.28,0.21,0.51,18/22,0.0991559131505963
0.28,0.22,0.5,18/22,0.1032837890200452
0.28,0.23,0.49,16/18,0.10624612251681882
0.28,0.24,0.48,16/18,0.10806720330868613
0.28,0.25,0.47,16/18,0.10988828410055343
0.28,0.26,0.45999999999999996,16/18,0.11170936489242075
0.28,0.27,0.44999999999999996,16/18,0.11353044568428806
0.28,0.28,0.43999999999999995,16/18,0.11535152647615537
0.28,0.29,0.43,16/18,0.11717260726802267
0.28,0.3,0.42,16/18,0.11899368805988998
0.28,0.31,0.41,16/18,0.12081476885175729
0.28,0.32,0.39999999999999997,16/18,0.1226358496436246
0.28,0.33,0.38999999999999996,16/18,0.12445693043549191
0.28,0.34,0.37999999999999995,16/18,0.1262780112273592
0.28,0.35000000000000003,0.36999999999999994,16/18,0.12809909201922653
0.28,0.36,0.36,16/18,0.12992017281109383
0.28,0.37,0.35,16/18,0.13174125360296113
0.28,0.38,0.33999999999999997,16/18,0.13356233439482845
0.28,0.39,0.32999999999999996,16/18,0.13538341518669578
0.28,0.4,0.31999999999999995,16/18,0.13720449597856307
0.28,0.41000000000000003,0.30999999999999994,16/18,0.13902557677043037
0.28,0.42,0.3,16/18,0.14084665756229767
0.28,0.43,0.29,16/18,0.142667738354165
0.28,0.44,0.27999999999999997,16/18,0.14448881914603232
0.28,0.45,0.26999999999999996,16/18,0.14630989993789958
0.28,0.46,0.25999999999999995,16/18,0.1481309807297669
0.28,0.47000000000000003,0.24999999999999994,16/18,0.1499520615216342
0.28,0.48,0.24,16/18,0.15177314231350153
0.28,0.49,0.22999999999999998,16/18,0.15359422310536883
0.28,0.5,0.21999999999999997,15/18,0.15482792776118154
0.28,0.51,0.20999999999999996,15/18,0.15497383466326825
0.28,0.52,0.19999999999999996,15/18,0.1551197415653549
0.28,0.53,0.18999999999999995,15/18,0.1552656484674416
0.28,0.54,0.17999999999999994,15/18,0.15541155536952825
0.28,0.55,0.16999999999999993,15/18,0.15555746227161493
0.28,0.56,0.15999999999999992,15/18,0.1557033691737016
0.28,0.5700000000000001,0.1499999999999999,15/18,0.1558492760757883
0.28,0.58,0.14,15/18,0.15599518297787499
0.28,0.59,0.13,15/18,0.15614108987996164
0.28,0.6,0.12,15/18,0.15628699678204833
0.28,0.61,0.10999999999999999,15/18,0.15643290368413498
0.28,0.62,0.09999999999999998,15/18,0.15657881058622167
0.28,0.63,0.08999999999999997,15/18,0.15672471748830838
0.28,0.64,0.07999999999999996,15/18,0.15687062439039504
0.28,0.65,0.06999999999999995,15/18,0.15701653129248172
0.28,0.66,0.05999999999999994,15/18,0.15716243819456838
0.28,0.67,0.04999999999999993,15/18,0.15730834509665506
0.28,0.68,0.039999999999999925,15/18,0.15745425199874175
0.28,0.6900000000000001,0.029999999999999916,15/18,0.15760015890082843
0.28,0.7000000000000001,0.019999999999999907,15/18,0.1577460658029151
0.28,0.71,0.010000000000000009,15/18,0.15789197270500177
0.28,0.72,0.0,15/18,0.15803787960708843
0.29,0.0,0.71,18/22,0.01291589560260395
0.29,0.01,0.7,18/22,0.017043771472052854
0.29,0.02,0.69,18/22,0.021171647341501756
0.29,0.03,0.6799999999999999,18/22,0.025299523210950657
0.29,0.04,0.6699999999999999,18/22,0.029427399080399562
0.29,0.05,0.6599999999999999,18/22,0.03355527494984847
0.29,0.06,0.6499999999999999,18/22,0.037683150819297365
0.29,0.07,0.6399999999999999,18/22,0.04181102668874627
0.29,0.08,0.63,18/22,0.045938902558195174
0.29,0.09,0.62,18/22,0.05006677842764408
0.29,0.1,0.61,18/22,0.054194654297092984
0.29,0.11,0.6,18/22,0.05832253016654188
0.29,0.12,0.59,18/22,0.06245040603599079
0.29,0.13,0.58,18/22,0.06657828190543968
0.29,0.14,0.57,18/22,0.07070615777488859
0.29,0.15,0.5599999999999999,18/22,0.0748340336443375
0.29,0.16,0.5499999999999999,18/22,0.0789619095137864
0.29,0.17,0.5399999999999999,18/22,0.0830897853832353
0.29,0.18,0.53,18/22,0.08721766125268421
0.29,0.19,0.52,18/22,0.09134553712213311
0.29,0.2,0.51,18/22,0.09547341299158202
0.29,0.21,0.5,18/22,0.09960128886103091
0.29,0.22,0.49,18/22,0.10372916473047981
0.29,0.23,0.48,16/18,0.10640188195624278
0.29,0.24,0.47,16/18,0.10822296274811008
0.29,0.25,0.45999999999999996,16/18,0.11004404353997739
0.29,0.26,0.44999999999999996,16/18,0.1118651243318447
0.29,0.27,0.43999999999999995,16/18,0.11368620512371201
0.29,0.28,0.42999999999999994,16/18,0.11550728591557932
0.29,0.29,0.42,16/18,0.11732836670744662
0.29,0.3,0.41,16/18,0.11914944749931393
0.29,0.31,0.39999999999999997,16/18,0.12097052829118124
0.29,0.32,0.38999999999999996,16/18,0.12279160908304856
0.29,0.33,0.37999999999999995,16/18,0.12461268987491586
0.29,0.34,0.36999999999999994,16/18,0.12643377066678316
0.29,0.35000000000000003,0.35999999999999993,16/18,0.12825485145865048
0.29,0.36,0.35,16/18,0.13007593225051778
0.29,0.37,0.33999999999999997,16/18,0.13189701304238508
0.29,0.38,0.32999999999999996,16/18,0.1337180938342524
0.29,0.39,0.31999999999999995,16/18,0.1355391746261197
0.29,0.4,0.30999999999999994,16/18,0.13736025541798702
0.29,0.41000000000000003,0.29999999999999993,16/18,0.13918133620985432
0.29,0.42,0.29,16/18,0.1410024170017216
0.29,0.43,0.27999999999999997,16/18,0.14282349779358894
0.29,0.44,0.26999999999999996,16/18,0.14464457858545623
0.29,0.45,0.25999999999999995,16/18,0.14646565937732356
0.29,0.46,0.24999999999999994,16/18,0.14828674016919086
0.29,0.47000000000000003,0.23999999999999994,16/18,0.15010782096105818
0.29,0.48,0.22999999999999998,16/18,0.15192890175292548
0.29,0.49,0.21999999999999997,16/18,0.15374998254479277
0.29,0.5,0.20999999999999996,15/18,0.1540255199989261
0.29,0.51,0.19999999999999996,15/18,0.1541714269010128
0.29,0.52,0.18999999999999995,15/18,0.15431733380309948
0.29,0.53,0.17999999999999994,15/18,0.15446324070518613
0.29,0.54,0.16999999999999993,15/18,0.1546091476072728
0.29,0.55,0.15999999999999992,15/18,0.1547550545093595
0.29,0.56,0.1499999999999999,15/18,0.1549009614114462
0.29,0.5700000000000001,0.1399999999999999,15/18,0.15504686831353287
0.29,0.58,0.13,15/18,0.15519277521561953
0.29,0.59,0.12,15/18,0.1553386821177062
0.29,0.6,0.10999999999999999,15/18,0.15548458901979287
0.29,0.61,0.09999999999999998,15/18,0.15563049592187952
0.29,0.62,0.08999999999999997,15/18,0.15577640282396624
0.29,0.63,0.07999999999999996,15/18,0.15592230972605292
0.29,0.64,0.06999999999999995,15/18,0.1560682166281396
0.29,0.65,0.05999999999999994,15/18,0.15621412353022626
0.29,0.66,0.04999999999999993,15/18,0.15636003043231292
0.29,0.67,0.039999999999999925,15/18,0.15650593733439963
0.29,0.68,0.029999999999999916,15/18,0.15665184423648632
0.29,0.6900000000000001,0.019999999999999907,15/18,0.156797751138573
0.29,0.7000000000000001,0.009999999999999898,15/18,0.15694365804065963
0.29,0.71,0.0,15/18,0.15708956494274634
0.3,0.0,0.7,18/22,0.01336127131303857
0.3,0.01,0.69,18/22,0.017489147182487473
0.3,0.02,0.6799999999999999,18/22,0.021617023051936378
0.3,0.03,0.6699999999999999,18/22,0.02574489892138528
0.3,0.04,0.6599999999999999,18/22,0.02987277479083418
0.3,0.05,0.6499999999999999,18/22,0.034000650660283085
0.3,0.06,0.6399999999999999,18/22,0.03812852652973199
0.3,0.07,0.6299999999999999,18/22,0.042256402399180895
0.3,0.08,0.62,18/22,0.04638427826862979
0.3,0.09,0.61,18/22,0.0505121541380787
0.3,0.1,0.6,18/22,0.0546400300075276
0.3,0.11,0.59,18/22,0.0587679058769765
0.3,0.12,0.58,18/22,0.0628957817464254
0.3,0.13,0.57,18/22,0.06702365761587431
0.3,0.14,0.5599999999999999,18/22,0.07115153348532322
0.3,0.15,0.5499999999999999,18/22,0.07527940935477212
0.3,0.16,0.5399999999999999,18/22,0.07940728522422102
0.3,0.17,0.5299999999999999,18/22,0.08353516109366993
0.3,0.18,0.52,18/22,0.08766303696311883
0.3,0.19,0.51,18/22,0.09179091283256774
0.3,0.2,0.49999999999999994,18/22,0.09591878870201664
0.3,0.21,0.49,18/22,0.10004666457146554
0.3,0.22,0.48,18/22,0.10417454044091444
0.3,0.23,0.47,16/18,0.10655764139566673
0.3,0.24,0.45999999999999996,16/18,0.10837872218753404
0.3,0.25,0.44999999999999996,16/18,0.11019980297940135
0.3,0.26,0.43999999999999995,16/18,0.11202088377126865
0.3,0.27,0.42999999999999994,16/18,0.11384196456313597
0.3,0.28,0.41999999999999993,16/18,0.11566304535500327
0.3,0.29,0.41,16/18,0.11748412614687057
0.3,0.3,0.39999999999999997,16/18,0.11930520693873788
0.3,0.31,0.38999999999999996,16/18,0.12112628773060519
0.3,0.32,0.37999999999999995,16/18,0.12294736852247251
0.3,0.33,0.36999999999999994,16/18,0.12476844931433981
0.3,0.34,0.35999999999999993,16/18,0.1265895301062071
0.3,0.35000000000000003,0.3499999999999999,16/18,0.12841061089807443
0.3,0.36,0.33999999999999997,16/18,0.13023169168994173
0.3,0.37,0.32999999999999996,16/18,0.13205277248180902
0.3,0.38,0.31999999999999995,16/18,0.13387385327367635
0.3,0.39,0.30999999999999994,16/18,0.13569493406554367
0.3,0.4,0.29999999999999993,16/18,0.13751601485741097
0.3,0.41000000000000003,0.2899999999999999,16/18,0.13933709564927826
0.3,0.42,0.27999999999999997,16/18,0.1411581764411456
0.3,0.43,0.26999999999999996,16/18,0.14297925723301289
0.3,0.44,0.25999999999999995,16/18,0.1448003380248802
0.3,0.45,0.24999999999999994,16/18,0.1466214188167475
0.3,0.46,0.23999999999999994,16/18,0.14844249960861483
0.3,0.47000000000000003,0.22999999999999993,16/18,0.15026358040048216
0.3,0.48,0.21999999999999997,16/18,0.15208466119234942
0.3,0.49,0.20999999999999996,15/18,0.153077205334584
0.3,0.5,0.19999999999999996,15/18,0.15322311223667068
0.3,0.51,0.18999999999999995,15/18,0.15336901913875733
0.3,0.52,0.17999999999999994,15/18,0.15351492604084402
0.3,0.53,0.16999999999999993,15/18,0.1536608329429307
0.3,0.54,0.15999999999999992,15/18,0.15380673984501736
0.3,0.55,0.1499999999999999,15/18,0.15395264674710404
0.3,0.56,0.1399999999999999,15/18,0.15409855364919073
0.3,0.5700000000000001,0.1299999999999999,15/18,0.1542444605512774
0.3,0.58,0.12,15/18,0.15439036745336407
0.3,0.59,0.10999999999999999,15/18,0.15453627435545075
0.3,0.6,0.09999999999999998,15/18,0.15468218125753744
0.3,0.61,0.08999999999999997,15/18,0.15482808815962412
0.3,0.62,0.07999999999999996,15/18,0.15497399506171078
0.3,0.63,0.06999999999999995,15/18,0.15511990196379746
0.3,0.64,0.05999999999999994,15/18,0.15526580886588415
0.3,0.65,0.04999999999999993,15/18,0.15541171576797083
0.3,0.66,0.039999999999999925,15/18,0.15555762267005752
0.3,0.67,0.029999999999999916,15/18,0.15570352957214417
0.3,0.68,0.019999999999999907,15/18,0.15584943647423086
0.3,0.6900000000000001,0.009999999999999898,15/18,0.15599534337631754
0.3,0.7000000000000001,-1.1102230246251565e-16,15/18,0.1561412502784042
0.31,0.0,0.69,18/22,0.013806647023473189
0.31,0.01,0.6799999999999999,18/22,0.017934522892922092
0.31,0.02,0.6699999999999999,18/22,0.022062398762370997
0.31,0.03,0.6599999999999999,18/22,0.026190274631819898
0.31,0.04,0.6499999999999999,18/22,0.0303181505012688
0.31,0.05,0.6399999999999999,18/22,0.034446026370717704
0.31,0.06,0.6299999999999999,18/22,0.03857390224016661
0.31,0.07,0.6199999999999999,18/22,0.042701778109615514
0.31,0.08,0.61,18/22,0.04682965397906441
0.31,0.09,0.6,18/22,0.05095752984851332
0.31,0.1,0.59,18/22,0.05508540571796222
0.31,0.11,0.58,18/22,0.05921328158741112
0.31,0.12,0.57,18/22,0.06334115745686003
0.31,0.13,0.5599999999999999,18/22,0.06746903332630894
0.31,0.14,0.5499999999999999,18/22,0.07159690919575784
0.31,0.15,0.5399999999999999,18/22,0.07572478506520673
0.31,0.16,0.5299999999999999,18/22,0.07985266093465564
0.31,0.17,0.5199999999999999,18/22,0.08398053680410454
0.31,0.18,0.51,18/22,0.08810841267355345
0.31,0.19,0.49999999999999994,18/22,0.09223628854300235
0.31,0.2,0.48999999999999994,18/22,0.09636416441245126
0.31,0.21,0.48,18/22,0.10049204028190015
0.31,0.22,0.47,18/22,0.10461991615134905
0.31,0.23,0.45999999999999996,16/18,0.10671340083509069
0.31,0.24,0.44999999999999996,16/18,0.108534481626958
0.31,0.25,0.43999999999999995,16/18,0.1103555624188253
0.31,0.26,0.42999999999999994,16/18,0.1121766432106926
0.31,0.27,0.41999999999999993,16/18,0.11399772400255992
0.31,0.28,0.4099999999999999,16/18,0.11581880479442723
0.31,0.29,0.39999999999999997,16/18,0.11763988558629451
0.31,0.3,0.38999999999999996,16/18,0.11946096637816184
0.31,0.31,0.37999999999999995,16/18,0.12128204717002915
0.31,0.32,0.36999999999999994,16/18,0.12310312796189646
0.31,0.33,0.35999999999999993,16/18,0.12492420875376377
0.31,0.34,0.3499999999999999,16/18,0.12674528954563108
0.31,0.35000000000000003,0.3399999999999999,16/18,0.1285663703374984
0.31,0.36,0.32999999999999996,16/18,0.13038745112936567
0.31,0.37,0.31999999999999995,16/18,0.132208531921233
0.31,0.38,0.30999999999999994,16/18,0.13402961271310032
0.31,0.39,0.29999999999999993,16/18,0.13585069350496762
0.31,0.4,0.2899999999999999,16/18,0.13767177429683494
0.31,0.41000000000000003,0.2799999999999999,16/18,0.13949285508870224
0.31,0.42,0.26999999999999996,16/18,0.14131393588056954
0.31,0.43,0.25999999999999995,16/18,0.14313501667243686
0.31,0.44,0.24999999999999994,16/18,0.14495609746430416
0.31,0.45,0.23999999999999994,16/18,0.14677717825617145
0.31,0.46,0.22999999999999993,16/18,0.14859825904803878
0.31,0.47000000000000003,0.21999999999999992,16/18,0.15041933983990607
0.31,0.48,0.20999999999999996,15/18,0.15212889067024188
0.31,0.49,0.19999999999999996,15/18,0.15227479757232856
0.31,0.5,0.18999999999999995,15/18,0.15242070447441525
0.31,0.51,0.17999999999999994,15/18,0.1525666113765019
0.31,0.52,0.16999999999999993,15/18,0.1527125182785886
0.31,0.53,0.15999999999999992,15/18,0.15285842518067527
0.31,0.54,0.1499999999999999,15/18,0.15300433208276196
0.31,0.55,0.1399999999999999,15/18,0.1531502389848486
0.31,0.56,0.1299999999999999,15/18,0.15329614588693527
0.31,0.5700000000000001,0.11999999999999988,15/18,0.15344205278902195
0.31,0.58,0.10999999999999999,15/18,0.15358795969110864
0.31,0.59,0.09999999999999998,15/18,0.1537338665931953
0.31,0.6,0.08999999999999997,15/18,0.153879773495282
0.31,0.61,0.07999999999999996,15/18,0.1540256803973687
0.31,0.62,0.06999999999999995,15/18,0.15417158729945535
0.31,0.63,0.05999999999999994,15/18,0.15431749420154203
0.31,0.64,0.04999999999999993,15/18,0.1544634011036287
0.31,0.65,0.039999999999999925,15/18,0.1546093080057154
0.31,0.66,0.029999999999999916,15/18,0.15475521490780209
0.31,0.67,0.019999999999999907,15/18,0.15490112180988874
0.31,0.68,0.009999999999999898,15/18,0.1550470287119754
0.31,0.6900000000000001,-1.1102230246251565e-16,15/18,0.15519293561406208
0.32,0.0,0.6799999999999999,18/22,0.014252022733907807
0.32,0.01,0.6699999999999999,18/22,0.01837989860335671
0.32,0.02,0.6599999999999999,18/22,0.022507774472805615
0.32,0.03,0.6499999999999999,18/22,0.026635650342254517
0.32,0.04,0.6399999999999999,18/22,0.030763526211703418
0.32,0.05,0.6299999999999999,18/22,0.03489140208115232
0.32,0.06,0.6199999999999999,18/22,0.03901927795060123
0.32,0.07,0.6099999999999999,18/22,0.04314715382005013
0.32,0.08,0.6,18/22,0.04727502968949903
0.32,0.09,0.59,18/22,0.051402905558947935
0.32,0.1,0.58,18/22,0.05553078142839684
0.32,0.11,0.57,18/22,0.05965865729784574
0.32,0.12,0.5599999999999999,18/22,0.06378653316729464
0.32,0.13,0.5499999999999999,18/22,0.06791440903674355
0.32,0.14,0.5399999999999999,18/22,0.07204228490619245
0.32,0.15,0.5299999999999999,18/22,0.07617016077564136
0.32,0.16,0.5199999999999999,18/22,0.08029803664509026
0.32,0.17,0.5099999999999999,18/22,0.08442591251453917
0.32,0.18,0.49999999999999994,18/22,0.08855378838398807
0.32,0.19,0.48999999999999994,18/22,0.09268166425343698
0.32,0.2,0.4799999999999999,18/22,0.09680954012288588
0.32,0.21,0.47,18/22,0.10093741599233477
0.32,0.22,0.45999999999999996,16/18,0.10504807948264734
0.32,0.23,0.44999999999999996,16/18,0.10686916027451465
0.32,0.24,0.43999999999999995,16/18,0.10869024106638195
0.32,0.25,0.42999999999999994,16/18,0.11051132185824925
0.32,0.26,0.41999999999999993,16/18,0.11233240265011657
0.32,0.27,0.4099999999999999,16/18,0.11415348344198388
0.32,0.28,0.3999999999999999,16/18,0.11597456423385119
0.32,0.29,0.38999999999999996,16/18,0.11779564502571849
0.32,0.3,0.37999999999999995,16/18,0.1196167258175858
0.32,0.31,0.36999999999999994,16/18,0.12143780660945311
0.32,0.32,0.35999999999999993,16/18,0.12325888740132042
0.32,0.33,0.3499999999999999,16/18,0.12507996819318773
0.32,0.34,0.3399999999999999,16/18,0.12690104898505503
0.32,0.35000000000000003,0.3299999999999999,16/18,0.12872212977692235
0.32,0.36,0.31999999999999995,16/18,0.13054321056878965
0.32,0.37,0.30999999999999994,16/18,0.13236429136065694
0.32,0.38,0.29999999999999993,16/18,0.13418537215252427
0.32,0.39,0.2899999999999999,16/18,0.13600645294439156
0.32,0.4,0.2799999999999999,16/18,0.1378275337362589
0.32,0.41000000000000003,0.2699999999999999,16/18,0.13964861452812619
0.32,0.42,0.25999999999999995,16/18,0.14146969531999348
0.32,0.43,0.24999999999999994,16/18,0.14329077611186078
0.32,0.44,0.23999999999999994,16/18,0.1451118569037281
0.32,0.45,0.22999999999999993,16/18,0.14693293769559543
0.32,0.46,0.21999999999999992,16/18,0.14875401848746272
0.32,0.47000000000000003,0.2099999999999999,16/18,0.15057509927933005
0.32,0.48,0.19999999999999996,15/18,0.15132648290798645
0.32,0.49,0.18999999999999995,15/18,0.1514723898100731
0.32,0.5,0.17999999999999994,15/18,0.1516182967121598
0.32,0.51,0.16999999999999993,15/18,0.15176420361424647
0.32,0.52,0.15999999999999992,15/18,0.15191011051633313
0.32,0.53,0.1499999999999999,15/18,0.15205601741841981
0.32,0.54,0.1399999999999999,15/18,0.1522019243205065
0.32,0.55,0.1299999999999999,15/18,0.15234783122259318
0.32,0.56,0.11999999999999988,15/18,0.15249373812467984
0.32,0.5700000000000001,0.10999999999999988,15/18,0.15263964502676652
0.32,0.58,0.09999999999999998,15/18,0.1527855519288532
0.32,0.59,0.08999999999999997,15/18,0.1529314588309399
0.32,0.6,0.07999999999999996,15/18,0.15307736573302655
0.32,0.61,0.06999999999999995,15/18,0.15322327263511323
0.32,0.62,0.05999999999999994,15/18,0.15336917953719992
0.32,0.63,0.04999999999999993,15/18,0.1535150864392866
0.32,0.64,0.039999999999999925,15/18,0.1536609933413733
0.32,0.65,0.029999999999999916,15/18,0.15380690024345994
0.32,0.66,0.019999999999999907,15/18,0.15395280714554663
0.32,0.67,0.009999999999999898,15/18,0.1540987140476333
0.32,0.68,-1.1102230246251565e-16,15/18,0.15424462094971997
0.33,0.0,0.6699999999999999,18/22,0.014697398444342428
0.33,0.01,0.6599999999999999,18/22,0.01882527431379133
0.33,0.02,0.6499999999999999,18/22,0.022953150183240234
0.33,0.03,0.6399999999999999,18/22,0.02708102605268914
0.33,0.04,0.6299999999999999,18/22,0.03120890192213804
0.33,0.05,0.6199999999999999,18/22,0.03533677779158695
0.33,0.06,0.6099999999999999,18/22,0.039464653661035846
0.33,0.07,0.5999999999999999,18/22,0.04359252953048475
0.33,0.08,0.59,18/22,0.04772040539993365
0.33,0.09,0.58,18/22,0.051848281269382554
0.33,0.1,0.57,18/22,0.05597615713883146
0.33,0.11,0.5599999999999999,18/22,0.060104033008280364
0.33,0.12,0.5499999999999999,18/22,0.06423190887772927
0.33,0.13,0.5399999999999999,18/22,0.06835978474717817
0.33,0.14,0.5299999999999999,18/22,0.07248766061662708
0.33,0.15,0.5199999999999999,18/22,0.07661553648607597
0.33,0.16,0.5099999999999999,18/22,0.08074341235552487
0.33,0.17,0.4999999999999999,18/22,0.08487128822497378
0.33,0.18,0.48999999999999994,18/22,0.08899916409442268
0.33,0.19,0.4799999999999999,18/22,0.09312703996387159
0.33,0.2,0.4699999999999999,18/22,0.0972549158333205
0.33,0.21,0.45999999999999996,18/22,0.10138279170276938
0.33,0.22,0.44999999999999996,16/18,0.10520383892207129
0.33,0.23,0.43999999999999995,16/18,0.1070249197139386
0.33,0.24,0.42999999999999994,16/18,0.1088460005058059
0.33,0.25,0.41999999999999993,16/18,0.11066708129767322
0.33,0.26,0.4099999999999999,16/18,0.11248816208954052
0.33,0.27,0.3999999999999999,16/18,0.11430924288140783
0.33,0.28,0.3899999999999999,16/18,0.11613032367327514
0.33,0.29,0.37999999999999995,16/18,0.11795140446514243
0.33,0.3,0.36999999999999994,16/18,0.11977248525700974
0.33,0.31,0.35999999999999993,16/18,0.12159356604887706
0.33,0.32,0.3499999999999999,16/18,0.12341464684074437
0.33,0.33,0.3399999999999999,16/18,0.12523572763261168
0.33,0.34,0.3299999999999999,16/18,0.12705680842447897
0.33,0.35000000000000003,0.3199999999999999,16/18,0.1288778892163463
0.33,0.36,0.30999999999999994,16/18,0.1306989700082136
0.33,0.37,0.29999999999999993,16/18,0.1325200508000809
0.33,0.38,0.2899999999999999,16/18,0.13434113159194822
0.33,0.39,0.2799999999999999,16/18,0.13616221238381554
0.33,0.4,0.2699999999999999,16/18,0.13798329317568284
0.33,0.41000000000000003,0.2599999999999999,16/18,0.13980437396755013
0.33,0.42,0.24999999999999994,16/18,0.14162545475941743
0.33,0.43,0.23999999999999994,16/18,0.14344653555128475
0.33,0.44,0.22999999999999993,16/18,0.14526761634315208
0.33,0.45,0.21999999999999992,16/18,0.14708869713501938
0.33,0.46,0.2099999999999999,16/18,0.1489097779268867
0.33,0.47000000000000003,0.1999999999999999,15/18,0.15037816824364433
0.33,0.48,0.18999999999999995,15/18,0.15052407514573102
0.33,0.49,0.17999999999999994,15/18,0.15066998204781767
0.33,0.5,0.16999999999999993,15/18,0.15081588894990436
0.33,0.51,0.15999999999999992,15/18,0.15096179585199104
0.33,0.52,0.1499999999999999,15/18,0.1511077027540777
0.33,0.53,0.1399999999999999,15/18,0.15125360965616438
0.33,0.54,0.1299999999999999,15/18,0.15139951655825104
0.33,0.55,0.11999999999999988,15/18,0.15154542346033772
0.33,0.56,0.10999999999999988,15/18,0.15169133036242438
0.33,0.5700000000000001,0.09999999999999987,15/18,0.1518372372645111
0.33,0.58,0.08999999999999997,15/18,0.15198314416659778
0.33,0.59,0.07999999999999996,15/18,0.15212905106868443
0.33,0.6,0.06999999999999995,15/18,0.15227495797077112
0.33,0.61,0.05999999999999994,15/18,0.15242086487285778
0.33,0.62,0.04999999999999993,15/18,0.15256677177494446
0.33,0.63,0.039999999999999925,15/18,0.15271267867703117
0.33,0.64,0.029999999999999916,15/18,0.15285858557911783
0.33,0.65,0.019999999999999907,15/18,0.1530044924812045
0.33,0.66,0.009999999999999898,15/18,0.15315039938329117
0.33,0.67,-1.1102230246251565e-16,15/18,0.15329630628537785
0.34,0.0,0.6599999999999999,18/22,0.015142774154777047
0.34,0.01,0.6499999999999999,18/22,0.019270650024225948
0.34,0.02,0.6399999999999999,18/22,0.023398525893674853
0.34,0.03,0.6299999999999999,18/22,0.027526401763123758
0.34,0.04,0.6199999999999999,18/22,0.031654277632572655
0.34,0.05,0.6099999999999999,18/22,0.03578215350202156
0.34,0.06,0.5999999999999999,18/22,0.039910029371470465
0.34,0.07,0.5899999999999999,18/22,0.04403790524091937
0.34,0.08,0.58,18/22,0.048165781110368275
0.34,0.09,0.57,18/22,0.05229365697981718
0.34,0.1,0.5599999999999999,18/22,0.056421532849266084
0.34,0.11,0.5499999999999999,18/22,0.060549408718714975
0.34,0.12,0.5399999999999999,18/22,0.06467728458816388
0.34,0.13,0.5299999999999999,18/22,0.06880516045761279
0.34,0.14,0.5199999999999999,18/22,0.07293303632706169
0.34,0.15,0.5099999999999999,18/22,0.0770609121965106
0.34,0.16,0.4999999999999999,18/22,0.0811887880659595
0.34,0.17,0.4899999999999999,18/22,0.0853166639354084
0.34,0.18,0.4799999999999999,18/22,0.08944453980485731
0.34,0.19,0.4699999999999999,18/22,0.09357241567430621
0.34,0.2,0.4599999999999999,18/22,0.09770029154375512
0.34,0.21,0.44999999999999996,18/22,0.10182816741320401
0.34,0.22,0.43999999999999995,16/18,0.10535959836149525
0.34,0.23,0.42999999999999994,16/18,0.10718067915336255
0.34,0.24,0.41999999999999993,16/18,0.10900175994522987
0.34,0.25,0.4099999999999999,16/18,0.11082284073709717
0.34,0.26,0.3999999999999999,16/18,0.11264392152896448
0.34,0.27,0.3899999999999999,16/18,0.11446500232083179
0.34,0.28,0.3799999999999999,16/18,0.11628608311269911
0.34,0.29,0.36999999999999994,16/18,0.1181071639045664
0.34,0.3,0.35999999999999993,16/18,0.1199282446964337
0.34,0.31,0.3499999999999999,16/18,0.12174932548830102
0.34,0.32,0.3399999999999999,16/18,0.12357040628016833
0.34,0.33,0.3299999999999999,16/18,0.12539148707203562
0.34,0.34,0.3199999999999999,16/18,0.12721256786390295
0.34,0.35000000000000003,0.3099999999999999,16/18,0.12903364865577027
0.34,0.36,0.29999999999999993,16/18,0.13085472944763757
0.34,0.37,0.2899999999999999,16/18,0.13267581023950487
0.34,0.38,0.2799999999999999,16/18,0.1344968910313722
0.34,0.39,0.2699999999999999,16/18,0.1363179718232395
0.34,0.4,0.2599999999999999,16/18,0.1381390526151068
0.34,0.41000000000000003,0.2499999999999999,16/18,0.1399601334069741
0.34,0.42,0.23999999999999994,16/18,0.1417812141988414
0.34,0.43,0.22999999999999993,16/18,0.14360229499070873
0.34,0.44,0.21999999999999992,16/18,0.14542337578257603
0.34,0.45,0.2099999999999999,16/18,0.14724445657444332
0.34,0.46,0.1999999999999999,16/18,0.14906553736631062
0.34,0.47000000000000003,0.1899999999999999,15/18,0.14957576048138888
0.34,0.48,0.17999999999999994,15/18,0.14972166738347556
0.34,0.49,0.16999999999999993,15/18,0.14986757428556224
0.34,0.5,0.15999999999999992,15/18,0.1500134811876489
0.34,0.51,0.1499999999999999,15/18,0.15015938808973558
0.34,0.52,0.1399999999999999,15/18,0.15030529499182227
0.34,0.53,0.1299999999999999,15/18,0.15045120189390893
0.34,0.54,0.11999999999999988,15/18,0.1505971087959956
0.34,0.55,0.10999999999999988,15/18,0.1507430156980823
0.34,0.56,0.09999999999999987,15/18,0.15088892260016898
0.34,0.5700000000000001,0.08999999999999986,15/18,0.15103482950225566
0.34,0.58,0.07999999999999996,15/18,0.15118073640434232
0.34,0.59,0.06999999999999995,15/18,0.151326643306429
0.34,0.6,0.05999999999999994,15/18,0.15147255020851566
0.34,0.61,0.04999999999999993,15/18,0.15161845711060234
0.34,0.62,0.039999999999999925,15/18,0.15176436401268903
0.34,0.63,0.029999999999999916,15/18,0.1519102709147757
0.34,0.64,0.019999999999999907,15/18,0.1520561778168624
0.34,0.65,0.009999999999999898,15/18,0.15220208471894905
0.34,0.66,-1.1102230246251565e-16,15/18,0.15234799162103574
0.35000000000000003,0.0,0.6499999999999999,18/22,0.015588149865211665
0.35000000000000003,0.01,0.6399999999999999,18/22,0.019716025734660567
0.35000000000000003,0.02,0.6299999999999999,18/22,0.02384390160410947
0.35000000000000003,0.03,0.6199999999999999,18/22,0.027971777473558376
0.35000000000000003,0.04,0.6099999999999999,18/22,0.03209965334300728
0.35000000000000003,0.05,0.5999999999999999,18/22,0.036227529212456186
0.35000000000000003,0.06,0.5899999999999999,18/22,0.040355405081905084
0.35000000000000003,0.07,0.5799999999999998,18/22,0.04448328095135399
0.35000000000000003,0.08,0.57,18/22,0.04861115682080289
0.35000000000000003,0.09,0.5599999999999999,18/22,0.05273903269025179
0.35000000000000003,0.1,0.5499999999999999,18/22,0.056866908559700696
0.35000000000000003,0.11,0.5399999999999999,18/22,0.0609947844291496
0.35000000000000003,0.12,0.5299999999999999,18/22,0.0651226602985985
0.35000000000000003,0.13,0.5199999999999999,18/22,0.06925053616804741
0.35000000000000003,0.14,0.5099999999999999,18/22,0.07337841203749632
0.35000000000000003,0.15,0.4999999999999999,18/22,0.0775062879069452
0.35000000000000003,0.16,0.4899999999999999,18/22,0.08163416377639411
0.35000000000000003,0.17,0.47999999999999987,18/22,0.08576203964584302
0.35000000000000003,0.18,0.4699999999999999,18/22,0.08988991551529192
0.35000000000000003,0.19,0.4599999999999999,18/22,0.09401779138474083
0.35000000000000003,0.2,0.4499999999999999,18/22,0.09814566725418973
0.35000000000000003,0.21,0.43999999999999995,18/22,0.10227354312363862
0.35000000000000003,0.22,0.42999999999999994,16/18,0.1055153578009192
0.35000000000000003,0.23,0.41999999999999993,16/18,0.10733643859278652
0.35000000000000003,0.24,0.4099999999999999,16/18,0.10915751938465382
0.35000000000000003,0.25,0.3999999999999999,16/18,0.11097860017652111
0.35000000000000003,0.26,0.3899999999999999,16/18,0.11279968096838842
0.35000000000000003,0.27,0.3799999999999999,16/18,0.11462076176025573
0.35000000000000003,0.28,0.3699999999999999,16/18,0.11644184255212306
0.35000000000000003,0.29,0.35999999999999993,16/18,0.11826292334399034
0.35000000000000003,0.3,0.3499999999999999,16/18,0.12008400413585765
0.35000000000000003,0.31,0.3399999999999999,16/18,0.12190508492772498
0.35000000000000003,0.32,0.3299999999999999,16/18,0.12372616571959229
0.35000000000000003,0.33,0.3199999999999999,16/18,0.12554724651145957
0.35000000000000003,0.34,0.3099999999999999,16/18,0.1273683273033269
0.35000000000000003,0.35000000000000003,0.2999999999999999,16/18,0.12918940809519422
0.35000000000000003,0.36,0.2899999999999999,16/18,0.13101048888706152
0.35000000000000003,0.37,0.2799999999999999,16/18,0.1328315696789288
0.35000000000000003,0.38,0.2699999999999999,16/18,0.1346526504707961
0.35000000000000003,0.39,0.2599999999999999,16/18,0.13647373126266343
0.35000000000000003,0.4,0.2499999999999999,16/18,0.13829481205453076
0.35000000000000003,0.41000000000000003,0.23999999999999988,16/18,0.14011589284639805
0.35000000000000003,0.42,0.22999999999999993,16/18,0.14193697363826538
0.35000000000000003,0.43,0.21999999999999992,16/18,0.14375805443013268
0.35000000000000003,0.44,0.2099999999999999,16/18,0.145579135222
0.35000000000000003,0.45,0.1999999999999999,16/18,0.14740021601386727
0.35000000000000003,0.46,0.1899999999999999,15/18,0.14862744581704673
0.35000000000000003,0.47000000000000003,0.17999999999999988,15/18,0.14877335271913344
0.35000000000000003,0.48,0.16999999999999993,15/18,0.1489192596212201
0.35000000000000003,0.49,0.15999999999999992,15/18,0.1490651665233068
0.35000000000000003,0.5,0.1499999999999999,15/18,0.14921107342539347
0.35000000000000003,0.51,0.1399999999999999,15/18,0.14935698032748015
0.35000000000000003,0.52,0.1299999999999999,15/18,0.1495028872295668
0.35000000000000003,0.53,0.11999999999999988,15/18,0.1496487941316535
0.35000000000000003,0.54,0.10999999999999988,15/18,0.14979470103374015
0.35000000000000003,0.55,0.09999999999999987,15/18,0.14994060793582686
0.35000000000000003,0.56,0.08999999999999986,15/18,0.15008651483791352
0.35000000000000003,0.5700000000000001,0.07999999999999985,15/18,0.1502324217400002
0.35000000000000003,0.58,0.06999999999999995,15/18,0.1503783286420869
0.35000000000000003,0.59,0.05999999999999994,15/18,0.15052423554417355
0.35000000000000003,0.6,0.04999999999999993,15/18,0.15067014244626023
0.35000000000000003,0.61,0.039999999999999925,15/18,0.15081604934834691
0.35000000000000003,0.62,0.029999999999999916,15/18,0.1509619562504336
0.35000000000000003,0.63,0.019999999999999907,15/18,0.15110786315252028
0.35000000000000003,0.64,0.009999999999999898,15/18,0.15125377005460694
0.35000000000000003,0.65,-1.1102230246251565e-16,15/18,0.15139967695669362
0.36,0.0,0.64,18/22,0.016033525575646284
0.36,0.01,0.63,18/22,0.020161401445095185
0.36,0.02,0.62,18/22,0.02428927731454409
0.36,0.03,0.61,18/22,0.028417153183992995
0.36,0.04,0.6,18/22,0.03254502905344189
0.36,0.05,0.59,18/22,0.0366729049228908
0.36,0.06,0.5800000000000001,18/22,0.0408007807923397
0.36,0.07,0.5700000000000001,18/22,0.04492865666178861
0.36,0.08,0.56,18/22,0.04905653253123751
0.36,0.09,0.55,18/22,0.05318440840068642
0.36,0.1,0.54,18/22,0.05731228427013532
0.36,0.11,0.53,18/22,0.06144016013958421
0.36,0.12,0.52,18/22,0.06556803600903312
0.36,0.13,0.51,18/22,0.06969591187848202
0.36,0.14,0.5,18/22,0.07382378774793093
0.36,0.15,0.49,18/22,0.07795166361737983
0.36,0.16,0.48,18/22,0.08207953948682874
0.36,0.17,0.47,18/22,0.08620741535627764
0.36,0.18,0.46,18/22,0.09033529122572655
0.36,0.19,0.45,18/22,0.09446316709517545
0.36,0.2,0.44,18/22,0.09859104296462436
0.36,0.21,0.43000000000000005,18/22,0.10271891883407325
0.36,0.22,0.42000000000000004,16/18,0.10567111724034316
0.36,0.23,0.41000000000000003,16/18,0.10749219803221047
0.36,0.24,0.4,16/18,0.10931327882407776
0.36,0.25,0.39,16/18,0.11113435961594509
0.36,0.26,0.38,16/18,0.11295544040781239
0.36,0.27,0.37,16/18,0.1147765211996797
0.36,0.28,0.36,16/18,0.116597601991547
0.36,0.29,0.35000000000000003,16/18,0.1184186827834143
0.36,0.3,0.34,16/18,0.12023976357528161
0.36,0.31,0.33,16/18,0.12206084436714892
0.36,0.32,0.32,16/18,0.12388192515901623
0.36,0.33,0.31,16/18,0.12570300595088355
0.36,0.34,0.3,16/18,0.12752408674275084
0.36,0.35000000000000003,0.29,16/18,0.12934516753461817
0.36,0.36,0.28,16/18,0.13116624832648546
0.36,0.37,0.27,16/18,0.13298732911835276
0.36,0.38,0.26,16/18,0.13480840991022008
0.36,0.39,0.25,16/18,0.1366294907020874
0.36,0.4,0.24,16/18,0.1384505714939547
0.36,0.41000000000000003,0.22999999999999998,16/18,0.14027165228582203
0.36,0.42,0.22000000000000003,16/18,0.1420927330776893
0.36,0.43,0.21000000000000002,16/18,0.14391381386955662
0.36,0.44,0.2,16/18,0.14573489466142395
0.36,0.45,0.19,16/18,0.14755597545329124
0.36,0.46,0.18,15/18,0.14782503805479133
0.36,0.47000000000000003,0.16999999999999998,15/18,0.14797094495687801
0.36,0.48,0.16000000000000003,15/18,0.1481168518589647
0.36,0.49,0.15000000000000002,15/18,0.14826275876105136
0.36,0.5,0.14,15/18,0.14840866566313804
0.36,0.51,0.13,15/18,0.14855457256522472
0.36,0.52,0.12,15/18,0.14870047946731138
0.36,0.53,0.10999999999999999,15/18,0.14884638636939806
0.36,0.54,0.09999999999999998,15/18,0.14899229327148475
0.36,0.55,0.08999999999999997,15/18,0.14913820017357143
0.36,0.56,0.07999999999999996,15/18,0.1492841070756581
0.36,0.5700000000000001,0.06999999999999995,15/18,0.14943001397774477
0.36,0.58,0.06000000000000005,15/18,0.14957592087983146
0.36,0.59,0.050000000000000044,15/18,0.14972182778191812
0.36,0.6,0.040000000000000036,15/18,0.1498677346840048
0.36,0.61,0.030000000000000027,15/18,0.15001364158609148
0.36,0.62,0.020000000000000018,15/18,0.15015954848817817
0.36,0.63,0.010000000000000009,15/18,0.15030545539026485
0.36,0.64,0.0,15/18,0.1504513622923515
0.37,0.0,0.63,18/22,0.016478901286080903
0.37,0.01,0.62,18/22,0.020606777155529804
0.37,0.02,0.61,18/22,0.02473465302497871
0.37,0.03,0.6,18/22,0.028862528894427614
0.37,0.04,0.59,18/22,0.03299040476387652
0.37,0.05,0.58,18/22,0.03711828063332542
0.37,0.06,0.5700000000000001,18/22,0.04124615650277432
0.37,0.07,0.56,18/22,0.045374032372223226
0.37,0.08,0.55,18/22,0.049501908241672124
0.37,0.09,0.54,18/22,0.05362978411112103
0.37,0.1,0.53,18/22,0.057757659980569934
0.37,0.11,0.52,18/22,0.06188553585001884
0.37,0.12,0.51,18/22,0.06601341171946774
0.37,0.13,0.5,18/22,0.07014128758891665
0.37,0.14,0.49,18/22,0.07426916345836555
0.37,0.15,0.48,18/22,0.07839703932781444
0.37,0.16,0.47,18/22,0.08252491519726335
0.37,0.17,0.45999999999999996,18/22,0.08665279106671225
0.37,0.18,0.45,18/22,0.09078066693616116
0.37,0.19,0.44,18/22,0.09490854280561006
0.37,0.2,0.43,18/22,0.09903641867505897
0.37,0.21,0.42000000000000004,18/22,0.10316429454450786
0.37,0.22,0.41000000000000003,16/18,0.1058268766797671
0.37,0.23,0.4,16/18,0.10764795747163441
0.37,0.24,0.39,16/18,0.10946903826350174
0.37,0.25,0.38,16/18,0.11129011905536904
0.37,0.26,0.37,16/18,0.11311119984723633
0.37,0.27,0.36,16/18,0.11493228063910364
0.37,0.28,0.35,16/18,0.11675336143097095
0.37,0.29,0.34,16/18,0.11857444222283825
0.37,0.3,0.33,16/18,0.12039552301470556
0.37,0.31,0.32,16/18,0.12221660380657287
0.37,0.32,0.31,16/18,0.1240376845984402
0.37,0.33,0.3,16/18,0.1258587653903075
0.37,0.34,0.29,16/18,0.12767984618217482
0.37,0.35000000000000003,0.27999999999999997,16/18,0.12950092697404214
0.37,0.36,0.27,16/18,0.1313220077659094
0.37,0.37,0.26,16/18,0.13314308855777673
0.37,0.38,0.25,16/18,0.13496416934964406
0.37,0.39,0.24,16/18,0.13678525014151136
0.37,0.4,0.22999999999999998,16/18,0.13860633093337868
0.37,0.41000000000000003,0.21999999999999997,16/18,0.14042741172524595
0.37,0.42,0.21000000000000002,16/18,0.14224849251711327
0.37,0.43,0.2,16/18,0.1440695733089806
0.37,0.44,0.19,16/18,0.1458906541008479
0.37,0.45,0.18,15/18,0.14687672339044922
0.37,0.46,0.16999999999999998,15/18,0.1470226302925359
0.37,0.47000000000000003,0.15999999999999998,15/18,0.14716853719462258
0.37,0.48,0.15000000000000002,15/18,0.14731444409670924
0.37,0.49,0.14,15/18,0.14746035099879592
0.37,0.5,0.13,15/18,0.1476062579008826
0.37,0.51,0.12,15/18,0.1477521648029693
0.37,0.52,0.10999999999999999,15/18,0.14789807170505595
0.37,0.53,0.09999999999999998,15/18,0.1480439786071426
0.37,0.54,0.08999999999999997,15/18,0.14818988550922932
0.37,0.55,0.07999999999999996,15/18,0.148335792411316
0.37,0.56,0.06999999999999995,15/18,0.14848169931340266
0.37,0.5700000000000001,0.05999999999999994,15/18,0.14862760621548934
0.37,0.58,0.050000000000000044,15/18,0.14877351311757603
0.37,0.59,0.040000000000000036,15/18,0.14891942001966268
0.37,0.6,0.030000000000000027,15/18,0.14906532692174934
0.37,0.61,0.020000000000000018,15/18,0.14921123382383605
0.37,0.62,0.010000000000000009,15/18,0.14935714072592274
0.37,0.63,0.0,15/18,0.14950304762800942
0.38,0.0,0.62,18/22,0.01692427699651552
0.38,0.01,0.61,18/22,0.021052152865964423
0.38,0.02,0.6,18/22,0.025180028735413328
0.38,0.03,0.59,18/22,0.029307904604862232
0.38,0.04,0.58,18/22,0.03343578047431113
0.38,0.05,0.57,18/22,0.037563656343760035
0.38,0.06,0.56,18/22,0.04169153221320894
0.38,0.07,0.55,18/22,0.045819408082657845
0.38,0.08,0.54,18/22,0.04994728395210675
0.38,0.09,0.53,18/22,0.054075159821555654
0.38,0.1,0.52,18/22,0.05820303569100456
0.38,0.11,0.51,18/22,0.06233091156045345
0.38,0.12,0.5,18/22,0.06645878742990236
0.38,0.13,0.49,18/22,0.07058666329935126
0.38,0.14,0.48,18/22,0.07471453916880016
0.38,0.15,0.47,18/22,0.07884241503824907
0.38,0.16,0.45999999999999996,18/22,0.08297029090769797
0.38,0.17,0.44999999999999996,18/22,0.08709816677714688
0.38,0.18,0.44,18/22,0.09122604264659578
0.38,0.19,0.43,18/22,0.09535391851604469
0.38,0.2,0.42,18/22,0.0994817943854936
0.38,0.21,0.41000000000000003,18/22,0.10360967025494248
0.38,0.22,0.4,16/18,0.10598263611919106
0.38,0.23,0.39,16/18,0.10780371691105839
0.38,0.24,0.38,16/18,0.10962479770292569
0.38,0.25,0.37,16/18,0.11144587849479298
0.38,0.26,0.36,16/18,0.1132669592866603
0.38,0.27,0.35,16/18,0.1150880400785276
0.38,0.28,0.33999999999999997,16/18,0.11690912087039493
0.38,0.29,0.33,16/18,0.11873020166226221
0.38,0.3,0.32,16/18,0.12055128245412952
0.38,0.31,0.31,16/18,0.12237236324599685
0.38,0.32,0.3,16/18,0.12419344403786416
0.38,0.33,0.29,16/18,0.12601452482973147
0.38,0.34,0.27999999999999997,16/18,0.12783560562159876
0.38,0.35000000000000003,0.26999999999999996,16/18,0.1296566864134661
0.38,0.36,0.26,16/18,0.13147776720533338
0.38,0.37,0.25,16/18,0.13329884799720068
0.38,0.38,0.24,16/18,0.135119928789068
0.38,0.39,0.22999999999999998,16/18,0.1369410095809353
0.38,0.4,0.21999999999999997,16/18,0.13876209037280263
0.38,0.41000000000000003,0.20999999999999996,16/18,0.14058317116466992
0.38,0.42,0.2,16/18,0.14240425195653722
0.38,0.43,0.19,16/18,0.14422533274840452
0.38,0.44,0.18,15/18,0.1459284087261071
0.38,0.45,0.16999999999999998,15/18,0.14607431562819378
0.38,0.46,0.15999999999999998,15/18,0.14622022253028044
0.38,0.47000000000000003,0.14999999999999997,15/18,0.14636612943236715
0.38,0.48,0.14,15/18,0.1465120363344538
0.38,0.49,0.13,15/18,0.1466579432365405
0.38,0.5,0.12,15/18,0.14680385013862715
0.38,0.51,0.10999999999999999,15/18,0.14694975704071384
0.38,0.52,0.09999999999999998,15/18,0.14709566394280052
0.38,0.53,0.08999999999999997,15/18,0.1472415708448872
0.38,0.54,0.07999999999999996,15/18,0.14738747774697386
0.38,0.55,0.06999999999999995,15/18,0.14753338464906054
0.38,0.56,0.05999999999999994,15/18,0.14767929155114723
0.38,0.5700000000000001,0.04999999999999993,15/18,0.1478251984532339
0.38,0.58,0.040000000000000036,15/18,0.14797110535532057
0.38,0.59,0.030000000000000027,15/18,0.14811701225740725
0.38,0.6,0.020000000000000018,15/18,0.14826291915949394
0.38,0.61,0.010000000000000009,15/18,0.1484088260615806
0.38,0.62,0.0,15/18,0.14855473296366728
0.39,0.0,0.61,18/22,0.01736965270695014
0.39,0.01,0.6,18/22,0.02149752857639904
0.39,0.02,0.59,18/22,0.025625404445847946
0.39,0.03,0.58,18/22,0.02975328031529685
0.39,0.04,0.57,18/22,0.033881156184745756
0.39,0.05,0.5599999999999999,18/22,0.03800903205419466
0.39,0.06,0.55,18/22,0.04213690792364356
0.39,0.07,0.54,18/22,0.046264783793092464
0.39,0.08,0.53,18/22,0.05039265966254136
0.39,0.09,0.52,18/22,0.054520535531990266
0.39,0.1,0.51,18/22,0.05864841140143917
0.39,0.11,0.5,18/22,0.06277628727088808
0.39,0.12,0.49,18/22,0.06690416314033698
0.39,0.13,0.48,18/22,0.07103203900978589
0.39,0.14,0.47,18/22,0.07515991487923479
0.39,0.15,0.45999999999999996,18/22,0.07928779074868368
0.39,0.16,0.44999999999999996,18/22,0.08341566661813259
0.39,0.17,0.43999999999999995,18/22,0.08754354248758149
0.39,0.18,0.43,18/22,0.0916714183570304
0.39,0.19,0.42,18/22,0.0957992942264793
0.39,0.2,0.41,18/22,0.0999271700959282
0.39,0.21,0.4,18/22,0.1040550459653771
0.39,0.22,0.39,16/18,0.10613839555861503
0.39,0.23,0.38,16/18,0.10795947635048234
0.39,0.24,0.37,16/18,0.10978055714234963
0.39,0.25,0.36,16/18,0.11160163793421694
0.39,0.26,0.35,16/18,0.11342271872608425
0.39,0.27,0.33999999999999997,16/18,0.11524379951795156
0.39,0.28,0.32999999999999996,16/18,0.11706488030981888
0.39,0.29,0.32,16/18,0.11888596110168616
0.39,0.3,0.31,16/18,0.12070704189355347
0.39,0.31,0.3,16/18,0.12252812268542079
0.39,0.32,0.29,16/18,0.1243492034772881
0.39,0.33,0.27999999999999997,16/18,0.1261702842691554
0.39,0.34,0.26999999999999996,16/18,0.1279913650610227
0.39,0.35000000000000003,0.25999999999999995,16/18,0.12981244585289003
0.39,0.36,0.25,16/18,0.13163352664475733
0.39,0.37,0.24,16/18,0.13345460743662463
0.39,0.38,0.22999999999999998,16/18,0.13527568822849195
0.39,0.39,0.21999999999999997,16/18,0.13709676902035925
0.39,0.4,0.20999999999999996,16/18,0.13891784981222657
0.39,0.41000000000000003,0.19999999999999996,16/18,0.14073893060409387
0.39,0.42,0.19,16/18,0.14256001139596117
0.39,0.43,0.18,16/18,0.1443810921878285
0.39,0.44,0.16999999999999998,15/18,0.14512600096385167
0.39,0.45,0.15999999999999998,15/18,0.14527190786593833
0.39,0.46,0.14999999999999997,15/18,0.145417814768025
0.39,0.47000000000000003,0.13999999999999996,15/18,0.1455637216701117
0.39,0.48,0.13,15/18,0.14570962857219838
0.39,0.49,0.12,15/18,0.14585553547428506
0.39,0.5,0.10999999999999999,15/18,0.14600144237637172
0.39,0.51,0.09999999999999998,15/18,0.14614734927845838
0.39,0.52,0.08999999999999997,15/18,0.1462932561805451
0.39,0.53,0.07999999999999996,15/18,0.14643916308263177
0.39,0.54,0.06999999999999995,15/18,0.14658506998471843
0.39,0.55,0.05999999999999994,15/18,0.1467309768868051
0.39,0.56,0.04999999999999993,15/18,0.14687688378889177
0.39,0.5700000000000001,0.039999999999999925,15/18,0.14702279069097848
0.39,0.58,0.030000000000000027,15/18,0.1471686975930651
0.39,0.59,0.020000000000000018,15/18,0.14731460449515182
0.39,0.6,0.010000000000000009,15/18,0.1474605113972385
0.39,0.61,0.0,15/18,0.14760641829932517
0.4,0.0,0.6,18/22,0.01781502841738476
0.4,0.01,0.59,18/22,0.02194290428683366
0.4,0.02,0.58,18/22,0.026070780156282565
0.4,0.03,0.57,18/22,0.03019865602573147
0.4,0.04,0.5599999999999999,18/22,0.03432653189518037
0.4,0.05,0.5499999999999999,18/22,0.03845440776462927
0.4,0.06,0.54,18/22,0.04258228363407818
0.4,0.07,0.53,18/22,0.04671015950352708
0.4,0.08,0.52,18/22,0.05083803537297599
0.4,0.09,0.51,18/22,0.05496591124242489
0.4,0.1,0.5,18/22,0.0590937871118738
0.4,0.11,0.49,18/22,0.06322166298132269
0.4,0.12,0.48,18/22,0.06734953885077159
0.4,0.13,0.47,18/22,0.0714774147202205
0.4,0.14,0.45999999999999996,18/22,0.0756052905896694
0.4,0.15,0.44999999999999996,18/22,0.07973316645911831
0.4,0.16,0.43999999999999995,18/22,0.08386104232856721
0.4,0.17,0.42999999999999994,18/22,0.08798891819801612
0.4,0.18,0.42,18/22,0.09211679406746502
0.4,0.19,0.41,18/22,0.09624466993691393
0.4,0.2,0.39999999999999997,18/22,0.10037254580636283
0.4,0.21,0.39,16/18,0.10447307420617168
0.4,0.22,0.38,16/18,0.10629415499803899
0.4,0.23,0.37,16/18,0.10811523578990628
0.4,0.24,0.36,16/18,0.1099363165817736
0.4,0.25,0.35,16/18,0.1117573973736409
0.4,0.26,0.33999999999999997,16/18,0.11357847816550821
0.4,0.27,0.32999999999999996,16/18,0.11539955895737553
0.4,0.28,0.31999999999999995,16/18,0.11722063974924284
0.4,0.29,0.31,16/18,0.11904172054111012
0.4,0.3,0.3,16/18,0.12086280133297744
0.4,0.31,0.29,16/18,0.12268388212484475
0.4,0.32,0.27999999999999997,16/18,0.12450496291671206
0.4,0.33,0.26999999999999996,16/18,0.12632604370857936
0.4,0.34,0.25999999999999995,16/18,0.12814712450044669
0.4,0.35000000000000003,0.24999999999999994,16/18,0.12996820529231398
0.4,0.36,0.24,16/18,0.1317892860841813
0.4,0.37,0.22999999999999998,16/18,0.1336103668760486
0.4,0.38,0.21999999999999997,16/18,0.1354314476679159
0.4,0.39,0.20999999999999996,16/18,0.13725252845978322
0.4,0.4,0.19999999999999996,16/18,0.13907360925165052
0.4,0.41000000000000003,0.18999999999999995,16/18,0.14089469004351782
0.4,0.42,0.18,16/18,0.14271577083538514
0.4,0.43,0.16999999999999998,15/18,0.14417768629950956
0.4,0.44,0.15999999999999998,15/18,0.1443235932015962
0.4,0.45,0.14999999999999997,15/18,0.1444695001036829
0.4,0.46,0.13999999999999996,15/18,0.14461540700576958
0.4,0.47000000000000003,0.12999999999999995,15/18,0.14476131390785626
0.4,0.48,0.12,15/18,0.14490722080994295
0.4,0.49,0.10999999999999999,15/18,0.1450531277120296
0.4,0.5,0.09999999999999998,15/18,0.1451990346141163
0.4,0.51,0.08999999999999997,15/18,0.14534494151620297
0.4,0.52,0.07999999999999996,15/18,0.14549084841828963
0.4,0.53,0.06999999999999995,15/18,0.14563675532037632
0.4,0.54,0.05999999999999994,15/18,0.145782662222463
0.4,0.55,0.04999999999999993,15/18,0.14592856912454966
0.4,0.56,0.039999999999999925,15/18,0.14607447602663634
0.4,0.5700000000000001,0.029999999999999916,15/18,0.14622038292872303
0.4,0.58,0.020000000000000018,15/18,0.1463662898308097
0.4,0.59,0.010000000000000009,15/18,0.14651219673289637
0.4,0.6,0.0,15/18,0.14665810363498305
0.41000000000000003,0.0,0.59,18/22,0.01826040412781938
0.41000000000000003,0.01,0.58,18/22,0.022388279997268286
0.41000000000000003,0.02,0.57,18/22,0.026516155866717187
0.41000000000000003,0.03,0.5599999999999999,18/22,0.03064403173616609
0.41000000000000003,0.04,0.5499999999999999,18/22,0.03477190760561499
0.41000000000000003,0.05,0.5399999999999999,18/22,0.0388997834750639
0.41000000000000003,0.06,0.53,18/22,0.0430276593445128
0.41000000000000003,0.07,0.52,18/22,0.04715553521396171
0.41000000000000003,0.08,0.51,18/22,0.051283411083410606
0.41000000000000003,0.09,0.5,18/22,0.05541128695285951
0.41000000000000003,0.1,0.49,18/22,0.059539162822308415
0.41000000000000003,0.11,0.48,18/22,0.06366703869175731
0.41000000000000003,0.12,0.47,18/22,0.06779491456120622
0.41000000000000003,0.13,0.45999999999999996,18/22,0.07192279043065512
0.41000000000000003,0.14,0.44999999999999996,18/22,0.07605066630010403
0.41000000000000003,0.15,0.43999999999999995,18/22,0.08017854216955292
0.41000000000000003,0.16,0.42999999999999994,18/22,0.08430641803900182
0.41000000000000003,0.17,0.41999999999999993,18/22,0.08843429390845073
0.41000000000000003,0.18,0.41,18/22,0.09256216977789963
0.41000000000000003,0.19,0.39999999999999997,18/22,0.09669004564734854
0.41000000000000003,0.2,0.38999999999999996,18/22,0.10081792151679744
0.41000000000000003,0.21,0.38,16/18,0.10462883364559562
0.41000000000000003,0.22,0.37,16/18,0.10644991443746293
0.41000000000000003,0.23,0.36,16/18,0.10827099522933024
0.41000000000000003,0.24,0.35,16/18,0.11009207602119755
0.41000000000000003,0.25,0.33999999999999997,16/18,0.11191315681306485
0.41000000000000003,0.26,0.32999999999999996,16/18,0.11373423760493216
0.41000000000000003,0.27,0.31999999999999995,16/18,0.11555531839679947
0.41000000000000003,0.28,0.30999999999999994,16/18,0.11737639918866678
0.41000000000000003,0.29,0.3,16/18,0.11919747998053408
0.41000000000000003,0.3,0.29,16/18,0.12101856077240139
0.41000000000000003,0.31,0.27999999999999997,16/18,0.1228396415642687
0.41000000000000003,0.32,0.26999999999999996,16/18,0.12466072235613601
0.41000000000000003,0.33,0.25999999999999995,16/18,0.1264818031480033
0.41000000000000003,0.34,0.24999999999999994,16/18,0.12830288393987063
0.41000000000000003,0.35000000000000003,0.23999999999999994,16/18,0.13012396473173793
0.41000000000000003,0.36,0.22999999999999998,16/18,0.13194504552360525
0.41000000000000003,0.37,0.21999999999999997,16/18,0.13376612631547255
0.41000000000000003,0.38,0.20999999999999996,16/18,0.13558720710733985
0.41000000000000003,0.39,0.19999999999999996,16/18,0.13740828789920717
0.41000000000000003,0.4,0.18999999999999995,16/18,0.13922936869107447
0.41000000000000003,0.41000000000000003,0.17999999999999994,16/18,0.1410504494829418
0.41000000000000003,0.42,0.16999999999999998,16/18,0.1428715302748091
0.41000000000000003,0.43,0.15999999999999998,15/18,0.1433752785372541
0.41000000000000003,0.44,0.14999999999999997,15/18,0.14352118543934078
0.41000000000000003,0.45,0.13999999999999996,15/18,0.14366709234142747
0.41000000000000003,0.46,0.12999999999999995,15/18,0.14381299924351412
0.41000000000000003,0.47000000000000003,0.11999999999999994,15/18,0.14395890614560083
0.41000000000000003,0.48,0.10999999999999999,15/18,0.1441048130476875
0.41000000000000003,0.49,0.09999999999999998,15/18,0.14425071994977415
0.41000000000000003,0.5,0.08999999999999997,15/18,0.14439662685186086
0.41000000000000003,0.51,0.07999999999999996,15/18,0.14454253375394754
0.41000000000000003,0.52,0.06999999999999995,15/18,0.1446884406560342
0.41000000000000003,0.53,0.05999999999999994,15/18,0.14483434755812086
0.41000000000000003,0.54,0.04999999999999993,15/18,0.14498025446020754
0.41000000000000003,0.55,0.039999999999999925,15/18,0.14512616136229425
0.41000000000000003,0.56,0.029999999999999916,15/18,0.1452720682643809
0.41000000000000003,0.5700000000000001,0.019999999999999907,15/18,0.1454179751664676
0.41000000000000003,0.58,0.010000000000000009,15/18,0.14556388206855428
0.41000000000000003,0.59,0.0,15/18,0.14570978897064094
0.42,0.0,0.5800000000000001,18/22,0.018705779838253996
0.42,0.01,0.5700000000000001,18/22,0.022833655707702898
0.42,0.02,0.56,18/22,0.026961531577151802
0.42,0.03,0.55,18/22,0.031089407446600707
0.42,0.04,0.54,18/22,0.035217283316049605
0.42,0.05,0.53,18/22,0.03934515918549851
0.42,0.06,0.52,18/22,0.043473035054947415
0.42,0.07,0.51,18/22,0.04760091092439632
0.42,0.08,0.5000000000000001,18/22,0.051728786793845224
0.42,0.09,0.4900000000000001,18/22,0.05585666266329413
0.42,0.1,0.4800000000000001,18/22,0.059984538532743034
0.42,0.11,0.4700000000000001,18/22,0.06411241440219193
0.42,0.12,0.4600000000000001,18/22,0.06824029027164083
0.42,0.13,0.45000000000000007,18/22,0.07236816614108973
0.42,0.14,0.44000000000000006,18/22,0.07649604201053864
0.42,0.15,0.43000000000000005,18/22,0.08062391787998754
0.42,0.16,0.42000000000000004,18/22,0.08475179374943645
0.42,0.17,0.41000000000000003,18/22,0.08887966961888535
0.42,0.18,0.4000000000000001,18/22,0.09300754548833426
0.42,0.19,0.39000000000000007,18/22,0.09713542135778316
0.42,0.2,0.38000000000000006,18/22,0.10126329722723207
0.42,0.21,0.3700000000000001,16/18,0.10478459308501958
0.42,0.22,0.3600000000000001,16/18,0.1066056738768869
0.42,0.23,0.3500000000000001,16/18,0.10842675466875419
0.42,0.24,0.3400000000000001,16/18,0.1102478354606215
0.42,0.25,0.33000000000000007,16/18,0.11206891625248883
0.42,0.26,0.32000000000000006,16/18,0.11388999704435612
0.42,0.27,0.31000000000000005,16/18,0.11571107783622343
0.42,0.28,0.30000000000000004,16/18,0.11753215862809074
0.42,0.29,0.2900000000000001,16/18,0.11935323941995804
0.42,0.3,0.2800000000000001,16/18,0.12117432021182535
0.42,0.31,0.2700000000000001,16/18,0.12299540100369266
0.42,0.32,0.26000000000000006,16/18,0.12481648179555997
0.42,0.33,0.25000000000000006,16/18,0.12663756258742728
0.42,0.34,0.24000000000000005,16/18,0.12845864337929458
0.42,0.35000000000000003,0.23000000000000004,16/18,0.1302797241711619
0.42,0.36,0.22000000000000008,16/18,0.1321008049630292
0.42,0.37,0.21000000000000008,16/18,0.1339218857548965
0.42,0.38,0.20000000000000007,16/18,0.13574296654676382
0.42,0.39,0.19000000000000006,16/18,0.13756404733863112
0.42,0.4,0.18000000000000005,16/18,0.13938512813049844
0.42,0.41000000000000003,0.17000000000000004,16/18,0.14120620892236577
0.42,0.42,0.1600000000000001,15/18,0.14242696387291198
0.42,0.43,0.15000000000000008,15/18,0.1425728707749987
0.42,0.44,0.14000000000000007,15/18,0.14271877767708535
0.42,0.45,0.13000000000000006,15/18,0.14286468457917204
0.42,0.46,0.12000000000000005,15/18,0.1430105914812587
0.42,0.47000000000000003,0.11000000000000004,15/18,0.14315649838334538
0.42,0.48,0.10000000000000009,15/18,0.14330240528543206
0.42,0.49,0.09000000000000008,15/18,0.14344831218751875
0.42,0.5,0.08000000000000007,15/18,0.1435942190896054
0.42,0.51,0.07000000000000006,15/18,0.1437401259916921
0.42,0.52,0.06000000000000005,15/18,0.14388603289377877
0.42,0.53,0.050000000000000044,15/18,0.14403193979586545
0.42,0.54,0.040000000000000036,15/18,0.1441778466979521
0.42,0.55,0.030000000000000027,15/18,0.1443237536000388
0.42,0.56,0.020000000000000018,15/18,0.14446966050212548
0.42,0.5700000000000001,0.010000000000000009,15/18,0.14461556740421216
0.42,0.58,1.1102230246251565e-16,15/18,0.14476147430629885
0.43,0.0,0.5700000000000001,18/22,0.019151155548688615
0.43,0.01,0.56,18/22,0.023279031418137516
0.43,0.02,0.55,18/22,0.02740690728758642
0.43,0.03,0.54,18/22,0.031534783157035326
0.43,0.04,0.53,18/22,0.03566265902648423
0.43,0.05,0.52,18/22,0.039790534895933136
0.43,0.06,0.51,18/22,0.043918410765382034
0.43,0.07,0.5,18/22,0.04804628663483094
0.43,0.08,0.49000000000000005,18/22,0.052174162504279836
0.43,0.09,0.4800000000000001,18/22,0.05630203837372874
0.43,0.1,0.4700000000000001,18/22,0.060429914243177646
0.43,0.11,0.4600000000000001,18/22,0.06455779011262655
0.43,0.12,0.45000000000000007,18/22,0.06868566598207546
0.43,0.13,0.44000000000000006,18/22,0.07281354185152436
0.43,0.14,0.43000000000000005,18/22,0.07694141772097327
0.43,0.15,0.42000000000000004,18/22,0.08106929359042216
0.43,0.16,0.41000000000000003,18/22,0.08519716945987106
0.43,0.17,0.4,18/22,0.08932504532931997
0.43,0.18,0.39000000000000007,18/22,0.09345292119876887
0.43,0.19,0.38000000000000006,18/22,0.09758079706821778
0.43,0.2,0.37000000000000005,18/22,0.10170867293766668
0.43,0.21,0.3600000000000001,16/18,0.10494035252444353
0.43,0.22,0.3500000000000001,16/18,0.10676143331631084
0.43,0.23,0.3400000000000001,16/18,0.10858251410817815
0.43,0.24,0.33000000000000007,16/18,0.11040359490004548
0.43,0.25,0.32000000000000006,16/18,0.11222467569191277
0.43,0.26,0.31000000000000005,16/18,0.11404575648378007
0.43,0.27,0.30000000000000004,16/18,0.11586683727564738
0.43,0.28,0.29000000000000004,16/18,0.11768791806751469
0.43,0.29,0.2800000000000001,16/18,0.11950899885938199
0.43,0.3,0.2700000000000001,16/18,0.1213300796512493
0.43,0.31,0.26000000000000006,16/18,0.12315116044311661
0.43,0.32,0.25000000000000006,16/18,0.12497224123498392
0.43,0.33,0.24000000000000005,16/18,0.12679332202685123
0.43,0.34,0.23000000000000004,16/18,0.12861440281871855
0.43,0.35000000000000003,0.22000000000000003,16/18,0.13043548361058585
0.43,0.36,0.21000000000000008,16/18,0.13225656440245315
0.43,0.37,0.20000000000000007,16/18,0.13407764519432047
0.43,0.38,0.19000000000000006,16/18,0.13589872598618777
0.43,0.39,0.18000000000000005,16/18,0.1377198067780551
0.43,0.4,0.17000000000000004,16/18,0.13954088756992242
0.43,0.41000000000000003,0.16000000000000003,16/18,0.14136196836178969
0.43,0.42,0.15000000000000008,15/18,0.14162455611065658
0.43,0.43,0.14000000000000007,15/18,0.14177046301274324
0.43,0.44,0.13000000000000006,15/18,0.14191636991482992
0.43,0.45,0.12000000000000005,15/18,0.14206227681691658
0.43,0.46,0.11000000000000004,15/18,0.1422081837190033
0.43,0.47000000000000003,0.10000000000000003,15/18,0.14235409062108997
0.43,0.48,0.09000000000000008,15/18,0.14249999752317663
0.43,0.49,0.08000000000000007,15/18,0.1426459044252633
0.43,0.5,0.07000000000000006,15/18,0.14279181132735
0.43,0.51,0.06000000000000005,15/18,0.14293771822943666
0.43,0.52,0.050000000000000044,15/18,0.14308362513152334
0.43,0.53,0.040000000000000036,15/18,0.14322953203361
0.43,0.54,0.030000000000000027,15/18,0.14337543893569668
0.43,0.55,0.020000000000000018,15/18,0.14352134583778337
0.43,0.56,0.010000000000000009,15/18,0.14366725273987005
0.43,0.5700000000000001,0.0,15/18,0.14381315964195673
0.44,0.0,0.56,18/22,0.019596531259123237
0.44,0.01,0.55,18/22,0.023724407128572142
0.44,0.02,0.54,18/22,0.027852282998021043
0.44,0.03,0.53,18/22,0.031980158867469945
0.44,0.04,0.52,18/22,0.03610803473691885
0.44,0.05,0.51,18/22,0.040235910606367754
0.44,0.06,0.5,18/22,0.04436378647581665
0.44,0.07,0.49000000000000005,18/22,0.04849166234526556
0.44,0.08,0.48000000000000004,18/22,0.05261953821471446
0.44,0.09,0.4700000000000001,18/22,0.05674741408416337
0.44,0.1,0.4600000000000001,18/22,0.06087528995361227
0.44,0.11,0.45000000000000007,18/22,0.06500316582306118
0.44,0.12,0.44000000000000006,18/22,0.06913104169251008
0.44,0.13,0.43000000000000005,18/22,0.07325891756195899
0.44,0.14,0.42000000000000004,18/22,0.07738679343140789
0.44,0.15,0.41000000000000003,18/22,0.08151466930085678
0.44,0.16,0.4,18/22,0.08564254517030569
0.44,0.17,0.39,18/22,0.08977042103975459
0.44,0.18,0.38000000000000006,18/22,0.0938982969092035
0.44,0.19,0.37000000000000005,18/22,0.0980261727786524
0.44,0.2,0.36000000000000004,18/22,0.1021540486481013
0.44,0.21,0.3500000000000001,16/18,0.10509611196386749
0.44,0.22,0.3400000000000001,16/18,0.1069171927557348
0.44,0.23,0.33000000000000007,16/18,0.10873827354760213
0.44,0.24,0.32000000000000006,16/18,0.11055935433946942
0.44,0.25,0.31000000000000005,16/18,0.11238043513133672
0.44,0.26,0.30000000000000004,16/18,0.11420151592320403
0.44,0.27,0.29000000000000004,16/18,0.11602259671507134
0.44,0.28,0.28,16/18,0.11784367750693867
0.44,0.29,0.2700000000000001,16/18,0.11966475829880595
0.44,0.3,0.26000000000000006,16/18,0.12148583909067326
0.44,0.31,0.25000000000000006,16/18,0.12330691988254057
0.44,0.32,0.24000000000000005,16/18,0.12512800067440788
0.44,0.33,0.23000000000000004,16/18,0.12694908146627518
0.44,0.34,0.22000000000000003,16/18,0.1287701622581425
0.44,0.35000000000000003,0.21000000000000002,16/18,0.1305912430500098
0.44,0.36,0.20000000000000007,16/18,0.13241232384187712
0.44,0.37,0.19000000000000006,16/18,0.13423340463374442
0.44,0.38,0.18000000000000005,16/18,0.13605448542561174
0.44,0.39,0.17000000000000004,16/18,0.13787556621747907
0.44,0.4,0.16000000000000003,16/18,0.13969664700934636
0.44,0.41000000000000003,0.15000000000000002,15/18,0.14067624144631444
0.44,0.42,0.14000000000000007,15/18,0.14082214834840112
0.44,0.43,0.13000000000000006,15/18,0.1409680552504878
0.44,0.44,0.12000000000000005,15/18,0.14111396215257446
0.44,0.45,0.11000000000000004,15/18,0.14125986905466115
0.44,0.46,0.10000000000000003,15/18,0.14140577595674783
0.44,0.47000000000000003,0.09000000000000002,15/18,0.14155168285883452
0.44,0.48,0.08000000000000007,15/18,0.14169758976092117
0.44,0.49,0.07000000000000006,15/18,0.14184349666300788
0.44,0.5,0.06000000000000005,15/18,0.14198940356509454
0.44,0.51,0.050000000000000044,15/18,0.14213531046718123
0.44,0.52,0.040000000000000036,15/18,0.14228121736926788
0.44,0.53,0.030000000000000027,15/18,0.14242712427135457
0.44,0.54,0.020000000000000018,15/18,0.14257303117344125
0.44,0.55,0.010000000000000009,15/18,0.14271893807552793
0.44,0.56,0.0,15/18,0.1428648449776146
0.45,0.0,0.55,18/22,0.020041906969557856
0.45,0.01,0.54,18/22,0.02416978283900676
0.45,0.02,0.53,18/22,0.028297658708455662
0.45,0.03,0.52,18/22,0.03242553457790456
0.45,0.04,0.51,18/22,0.03655341044735347
0.45,0.05,0.5,18/22,0.04068128631680237
0.45,0.06,0.49000000000000005,18/22,0.04480916218625128
0.45,0.07,0.48000000000000004,18/22,0.04893703805570018
0.45,0.08,0.47000000000000003,18/22,0.05306491392514908
0.45,0.09,0.4600000000000001,18/22,0.057192789794597985
0.45,0.1,0.45000000000000007,18/22,0.06132066566404689
0.45,0.11,0.44000000000000006,18/22,0.06544854153349579
0.45,0.12,0.43000000000000005,18/22,0.06957641740294469
0.45,0.13,0.42000000000000004,18/22,0.0737042932723936
0.45,0.14,0.41000000000000003,18/22,0.0778321691418425
0.45,0.15,0.4,18/22,0.0819600450112914
0.45,0.16,0.39,18/22,0.0860879208807403
0.45,0.17,0.38,18/22,0.0902157967501892
0.45,0.18,0.37000000000000005,18/22,0.09434367261963811
0.45,0.19,0.36000000000000004,18/22,0.09847154848908701
0.45,0.2,0.35000000000000003,18/22,0.10259942435853592
0.45,0.21,0.3400000000000001,16/18,0.10525187140329145
0.45,0.22,0.33000000000000007,16/18,0.10707295219515878
0.45,0.23,0.32000000000000006,16/18,0.10889403298702607
0.45,0.24,0.31000000000000005,16/18,0.11071511377889337
0.45,0.25,0.30000000000000004,16/18,0.11253619457076068
0.45,0.26,0.29000000000000004,16/18,0.11435727536262799
0.45,0.27,0.28,16/18,0.11617835615449532
0.45,0.28,0.27,16/18,0.11799943694636261
0.45,0.29,0.26000000000000006,16/18,0.11982051773822991
0.45,0.3,0.25000000000000006,16/18,0.12164159853009722
0.45,0.31,0.24000000000000005,16/18,0.12346267932196453
0.45,0.32,0.23000000000000004,16/18,0.12528376011383185
0.45,0.33,0.22000000000000003,16/18,0.12710484090569912
0.45,0.34,0.21000000000000002,16/18,0.12892592169756645
0.45,0.35000000000000003,0.2,16/18,0.13074700248943377
0.45,0.36,0.19000000000000006,16/18,0.13256808328130107
0.45,0.37,0.18000000000000005,16/18,0.13438916407316837
0.45,0.38,0.17000000000000004,16/18,0.1362102448650357
0.45,0.39,0.16000000000000003,16/18,0.138031325656903
0.45,0.4,0.15000000000000002,15/18,0.13972792678197232
0.45,0.41000000000000003,0.14,15/18,0.139873833684059
0.45,0.42,0.13000000000000006,15/18,0.1400197405861457
0.45,0.43,0.12000000000000005,15/18,0.14016564748823235
0.45,0.44,0.11000000000000004,15/18,0.14031155439031903
0.45,0.45,0.10000000000000003,15/18,0.14045746129240572
0.45,0.46,0.09000000000000002,15/18,0.1406033681944924
0.45,0.47000000000000003,0.08000000000000002,15/18,0.14074927509657909
0.45,0.48,0.07000000000000006,15/18,0.14089518199866574
0.45,0.49,0.06000000000000005,15/18,0.14104108890075243
0.45,0.5,0.050000000000000044,15/18,0.1411869958028391
0.45,0.51,0.040000000000000036,15/18,0.14133290270492577
0.45,0.52,0.030000000000000027,15/18,0.14147880960701242
0.45,0.53,0.020000000000000018,15/18,0.14162471650909914
0.45,0.54,0.010000000000000009,15/18,0.14177062341118582
0.45,0.55,0.0,15/18,0.14191653031327248
0.46,0.0,0.54,18/22,0.020487282679992475
0.46,0.01,0.53,18/22,0.02461515854944138
0.46,0.02,0.52,18/22,0.02874303441889028
0.46,0.03,0.51,18/22,0.03287091028833918
0.46,0.04,0.5,18/22,0.03699878615778809
0.46,0.05,0.49000000000000005,18/22,0.04112666202723699
0.46,0.06,0.48000000000000004,18/22,0.04525453789668589
0.46,0.07,0.47000000000000003,18/22,0.049382413766134794
0.46,0.08,0.46,18/22,0.0535102896355837
0.46,0.09,0.45000000000000007,18/22,0.057638165505032604
0.46,0.1,0.44000000000000006,18/22,0.06176604137448151
0.46,0.11,0.43000000000000005,18/22,0.0658939172439304
0.46,0.12,0.42000000000000004,18/22,0.0700217931133793
0.46,0.13,0.41000000000000003,18/22,0.07414966898282821
0.46,0.14,0.4,18/22,0.07827754485227711
0.46,0.15,0.39,18/22,0.08240542072172602
0.46,0.16,0.38,18/22,0.08653329659117492
0.46,0.17,0.37,18/22,0.09066117246062383
0.46,0.18,0.36000000000000004,18/22,0.09478904833007273
0.46,0.19,0.35000000000000003,18/22,0.09891692419952164
0.46,0.2,0.34,18/22,0.10304480006897054
0.46,0.21,0.33000000000000007,16/18,0.1054076308427154
0.46,0.22,0.32000000000000006,16/18,0.1072287116345827
0.46,0.23,0.31000000000000005,16/18,0.10904979242645002
0.46,0.24,0.30000000000000004,16/18,0.11087087321831733
0.46,0.25,0.29000000000000004,16/18,0.11269195401018463
0.46,0.26,0.28,16/18,0.11451303480205194
0.46,0.27,0.27,16/18,0.11633411559391924
0.46,0.28,0.26,16/18,0.11815519638578656
0.46,0.29,0.25000000000000006,16/18,0.11997627717765384
0.46,0.3,0.24000000000000005,16/18,0.12179735796952115
0.46,0.31,0.23000000000000004,16/18,0.12361843876138848
0.46,0.32,0.22000000000000003,16/18,0.12543951955325577
0.46,0.33,0.21000000000000002,16/18,0.1272606003451231
0.46,0.34,0.2,16/18,0.12908168113699042
0.46,0.35000000000000003,0.19,16/18,0.13090276192885772
0.46,0.36,0.18000000000000005,16/18,0.13272384272072502
0.46,0.37,0.17000000000000004,16/18,0.13454492351259234
0.46,0.38,0.16000000000000003,16/18,0.13636600430445964
0.46,0.39,0.15000000000000002,16/18,0.13818708509632696
0.46,0.4,0.14,15/18,0.1389255190197169
0.46,0.41000000000000003,0.13,15/18,0.13907142592180358
0.46,0.42,0.12000000000000005,15/18,0.13921733282389023
0.46,0.43,0.11000000000000004,15/18,0.13936323972597692
0.46,0.44,0.10000000000000003,15/18,0.1395091466280636
0.46,0.45,0.09000000000000002,15/18,0.13965505353015026
0.46,0.46,0.08000000000000002,15/18,0.13980096043223694
0.46,0.47000000000000003,0.07,15/18,0.13994686733432363
0.46,0.48,0.06000000000000005,15/18,0.1400927742364103
0.46,0.49,0.050000000000000044,15/18,0.14023868113849697
0.46,0.5,0.040000000000000036,15/18,0.14038458804058365
0.46,0.51,0.030000000000000027,15/18,0.14053049494267034
0.46,0.52,0.020000000000000018,15/18,0.14067640184475702
0.46,0.53,0.010000000000000009,15/18,0.14082230874684368
0.46,0.54,0.0,15/18,0.14096821564893036
0.47000000000000003,0.0,0.53,18/22,0.020932658390427093
0.47000000000000003,0.01,0.52,18/22,0.025060534259875998
0.47000000000000003,0.02,0.51,18/22,0.0291884101293249
0.47000000000000003,0.03,0.5,18/22,0.0333162859987738
0.47000000000000003,0.04,0.49000000000000005,18/22,0.037444161868222706
0.47000000000000003,0.05,0.48000000000000004,18/22,0.04157203773767161
0.47000000000000003,0.06,0.47000000000000003,18/22,0.045699913607120515
0.47000000000000003,0.07,0.46,18/22,0.04982778947656942
0.47000000000000003,0.08,0.45,18/22,0.05395566534601832
0.47000000000000003,0.09,0.44000000000000006,18/22,0.05808354121546722
0.47000000000000003,0.1,0.43000000000000005,18/22,0.06221141708491613
0.47000000000000003,0.11,0.42000000000000004,18/22,0.06633929295436503
0.47000000000000003,0.12,0.41000000000000003,18/22,0.07046716882381393
0.47000000000000003,0.13,0.4,18/22,0.07459504469326284
0.47000000000000003,0.14,0.39,18/22,0.07872292056271174
0.47000000000000003,0.15,0.38,18/22,0.08285079643216064
0.47000000000000003,0.16,0.37,18/22,0.08697867230160955
0.47000000000000003,0.17,0.36,18/22,0.09110654817105845
0.47000000000000003,0.18,0.35000000000000003,18/22,0.09523442404050736
0.47000000000000003,0.19,0.34,18/22,0.09936229990995626
0.47000000000000003,0.2,0.33,18/22,0.10349017577940517
0.47000000000000003,0.21,0.32000000000000006,16/18,0.10556339028213935
0.47000000000000003,0.22,0.31000000000000005,16/18,0.10738447107400667
0.47000000000000003,0.23,0.30000000000000004,16/18,0.10920555186587398
0.47000000000000003,0.24,0.29000000000000004,16/18,0.11102663265774128
0.47000000000000003,0.25,0.28,16/18,0.11284771344960859
0.47000000000000003,0.26,0.27,16/18,0.11466879424147589
0.47000000000000003,0.27,0.26,16/18,0.11648987503334321
0.47000000000000003,0.28,0.25,16/18,0.11831095582521052
0.47000000000000003,0.29,0.24000000000000005,16/18,0.1201320366170778
0.47000000000000003,0.3,0.23000000000000004,16/18,0.12195311740894513
0.47000000000000003,0.31,0.22000000000000003,16/18,0.12377419820081244
0.47000000000000003,0.32,0.21000000000000002,16/18,0.12559527899267975
0.47000000000000003,0.33,0.2,16/18,0.12741635978454705
0.47000000000000003,0.34,0.19,16/18,0.12923744057641437
0.47000000000000003,0.35000000000000003,0.18,16/18,0.13105852136828167
0.47000000000000003,0.36,0.17000000000000004,16/18,0.132879602160149
0.47000000000000003,0.37,0.16000000000000003,16/18,0.13470068295201626
0.47000000000000003,0.38,0.15000000000000002,16/18,0.13652176374388358
0.47000000000000003,0.39,0.14,15/18,0.13797720435537478
0.47000000000000003,0.4,0.13,15/18,0.13812311125746146
0.47000000000000003,0.41000000000000003,0.12,15/18,0.13826901815954812
0.47000000000000003,0.42,0.11000000000000004,15/18,0.1384149250616348
0.47000000000000003,0.43,0.10000000000000003,15/18,0.1385608319637215
0.47000000000000003,0.44,0.09000000000000002,15/18,0.13870673886580814
0.47000000000000003,0.45,0.08000000000000002,15/18,0.13885264576789483
0.47000000000000003,0.46,0.07,15/18,0.13899855266998148
0.47000000000000003,0.47000000000000003,0.06,15/18,0.13914445957206817
0.47000000000000003,0.48,0.050000000000000044,15/18,0.13929036647415488
0.47000000000000003,0.49,0.040000000000000036,15/18,0.13943627337624154
0.47000000000000003,0.5,0.030000000000000027,15/18,0.1395821802783282
0.47000000000000003,0.51,0.020000000000000018,15/18,0.1397280871804149
0.47000000000000003,0.52,0.010000000000000009,15/18,0.1398739940825016
0.47000000000000003,0.53,0.0,15/18,0.14001990098458825
0.48,0.0,0.52,18/22,0.021378034100861712
0.48,0.01,0.51,18/22,0.025505909970310617
0.48,0.02,0.5,18/22,0.029633785839759518
0.48,0.03,0.49,18/22,0.03376166170920842
0.48,0.04,0.48000000000000004,18/22,0.037889537578657324
0.48,0.05,0.47000000000000003,18/22,0.04201741344810623
0.48,0.06,0.46,18/22,0.04614528931755513
0.48,0.07,0.45,18/22,0.05027316518700403
0.48,0.08,0.44,18/22,0.05440104105645294
0.48,0.09,0.43000000000000005,18/22,0.05852891692590184
0.48,0.1,0.42000000000000004,18/22,0.06265679279535075
0.48,0.11,0.41000000000000003,18/22,0.06678466866479965
0.48,0.12,0.4,18/22,0.07091254453424856
0.48,0.13,0.39,18/22,0.07504042040369746
0.48,0.14,0.38,18/22,0.07916829627314637
0.48,0.15,0.37,18/22,0.08329617214259526
0.48,0.16,0.36,18/22,0.08742404801204416
0.48,0.17,0.35,18/22,0.09155192388149307
0.48,0.18,0.34,18/22,0.09567979975094197
0.48,0.19,0.33,18/22,0.09980767562039088
0.48,0.2,0.32,16/18,0.103898068929696
0.48,0.21,0.31000000000000005,16/18,0.10571914972156331
0.48,0.22,0.30000000000000004,16/18,0.10754023051343062
0.48,0.23,0.29000000000000004,16/18,0.10936131130529791
0.48,0.24,0.28,16/18,0.11118239209716524
0.48,0.25,0.27,16/18,0.11300347288903254
0.48,0.26,0.26,16/18,0.11482455368089985
0.48,0.27,0.25,16/18,0.11664563447276716
0.48,0.28,0.24,16/18,0.11846671526463447
0.48,0.29,0.23000000000000004,16/18,0.12028779605650176
0.48,0.3,0.22000000000000003,16/18,0.12210887684836907
0.48,0.31,0.21000000000000002,16/18,0.12392995764023639
0.48,0.32,0.2,16/18,0.1257510384321037
0.48,0.33,0.19,16/18,0.127572119223971
0.48,0.34,0.18,16/18,0.12939320001583832
0.48,0.35000000000000003,0.16999999999999998,16/18,0.1312142808077056
0.48,0.36,0.16000000000000003,16/18,0.13303536159957294
0.48,0.37,0.15000000000000002,16/18,0.13485644239144023
0.48,0.38,0.14,16/18,0.13667752318330753
0.48,0.39,0.13,15/18,0.13717479659311935
0.48,0.4,0.12,15/18,0.137320703495206
0.48,0.41000000000000003,0.10999999999999999,15/18,0.1374666103972927
0.48,0.42,0.10000000000000003,15/18,0.13761251729937937
0.48,0.43,0.09000000000000002,15/18,0.13775842420146603
0.48,0.44,0.08000000000000002,15/18,0.1379043311035527
0.48,0.45,0.07,15/18,0.13805023800563937
0.48,0.46,0.06,15/18,0.13819614490772608
0.48,0.47000000000000003,0.04999999999999999,15/18,0.13834205180981277
0.48,0.48,0.040000000000000036,15/18,0.13848795871189942
0.48,0.49,0.030000000000000027,15/18,0.13863386561398608
0.48,0.5,0.020000000000000018,15/18,0.1387797725160728
0.48,0.51,0.010000000000000009,15/18,0.13892567941815945
0.48,0.52,0.0,15/18,0.13907158632024613
0.49,0.0,0.51,18/22,0.02182340981129633
0.49,0.01,0.5,18/22,0.025951285680745236
0.49,0.02,0.49,18/22,0.030079161550194137
0.49,0.03,0.48,18/22,0.03420703741964304
0.49,0.04,0.47000000000000003,18/22,0.03833491328909194
0.49,0.05,0.46,18/22,0.04246278915854085
0.49,0.06,0.45,18/22,0.04659066502798975
0.49,0.07,0.44,18/22,0.05071854089743866
0.49,0.08,0.43,18/22,0.054846416766887555
0.49,0.09,0.42000000000000004,18/22,0.05897429263633646
0.49,0.1,0.41000000000000003,18/22,0.06310216850578537
0.49,0.11,0.4,18/22,0.06723004437523426
0.49,0.12,0.39,18/22,0.07135792024468317
0.49,0.13,0.38,18/22,0.07548579611413207
0.49,0.14,0.37,18/22,0.07961367198358098
0.49,0.15,0.36,18/22,0.08374154785302987
0.49,0.16,0.35,18/22,0.08786942372247877
0.49,0.17,0.33999999999999997,18/22,0.09199729959192768
0.49,0.18,0.33,18/22,0.09612517546137658
0.49,0.19,0.32,18/22,0.10025305133082549
0.49,0.2,0.31,16/18,0.10405382836911997
0.49,0.21,0.30000000000000004,16/18,0.10587490916098725
0.49,0.22,0.29000000000000004,16/18,0.10769598995285456
0.49,0.23,0.28,16/18,0.10951707074472189
0.49,0.24,0.27,16/18,0.11133815153658919
0.49,0.25,0.26,16/18,0.1131592323284565
0.49,0.26,0.25,16/18,0.1149803131203238
0.49,0.27,0.24,16/18,0.1168013939121911
0.49,0.28,0.22999999999999998,16/18,0.11862247470405841
0.49,0.29,0.22000000000000003,16/18,0.12044355549592571
0.49,0.3,0.21000000000000002,16/18,0.12226463628779302
0.49,0.31,0.2,16/18,0.12408571707966033
0.49,0.32,0.19,16/18,0.12590679787152764
0.49,0.33,0.18,16/18,0.12772787866339497
0.49,0.34,0.16999999999999998,16/18,0.12954895945526226
0.49,0.35000000000000003,0.15999999999999998,16/18,0.1313700402471296
0.49,0.36,0.15000000000000002,16/18,0.13319112103899688
0.49,0.37,0.14,16/18,0.13501220183086418
0.49,0.38,0.13,15/18,0.13622648192877723
0.49,0.39,0.12,15/18,0.1363723888308639
0.49,0.4,0.10999999999999999,15/18,0.13651829573295057
0.49,0.41000000000000003,0.09999999999999998,15/18,0.13666420263503723
0.49,0.42,0.09000000000000002,15/18,0.13681010953712391
0.49,0.43,0.08000000000000002,15/18,0.1369560164392106
0.49,0.44,0.07,15/18,0.13710192334129725
0.49,0.45,0.06,15/18,0.13724783024338394
0.49,0.46,0.04999999999999999,15/18,0.13739373714547062
0.49,0.47000000000000003,0.03999999999999998,15/18,0.1375396440475573
0.49,0.48,0.030000000000000027,15/18,0.13768555094964396
0.49,0.49,0.020000000000000018,15/18,0.13783145785173068
0.49,0.5,0.010000000000000009,15/18,0.13797736475381733
0.49,0.51,0.0,15/18,0.13812327165590402
0.5,0.0,0.5,18/22,0.02226878552173095
0.5,0.01,0.49,18/22,0.026396661391179854
0.5,0.02,0.48,18/22,0.030524537260628756
0.5,0.03,0.47,18/22,0.03465241313007766
0.5,0.04,0.46,18/22,0.03878028899952656
0.5,0.05,0.45,18/22,0.04290816486897547
0.5,0.06,0.44,18/22,0.047036040738424365
0.5,0.07,0.43,18/22,0.05116391660787327
0.5,0.08,0.42,18/22,0.055291792477322174
0.5,0.09,0.41000000000000003,18/22,0.05941966834677108
0.5,0.1,0.4,18/22,0.06354754421621998
0.5,0.11,0.39,18/22,0.06767542008566887
0.5,0.12,0.38,18/22,0.07180329595511778
0.5,0.13,0.37,18/22,0.07593117182456668
0.5,0.14,0.36,18/22,0.08005904769401559
0.5,0.15,0.35,18/22,0.0841869235634645
0.5,0.16,0.33999999999999997,18/22,0.0883147994329134
0.5,0.17,0.32999999999999996,18/22,0.0924426753023623
0.5,0.18,0.32,18/22,0.09657055117181121
0.5,0.19,0.31,18/22,0.10069842704126011
0.5,0.2,0.3,16/18,0.10420958780854392
0.5,0.21,0.29000000000000004,16/18,0.10603066860041122
0.5,0.22,0.28,16/18,0.10785174939227854
0.5,0.23,0.27,16/18,0.10967283018414584
0.5,0.24,0.26,16/18,0.11149391097601315
0.5,0.25,0.25,16/18,0.11331499176788044
0.5,0.26,0.24,16/18,0.11513607255974775
0.5,0.27,0.22999999999999998,16/18,0.11695715335161506
0.5,0.28,0.21999999999999997,16/18,0.11877823414348239
0.5,0.29,0.21000000000000002,16/18,0.12059931493534967
0.5,0.3,0.2,16/18,0.12242039572721698
0.5,0.31,0.19,16/18,0.12424147651908429
0.5,0.32,0.18,16/18,0.12606255731095162
0.5,0.33,0.16999999999999998,16/18,0.12788363810281891
0.5,0.34,0.15999999999999998,16/18,0.1297047188946862
0.5,0.35000000000000003,0.14999999999999997,16/18,0.13152579968655354
0.5,0.36,0.14,16/18,0.13334688047842083
0.5,0.37,0.13,16/18,0.13516796127028816
0.5,0.38,0.12,15/18,0.13542407416652177
0.5,0.39,0.10999999999999999,15/18,0.13556998106860846
0.5,0.4,0.09999999999999998,15/18,0.13571588797069511
0.5,0.41000000000000003,0.08999999999999997,15/18,0.13586179487278183
0.5,0.42,0.08000000000000002,15/18,0.13600770177486848
0.5,0.43,0.07,15/18,0.13615360867695514
0.5,0.44,0.06,15/18,0.13629951557904185
0.5,0.45,0.04999999999999999,15/18,0.1364454224811285
0.5,0.46,0.03999999999999998,15/18,0.1365913293832152
0.5,0.47000000000000003,0.02999999999999997,15/18,0.13673723628530188
0.5,0.48,0.020000000000000018,15/18,0.13688314318738856
0.5,0.49,0.010000000000000009,15/18,0.13702905008947522
0.5,0.5,0.0,15/18,0.1371749569915619
0.51,0.0,0.49,18/22,0.022714161232165568
0.51,0.01,0.48,18/22,0.026842037101614473
0.51,0.02,0.47,18/22,0.030969912971063374
0.51,0.03,0.45999999999999996,18/22,0.035097788840512276
0.51,0.04,0.45,18/22,0.03922566470996118
0.51,0.05,0.44,18/22,0.043353540579410085
0.51,0.06,0.43,18/22,0.04748141644885899
0.51,0.07,0.42,18/22,0.051609292318307895
0.51,0.08,0.41,18/22,0.05573716818775679
0.51,0.09,0.4,18/22,0.0598650440572057
0.51,0.1,0.39,18/22,0.0639929199266546
0.51,0.11,0.38,18/22,0.0681207957961035
0.51,0.12,0.37,18/22,0.0722486716655524
0.51,0.13,0.36,18/22,0.07637654753500131
0.51,0.14,0.35,18/22,0.08050442340445021
0.51,0.15,0.33999999999999997,18/22,0.08463229927389912
0.51,0.16,0.32999999999999996,18/22,0.08876017514334802
0.51,0.17,0.31999999999999995,18/22,0.09288805101279693
0.51,0.18,0.31,18/22,0.09701592688224583
0.51,0.19,0.3,18/22,0.10114380275169474
0.51,0.2,0.29,16/18,0.10436534724796787
0.51,0.21,0.28,16/18,0.10618642803983519
0.51,0.22,0.27,16/18,0.10800750883170249
0.51,0.23,0.26,16/18,0.1098285896235698
0.51,0.24,0.25,16/18,0.1116496704154371
0.51,0.25,0.24,16/18,0.1134707512073044
0.51,0.26,0.22999999999999998,16/18,0.11529183199917171
0.51,0.27,0.21999999999999997,16/18,0.11711291279103904
0.51,0.28,0.20999999999999996,16/18,0.11893399358290635
0.51,0.29,0.2,16/18,0.12075507437477363
0.51,0.3,0.19,16/18,0.12257615516664094
0.51,0.31,0.18,16/18,0.12439723595850827
0.51,0.32,0.16999999999999998,16/18,0.12621831675037556
0.51,0.33,0.15999999999999998,16/18,0.12803939754224286
0.51,0.34,0.14999999999999997,16/18,0.12986047833411019
0.51,0.35000000000000003,0.13999999999999996,16/18,0.13168155912597748
0.51,0.36,0.13,16/18,0.1335026399178448
0.51,0.37,0.12,15/18,0.13447575950217966
0.51,0.38,0.10999999999999999,15/18,0.13462166640426634
0.51,0.39,0.09999999999999998,15/18,0.134767573306353
0.51,0.4,0.08999999999999997,15/18,0.1349134802084397
0.51,0.41000000000000003,0.07999999999999996,15/18,0.13505938711052637
0.51,0.42,0.07,15/18,0.13520529401261303
0.51,0.43,0.06,15/18,0.1353512009146997
0.51,0.44,0.04999999999999999,15/18,0.1354971078167864
0.51,0.45,0.03999999999999998,15/18,0.13564301471887308
0.51,0.46,0.02999999999999997,15/18,0.13578892162095973
0.51,0.47000000000000003,0.019999999999999962,15/18,0.13593482852304642
0.51,0.48,0.010000000000000009,15/18,0.1360807354251331
0.51,0.49,0.0,15/18,0.1362266423272198
0.52,0.0,0.48,18/22,0.023159536942600187
0.52,0.01,0.47,18/22,0.02728741281204909
0.52,0.02,0.45999999999999996,18/22,0.031415288681497996
0.52,0.03,0.44999999999999996,18/22,0.035543164550946894
0.52,0.04,0.44,18/22,0.0396710404203958
0.52,0.05,0.43,18/22,0.043798916289844704
0.52,0.06,0.42,18/22,0.0479267921592936
0.52,0.07,0.41,18/22,0.05205466802874251
0.52,0.08,0.39999999999999997,18/22,0.05618254389819141
0.52,0.09,0.39,18/22,0.060310419767640316
0.52,0.1,0.38,18/22,0.06443829563708922
0.52,0.11,0.37,18/22,0.06856617150653813
0.52,0.12,0.36,18/22,0.07269404737598703
0.52,0.13,0.35,18/22,0.07682192324543594
0.52,0.14,0.33999999999999997,18/22,0.08094979911488484
0.52,0.15,0.32999999999999996,18/22,0.08507767498433373
0.52,0.16,0.31999999999999995,18/22,0.08920555085378264
0.52,0.17,0.30999999999999994,18/22,0.09333342672323154
0.52,0.18,0.3,18/22,0.09746130259268045
0.52,0.19,0.29,18/22,0.10158917846212935
0.52,0.2,0.27999999999999997,16/18,0.10452110668739183
0.52,0.21,0.27,16/18,0.10634218747925914
0.52,0.22,0.26,16/18,0.10816326827112645
0.52,0.23,0.24999999999999997,16/18,0.10998434906299374
0.52,0.24,0.24,16/18,0.11180542985486105
0.52,0.25,0.22999999999999998,16/18,0.11362651064672837
0.52,0.26,0.21999999999999997,16/18,0.11544759143859568
0.52,0.27,0.20999999999999996,16/18,0.11726867223046299
0.52,0.28,0.19999999999999996,16/18,0.1190897530223303
0.52,0.29,0.19,16/18,0.1209108338141976
0.52,0.3,0.18,16/18,0.1227319146060649
0.52,0.31,0.16999999999999998,16/18,0.12455299539793221
0.52,0.32,0.15999999999999998,16/18,0.1263740761897995
0.52,0.33,0.14999999999999997,16/18,0.12819515698166684
0.52,0.34,0.13999999999999996,16/18,0.13001623777353413
0.52,0.35000000000000003,0.12999999999999995,16/18,0.13183731856540146
0.52,0.36,0.12,15/18,0.13352744483783754
0.52,0.37,0.10999999999999999,15/18,0.1336733517399242
0.52,0.38,0.09999999999999998,15/18,0.13381925864201089
0.52,0.39,0.08999999999999997,15/18,0.1339651655440976
0.52,0.4,0.07999999999999996,15/18,0.13411107244618425
0.52,0.41000000000000003,0.06999999999999995,15/18,0.13425697934827094
0.52,0.42,0.06,15/18,0.13440288625035762
0.52,0.43,0.04999999999999999,15/18,0.13454879315244428
0.52,0.44,0.03999999999999998,15/18,0.13469470005453096
0.52,0.45,0.02999999999999997,15/18,0.13484060695661762
0.52,0.46,0.019999999999999962,15/18,0.1349865138587043
0.52,0.47000000000000003,0.009999999999999953,15/18,0.135132420760791
0.52,0.48,0.0,15/18,0.13527832766287767
0.53,0.0,0.47,18/22,0.02360491265303481
0.53,0.01,0.45999999999999996,18/22,0.02773278852248371
0.53,0.02,0.44999999999999996,18/22,0.031860664391932615
0.53,0.03,0.43999999999999995,18/22,0.03598854026138152
0.53,0.04,0.43,18/22,0.04011641613083042
0.53,0.05,0.42,18/22,0.04424429200027932
0.53,0.06,0.41,18/22,0.04837216786972823
0.53,0.07,0.39999999999999997,18/22,0.05250004373917713
0.53,0.08,0.38999999999999996,18/22,0.05662791960862604
0.53,0.09,0.38,18/22,0.06075579547807494
0.53,0.1,0.37,18/22,0.06488367134752385
0.53,0.11,0.36,18/22,0.06901154721697274
0.53,0.12,0.35,18/22,0.07313942308642164
0.53,0.13,0.33999999999999997,18/22,0.07726729895587055
0.53,0.14,0.32999999999999996,18/22,0.08139517482531945
0.53,0.15,0.31999999999999995,18/22,0.08552305069476836
0.53,0.16,0.30999999999999994,18/22,0.08965092656421726
0.53,0.17,0.29999999999999993,18/22,0.09377880243366617
0.53,0.18,0.29,18/22,0.09790667830311507
0.53,0.19,0.27999999999999997,18/22,0.10203455417256398
0.53,0.2,0.26999999999999996,16/18,0.10467686612681577
0.53,0.21,0.26,16/18,0.10649794691868308
0.53,0.22,0.24999999999999997,16/18,0.1083190277105504
0.53,0.23,0.23999999999999996,16/18,0.1101401085024177
0.53,0.24,0.22999999999999998,16/18,0.111961189294285
0.53,0.25,0.21999999999999997,16/18,0.11378227008615231
0.53,0.26,0.20999999999999996,16/18,0.11560335087801962
0.53,0.27,0.19999999999999996,16/18,0.11742443166988693
0.53,0.28,0.18999999999999995,16/18,0.11924551246175424
0.53,0.29,0.18,16/18,0.12106659325362154
0.53,0.3,0.16999999999999998,16/18,0.12288767404548885
0.53,0.31,0.15999999999999998,16/18,0.12470875483735616
0.53,0.32,0.14999999999999997,16/18,0.12652983562922349
0.53,0.33,0.13999999999999996,16/18,0.12835091642109078
0.53,0.34,0.12999999999999995,16/18,0.13017199721295808
0.53,0.35000000000000003,0.11999999999999994,16/18,0.1319930780048254
0.53,0.36,0.10999999999999999,15/18,0.1327250370755821
0.53,0.37,0.09999999999999998,15/18,0.13287094397766877
0.53,0.38,0.08999999999999997,15/18,0.13301685087975548
0.53,0.39,0.07999999999999996,15/18,0.13316275778184214
0.53,0.4,0.06999999999999995,15/18,0.13330866468392882
0.53,0.41000000000000003,0.05999999999999994,15/18,0.13345457158601548
0.53,0.42,0.04999999999999999,15/18,0.13360047848810216
0.53,0.43,0.03999999999999998,15/18,0.13374638539018885
0.53,0.44,0.02999999999999997,15/18,0.1338922922922755
0.53,0.45,0.019999999999999962,15/18,0.1340381991943622
0.53,0.46,0.009999999999999953,15/18,0.13418410609644885
0.53,0.47000000000000003,-5.551115123125783e-17,15/18,0.13433001299853556
0.54,0.0,0.45999999999999996,18/22,0.024050288363469428
0.54,0.01,0.44999999999999996,18/22,0.02817816423291833
0.54,0.02,0.43999999999999995,18/22,0.032306040102367234
0.54,0.03,0.42999999999999994,18/22,0.03643391597181614
0.54,0.04,0.42,18/22,0.040561791841265044
0.54,0.05,0.41,18/22,0.04468966771071395
0.54,0.06,0.39999999999999997,18/22,0.048817543580162846
0.54,0.07,0.38999999999999996,18/22,0.05294541944961175
0.54,0.08,0.37999999999999995,18/22,0.05707329531906065
0.54,0.09,0.37,18/22,0.061201171188509554
0.54,0.1,0.36,18/22,0.06532904705795846
0.54,0.11,0.35,18/22,0.06945692292740736
0.54,0.12,0.33999999999999997,18/22,0.07358479879685627
0.54,0.13,0.32999999999999996,18/22,0.07771267466630517
0.54,0.14,0.31999999999999995,18/22,0.08184055053575408
0.54,0.15,0.30999999999999994,18/22,0.08596842640520297
0.54,0.16,0.29999999999999993,18/22,0.09009630227465187
0.54,0.17,0.2899999999999999,18/22,0.09422417814410078
0.54,0.18,0.27999999999999997,18/22,0.09835205401354968
0.54,0.19,0.26999999999999996,18/22,0.10247992988299859
0.54,0.2,0.25999999999999995,16/18,0.10483262556623973
0.54,0.21,0.24999999999999997,16/18,0.10665370635810704
0.54,0.22,0.23999999999999996,16/18,0.10847478714997436
0.54,0.23,0.22999999999999995,16/18,0.11029586794184165
0.54,0.24,0.21999999999999997,16/18,0.11211694873370896
0.54,0.25,0.20999999999999996,16/18,0.11393802952557627
0.54,0.26,0.19999999999999996,16/18,0.11575911031744358
0.54,0.27,0.18999999999999995,16/18,0.1175801911093109
0.54,0.28,0.17999999999999994,16/18,0.1194012719011782
0.54,0.29,0.16999999999999998,16/18,0.1212223526930455
0.54,0.3,0.15999999999999998,16/18,0.12304343348491281
0.54,0.31,0.14999999999999997,16/18,0.12486451427678012
0.54,0.32,0.13999999999999996,16/18,0.12668559506864743
0.54,0.33,0.12999999999999995,16/18,0.12850667586051473
0.54,0.34,0.11999999999999994,16/18,0.13032775665238203
0.54,0.35000000000000003,0.10999999999999993,15/18,0.13177672241123997
0.54,0.36,0.09999999999999998,15/18,0.13192262931332666
0.54,0.37,0.08999999999999997,15/18,0.13206853621541334
0.54,0.38,0.07999999999999996,15/18,0.13221444311750002
0.54,0.39,0.06999999999999995,15/18,0.13236035001958668
0.54,0.4,0.05999999999999994,15/18,0.13250625692167337
0.54,0.41000000000000003,0.04999999999999993,15/18,0.13265216382376005
0.54,0.42,0.03999999999999998,15/18,0.13279807072584673
0.54,0.43,0.02999999999999997,15/18,0.1329439776279334
0.54,0.44,0.019999999999999962,15/18,0.13308988453002005
0.54,0.45,0.009999999999999953,15/18,0.13323579143210673
0.54,0.46,-5.551115123125783e-17,15/18,0.13338169833419344
0.55,0.0,0.44999999999999996,18/22,0.024495664073904046
0.55,0.01,0.43999999999999995,18/22,0.028623539943352948
0.55,0.02,0.42999999999999994,18/22,0.03275141581280185
0.55,0.03,0.41999999999999993,18/22,0.03687929168225076
0.55,0.04,0.41,18/22,0.041007167551699655
0.55,0.05,0.39999999999999997,18/22,0.04513504342114856
0.55,0.06,0.38999999999999996,18/22,0.049262919290597465
0.55,0.07,0.37999999999999995,18/22,0.05339079516004637
0.55,0.08,0.36999999999999994,18/22,0.057518671029495275
0.55,0.09,0.36,18/22,0.06164654689894418
0.55,0.1,0.35,18/22,0.06577442276839308
0.55,0.11,0.33999999999999997,18/22,0.06990229863784198
0.55,0.12,0.32999999999999996,18/22,0.07403017450729088
0.55,0.13,0.31999999999999995,18/22,0.07815805037673978
0.55,0.14,0.30999999999999994,18/22,0.08228592624618869
0.55,0.15,0.29999999999999993,18/22,0.0864138021156376
0.55,0.16,0.2899999999999999,18/22,0.0905416779850865
0.55,0.17,0.2799999999999999,18/22,0.0946695538545354
0.55,0.18,0.26999999999999996,18/22,0.09879742972398431
0.55,0.19,0.25999999999999995,18/22,0.10292530559343321
0.55,0.2,0.24999999999999994,16/18,0.1049883850056637
0.55,0.21,0.23999999999999996,16/18,0.10680946579753099
0.55,0.22,0.22999999999999995,16/18,0.1086305465893983
0.55,0.23,0.21999999999999995,16/18,0.1104516273812656
0.55,0.24,0.20999999999999996,16/18,0.11227270817313292
0.55,0.25,0.19999999999999996,16/18,0.11409378896500023
0.55,0.26,0.18999999999999995,16/18,0.11591486975686753
0.55,0.27,0.17999999999999994,16/18,0.11773595054873484
0.55,0.28,0.16999999999999993,16/18,0.11955703134060217
0.55,0.29,0.15999999999999998,16/18,0.12137811213246945
0.55,0.3,0.14999999999999997,16/18,0.12319919292433676
0.55,0.31,0.13999999999999996,16/18,0.12502027371620408
0.55,0.32,0.12999999999999995,16/18,0.12684135450807138
0.55,0.33,0.11999999999999994,16/18,0.12866243529993868
0.55,0.34,0.10999999999999993,16/18,0.130483516091806
0.55,0.35000000000000003,0.09999999999999992,15/18,0.13097431464898454
0.55,0.36,0.08999999999999997,15/18,0.13112022155107123
0.55,0.37,0.07999999999999996,15/18,0.13126612845315788
0.55,0.38,0.06999999999999995,15/18,0.13141203535524457
0.55,0.39,0.05999999999999994,15/18,0.13155794225733125
0.55,0.4,0.04999999999999993,15/18,0.13170384915941794
0.55,0.41000000000000003,0.039999999999999925,15/18,0.13184975606150462
0.55,0.42,0.02999999999999997,15/18,0.13199566296359128
0.55,0.43,0.019999999999999962,15/18,0.13214156986567796
0.55,0.44,0.009999999999999953,15/18,0.13228747676776462
0.55,0.45,-5.551115123125783e-17,15/18,0.1324333836698513
0.56,0.0,0.43999999999999995,18/22,0.024941039784338665
0.56,0.01,0.42999999999999994,18/22,0.029068915653787566
0.56,0.02,0.41999999999999993,18/22,0.03319679152323647
0.56,0.03,0.4099999999999999,18/22,0.037324667392685376
0.56,0.04,0.39999999999999997,18/22,0.04145254326213428
0.56,0.05,0.38999999999999996,18/22,0.045580419131583186
0.56,0.06,0.37999999999999995,18/22,0.049708295001032084
0.56,0.07,0.36999999999999994,18/22,0.05383617087048099
0.56,0.08,0.35999999999999993,18/22,0.057964046739929886
0.56,0.09,0.35,18/22,0.06209192260937879
0.56,0.1,0.33999999999999997,18/22,0.0662197984788277
0.56,0.11,0.32999999999999996,18/22,0.0703476743482766
0.56,0.12,0.31999999999999995,18/22,0.0744755502177255
0.56,0.13,0.30999999999999994,18/22,0.07860342608717441
0.56,0.14,0.29999999999999993,18/22,0.08273130195662332
0.56,0.15,0.2899999999999999,18/22,0.0868591778260722
0.56,0.16,0.2799999999999999,18/22,0.09098705369552111
0.56,0.17,0.2699999999999999,18/22,0.09511492956497002
0.56,0.18,0.25999999999999995,18/22,0.09924280543441892
0.56,0.19,0.24999999999999994,16/18,0.10332306365322035
0.56,0.2,0.23999999999999994,16/18,0.10514414444508766
0.56,0.21,0.22999999999999995,16/18,0.10696522523695494
0.56,0.22,0.21999999999999995,16/18,0.10878630602882225
0.56,0.23,0.20999999999999994,16/18,0.11060738682068957
0.56,0.24,0.19999999999999996,16/18,0.11242846761255688
0.56,0.25,0.18999999999999995,16/18,0.11424954840442418
0.56,0.26,0.17999999999999994,16/18,0.11607062919629148
0.56,0.27,0.16999999999999993,16/18,0.1178917099881588
0.56,0.28,0.15999999999999992,16/18,0.11971279078002611
0.56,0.29,0.14999999999999997,16/18,0.1215338715718934
0.56,0.3,0.13999999999999996,16/18,0.1233549523637607
0.56,0.31,0.12999999999999995,16/18,0.12517603315562803
0.56,0.32,0.11999999999999994,16/18,0.12699711394749533
0.56,0.33,0.10999999999999993,16/18,0.12881819473936265
0.56,0.34,0.09999999999999992,15/18,0.13002599998464243
0.56,0.35000000000000003,0.08999999999999991,15/18,0.1301719068867291
0.56,0.36,0.07999999999999996,15/18,0.13031781378881577
0.56,0.37,0.06999999999999995,15/18,0.13046372069090245
0.56,0.38,0.05999999999999994,15/18,0.13060962759298914
0.56,0.39,0.04999999999999993,15/18,0.13075553449507582
0.56,0.4,0.039999999999999925,15/18,0.1309014413971625
0.56,0.41000000000000003,0.029999999999999916,15/18,0.1310473482992492
0.56,0.42,0.019999999999999962,15/18,0.13119325520133582
0.56,0.43,0.009999999999999953,15/18,0.1313391621034225
0.56,0.44,-5.551115123125783e-17,15/18,0.13148506900550921
0.5700000000000001,0.0,0.42999999999999994,18/22,0.025386415494773284
0.5700000000000001,0.01,0.41999999999999993,18/22,0.029514291364222185
0.5700000000000001,0.02,0.4099999999999999,18/22,0.03364216723367109
0.5700000000000001,0.03,0.3999999999999999,18/22,0.037770043103119995
0.5700000000000001,0.04,0.38999999999999996,18/22,0.04189791897256889
0.5700000000000001,0.05,0.37999999999999995,18/22,0.0460257948420178
0.5700000000000001,0.06,0.36999999999999994,18/22,0.0501536707114667
0.5700000000000001,0.07,0.35999999999999993,18/22,0.05428154658091561
0.5700000000000001,0.08,0.3499999999999999,18/22,0.05840942245036451
0.5700000000000001,0.09,0.33999999999999997,18/22,0.06253729831981342
0.5700000000000001,0.1,0.32999999999999996,18/22,0.06666517418926232
0.5700000000000001,0.11,0.31999999999999995,18/22,0.07079305005871121
0.5700000000000001,0.12,0.30999999999999994,18/22,0.07492092592816012
0.5700000000000001,0.13,0.29999999999999993,18/22,0.07904880179760902
0.5700000000000001,0.14,0.2899999999999999,18/22,0.08317667766705793
0.5700000000000001,0.15,0.2799999999999999,18/22,0.08730455353650683
0.5700000000000001,0.16,0.2699999999999999,18/22,0.09143242940595574
0.5700000000000001,0.17,0.2599999999999999,18/22,0.09556030527540464
0.5700000000000001,0.18,0.24999999999999994,18/22,0.09968818114485355
0.5700000000000001,0.19,0.23999999999999994,16/18,0.10347882309264428
0.5700000000000001,0.2,0.22999999999999993,16/18,0.10529990388451159
0.5700000000000001,0.21,0.21999999999999995,16/18,0.1071209846763789
0.5700000000000001,0.22,0.20999999999999994,16/18,0.10894206546824622
0.5700000000000001,0.23,0.19999999999999993,16/18,0.11076314626011352
0.5700000000000001,0.24,0.18999999999999995,16/18,0.11258422705198082
0.5700000000000001,0.25,0.17999999999999994,16/18,0.11440530784384813
0.5700000000000001,0.26,0.16999999999999993,16/18,0.11622638863571545
0.5700000000000001,0.27,0.15999999999999992,16/18,0.11804746942758276
0.5700000000000001,0.28,0.1499999999999999,16/18,0.11986855021945007
0.5700000000000001,0.29,0.13999999999999996,16/18,0.12168963101131736
0.5700000000000001,0.3,0.12999999999999995,16/18,0.12351071180318468
0.5700000000000001,0.31,0.11999999999999994,16/18,0.12533179259505198
0.5700000000000001,0.32,0.10999999999999993,16/18,0.1271528733869193
0.5700000000000001,0.33,0.09999999999999992,16/18,0.1289739541787866
0.5700000000000001,0.34,0.08999999999999991,15/18,0.129223592222387
0.5700000000000001,0.35000000000000003,0.0799999999999999,15/18,0.12936949912447365
0.5700000000000001,0.36,0.06999999999999995,15/18,0.12951540602656034
0.5700000000000001,0.37,0.05999999999999994,15/18,0.12966131292864702
0.5700000000000001,0.38,0.04999999999999993,15/18,0.1298072198307337
0.5700000000000001,0.39,0.039999999999999925,15/18,0.1299531267328204
0.5700000000000001,0.4,0.029999999999999916,15/18,0.13009903363490705
0.5700000000000001,0.41000000000000003,0.019999999999999907,15/18,0.13024494053699373
0.5700000000000001,0.42,0.009999999999999953,15/18,0.1303908474390804
0.5700000000000001,0.43,-5.551115123125783e-17,15/18,0.13053675434116707
0.58,0.0,0.42000000000000004,18/22,0.0258317912052079
0.58,0.01,0.41000000000000003,18/22,0.029959667074656804
0.58,0.02,0.4,18/22,0.03408754294410571
0.58,0.03,0.39,18/22,0.03821541881355461
0.58,0.04,0.38000000000000006,18/22,0.04234329468300351
0.58,0.05,0.37000000000000005,18/22,0.046471170552452416
0.58,0.06,0.36000000000000004,18/22,0.050599046421901314
0.58,0.07,0.35000000000000003,18/22,0.05472692229135022
0.58,0.08,0.34,18/22,0.058854798160799124
0.58,0.09,0.33000000000000007,18/22,0.06298267403024803
0.58,0.1,0.32000000000000006,18/22,0.06711054989969693
0.58,0.11,0.31000000000000005,18/22,0.07123842576914582
0.58,0.12,0.30000000000000004,18/22,0.07536630163859473
0.58,0.13,0.29000000000000004,18/22,0.07949417750804363
0.58,0.14,0.28,18/22,0.08362205337749254
0.58,0.15,0.27,18/22,0.08774992924694144
0.58,0.16,0.26,18/22,0.09187780511639035
0.58,0.17,0.25,18/22,0.09600568098583925
0.58,0.18,0.24000000000000005,18/22,0.10013355685528816
0.58,0.19,0.23000000000000004,16/18,0.10363458253206825
0.58,0.2,0.22000000000000003,16/18,0.10545566332393556
0.58,0.21,0.21000000000000005,16/18,0.10727674411580285
0.58,0.22,0.20000000000000004,16/18,0.10909782490767016
0.58,0.23,0.19000000000000003,16/18,0.11091890569953748
0.58,0.24,0.18000000000000005,16/18,0.11273998649140479
0.58,0.25,0.17000000000000004,16/18,0.11456106728327209
0.58,0.26,0.16000000000000003,16/18,0.11638214807513939
0.58,0.27,0.15000000000000002,16/18,0.11820322886700671
0.58,0.28,0.14,16/18,0.12002430965887402
0.58,0.29,0.13000000000000006,16/18,0.1218453904507413
0.58,0.3,0.12000000000000005,16/18,0.12366647124260861
0.58,0.31,0.11000000000000004,16/18,0.12548755203447592
0.58,0.32,0.10000000000000003,16/18,0.12730863282634325
0.58,0.33,0.09000000000000002,15/18,0.12827527755804488
0.58,0.34,0.08000000000000002,15/18,0.12842118446013157
0.58,0.35000000000000003,0.07,15/18,0.12856709136221822
0.58,0.36,0.06000000000000005,15/18,0.1287129982643049
0.58,0.37,0.050000000000000044,15/18,0.1288589051663916
0.58,0.38,0.040000000000000036,15/18,0.12900481206847828
0.58,0.39,0.030000000000000027,15/18,0.12915071897056493
0.58,0.4,0.020000000000000018,15/18,0.12929662587265162
0.58,0.41000000000000003,0.010000000000000009,15/18,0.1294425327747383
0.58,0.42,5.551115123125783e-17,15/18,0.12958843967682496
0.59,0.0,0.41000000000000003,18/22,0.026277166915642518
0.59,0.01,0.4,18/22,0.030405042785091423
0.59,0.02,0.39,18/22,0.03453291865454032
0.59,0.03,0.38,18/22,0.038660794523989225
0.59,0.04,0.37000000000000005,18/22,0.04278867039343813
0.59,0.05,0.36000000000000004,18/22,0.046916546262887035
0.59,0.06,0.35000000000000003,18/22,0.05104442213233594
0.59,0.07,0.34,18/22,0.055172298001784845
0.59,0.08,0.33,18/22,0.05930017387123374
0.59,0.09,0.32000000000000006,18/22,0.06342804974068264
0.59,0.1,0.31000000000000005,18/22,0.06755592561013155
0.59,0.11,0.30000000000000004,18/22,0.07168380147958045
0.59,0.12,0.29000000000000004,18/22,0.07581167734902935
0.59,0.13,0.28,18/22,0.07993955321847826
0.59,0.14,0.27,18/22,0.08406742908792716
0.59,0.15,0.26,18/22,0.08819530495737607
0.59,0.16,0.25,18/22,0.09232318082682497
0.59,0.17,0.24000000000000002,18/22,0.09645105669627388
0.59,0.18,0.23000000000000004,18/22,0.10057893256572278
0.59,0.19,0.22000000000000003,16/18,0.1037903419714922
0.59,0.2,0.21000000000000002,16/18,0.10561142276335951
0.59,0.21,0.20000000000000004,16/18,0.10743250355522681
0.59,0.22,0.19000000000000003,16/18,0.10925358434709413
0.59,0.23,0.18000000000000002,16/18,0.11107466513896144
0.59,0.24,0.17000000000000004,16/18,0.11289574593082874
0.59,0.25,0.16000000000000003,16/18,0.11471682672269604
0.59,0.26,0.15000000000000002,16/18,0.11653790751456336
0.59,0.27,0.14,16/18,0.11835898830643067
0.59,0.28,0.13,16/18,0.12018006909829798
0.59,0.29,0.12000000000000005,16/18,0.12200114989016526
0.59,0.3,0.11000000000000004,16/18,0.12382223068203259
0.59,0.31,0.10000000000000003,16/18,0.1256433114738999
0.59,0.32,0.09000000000000002,15/18,0.12732696289370277
0.59,0.33,0.08000000000000002,15/18,0.12747286979578945
0.59,0.34,0.07,15/18,0.1276187766978761
0.59,0.35000000000000003,0.06,15/18,0.1277646835999628
0.59,0.36,0.050000000000000044,15/18,0.12791059050204945
0.59,0.37,0.040000000000000036,15/18,0.12805649740413613
0.59,0.38,0.030000000000000027,15/18,0.12820240430622282
0.59,0.39,0.020000000000000018,15/18,0.1283483112083095
0.59,0.4,0.010000000000000009,15/18,0.12849421811039619
0.59,0.41000000000000003,0.0,15/18,0.12864012501248284
0.6,0.0,0.4,18/22,0.02672254262607714
0.6,0.01,0.39,18/22,0.03085041849552604
0.6,0.02,0.38,18/22,0.034978294364974946
0.6,0.03,0.37,18/22,0.03910617023442385
0.6,0.04,0.36000000000000004,18/22,0.043234046103872756
0.6,0.05,0.35000000000000003,18/22,0.04736192197332166
0.6,0.06,0.34,18/22,0.05148979784277056
0.6,0.07,0.33,18/22,0.05561767371221946
0.6,0.08,0.32,18/22,0.05974554958166836
0.6,0.09,0.31000000000000005,18/22,0.06387342545111727
0.6,0.1,0.30000000000000004,18/22,0.06800130132056617
0.6,0.11,0.29000000000000004,18/22,0.07212917719001508
0.6,0.12,0.28,18/22,0.07625705305946398
0.6,0.13,0.27,18/22,0.08038492892891289
0.6,0.14,0.26,18/22,0.08451280479836179
0.6,0.15,0.25,18/22,0.08864068066781068
0.6,0.16,0.24000000000000002,18/22,0.09276855653725959
0.6,0.17,0.23,18/22,0.09689643240670849
0.6,0.18,0.22000000000000003,18/22,0.1010243082761574
0.6,0.19,0.21000000000000002,16/18,0.10394610141091615
0.6,0.2,0.2,16/18,0.10576718220278346
0.6,0.21,0.19000000000000003,16/18,0.10758826299465078
0.6,0.22,0.18000000000000002,16/18,0.10940934378651809
0.6,0.23,0.17,16/18,0.11123042457838539
0.6,0.24,0.16000000000000003,16/18,0.11305150537025269
0.6,0.25,0.15000000000000002,16/18,0.11487258616212001
0.6,0.26,0.14,16/18,0.11669366695398732
0.6,0.27,0.13,16/18,0.11851474774585463
0.6,0.28,0.12,16/18,0.12033582853772194
0.6,0.29,0.11000000000000004,16/18,0.12215690932958924
0.6,0.3,0.10000000000000003,16/18,0.12397799012145655
0.6,0.31,0.09000000000000002,16/18,0.12579907091332385
0.6,0.32,0.08000000000000002,15/18,0.12652455513144734
0.6,0.33,0.07,15/18,0.126670462033534
0.6,0.34,0.06,15/18,0.12681636893562068
0.6,0.35000000000000003,0.04999999999999999,15/18,0.12696227583770736
0.6,0.36,0.040000000000000036,15/18,0.12710818273979402
0.6,0.37,0.030000000000000027,15/18,0.1272540896418807
0.6,0.38,0.020000000000000018,15/18,0.1273999965439674
0.6,0.39,0.010000000000000009,15/18,0.12754590344605407
0.6,0.4,0.0,15/18,0.12769181034814076
0.61,0.0,0.39,18/22,0.02716791833651176
0.61,0.01,0.38,18/22,0.03129579420596066
0.61,0.02,0.37,18/22,0.035423670075409565
0.61,0.03,0.36,18/22,0.03955154594485847
0.61,0.04,0.35000000000000003,18/22,0.04367942181430737
0.61,0.05,0.34,18/22,0.04780729768375627
0.61,0.06,0.33,18/22,0.05193517355320518
0.61,0.07,0.32,18/22,0.05606304942265408
0.61,0.08,0.31,18/22,0.06019092529210299
0.61,0.09,0.30000000000000004,18/22,0.06431880116155189
0.61,0.1,0.29000000000000004,18/22,0.0684466770310008
0.61,0.11,0.28,18/22,0.07257455290044969
0.61,0.12,0.27,18/22,0.07670242876989859
0.61,0.13,0.26,18/22,0.0808303046393475
0.61,0.14,0.25,18/22,0.0849581805087964
0.61,0.15,0.24000000000000002,18/22,0.0890860563782453
0.61,0.16,0.23,18/22,0.09321393224769421
0.61,0.17,0.22,18/22,0.09734180811714312
0.61,0.18,0.21000000000000002,18/22,0.10146968398659202
0.61,0.19,0.2,16/18,0.10410186085034011
0.61,0.2,0.19,16/18,0.10592294164220742
0.61,0.21,0.18000000000000002,16/18,0.10774402243407472
0.61,0.22,0.17,16/18,0.10956510322594203
0.61,0.23,0.16,16/18,0.11138618401780934
0.61,0.24,0.15000000000000002,16/18,0.11320726480967666
0.61,0.25,0.14,16/18,0.11502834560154396
0.61,0.26,0.13,16/18,0.11684942639341125
0.61,0.27,0.12,16/18,0.11867050718527856
0.61,0.28,0.10999999999999999,16/18,0.12049158797714588
0.61,0.29,0.10000000000000003,16/18,0.12231266876901317
0.61,0.3,0.09000000000000002,16/18,0.12413374956088048
0.61,0.31,0.08000000000000002,15/18,0.1255762404671052
0.61,0.32,0.07,15/18,0.12572214736919188
0.61,0.33,0.06,15/18,0.12586805427127856
0.61,0.34,0.04999999999999999,15/18,0.12601396117336525
0.61,0.35000000000000003,0.03999999999999998,15/18,0.1261598680754519
0.61,0.36,0.030000000000000027,15/18,0.1263057749775386
0.61,0.37,0.020000000000000018,15/18,0.12645168187962527
0.61,0.38,0.010000000000000009,15/18,0.12659758878171196
0.61,0.39,0.0,15/18,0.1267434956837986
0.62,0.0,0.38,18/22,0.027613294046946377
0.62,0.01,0.37,18/22,0.03174116991639528
0.62,0.02,0.36,18/22,0.035869045785844184
0.62,0.03,0.35,18/22,0.03999692165529309
0.62,0.04,0.34,18/22,0.04412479752474199
0.62,0.05,0.33,18/22,0.0482526733941909
0.62,0.06,0.32,18/22,0.052380549263639796
0.62,0.07,0.31,18/22,0.0565084251330887
0.62,0.08,0.3,18/22,0.0606363010025376
0.62,0.09,0.29000000000000004,18/22,0.0647641768719865
0.62,0.1,0.28,18/22,0.06889205274143541
0.62,0.11,0.27,18/22,0.07301992861088431
0.62,0.12,0.26,18/22,0.07714780448033322
0.62,0.13,0.25,18/22,0.08127568034978212
0.62,0.14,0.24,18/22,0.08540355621923103
0.62,0.15,0.23,18/22,0.08953143208867992
0.62,0.16,0.22,18/22,0.09365930795812882
0.62,0.17,0.21,18/22,0.09778718382757773
0.62,0.18,0.2,18/22,0.10191505969702663
0.62,0.19,0.19,16/18,0.10425762028976407
0.62,0.2,0.18,16/18,0.10607870108163138
0.62,0.21,0.17,16/18,0.10789978187349868
0.62,0.22,0.16,16/18,0.10972086266536599
0.62,0.23,0.15,16/18,0.1115419434572333
0.62,0.24,0.14,16/18,0.11336302424910061
0.62,0.25,0.13,16/18,0.1151841050409679
0.62,0.26,0.12,16/18,0.11700518583283522
0.62,0.27,0.10999999999999999,16/18,0.11882626662470253
0.62,0.28,0.09999999999999998,16/18,0.12064734741656985
0.62,0.29,0.09000000000000002,16/18,0.12246842820843713
0.62,0.3,0.08000000000000002,16/18,0.12428950900030444
0.62,0.31,0.07,15/18,0.12477383270484978
0.62,0.32,0.06,15/18,0.12491973960693645
0.62,0.33,0.04999999999999999,15/18,0.12506564650902313
0.62,0.34,0.03999999999999998,15/18,0.1252115534111098
0.62,0.35000000000000003,0.02999999999999997,15/18,0.12535746031319647
0.62,0.36,0.020000000000000018,15/18,0.12550336721528316
0.62,0.37,0.010000000000000009,15/18,0.1256492741173698
0.62,0.38,0.0,15/18,0.12579518101945653
0.63,0.0,0.37,18/22,0.028058669757380996
0.63,0.01,0.36,18/22,0.0321865456268299
0.63,0.02,0.35,18/22,0.0363144214962788
0.63,0.03,0.33999999999999997,18/22,0.04044229736572771
0.63,0.04,0.33,18/22,0.044570173235176605
0.63,0.05,0.32,18/22,0.04869804910462551
0.63,0.06,0.31,18/22,0.052825924974074415
0.63,0.07,0.3,18/22,0.05695380084352332
0.63,0.08,0.29,18/22,0.061081676712972224
0.63,0.09,0.28,18/22,0.06520955258242113
0.63,0.1,0.27,18/22,0.06933742845187003
0.63,0.11,0.26,18/22,0.07346530432131892
0.63,0.12,0.25,18/22,0.07759318019076783
0.63,0.13,0.24,18/22,0.08172105606021673
0.63,0.14,0.22999999999999998,18/22,0.08584893192966564
0.63,0.15,0.22,18/22,0.08997680779911454
0.63,0.16,0.21,18/22,0.09410468366856345
0.63,0.17,0.19999999999999998,18/22,0.09823255953801235
0.63,0.18,0.19,18/22,0.10236043540746126
0.63,0.19,0.18,16/18,0.10441337972918802
0.63,0.2,0.16999999999999998,16/18,0.10623446052105533
0.63,0.21,0.16,16/18,0.10805554131292264
0.63,0.22,0.15,16/18,0.10987662210478995
0.63,0.23,0.13999999999999999,16/18,0.11169770289665726
0.63,0.24,0.13,16/18,0.11351878368852455
0.63,0.25,0.12,16/18,0.11533986448039187
0.63,0.26,0.10999999999999999,16/18,0.11716094527225918
0.63,0.27,0.09999999999999998,16/18,0.1189820260641265
0.63,0.28,0.08999999999999997,16/18,0.12080310685599381
0.63,0.29,0.08000000000000002,16/18,0.1226241876478611
0.63,0.3,0.07,15/18,0.12382551804050766
0.63,0.31,0.06,15/18,0.12397142494259432
0.63,0.32,0.04999999999999999,15/18,0.124117331844681
0.63,0.33,0.03999999999999998,15/18,0.12426323874676769
0.63,0.34,0.02999999999999997,15/18,0.12440914564885436
0.63,0.35000000000000003,0.019999999999999962,15/18,0.12455505255094104
0.63,0.36,0.010000000000000009,15/18,0.12470095945302771
0.63,0.37,0.0,15/18,0.12484686635511438
0.64,0.0,0.36,18/22,0.028504045467815615
0.64,0.01,0.35,18/22,0.032631921337264516
0.64,0.02,0.33999999999999997,18/22,0.03675979720671342
0.64,0.03,0.32999999999999996,18/22,0.040887673076162326
0.64,0.04,0.32,18/22,0.04501554894561123
0.64,0.05,0.31,18/22,0.049143424815060135
0.64,0.06,0.3,18/22,0.05327130068450903
0.64,0.07,0.29,18/22,0.05739917655395794
0.64,0.08,0.27999999999999997,18/22,0.061527052423406836
0.64,0.09,0.27,18/22,0.06565492829285574
0.64,0.1,0.26,18/22,0.06978280416230465
0.64,0.11,0.25,18/22,0.07391068003175355
0.64,0.12,0.24,18/22,0.07803855590120246
0.64,0.13,0.22999999999999998,18/22,0.08216643177065136
0.64,0.14,0.21999999999999997,18/22,0.08629430764010027
0.64,0.15,0.21,18/22,0.09042218350954916
0.64,0.16,0.19999999999999998,18/22,0.09455005937899806
0.64,0.17,0.18999999999999997,18/22,0.09867793524844697
0.64,0.18,0.18,16/18,0.10274805837674467
0.64,0.19,0.16999999999999998,16/18,0.10456913916861198
0.64,0.2,0.15999999999999998,16/18,0.10639021996047929
0.64,0.21,0.15,16/18,0.10821130075234658
0.64,0.22,0.13999999999999999,16/18,0.11003238154421391
0.64,0.23,0.12999999999999998,16/18,0.1118534623360812
0.64,0.24,0.12,16/18,0.11367454312794852
0.64,0.25,0.10999999999999999,16/18,0.11549562391981583
0.64,0.26,0.09999999999999998,16/18,0.11731670471168312
0.64,0.27,0.08999999999999997,16/18,0.11913778550355045
0.64,0.28,0.07999999999999996,16/18,0.12095886629541776
0.64,0.29,0.07,16/18,0.12277994708728504
0.64,0.3,0.06,15/18,0.1230231102782522
0.64,0.31,0.04999999999999999,15/18,0.12316901718033889
0.64,0.32,0.03999999999999998,15/18,0.12331492408242557
0.64,0.33,0.02999999999999997,15/18,0.12346083098451224
0.64,0.34,0.019999999999999962,15/18,0.12360673788659893
0.64,0.35000000000000003,0.009999999999999953,15/18,0.1237526447886856
0.64,0.36,0.0,15/18,0.12389855169077227
0.65,0.0,0.35,18/22,0.028949421178250234
0.65,0.01,0.33999999999999997,18/22,0.033077297047699135
0.65,0.02,0.32999999999999996,18/22,0.03720517291714804
0.65,0.03,0.31999999999999995,18/22,0.041333048786596945
0.65,0.04,0.31,18/22,0.04546092465604584
0.65,0.05,0.3,18/22,0.04958880052549475
0.65,0.06,0.29,18/22,0.05371667639494365
0.65,0.07,0.27999999999999997,18/22,0.05784455226439256
0.65,0.08,0.26999999999999996,18/22,0.06197242813384146
0.65,0.09,0.26,18/22,0.06610030400329037
0.65,0.1,0.24999999999999997,18/22,0.07022817987273927
0.65,0.11,0.24,18/22,0.07435605574218816
0.65,0.12,0.22999999999999998,18/22,0.07848393161163707
0.65,0.13,0.21999999999999997,18/22,0.08261180748108597
0.65,0.14,0.20999999999999996,18/22,0.08673968335053488
0.65,0.15,0.19999999999999998,18/22,0.09086755921998378
0.65,0.16,0.18999999999999997,18/22,0.09499543508943269
0.65,0.17,0.17999999999999997,18/22,0.09912331095888159
0.65,0.18,0.16999999999999998,16/18,0.10290381781616863
0.65,0.19,0.15999999999999998,16/18,0.10472489860803592
0.65,0.2,0.14999999999999997,16/18,0.10654597939990323
0.65,0.21,0.13999999999999999,16/18,0.10836706019177055
0.65,0.22,0.12999999999999998,16/18,0.11018814098363786
0.65,0.23,0.11999999999999997,16/18,0.11200922177550517
0.65,0.24,0.10999999999999999,16/18,0.11383030256737246
0.65,0.25,0.09999999999999998,16/18,0.11565138335923977
0.65,0.26,0.08999999999999997,16/18,0.11747246415110708
0.65,0.27,0.07999999999999996,16/18,0.1192935449429744
0.65,0.28,0.06999999999999995,16/18,0.1211146257348417
0.65,0.29,0.06,15/18,0.12207479561391009
0.65,0.3,0.04999999999999999,15/18,0.12222070251599676
0.65,0.31,0.03999999999999998,15/18,0.12236660941808344
0.65,0.32,0.02999999999999997,15/18,0.12251251632017013
0.65,0.33,0.019999999999999962,15/18,0.1226584232222568
0.65,0.34,0.009999999999999953,15/18,0.12280433012434348
0.65,0.35000000000000003,-5.551115123125783e-17,15/18,0.12295023702643014
0.66,0.0,0.33999999999999997,18/22,0.029394796888684856
0.66,0.01,0.32999999999999996,18/22,0.03352267275813376
0.66,0.02,0.31999999999999995,18/22,0.03765054862758266
0.66,0.03,0.30999999999999994,18/22,0.04177842449703156
0.66,0.04,0.3,18/22,0.04590630036648047
0.66,0.05,0.29,18/22,0.05003417623592937
0.66,0.06,0.27999999999999997,18/22,0.05416205210537828
0.66,0.07,0.26999999999999996,18/22,0.05828992797482718
0.66,0.08,0.25999999999999995,18/22,0.06241780384427608
0.66,0.09,0.24999999999999997,18/22,0.06654567971372499
0.66,0.1,0.23999999999999996,18/22,0.0706735555831739
0.66,0.11,0.22999999999999998,18/22,0.07480143145262279
0.66,0.12,0.21999999999999997,18/22,0.07892930732207169
0.66,0.13,0.20999999999999996,18/22,0.0830571831915206
0.66,0.14,0.19999999999999996,18/22,0.0871850590609695
0.66,0.15,0.18999999999999997,18/22,0.0913129349304184
0.66,0.16,0.17999999999999997,18/22,0.0954408107998673
0.66,0.17,0.16999999999999996,18/22,0.0995686866693162
0.66,0.18,0.15999999999999998,16/18,0.10305957725559257
0.66,0.19,0.14999999999999997,16/18,0.10488065804745987
0.66,0.2,0.13999999999999996,16/18,0.10670173883932718
0.66,0.21,0.12999999999999998,16/18,0.1085228196311945
0.66,0.22,0.11999999999999997,16/18,0.11034390042306182
0.66,0.23,0.10999999999999996,16/18,0.11216498121492911
0.66,0.24,0.09999999999999998,16/18,0.11398606200679642
0.66,0.25,0.08999999999999997,16/18,0.11580714279866373
0.66,0.26,0.07999999999999996,16/18,0.11762822359053104
0.66,0.27,0.06999999999999995,16/18,0.11944930438239836
0.66,0.28,0.05999999999999994,15/18,0.12112648094956796
0.66,0.29,0.04999999999999999,15/18,0.12127238785165464
0.66,0.3,0.03999999999999998,15/18,0.12141829475374133
0.66,0.31,0.02999999999999997,15/18,0.121564201655828
0.66,0.32,0.019999999999999962,15/18,0.12171010855791468
0.66,0.33,0.009999999999999953,15/18,0.12185601546000137
0.66,0.34,-5.551115123125783e-17,15/18,0.12200192236208802
0.67,0.0,0.32999999999999996,18/22,0.029840172599119474
0.67,0.01,0.31999999999999995,18/22,0.03396804846856838
0.67,0.02,0.30999999999999994,18/22,0.038095924338017284
0.67,0.03,0.29999999999999993,18/22,0.04222380020746618
0.67,0.04,0.29,18/22,0.04635167607691509
0.67,0.05,0.27999999999999997,18/22,0.05047955194636399
0.67,0.06,0.26999999999999996,18/22,0.05460742781581289
0.67,0.07,0.25999999999999995,18/22,0.058735303685261794
0.67,0.08,0.24999999999999994,18/22,0.0628631795547107
0.67,0.09,0.23999999999999996,18/22,0.0669910554241596
0.67,0.1,0.22999999999999995,18/22,0.07111893129360851
0.67,0.11,0.21999999999999997,18/22,0.0752468071630574
0.67,0.12,0.20999999999999996,18/22,0.0793746830325063
0.67,0.13,0.19999999999999996,18/22,0.08350255890195521
0.67,0.14,0.18999999999999995,18/22,0.08763043477140411
0.67,0.15,0.17999999999999997,18/22,0.09175831064085302
0.67,0.16,0.16999999999999996,18/22,0.09588618651030192
0.67,0.17,0.15999999999999995,18/22,0.10001406237975083
0.67,0.18,0.14999999999999997,16/18,0.10321533669501652
0.67,0.19,0.13999999999999996,16/18,0.10503641748688383
0.67,0.2,0.12999999999999995,16/18,0.10685749827875116
0.67,0.21,0.11999999999999997,16/18,0.10867857907061845
0.67,0.22,0.10999999999999996,16/18,0.11049965986248576
0.67,0.23,0.09999999999999995,16/18,0.11232074065435306
0.67,0.24,0.08999999999999997,16/18,0.11414182144622038
0.67,0.25,0.07999999999999996,16/18,0.1159629022380877
0.67,0.26,0.06999999999999995,16/18,0.11778398302995499
0.67,0.27,0.05999999999999994,16/18,0.1196050638218223
0.67,0.28,0.04999999999999993,15/18,0.12032407318731254
0.67,0.29,0.03999999999999998,15/18,0.12046998008939921
0.67,0.3,0.02999999999999997,15/18,0.12061588699148588
0.67,0.31,0.019999999999999962,15/18,0.12076179389357257
0.67,0.32,0.009999999999999953,15/18,0.12090770079565925
0.67,0.33,-5.551115123125783e-17,15/18,0.12105360769774591
0.68,0.0,0.31999999999999995,18/22,0.030285548309554093
0.68,0.01,0.30999999999999994,18/22,0.034413424179003
0.68,0.02,0.29999999999999993,18/22,0.038541300048451896
0.68,0.03,0.2899999999999999,18/22,0.0426691759179008
0.68,0.04,0.27999999999999997,18/22,0.046797051787349705
0.68,0.05,0.26999999999999996,18/22,0.05092492765679861
0.68,0.06,0.25999999999999995,18/22,0.055052803526247515
0.68,0.07,0.24999999999999994,18/22,0.05918067939569642
0.68,0.08,0.23999999999999994,18/22,0.06330855526514531
0.68,0.09,0.22999999999999995,18/22,0.06743643113459422
0.68,0.1,0.21999999999999995,18/22,0.07156430700404312
0.68,0.11,0.20999999999999996,18/22,0.07569218287349203
0.68,0.12,0.19999999999999996,18/22,0.07982005874294093
0.68,0.13,0.18999999999999995,18/22,0.08394793461238984
0.68,0.14,0.17999999999999994,18/22,0.08807581048183874
0.68,0.15,0.16999999999999996,18/22,0.09220368635128764
0.68,0.16,0.15999999999999995,18/22,0.09633156222073655
0.68,0.17,0.14999999999999994,18/22,0.10045943809018545
0.68,0.18,0.13999999999999996,16/18,0.10337109613444048
0.68,0.19,0.12999999999999995,16/18,0.1051921769263078
0.68,0.2,0.11999999999999994,16/18,0.10701325771817512
0.68,0.21,0.10999999999999996,16/18,0.1088343385100424
0.68,0.22,0.09999999999999995,16/18,0.11065541930190971
0.68,0.23,0.08999999999999994,16/18,0.11247650009377703
0.68,0.24,0.07999999999999996,16/18,0.11429758088564435
0.68,0.25,0.06999999999999995,16/18,0.11611866167751164
0.68,0.26,0.05999999999999994,16/18,0.11793974246937894
0.68,0.27,0.04999999999999993,15/18,0.11937575852297043
0.68,0.28,0.039999999999999925,15/18,0.11952166542505709
0.68,0.29,0.02999999999999997,15/18,0.11966757232714377
0.68,0.3,0.019999999999999962,15/18,0.11981347922923045
0.68,0.31,0.009999999999999953,15/18,0.11995938613131713
0.68,0.32,-5.551115123125783e-17,15/18,0.1201052930334038
0.6900000000000001,0.0,0.30999999999999994,18/22,0.030730924019988712
0.6900000000000001,0.01,0.29999999999999993,18/22,0.03485879988943762
0.6900000000000001,0.02,0.2899999999999999,18/22,0.03898667575888652
0.6900000000000001,0.03,0.2799999999999999,18/22,0.04311455162833542
0.6900000000000001,0.04,0.26999999999999996,18/22,0.047242427497784324
0.6900000000000001,0.05,0.25999999999999995,18/22,0.05137030336723323
0.6900000000000001,0.06,0.24999999999999994,18/22,0.05549817923668213
0.6900000000000001,0.07,0.23999999999999994,18/22,0.05962605510613103
0.6900000000000001,0.08,0.22999999999999993,18/22,0.06375393097557994
0.6900000000000001,0.09,0.21999999999999995,18/22,0.06788180684502884
0.6900000000000001,0.1,0.20999999999999994,18/22,0.07200968271447775
0.6900000000000001,0.11,0.19999999999999996,18/22,0.07613755858392665
0.6900000000000001,0.12,0.18999999999999995,18/22,0.08026543445337556
0.6900000000000001,0.13,0.17999999999999994,18/22,0.08439331032282446
0.6900000000000001,0.14,0.16999999999999993,18/22,0.08852118619227337
0.6900000000000001,0.15,0.15999999999999995,18/22,0.09264906206172226
0.6900000000000001,0.16,0.14999999999999994,18/22,0.09677693793117116
0.6900000000000001,0.17,0.13999999999999993,18/22,0.10090481380062007
0.6900000000000001,0.18,0.12999999999999995,16/18,0.10352685557386446
0.6900000000000001,0.19,0.11999999999999994,16/18,0.10534793636573175
0.6900000000000001,0.2,0.10999999999999993,16/18,0.10716901715759906
0.6900000000000001,0.21,0.09999999999999995,16/18,0.10899009794946636
0.6900000000000001,0.22,0.08999999999999994,16/18,0.11081117874133369
0.6900000000000001,0.23,0.07999999999999993,16/18,0.112632259533201
0.6900000000000001,0.24,0.06999999999999995,16/18,0.11445334032506829
0.6900000000000001,0.25,0.05999999999999994,16/18,0.11627442111693559
0.6900000000000001,0.26,0.04999999999999993,16/18,0.11809550190880291
0.6900000000000001,0.27,0.039999999999999925,15/18,0.11857335076071497
0.6900000000000001,0.28,0.029999999999999916,15/18,0.11871925766280166
0.6900000000000001,0.29,0.019999999999999962,15/18,0.11886516456488834
0.6900000000000001,0.3,0.009999999999999953,15/18,0.11901107146697501
0.6900000000000001,0.31,-5.551115123125783e-17,15/18,0.11915697836906168
0.7000000000000001,0.0,0.29999999999999993,18/22,0.03117629973042333
0.7000000000000001,0.01,0.2899999999999999,18/22,0.035304175599872235
0.7000000000000001,0.02,0.2799999999999999,18/22,0.03943205146932113
0.7000000000000001,0.03,0.2699999999999999,18/22,0.04355992733877004
0.7000000000000001,0.04,0.25999999999999995,18/22,0.04768780320821894
0.7000000000000001,0.05,0.24999999999999994,18/22,0.05181567907766785
0.7000000000000001,0.06,0.23999999999999994,18/22,0.05594355494711675
0.7000000000000001,0.07,0.22999999999999993,18/22,0.06007143081656566
0.7000000000000001,0.08,0.21999999999999992,18/22,0.06419930668601456
0.7000000000000001,0.09,0.20999999999999994,18/22,0.06832718255546347
0.7000000000000001,0.1,0.19999999999999993,18/22,0.07245505842491237
0.7000000000000001,0.11,0.18999999999999995,18/22,0.07658293429436126
0.7000000000000001,0.12,0.17999999999999994,18/22,0.08071081016381017
0.7000000000000001,0.13,0.16999999999999993,18/22,0.08483868603325907
0.7000000000000001,0.14,0.15999999999999992,18/22,0.08896656190270798
0.7000000000000001,0.15,0.14999999999999994,18/22,0.09309443777215687
0.7000000000000001,0.16,0.13999999999999993,18/22,0.09722231364160577
0.7000000000000001,0.17,0.12999999999999992,18/22,0.10135018951105468
0.7000000000000001,0.18,0.11999999999999994,16/18,0.10368261501328839
0.7000000000000001,0.19,0.10999999999999993,16/18,0.1055036958051557
0.7000000000000001,0.2,0.09999999999999992,16/18,0.10732477659702301
0.7000000000000001,0.21,0.08999999999999994,16/18,0.10914585738889032
0.7000000000000001,0.22,0.07999999999999993,16/18,0.11096693818075763
0.7000000000000001,0.23,0.06999999999999992,16/18,0.11278801897262493
0.7000000000000001,0.24,0.05999999999999994,16/18,0.11460909976449224
0.7000000000000001,0.25,0.04999999999999993,16/18,0.11643018055635956
0.7000000000000001,0.26,0.039999999999999925,15/18,0.11762503609637286
0.7000000000000001,0.27,0.029999999999999916,15/18,0.11777094299845953
0.7000000000000001,0.28,0.019999999999999907,15/18,0.11791684990054621
0.7000000000000001,0.29,0.009999999999999953,15/18,0.11806275680263288
0.7000000000000001,0.3,-5.551115123125783e-17,15/18,0.11820866370471957
0.71,0.0,0.29000000000000004,18/22,0.03162167544085795
0.71,0.01,0.28,18/22,0.035749551310306854
0.71,0.02,0.27,18/22,0.03987742717975576
0.71,0.03,0.26,18/22,0.04400530304920466
0.71,0.04,0.25000000000000006,18/22,0.04813317891865356
0.71,0.05,0.24000000000000005,18/22,0.052261054788102466
0.71,0.06,0.23000000000000004,18/22,0.056388930657551364
0.71,0.07,0.22000000000000003,18/22,0.06051680652700027
0.71,0.08,0.21000000000000002,18/22,0.06464468239644917
0.71,0.09,0.20000000000000004,18/22,0.06877255826589808
0.71,0.1,0.19000000000000003,18/22,0.07290043413534698
0.71,0.11,0.18000000000000005,18/22,0.07702831000479587
0.71,0.12,0.17000000000000004,18/22,0.08115618587424478
0.71,0.13,0.16000000000000003,18/22,0.08528406174369368
0.71,0.14,0.15000000000000002,18/22,0.08941193761314259
0.71,0.15,0.14000000000000004,18/22,0.0935398134825915
0.71,0.16,0.13000000000000003,18/22,0.0976676893520404
0.71,0.17,0.12000000000000002,18/22,0.1017955652214893
0.71,0.18,0.11000000000000004,16/18,0.10383837445271236
0.71,0.19,0.10000000000000003,16/18,0.10565945524457966
0.71,0.2,0.09000000000000002,16/18,0.10748053603644697
0.71,0.21,0.08000000000000004,16/18,0.10930161682831427
0.71,0.22,0.07000000000000003,16/18,0.11112269762018159
0.71,0.23,0.060000000000000026,16/18,0.1129437784120489
0.71,0.24,0.050000000000000044,16/18,0.1147648592039162
0.71,0.25,0.040000000000000036,16/18,0.1165859399957835
0.71,0.26,0.030000000000000027,15/18,0.11682262833411744
0.71,0.27,0.020000000000000018,15/18,0.11696853523620411
0.71,0.28,0.010000000000000009,15/18,0.1171144421382908
0.71,0.29,5.551115123125783e-17,15/18,0.11726034904037748
0.72,0.0,0.28,18/22,0.03206705115129257
0.72,0.01,0.27,18/22,0.03619492702074147
0.72,0.02,0.26,18/22,0.04032280289019037
0.72,0.03,0.25,18/22,0.044450678759639276
0.72,0.04,0.24000000000000002,18/22,0.04857855462908818
0.72,0.05,0.23000000000000004,18/22,0.052706430498537085
0.72,0.06,0.22000000000000003,18/22,0.05683430636798599
0.72,0.07,0.21000000000000002,18/22,0.060962182237434895
0.72,0.08,0.2,18/22,0.06509005810688379
0.72,0.09,0.19000000000000003,18/22,0.06921793397633269
0.72,0.1,0.18000000000000002,18/22,0.0733458098457816
0.72,0.11,0.17000000000000004,18/22,0.0774736857152305
0.72,0.12,0.16000000000000003,18/22,0.0816015615846794
0.72,0.13,0.15000000000000002,18/22,0.08572943745412831
0.72,0.14,0.14,18/22,0.08985731332357721
0.72,0.15,0.13000000000000003,18/22,0.09398518919302612
0.72,0.16,0.12000000000000002,18/22,0.09811306506247502
0.72,0.17,0.11000000000000001,16/18,0.102173053100269
0.72,0.18,0.10000000000000003,16/18,0.10399413389213631
0.72,0.19,0.09000000000000002,16/18,0.10581521468400361
0.72,0.2,0.08000000000000002,16/18,0.10763629547587092
0.72,0.21,0.07000000000000003,16/18,0.10945737626773824
0.72,0.22,0.060000000000000026,16/18,0.11127845705960555
0.72,0.23,0.05000000000000002,16/18,0.11309953785147285
0.72,0.24,0.040000000000000036,16/18,0.11492061864334015
0.72,0.25,0.030000000000000027,15/18,0.11587431366977531
0.72,0.26,0.020000000000000018,15/18,0.11602022057186198
0.72,0.27,0.010000000000000009,15/18,0.11616612747394867
0.72,0.28,0.0,15/18,0.11631203437603534
0.73,0.0,0.27,18/22,0.03251242686172719
0.73,0.01,0.26,18/22,0.03664030273117609
0.73,0.02,0.25,18/22,0.040768178600624996
0.73,0.03,0.24000000000000002,18/22,0.044896054470073894
0.73,0.04,0.23,18/22,0.0490239303395228
0.73,0.05,0.22000000000000003,18/22,0.053151806208971704
0.73,0.06,0.21000000000000002,18/22,0.0572796820784206
0.73,0.07,0.2,18/22,0.06140755794786951
0.73,0.08,0.19,18/22,0.06553543381731841
0.73,0.09,0.18000000000000002,18/22,0.06966330968676732
0.73,0.1,0.17,18/22,0.07379118555621622
0.73,0.11,0.16000000000000003,18/22,0.07791906142566513
0.73,0.12,0.15000000000000002,18/22,0.08204693729511403
0.73,0.13,0.14,18/22,0.08617481316456294
0.73,0.14,0.13,18/22,0.09030268903401184
0.73,0.15,0.12000000000000002,18/22,0.09443056490346073
0.73,0.16,0.11000000000000001,18/22,0.09855844077290964
0.73,0.17,0.1,16/18,0.10232881253969295
0.73,0.18,0.09000000000000002,16/18,0.10414989333156026
0.73,0.19,0.08000000000000002,16/18,0.10597097412342757
0.73,0.2,0.07,16/18,0.10779205491529488
0.73,0.21,0.060000000000000026,16/18,0.10961313570716218
0.73,0.22,0.05000000000000002,16/18,0.11143421649902949
0.73,0.23,0.04000000000000001,16/18,0.1132552972908968
0.73,0.24,0.030000000000000027,15/18,0.1149259990054332
0.73,0.25,0.020000000000000018,15/18,0.11507190590751987
0.73,0.26,0.010000000000000009,15/18,0.11521781280960655
0.73,0.27,0.0,15/18,0.11536371971169322
0.74,0.0,0.26,18/22,0.032957802572161805
0.74,0.01,0.25,18/22,0.03708567844161071
0.74,0.02,0.24000000000000002,18/22,0.04121355431105961
0.74,0.03,0.23,18/22,0.04534143018050851
0.74,0.04,0.22,18/22,0.04946930604995742
0.74,0.05,0.21000000000000002,18/22,0.05359718191940632
0.74,0.06,0.2,18/22,0.05772505778885523
0.74,0.07,0.19,18/22,0.06185293365830413
0.74,0.08,0.18,18/22,0.06598080952775304
0.74,0.09,0.17,18/22,0.07010868539720194
0.74,0.1,0.16,18/22,0.07423656126665085
0.74,0.11,0.15000000000000002,18/22,0.07836443713609974
0.74,0.12,0.14,18/22,0.08249231300554864
0.74,0.13,0.13,18/22,0.08662018887499755
0.74,0.14,0.12,18/22,0.09074806474444645
0.74,0.15,0.11000000000000001,18/22,0.09487594061389534
0.74,0.16,0.1,18/22,0.09900381648334425
0.74,0.17,0.09,16/18,0.10248457197911691
0.74,0.18,0.08000000000000002,16/18,0.10430565277098422
0.74,0.19,0.07,16/18,0.10612673356285152
0.74,0.2,0.06,16/18,0.10794781435471884
0.74,0.21,0.05000000000000002,16/18,0.10976889514658614
0.74,0.22,0.04000000000000001,16/18,0.11158997593845345
0.74,0.23,0.03,16/18,0.11341105673032076
0.74,0.24,0.020000000000000018,15/18,0.11412359124317775
0.74,0.25,0.010000000000000009,15/18,0.11426949814526444
0.74,0.26,0.0,15/18,0.11441540504735111
0.75,0.0,0.25,18/22,0.033403178282596424
0.75,0.01,0.24,18/22,0.03753105415204533
0.75,0.02,0.23,18/22,0.041658930021494234
0.75,0.03,0.22,18/22,0.04578680589094313
0.75,0.04,0.21,18/22,0.049914681760392036
0.75,0.05,0.2,18/22,0.05404255762984094
0.75,0.06,0.19,18/22,0.05817043349928984
0.75,0.07,0.18,18/22,0.062298309368738744
0.75,0.08,0.16999999999999998,18/22,0.06642618523818765
0.75,0.09,0.16,18/22,0.07055406110763655
0.75,0.1,0.15,18/22,0.07468193697708546
0.75,0.11,0.14,18/22,0.07880981284653435
0.75,0.12,0.13,18/22,0.08293768871598325
0.75,0.13,0.12,18/22,0.08706556458543216
0.75,0.14,0.10999999999999999,18/22,0.09119344045488106
0.75,0.15,0.1,18/22,0.09532131632432997
0.75,0.16,0.09,18/22,0.09944919219377887
0.75,0.17,0.07999999999999999,16/18,0.10264033141854087
0.75,0.18,0.07,16/18,0.10446141221040817
0.75,0.19,0.06,16/18,0.10628249300227548
0.75,0.2,0.04999999999999999,16/18,0.10810357379414279
0.75,0.21,0.04000000000000001,16/18,0.1099246545860101
0.75,0.22,0.03,16/18,0.11174573537787741
0.75,0.23,0.01999999999999999,15/18,0.11317527657883564
0.75,0.24,0.010000000000000009,15/18,0.11332118348092232
0.75,0.25,0.0,15/18,0.11346709038300899
0.76,0.0,0.24,18/22,0.03384855399303104
0.76,0.01,0.22999999999999998,18/22,0.03797642986247995
0.76,0.02,0.22,18/22,0.042104305731928846
0.76,0.03,0.21,18/22,0.04623218160137775
0.76,0.04,0.19999999999999998,18/22,0.050360057470826655
0.76,0.05,0.19,18/22,0.05448793334027556
0.76,0.06,0.18,18/22,0.058615809209724465
0.76,0.07,0.16999999999999998,18/22,0.06274368507917337
0.76,0.08,0.15999999999999998,18/22,0.06687156094862226
0.76,0.09,0.15,18/22,0.07099943681807117
0.76,0.1,0.13999999999999999,18/22,0.07512731268752007
0.76,0.11,0.13,18/22,0.07925518855696898
0.76,0.12,0.12,18/22,0.08338306442641788
0.76,0.13,0.10999999999999999,18/22,0.08751094029586678
0.76,0.14,0.09999999999999998,18/22,0.09163881616531569
0.76,0.15,0.09,18/22,0.0957666920347646
0.76,0.16,0.07999999999999999,18/22,0.0998945679042135
0.76,0.17,0.06999999999999998,16/18,0.10279609085796482
0.76,0.18,0.06,16/18,0.10461717164983213
0.76,0.19,0.04999999999999999,16/18,0.10643825244169944
0.76,0.2,0.03999999999999998,16/18,0.10825933323356675
0.76,0.21,0.03,16/18,0.11008041402543405
0.76,0.22,0.01999999999999999,16/18,0.11190149481730136
0.76,0.23,0.009999999999999981,15/18,0.1123728688165802
0.76,0.24,0.0,15/18,0.11251877571866688
0.77,0.0,0.22999999999999998,18/22,0.03429392970346566
0.77,0.01,0.21999999999999997,18/22,0.038421805572914566
0.77,0.02,0.21,18/22,0.04254968144236347
0.77,0.03,0.19999999999999998,18/22,0.04667755731181237
0.77,0.04,0.18999999999999997,18/22,0.050805433181261274
0.77,0.05,0.18,18/22,0.05493330905071018
0.77,0.06,0.16999999999999998,18/22,0.05906118492015908
0.77,0.07,0.15999999999999998,18/22,0.06318906078960798
0.77,0.08,0.14999999999999997,18/22,0.06731693665905689
0.77,0.09,0.13999999999999999,18/22,0.07144481252850579
0.77,0.1,0.12999999999999998,18/22,0.0755726883979547
0.77,0.11,0.11999999999999998,18/22,0.0797005642674036
0.77,0.12,0.10999999999999999,18/22,0.0838284401368525
0.77,0.13,0.09999999999999998,18/22,0.08795631600630141
0.77,0.14,0.08999999999999997,18/22,0.09208419187575032
0.77,0.15,0.07999999999999999,18/22,0.0962120677451992
0.77,0.16,0.06999999999999998,18/22,0.10033994361464811
0.77,0.17,0.05999999999999997,16/18,0.10295185029738876
0.77,0.18,0.04999999999999999,16/18,0.10477293108925609
0.77,0.19,0.03999999999999998,16/18,0.1065940118811234
0.77,0.2,0.02999999999999997,16/18,0.10841509267299071
0.77,0.21,0.01999999999999999,16/18,0.11023617346485799
0.77,0.22,0.009999999999999981,15/18,0.11142455415223808
0.77,0.23,-2.7755575615628914e-17,15/18,0.11157046105432476
0.78,0.0,0.21999999999999997,18/22,0.03473930541390028
0.78,0.01,0.20999999999999996,18/22,0.038867181283349185
0.78,0.02,0.19999999999999998,18/22,0.04299505715279808
0.78,0.03,0.18999999999999997,18/22,0.04712293302224699
0.78,0.04,0.17999999999999997,18/22,0.05125080889169589
0.78,0.05,0.16999999999999998,18/22,0.0553786847611448
0.78,0.06,0.15999999999999998,18/22,0.0595065606305937
0.78,0.07,0.14999999999999997,18/22,0.06363443650004261
0.78,0.08,0.13999999999999996,18/22,0.06776231236949151
0.78,0.09,0.12999999999999998,18/22,0.07189018823894042
0.78,0.1,0.11999999999999997,18/22,0.07601806410838932
0.78,0.11,0.10999999999999997,18/22,0.08014593997783821
0.78,0.12,0.09999999999999998,18/22,0.08427381584728712
0.78,0.13,0.08999999999999997,18/22,0.08840169171673602
0.78,0.14,0.07999999999999996,18/22,0.09252956758618493
0.78,0.15,0.06999999999999998,18/22,0.09665744345563382
0.78,0.16,0.05999999999999997,18/22,0.10078531932508272
0.78,0.17,0.04999999999999996,16/18,0.10310760973681274
0.78,0.18,0.03999999999999998,16/18,0.10492869052868004
0.78,0.19,0.02999999999999997,16/18,0.10674977132054733
0.78,0.2,0.019999999999999962,16/18,0.10857085211241464
0.78,0.21,0.009999999999999981,16/18,0.11039193290428197
0.78,0.22,-2.7755575615628914e-17,15/18,0.11062214638998265
0.79,0.0,0.20999999999999996,18/22,0.0351846811243349
0.79,0.01,0.19999999999999996,18/22,0.039312556993783804
0.79,0.02,0.18999999999999997,18/22,0.04344043286323271
0.79,0.03,0.17999999999999997,18/22,0.047568308732681606
0.79,0.04,0.16999999999999996,18/22,0.05169618460213051
0.79,0.05,0.15999999999999998,18/22,0.055824060471579416
0.79,0.06,0.14999999999999997,18/22,0.059951936341028314
0.79,0.07,0.13999999999999996,18/22,0.06407981221047722
0.79,0.08,0.12999999999999995,18/22,0.06820768807992612
0.79,0.09,0.11999999999999997,18/22,0.07233556394937503
0.79,0.1,0.10999999999999996,18/22,0.07646343981882393
0.79,0.11,0.09999999999999996,18/22,0.08059131568827282
0.79,0.12,0.08999999999999997,18/22,0.08471919155772173
0.79,0.13,0.07999999999999996,18/22,0.08884706742717063
0.79,0.14,0.06999999999999995,18/22,0.09297494329661954
0.79,0.15,0.05999999999999997,18/22,0.09710281916606844
0.79,0.16,0.04999999999999996,18/22,0.10123069503551735
0.79,0.17,0.03999999999999995,16/18,0.10326336917623669
0.79,0.18,0.02999999999999997,16/18,0.10508444996810398
0.79,0.19,0.019999999999999962,16/18,0.10690553075997129
0.79,0.2,0.009999999999999953,16/18,0.10872661155183862
0.79,0.21,-2.7755575615628914e-17,15/18,0.10967383172564053
0.8,0.0,0.19999999999999996,18/22,0.03563005683476952
0.8,0.01,0.18999999999999995,18/22,0.03975793270421842
0.8,0.02,0.17999999999999997,18/22,0.04388580857366732
0.8,0.03,0.16999999999999996,18/22,0.048013684443116225
0.8,0.04,0.15999999999999995,18/22,0.05214156031256513
0.8,0.05,0.14999999999999997,18/22,0.056269436182014035
0.8,0.06,0.13999999999999996,18/22,0.06039731205146294
0.8,0.07,0.12999999999999995,18/22,0.06452518792091184
0.8,0.08,0.11999999999999995,18/22,0.06865306379036074
0.8,0.09,0.10999999999999996,18/22,0.07278093965980964
0.8,0.1,0.09999999999999995,18/22,0.07690881552925855
0.8,0.11,0.08999999999999996,18/22,0.08103669139870745
0.8,0.12,0.07999999999999996,18/22,0.08516456726815635
0.8,0.13,0.06999999999999995,18/22,0.08929244313760526
0.8,0.14,0.05999999999999994,18/22,0.09342031900705416
0.8,0.15,0.04999999999999996,18/22,0.09754819487650307
0.8,0.16,0.03999999999999995,16/18,0.10159804782379334
0.8,0.17,0.029999999999999943,16/18,0.10341912861566063
0.8,0.18,0.019999999999999962,16/18,0.10524020940752794
0.8,0.19,0.009999999999999953,16/18,0.10706129019939527
0.8,0.2,-5.551115123125783e-17,15/18,0.10872551706129842
0.81,0.0,0.18999999999999995,18/22,0.03607543254520414
0.81,0.01,0.17999999999999994,18/22,0.04020330841465305
0.81,0.02,0.16999999999999996,18/22,0.044331184284101946
0.81,0.03,0.15999999999999995,18/22,0.04845906015355085
0.81,0.04,0.14999999999999994,18/22,0.052586936022999756
0.81,0.05,0.13999999999999996,18/22,0.05671481189244866
0.81,0.06,0.12999999999999995,18/22,0.060842687761897565
0.81,0.07,0.11999999999999994,18/22,0.06497056363134647
0.81,0.08,0.10999999999999995,18/22,0.06909843950079536
0.81,0.09,0.09999999999999995,18/22,0.07322631537024427
0.81,0.1,0.08999999999999994,18/22,0.07735419123969317
0.81,0.11,0.07999999999999995,18/22,0.08148206710914208
0.81,0.12,0.06999999999999995,18/22,0.08560994297859098
0.81,0.13,0.05999999999999994,18/22,0.08973781884803989
0.81,0.14,0.04999999999999993,18/22,0.09386569471748879
0.81,0.15,0.03999999999999995,18/22,0.0979935705869377
0.81,0.16,0.029999999999999943,16/18,0.10175380726321728
0.81,0.17,0.019999999999999934,16/18,0.1035748880550846
0.81,0.18,0.009999999999999953,16/18,0.10539596884695192
0.81,0.19,-5.551115123125783e-17,16/18,0.10721704963881921
0.8200000000000001,0.0,0.17999999999999994,18/22,0.03652080825563876
0.8200000000000001,0.01,0.16999999999999993,18/22,0.04064868412508767
0.8200000000000001,0.02,0.15999999999999995,18/22,0.04477655999453657
0.8200000000000001,0.03,0.14999999999999994,18/22,0.04890443586398547
0.8200000000000001,0.04,0.13999999999999993,18/22,0.053032311733434374
0.8200000000000001,0.05,0.12999999999999995,18/22,0.05716018760288328
0.8200000000000001,0.06,0.11999999999999994,18/22,0.06128806347233218
0.8200000000000001,0.07,0.10999999999999993,18/22,0.06541593934178108
0.8200000000000001,0.08,0.09999999999999994,18/22,0.06954381521122999
0.8200000000000001,0.09,0.08999999999999994,18/22,0.07367169108067889
0.8200000000000001,0.1,0.07999999999999993,18/22,0.0777995669501278
0.8200000000000001,0.11,0.06999999999999994,18/22,0.0819274428195767
0.8200000000000001,0.12,0.05999999999999994,18/22,0.0860553186890256
0.8200000000000001,0.13,0.04999999999999993,18/22,0.09018319455847451
0.8200000000000001,0.14,0.039999999999999925,18/22,0.09431107042792342
0.8200000000000001,0.15,0.029999999999999943,18/22,0.0984389462973723
0.8200000000000001,0.16,0.019999999999999934,16/18,0.10190956670264124
0.8200000000000001,0.17,0.009999999999999926,16/18,0.10373064749450854
0.8200000000000001,0.18,-5.551115123125783e-17,16/18,0.10555172828637585
0.8300000000000001,0.0,0.16999999999999993,18/22,0.03696618396607338
0.8300000000000001,0.01,0.15999999999999992,18/22,0.041094059835522286
0.8300000000000001,0.02,0.14999999999999994,18/22,0.04522193570497118
0.8300000000000001,0.03,0.13999999999999993,18/22,0.04934981157442009
0.8300000000000001,0.04,0.12999999999999992,18/22,0.05347768744386899
0.8300000000000001,0.05,0.11999999999999993,18/22,0.0576055633133179
0.8300000000000001,0.06,0.10999999999999993,18/22,0.0617334391827668
0.8300000000000001,0.07,0.09999999999999992,18/22,0.06586131505221571
0.8300000000000001,0.08,0.08999999999999993,18/22,0.06998919092166461
0.8300000000000001,0.09,0.07999999999999993,18/22,0.07411706679111352
0.8300000000000001,0.1,0.06999999999999992,18/22,0.07824494266056242
0.8300000000000001,0.11,0.05999999999999993,18/22,0.08237281853001131
0.8300000000000001,0.12,0.04999999999999993,18/22,0.08650069439946022
0.8300000000000001,0.13,0.039999999999999925,18/22,0.09062857026890912
0.8300000000000001,0.14,0.029999999999999916,18/22,0.09475644613835803
0.8300000000000001,0.15,0.019999999999999934,18/22,0.09888432200780692
0.8300000000000001,0.16,0.009999999999999926,16/18,0.1020653261420652
0.8300000000000001,0.17,-8.326672684688674e-17,16/18,0.10388640693393252
0.84,0.0,0.16000000000000003,18/22,0.03741155967650799
0.84,0.01,0.15000000000000002,18/22,0.0415394355459569
0.84,0.02,0.14000000000000004,18/22,0.045667311415405795
0.84,0.03,0.13000000000000003,18/22,0.0497951872848547
0.84,0.04,0.12000000000000002,18/22,0.053923063154303605
0.84,0.05,0.11000000000000003,18/22,0.05805093902375251
0.84,0.06,0.10000000000000003,18/22,0.062178814893201415
0.84,0.07,0.09000000000000002,18/22,0.06630669076265032
0.84,0.08,0.08000000000000003,18/22,0.07043456663209921
0.84,0.09,0.07000000000000003,18/22,0.07456244250154812
0.84,0.1,0.060000000000000026,18/22,0.07869031837099702
0.84,0.11,0.05000000000000003,18/22,0.08281819424044592
0.84,0.12,0.040000000000000036,18/22,0.08694607010989483
0.84,0.13,0.030000000000000027,18/22,0.09107394597934373
0.84,0.14,0.020000000000000018,18/22,0.09520182184879264
0.84,0.15,0.010000000000000037,18/22,0.09932969771824154
0.84,0.16,2.7755575615628914e-17,16/18,0.10222108558148915
0.85,0.0,0.15000000000000002,18/22,0.03785693538694261
0.85,0.01,0.14,18/22,0.041984811256391516
0.85,0.02,0.13000000000000003,18/22,0.04611268712584042
0.85,0.03,0.12000000000000002,18/22,0.05024056299528932
0.85,0.04,0.11000000000000001,18/22,0.054368438864738224
0.85,0.05,0.10000000000000002,18/22,0.05849631473418713
0.85,0.06,0.09000000000000002,18/22,0.06262419060363603
0.85,0.07,0.08000000000000002,18/22,0.06675206647308493
0.85,0.08,0.07000000000000002,18/22,0.07087994234253384
0.85,0.09,0.060000000000000026,18/22,0.07500781821198274
0.85,0.1,0.05000000000000002,18/22,0.07913569408143165
0.85,0.11,0.04000000000000002,18/22,0.08326356995088055
0.85,0.12,0.030000000000000027,18/22,0.08739144582032946
0.85,0.13,0.020000000000000018,18/22,0.09151932168977836
0.85,0.14,0.010000000000000009,18/22,0.09564719755922726
0.85,0.15,2.7755575615628914e-17,18/22,0.09977507342867616
0.86,0.0,0.14,18/22,0.03830231109737723
0.86,0.01,0.13,18/22,0.042430186966826135
0.86,0.02,0.12000000000000001,18/22,0.04655806283627503
0.86,0.03,0.11000000000000001,18/22,0.05068593870572394
0.86,0.04,0.1,18/22,0.05481381457517284
0.86,0.05,0.09000000000000001,18/22,0.05894169044462175
0.86,0.06,0.08000000000000002,18/22,0.06306956631407065
0.86,0.07,0.07,18/22,0.06719744218351956
0.86,0.08,0.06000000000000001,18/22,0.07132531805296846
0.86,0.09,0.05000000000000002,18/22,0.07545319392241737
0.86,0.1,0.04000000000000001,18/22,0.07958106979186627
0.86,0.11,0.030000000000000013,18/22,0.08370894566131516
0.86,0.12,0.020000000000000018,18/22,0.08783682153076407
0.86,0.13,0.010000000000000009,18/22,0.09196469740021297
0.86,0.14,0.0,18/22,0.09609257326966188
0.87,0.0,0.13,18/22,0.03874768680781185
0.87,0.01,0.12000000000000001,18/22,0.04287556267726075
0.87,0.02,0.11,18/22,0.04700343854670966
0.87,0.03,0.1,18/22,0.051131314416158556
0.87,0.04,0.09,18/22,0.05525919028560746
0.87,0.05,0.08,18/22,0.059387066155056366
0.87,0.06,0.07,18/22,0.06351494202450526
0.87,0.07,0.06,18/22,0.06764281789395417
0.87,0.08,0.05,18/22,0.07177069376340307
0.87,0.09,0.04000000000000001,18/22,0.07589856963285198
0.87,0.1,0.03,18/22,0.08002644550230088
0.87,0.11,0.020000000000000004,18/22,0.08415432137174977
0.87,0.12,0.010000000000000009,18/22,0.08828219724119868
0.87,0.13,0.0,18/22,0.09241007311064758
0.88,0.0,0.12,18/22,0.039193062518246474
0.88,0.01,0.11,18/22,0.04332093838769538
0.88,0.02,0.09999999999999999,18/22,0.047448814257144284
0.88,0.03,0.09,18/22,0.05157669012659318
0.88,0.04,0.07999999999999999,18/22,0.05570456599604209
0.88,0.05,0.06999999999999999,18/22,0.05983244186549099
0.88,0.06,0.06,18/22,0.06396031773493989
0.88,0.07,0.04999999999999999,18/22,0.0680881936043888
0.88,0.08,0.039999999999999994,18/22,0.0722160694738377
0.88,0.09,0.03,18/22,0.0763439453432866
0.88,0.1,0.01999999999999999,18/22,0.08047182121273551
0.88,0.11,0.009999999999999995,18/22,0.0845996970821844
0.88,0.12,0.0,18/22,0.0887275729516333
0.89,0.0,0.10999999999999999,18/22,0.03963843822868109
0.89,0.01,0.09999999999999999,18/22,0.04376631409813
0.89,0.02,0.08999999999999998,18/22,0.047894189967578896
0.89,0.03,0.07999999999999999,18/22,0.0520220658370278
0.89,0.04,0.06999999999999998,18/22,0.056149941706476705
0.89,0.05,0.059999999999999984,18/22,0.06027781757592561
0.89,0.06,0.04999999999999999,18/22,0.06440569344537452
0.89,0.07,0.03999999999999998,18/22,0.06853356931482342
0.89,0.08,0.029999999999999985,18/22,0.07266144518427231
0.89,0.09,0.01999999999999999,18/22,0.07678932105372122
0.89,0.1,0.009999999999999981,18/22,0.08091719692317012
0.89,0.11,-1.3877787807814457e-17,18/22,0.08504507279261903
0.9,0.0,0.09999999999999998,18/22,0.04008381393911571
0.9,0.01,0.08999999999999998,18/22,0.044211689808564616
0.9,0.02,0.07999999999999997,18/22,0.04833956567801352
0.9,0.03,0.06999999999999998,18/22,0.05246744154746242
0.9,0.04,0.05999999999999998,18/22,0.056595317416911324
0.9,0.05,0.049999999999999975,18/22,0.06072319328636023
0.9,0.06,0.03999999999999998,18/22,0.06485106915580913
0.9,0.07,0.02999999999999997,18/22,0.06897894502525803
0.9,0.08,0.019999999999999976,18/22,0.07310682089470694
0.9,0.09,0.009999999999999981,18/22,0.07723469676415584
0.9,0.1,-2.7755575615628914e-17,18/22,0.08136257263360475
0.91,0.0,0.08999999999999997,18/22,0.04052918964955033
0.91,0.01,0.07999999999999997,18/22,0.044657065518999235
0.91,0.02,0.06999999999999997,18/22,0.04878494138844813
0.91,0.03,0.05999999999999997,18/22,0.05291281725789704
0.91,0.04,0.04999999999999997,18/22,0.05704069312734594
0.91,0.05,0.039999999999999966,18/22,0.06116856899679485
0.91,0.06,0.02999999999999997,18/22,0.06529644486624375
0.91,0.07,0.019999999999999962,18/22,0.06942432073569266
0.91,0.08,0.009999999999999967,18/22,0.07355219660514156
0.91,0.09,-2.7755575615628914e-17,18/22,0.07768007247459047
0.92,0.0,0.07999999999999996,18/22,0.04097456535998495
0.92,0.01,0.06999999999999997,18/22,0.045102441229433854
0.92,0.02,0.059999999999999956,18/22,0.04923031709888276
0.92,0.03,0.04999999999999996,18/22,0.05335819296833166
0.92,0.04,0.03999999999999996,18/22,0.05748606883778056
0.92,0.05,0.029999999999999957,18/22,0.061613944707229466
0.92,0.06,0.019999999999999962,18/22,0.06574182057667836
0.92,0.07,0.009999999999999953,18/22,0.06986969644612727
0.92,0.08,-4.163336342344337e-17,18/22,0.07399757231557617
0.93,0.0,0.06999999999999995,18/22,0.04141994107041957
0.93,0.01,0.05999999999999995,18/22,0.04554781693986847
0.93,0.02,0.04999999999999995,18/22,0.04967569280931737
0.93,0.03,0.03999999999999995,18/22,0.053803568678766275
0.93,0.04,0.02999999999999995,18/22,0.05793144454821518
0.93,0.05,0.01999999999999995,18/22,0.062059320417664085
0.93,0.06,0.009999999999999953,18/22,0.06618719628711299
0.93,0.07,-5.551115123125783e-17,18/22,0.0703150721565619
0.9400000000000001,0.0,0.05999999999999994,18/22,0.041865316780854187
0.9400000000000001,0.01,0.04999999999999994,18/22,0.04599319265030309
0.9400000000000001,0.02,0.03999999999999994,18/22,0.050121068519751996
0.9400000000000001,0.03,0.029999999999999943,18/22,0.054248944389200894
0.9400000000000001,0.04,0.01999999999999994,18/22,0.0583768202586498
0.9400000000000001,0.05,0.00999999999999994,18/22,0.0625046961280987
0.9400000000000001,0.06,-5.551115123125783e-17,18/22,0.0666325719975476
0.9500000000000001,0.0,0.04999999999999993,18/22,0.042310692491288805
0.9500000000000001,0.01,0.03999999999999993,18/22,0.04643856836073771
0.9500000000000001,0.02,0.029999999999999933,18/22,0.05056644423018661
0.9500000000000001,0.03,0.019999999999999934,18/22,0.05469432009963551
0.9500000000000001,0.04,0.009999999999999933,18/22,0.05882219596908442
0.9500000000000001,0.05,-6.938893903907228e-17,18/22,0.06295007183853332
0.96,0.0,0.040000000000000036,18/22,0.042756068201723424
0.96,0.01,0.030000000000000034,18/22,0.04688394407117233
0.96,0.02,0.020000000000000035,18/22,0.051011819940621234
0.96,0.03,0.010000000000000037,18/22,0.05513969581007013
0.96,0.04,3.469446951953614e-17,18/22,0.059267571679519036
0.97,0.0,0.030000000000000027,18/22,0.04320144391215804
0.97,0.01,0.020000000000000025,18/22,0.04732931978160695
0.97,0.02,0.010000000000000026,18/22,0.051457195651055845
0.97,0.03,2.7755575615628914e-17,18/22,0.05558507152050475
0.98,0.0,0.020000000000000018,18/22,0.04364681962259266
0.98,0.01,0.010000000000000018,18/22,0.047774695492041566
0.98,0.02,1.734723475976807e-17,18/22,0.05190257136149047
0.99,0.0,0.010000000000000009,18/22,0.04409219533302728
0.99,0.01,8.673617379884035e-18,18/22,0.048220071202476185
1.0,0.0,0.0,18/22,0.0445375710434619
