重复,袋外人数,存在方案,胜出组数,胜出切点,胜出推荐孕周,胜出开发平均孕周,袋外平均检测孕周,袋外总体达标概率,袋外政策组最低均值,袋外政策组最低保守下限,袋外审计层最低均值,袋外审计层最低保守下限,袋外均值安全,袋外保守下限安全,袋外政策组人数,袋外审计层人数,袋外政策组均值,袋外政策组保守下限,袋外审计层均值,袋外审计层保守下限
1,96,True,1,,19,19.0,19.0,0.9583056851706769,0.9583056851706769,0.953435346586377,0.912392906616347,0.8968793488885842,True,False,96,26|26|28|16,0.958306,0.953435,0.968330|0.971376|0.963097|0.912393,0.963709|0.968595|0.957059|0.896879
2,101,True,2,35.720654,18|24,18.674157303370787,18.475247524752476,0.9527502505495908,0.951891955783821,0.947478788631847,0.9409380597547887,0.9282651123852332,True,True,93|8,43|19|18|21,0.951892|0.962728,0.947479|0.952973,0.959070|0.959167|0.944660|0.940938,0.954259|0.951823|0.934972|0.928265
3,102,True,2,35.242349,18|23,18.711610486891384,18.637254901960784,0.9520908596074775,0.9515625275740264,0.9454270928344614,0.9408002392745928,0.9278219986885627,True,True,89|13,32|28|19|23,0.951563|0.955708,0.947267|0.945427,0.956044|0.960715|0.940800|0.945419,0.951572|0.956114|0.927822|0.935302
4,96,True,2,35.294055,18|23,18.617977528089888,18.833333333333332,0.9522978019141854,0.951929148976496,0.9460386180357273,0.9407301164046283,0.9293436080073572,True,True,80|16,30|18|25|23,0.951929|0.954141,0.947005|0.946039,0.960059|0.960165|0.947963|0.940730,0.954057|0.954355|0.939362|0.929344
5,99,True,2,35.078934,18|22,18.56928838951311,18.646464646464647,0.9511703333044923,0.947806474209373,0.9365500581823583,0.9392187551868619,0.9280469387819342,True,True,83|16,25|17|31|26,0.951819|0.947806,0.947057|0.936550,0.963090|0.961085|0.946144|0.939219,0.958944|0.953202|0.938764|0.928047
6,94,True,2,35.365688,18|23,18.655430711610485,18.638297872340427,0.9529293830599778,0.9523458566378665,0.9473934148525454,0.942030470781714,0.9281367560489537,True,True,82|12,23|30|20|21,0.952346|0.956917,0.947393|0.947720,0.959620|0.958247|0.948702|0.942030,0.954862|0.952932|0.937850|0.928137
7,92,True,2,35.620454,18|23,18.617977528089888,18.652173913043477,0.9545144297288175,0.9528236401829521,0.9421866050430465,0.9407824780996881,0.9297048653464973,True,True,80|12,23|17|31|21,0.954768|0.952824,0.950625|0.942187,0.963510|0.962961|0.952511|0.940782,0.957589|0.957782|0.947067|0.929705
8,89,True,2,31.721771,17|20,18.56179775280899,18.48314606741573,0.9495547391055884,0.9439844670262979,0.9382990606123277,0.9403485600318745,0.9282551092855272,True,True,45|44,28|23|16|22,0.943984|0.955252,0.938299|0.947447,0.945172|0.950954|0.967872|0.940349,0.937756|0.942395|0.958852|0.928255
9,94,True,2,35.453559,18|23,18.59925093632959,18.74468085106383,0.9499125974315512,0.9496019368235011,0.9436273651166066,0.9419938695418677,0.9333685194966044,True,True,80|14,10|27|22|35,0.949602|0.951688,0.944538|0.943627,0.954634|0.959383|0.948742|0.941994,0.945864|0.953169|0.939639|0.933369
10,101,True,2,30.145370,17|19,18.45318352059925,18.445544554455445,0.9493651261798571,0.9463655525155575,0.9390699245785668,0.9292684327616318,0.9190930846486023,True,True,28|73,23|22|24|32,0.946366|0.950516,0.939070|0.944456,0.946105|0.965567|0.964433|0.929268,0.938800|0.958639|0.959002|0.919093
11,102,True,2,34.646074,18|23,18.692883895131086,18.931372549019606,0.9561853750217427,0.9558969659672597,0.9518933467829563,0.9536962807204995,0.9456746482135082,True,True,83|19,28|21|19|34,0.955897|0.957445,0.951893|0.952389,0.960287|0.953696|0.953794|0.955681,0.954753|0.945675|0.947316|0.948909
12,96,True,2,34.872387,18|24,18.696629213483146,19.25,0.957282909108478,0.9543728684024887,0.9500530189227099,0.9546668931843042,0.9464704863459369,True,True,76|20,21|16|24|35,0.954373|0.968341,0.950053|0.961102,0.962944|0.955055|0.954667|0.956698,0.956794|0.946470|0.948293|0.948700
13,99,True,2,34.178550,18|22,19.168539325842698,18.68686868686869,0.9583190613853212,0.9573926660341132,0.9531437234029164,0.9538256636705508,0.9445819913712058,True,True,82|17,37|19|28|15,0.957393|0.962788,0.953590|0.953144,0.959053|0.962944|0.953826|0.959037,0.954425|0.958664|0.944582|0.949197
14,95,True,2,35.054024,18|22,18.53932584269663,18.63157894736842,0.9505527542157857,0.9466517519974998,0.9355152129335945,0.9391481484815126,0.9284326630438462,True,True,80|15,28|17|27|23,0.951284|0.946652,0.946742|0.935515,0.956148|0.960536|0.948180|0.939148,0.950460|0.952495|0.940487|0.928433
15,100,True,2,35.489377,18|23,18.674157303370787,18.55,0.9518761756229003,0.9506630855730961,0.9462679405241505,0.9377376826744102,0.927097587877052,True,True,89|11,19|36|18|27,0.950663|0.961691,0.946268|0.952544,0.958871|0.958117|0.937738|0.948059,0.953576|0.953136|0.927098|0.937993
16,101,True,2,35.258594,18|24,18.674157303370787,19.06930693069307,0.9558060471546664,0.9529576219465008,0.9484322124250018,0.9506990494498174,0.9413445861498113,True,True,83|18,23|24|19|35,0.952958|0.968940,0.948432|0.962467,0.962617|0.958345|0.953762|0.950699,0.959215|0.951629|0.945824|0.941345
17,96,True,2,35.344351,18|23,18.711610486891384,18.677083333333332,0.9544678792234119,0.9538869125533033,0.9481671015835424,0.947558566890718,0.9372779774143098,True,True,83|13,26|16|34|20,0.953887|0.958177,0.949861|0.948167,0.958498|0.962048|0.951883|0.947559,0.952337|0.956653|0.945354|0.937278
18,97,True,2,36.044734,18|23,18.56179775280899,18.463917525773194,0.9494917863061826,0.9390042840260178,0.9277893339712133,0.930771000479088,0.9224638638613128,True,True,88|9,34|18|20|25,0.950564|0.939004,0.946448|0.927789,0.956368|0.958459|0.953133|0.930771,0.951089|0.950706|0.946252|0.922464
19,98,True,2,35.937176,18|24,18.719101123595507,18.6734693877551,0.9496844666561509,0.9491745699601722,0.9443830438598964,0.9397097162241274,0.9271679209900423,True,True,87|11,18|32|25|23,0.949175|0.953717,0.944383|0.944493,0.958252|0.957040|0.943278|0.939710,0.953106|0.951713|0.934277|0.927168
20,100,True,2,34.505326,18|23,18.655430711610485,19.25,0.958026802202684,0.9566236946688703,0.9522348438633149,0.9479517654739177,0.9379359710331274,True,True,75|25,20|23|23|34,0.956624|0.962236,0.952235|0.956450,0.963472|0.962262|0.947952|0.958774,0.958496|0.956246|0.937936|0.952728
21,86,True,2,35.380164,18|23,18.580524344569287,18.63953488372093,0.9538871927791595,0.9531115469127994,0.9490150401573106,0.950075040524042,0.939391843290852,True,True,75|11,27|15|21|23,0.953112|0.959176,0.949015|0.950349,0.958876|0.950075|0.950215|0.953870,0.953591|0.939392|0.942398|0.946138
22,97,True,2,36.547291,18|23,18.56179775280899,18.257731958762886,0.9498888321600862,0.9433597276668463,0.9243066407438425,0.9301978144183318,0.9139300965037243,True,True,92|5,31|23|27|16,0.950244|0.943360,0.945722|0.924307,0.958000|0.953114|0.949498|0.930198,0.953026|0.946559|0.941243|0.913930
23,90,True,1,,19,19.0,19.0,0.9575596916716844,0.9575596916716844,0.9528060216734686,0.9287246185958278,0.9145300752488562,True,True,90,21|28|21|20,0.957560,0.952806,0.965624|0.967700|0.963437|0.928725,0.959696|0.963567|0.956832|0.914530
24,94,True,1,,19,19.0,19.0,0.9605441990429563,0.9605441990429563,0.9560040072020695,0.931918800599338,0.9143132244515451,True,True,94,20|31|27|16,0.960544,0.956004,0.969966|0.967866|0.962122|0.931919,0.965412|0.962380|0.956156|0.914313
25,92,True,2,35.817449,18|23,18.580524344569287,18.48913043478261,0.9530945717903808,0.9457104953578155,0.9337217895348205,0.9420354773303472,0.9293785175424356,True,True,83|9,29|24|22|17,0.953895|0.945710,0.949528|0.933722,0.952953|0.958893|0.955502|0.942035,0.946204|0.952070|0.947826|0.929379
26,105,True,2,34.746042,18|23,18.580524344569287,19.142857142857142,0.9552336241496422,0.9549465264968996,0.9489039438478228,0.9439890137200978,0.9321917236372461,True,True,81|24,27|26|20|32,0.954947|0.956203,0.950693|0.948904,0.958378|0.959509|0.943989|0.956135,0.952424|0.955109|0.932192|0.949219
27,106,True,2,35.733752,18|23,18.56179775280899,18.660377358490567,0.9521081589571349,0.9473590175567886,0.9379541473317352,0.939899642072925,0.9299517600327973,True,True,92|14,20|32|27|27,0.952831|0.947359,0.948448|0.937954,0.960145|0.957562|0.951900|0.939900,0.954273|0.951299|0.944402|0.929952
28,91,True,1,,19,19.0,19.0,0.9575231364914002,0.9575231364914002,0.9525202031256452,0.92999209421691,0.9153553161714659,True,True,91,29|25|17|20,0.957523,0.952520,0.966729|0.969795|0.956162|0.929992,0.961643|0.964308|0.946278|0.915355
29,103,True,2,34.999822,18|23,18.56179775280899,18.92233009708738,0.9521082745369659,0.9512169536668363,0.9464074602163863,0.9428490164490094,0.9340132339492683,True,True,84|19,18|20|24|41,0.951217|0.956049,0.946407|0.946954,0.960022|0.961782|0.953929|0.942849,0.955196|0.956060|0.947187|0.934013
30,97,True,2,34.999822,18|23,18.56179775280899,18.77319587628866,0.954931402502484,0.953912828493695,0.9499214387974404,0.9499100297620312,0.942904094930449,True,True,82|15,25|14|31|27,0.953913|0.960500,0.949921|0.951388,0.960871|0.959160|0.949910|0.953005,0.956634|0.951339|0.942904|0.944420
31,89,True,1,,19,19.0,19.0,0.9544209197461745,0.9544209197461745,0.9491109234893705,0.9188049133309745,0.9077698248847793,True,True,89,27|18|20|24,0.954421,0.949111,0.968111|0.971512|0.963296|0.918805,0.963885|0.966568|0.956220|0.907770
32,92,True,2,35.733752,18|23,18.636704119850187,18.48913043478261,0.9541362620480232,0.9423282082526606,0.9287284618924803,0.9427251762818788,0.9309825440856354,True,True,83|9,15|33|24|20,0.955417|0.942328,0.950800|0.928728,0.966222|0.957068|0.952060|0.942725,0.960260|0.950760|0.942910|0.930983
33,90,True,2,35.647570,18|23,18.580524344569287,18.444444444444443,0.9508549070571489,0.948780505783509,0.9352997595048743,0.9414092386581931,0.9296674477932497,True,True,82|8,24|25|16|25,0.951057|0.948781,0.946233|0.935300,0.958943|0.956190|0.941409|0.943801,0.953220|0.949065|0.929667|0.933014
34,102,True,2,34.721552,18|23,18.917602996254683,18.833333333333332,0.9558693589131643,0.9552161202584356,0.9483580343071059,0.9517364688010882,0.9437103342504225,True,True,85|17,31|24|26|21,0.955216|0.959136,0.951370|0.948358,0.959143|0.957183|0.951736|0.954653,0.953271|0.951158|0.944599|0.943710
35,101,True,2,35.279930,18|23,18.56179775280899,18.99009900990099,0.9525380678775549,0.9516051173573966,0.946853778235279,0.9442216667972012,0.9353888922897629,True,True,81|20,27|20|21|33,0.951605|0.956317,0.946854|0.948146,0.963722|0.958729|0.945331|0.944222,0.959544|0.951127|0.936115|0.935389
36,98,True,2,35.698449,18|24,18.696629213483146,18.612244897959183,0.9559946596856042,0.9544276572518129,0.950005518268128,0.9486021851905567,0.9391108856953173,True,True,88|10,30|24|18|26,0.954428|0.969784,0.950006|0.967718,0.964881|0.954548|0.948602|0.952194,0.960551|0.947740|0.939111|0.941371
37,96,True,2,35.532582,18|24,19.01123595505618,18.6875,0.9555487462859907,0.9535140395228571,0.9493250056828161,0.9442006303522574,0.9362694234663745,True,True,85|11,25|22|32|17,0.953514|0.971271,0.949325|0.962620,0.961810|0.961329|0.944201|0.960222,0.957657|0.955951|0.936269|0.948259
38,97,True,2,35.078934,18|22,18.56928838951311,18.65979381443299,0.9506394922540057,0.9443878929940926,0.934229046646336,0.9306416847103871,0.9192747334041905,True,True,81|16,30|28|14|25,0.951874|0.944388,0.946634|0.934229,0.960004|0.963862|0.939838|0.930642,0.954252|0.959762|0.926192|0.919275
39,95,True,2,35.330226,18|23,18.692883895131086,18.68421052631579,0.9555564169286308,0.9553244815566482,0.9488989806301428,0.947833091388454,0.9385740031626439,True,True,82|13,21|22|25|27,0.955324|0.957019,0.951428|0.948899,0.959953|0.961641|0.954850|0.947833,0.955073|0.955194|0.949992|0.938574
40,95,True,2,35.698449,18|24,18.719101123595507,18.88421052631579,0.9561685533990276,0.9551426722355829,0.951358918779093,0.951562375169481,0.9430012179498963,True,True,81|14,24|20|24|27,0.955143|0.962104,0.951359|0.955200,0.960882|0.958691|0.954534|0.951562,0.955084|0.953043|0.948924|0.943001
41,103,True,2,35.591373,18|24,18.764044943820224,18.75728155339806,0.9509360613150019,0.9484216632889431,0.9435425471005817,0.9465799271408206,0.9360365985308254,True,True,90|13,21|18|33|31,0.948422|0.968343,0.943543|0.966101,0.957809|0.950699|0.950783|0.946580,0.951154|0.942055|0.943597|0.936037
42,93,True,2,35.591373,18|23,18.749063670411985,18.376344086021504,0.9531731040903126,0.9515350615785236,0.939167663260798,0.9433181547157554,0.9279522193354443,True,True,86|7,23|35|21|14,0.953306|0.951535,0.948753|0.939168,0.959547|0.957932|0.944830|0.943318,0.952912|0.952241|0.934835|0.927952
43,94,True,2,35.733752,18|24,18.696629213483146,18.574468085106382,0.9545331566769205,0.9537787038639832,0.9497165949942736,0.951374222871281,0.9416907421440311,True,True,85|9,23|21|30|20,0.953779|0.961659,0.949717|0.952585,0.959547|0.956044|0.951374|0.951919,0.954147|0.948654|0.944200|0.941691
44,98,True,2,35.294055,18|23,18.56179775280899,18.816326530612244,0.9536738766965766,0.9527133917529177,0.9483686405160652,0.9453786593635536,0.9373575865933494,True,True,82|16,26|21|25|26,0.952713|0.958596,0.948369|0.949438,0.958618|0.959067|0.945379|0.952350,0.952980|0.953033|0.937358|0.942423
45,98,True,2,35.344351,18|23,18.59925093632959,18.714285714285715,0.9528568725143203,0.9525951035268312,0.9455739148083512,0.9386015579449718,0.928398108983946,True,True,84|14,23|25|24|26,0.952595|0.954427,0.948215|0.945574,0.961079|0.957055|0.956048|0.938602,0.956178|0.950870|0.949321|0.928398
46,95,True,1,,19,19.0,19.0,0.956267907297247,0.956267907297247,0.9513658875582196,0.9277135583539331,0.9148856531318231,True,True,95,30|16|25|24,0.956268,0.951366,0.967499|0.966393|0.963722|0.927714,0.963183|0.961083|0.956724|0.914886
47,98,True,2,35.711953,18|24,18.674157303370787,18.612244897959183,0.9535084174222677,0.9520633254165102,0.9475805710141864,0.9425819242246153,0.9298226162484889,True,True,88|10,33|20|22|23,0.952063|0.966225,0.947581|0.959175,0.958869|0.960550|0.950489|0.942582,0.953687|0.955656|0.942413|0.929823
48,99,True,1,,19,19.0,19.0,0.9533396614256389,0.9533396614256389,0.947941871635828,0.9253581113612817,0.9141632946967423,True,True,99,23|22|21|33,0.953340,0.947942,0.970765|0.970538|0.960209|0.925358,0.965228|0.965275|0.954662|0.914163
49,101,True,2,35.591373,18|25,18.786516853932586,18.900990099009903,0.953608359366839,0.9504169799273118,0.9457135148430309,0.9447581205779607,0.9337586345815413,True,True,88|13,32|25|18|26,0.950417|0.975212,0.945714|0.973183,0.955726|0.955867|0.944758|0.954957,0.949709|0.949148|0.933759|0.943579
50,97,True,2,35.078934,18|23,18.56179775280899,18.824742268041238,0.9550987957599699,0.9547717947932539,0.9473880522672428,0.9517730784759967,0.9427932232280484,True,True,81|16,23|27|13|34,0.954772|0.956754,0.950121|0.947388,0.958488|0.957258|0.953316|0.951773,0.953462|0.949829|0.942830|0.942793
51,97,True,1,,19,19.0,19.0,0.9566000508652865,0.9566000508652865,0.9515682169915416,0.9207449469520125,0.9057915684183359,True,True,97,24|19|34|20,0.956600,0.951568,0.967667|0.969412|0.962720|0.920745,0.963576|0.963740|0.956664|0.905792
52,97,True,2,36.063873,18|24,18.674157303370787,18.432989690721648,0.9545277863554957,0.9542016247748348,0.9467796163607552,0.9483638729608662,0.935221420867375,True,True,90|7,21|24|35|17,0.954202|0.958721,0.950414|0.946780,0.959319|0.958455|0.951954|0.948364,0.954627|0.952623|0.946044|0.935221
53,100,True,2,35.467684,18|23,18.655430711610485,18.7,0.9545792426627056,0.954511499370063,0.9448771864191362,0.9452994961698229,0.9352654606975339,True,True,86|14,26|26|17|31,0.954511|0.954995,0.950073|0.944877,0.963709|0.958213|0.951980|0.945299,0.959139|0.953709|0.941844|0.935265
54,94,True,2,34.720320,18|22,18.674157303370787,18.680851063829788,0.9533181031532156,0.9438858313677856,0.9334094911086408,0.9416663111882798,0.9327055132728983,True,True,78|16,23|25|15|31,0.955253|0.943886,0.950878|0.933409,0.963425|0.960554|0.949841|0.941666,0.957053|0.957281|0.939486|0.932706
55,89,True,1,,19,19.0,19.0,0.9573601329381438,0.9573601329381438,0.9528591294312507,0.9310578644537366,0.9183835609790133,True,True,89,24|18|26|21,0.957360,0.952859,0.965511|0.969081|0.962965|0.931058,0.960411|0.964372|0.957773|0.918384
56,96,True,2,35.258594,18|23,18.674157303370787,18.885416666666668,0.9539684370796779,0.9535163301288938,0.946248439108332,0.9424550931305483,0.9314544394141925,True,True,79|17,18|22|27|29,0.953516|0.956069,0.948648|0.946248,0.960138|0.961979|0.955694|0.942455,0.953810|0.955672|0.949457|0.931454
57,104,True,2,35.782146,18|24,18.696629213483146,18.576923076923077,0.9490171774837179,0.948079464475087,0.943455865635512,0.937264690402247,0.9261241341051504,True,True,94|10,27|23|26|28,0.948079|0.957832,0.943456|0.948623,0.955052|0.956382|0.948892|0.937265,0.949223|0.949314|0.941308|0.926124
58,97,True,2,36.157500,18|24,18.674157303370787,18.432989690721648,0.948863064491685,0.9482221125273363,0.9434002042401838,0.9398146446249658,0.9294304246182077,True,True,90|7,24|17|25|31,0.948222|0.957104,0.943400|0.944019,0.958620|0.955697|0.946070|0.939815,0.952781|0.946450|0.938246|0.929430
59,101,True,2,35.717248,18|24,18.696629213483146,18.594059405940595,0.9554199193705049,0.9546171653037562,0.9504376216165245,0.948473665749018,0.9389134711025938,True,True,91|10,21|27|24|29,0.954617|0.962725,0.950438|0.954659,0.962305|0.959373|0.953342|0.948474,0.957374|0.952880|0.946144|0.938913
60,93,True,2,35.881003,18|24,18.674157303370787,18.516129032258064,0.9504289812999237,0.9493195201082455,0.9444268010662865,0.9393164765004998,0.9290342565261102,True,True,85|8,13|24|26|30,0.949320|0.962217,0.944427|0.952294,0.960454|0.961536|0.947986|0.939316,0.954237|0.955364|0.940270|0.929034
61,102,True,2,35.817449,18|23,18.56179775280899,18.49019607843137,0.9508920107243384,0.9486139241000684,0.9369564497616647,0.9420677697110963,0.9309874622735755,True,True,92|10,19|27|29|27,0.951140|0.948614,0.946612|0.936956,0.958840|0.955242|0.949850|0.942068,0.952359|0.947626|0.943539|0.930987
62,99,True,2,34.357014,18|22,18.719101123595507,18.727272727272727,0.9564933398403344,0.9477681996214484,0.9388954491730689,0.9461150013133949,0.9372693766985128,True,True,81|18,31|22|22|24,0.958432|0.947768,0.954715|0.938895,0.960896|0.963221|0.954884|0.946115,0.955549|0.958524|0.947282|0.937269
63,99,True,2,35.467684,18|24,18.674157303370787,18.78787878787879,0.9564521570755349,0.955064268207492,0.9508811561488083,0.9497924742333015,0.9392687306394499,True,True,86|13,26|31|15|27,0.955064|0.965634,0.950881|0.959370,0.963954|0.956026|0.949792|0.953417,0.958812|0.950298|0.939269|0.944169
64,95,True,2,36.157500,18|24,18.674157303370787,18.378947368421052,0.9510148071626081,0.9504151551637265,0.9456774686685164,0.9400580527456903,0.928248216829572,True,True,89|6,25|18|27|25,0.950415|0.959910,0.945677|0.946213,0.956665|0.962144|0.948509|0.940058,0.950935|0.955111|0.940283|0.928248
65,103,True,2,35.611753,18|23,18.59925093632959,18.679611650485437,0.9541509319104906,0.9508925545926028,0.9412677066747829,0.9491324036575053,0.9412732952524,True,True,89|14,20|17|28|38,0.954663|0.950893,0.950629|0.941268,0.960217|0.957736|0.954452|0.949132,0.954824|0.949644|0.948826|0.941273
66,103,True,2,35.875684,18|24,18.696629213483146,18.40776699029126,0.9525297723565718,0.9520001786206231,0.9476425092118368,0.9402988716553135,0.9309197363296134,True,True,96|7,31|28|18|26,0.952000|0.959793,0.947866|0.947643,0.958068|0.958263|0.951742|0.940299,0.951925|0.952682|0.941567|0.930920
67,91,True,2,35.170717,18|23,18.580524344569287,18.76923076923077,0.955584151353894,0.9550976237211233,0.949138000497066,0.9509627163372385,0.9443986000747061,True,True,77|14,21|19|26|25,0.955098|0.958260,0.951073|0.949138,0.961998|0.957042|0.950963|0.953895,0.957115|0.948205|0.944399|0.945588
68,103,True,1,,19,19.0,19.0,0.9548096358008272,0.9548096358008272,0.9497321012126424,0.9183962410540221,0.9056102856611183,True,True,103,30|29|20|24,0.954810,0.949732,0.970445|0.966877|0.957555|0.918396,0.966112|0.961814|0.949336|0.905610
69,104,True,2,29.752066,17|19,18.685393258426966,18.596153846153847,0.9487969983456371,0.9449259696489624,0.9389990316726198,0.91287837007328,0.9000717550273513,True,True,21|83,31|19|32|22,0.944926|0.949776,0.938999|0.943681,0.949384|0.968500|0.961224|0.912878,0.943258|0.963421|0.954955|0.900072
70,93,True,1,,19,19.0,19.0,0.9570606982501426,0.9570606982501426,0.9518907535450086,0.937955898687778,0.9264542507008509,True,True,93,27|22|11|33,0.957061,0.951891,0.966999|0.969530|0.965043|0.937956,0.961256|0.965852|0.956186|0.926454
71,93,True,2,35.467684,18|23,18.580524344569287,18.483870967741936,0.9522837293942229,0.9467831706526053,0.9348354471821391,0.9426287743846368,0.9308422154104754,True,True,84|9,23|29|22|19,0.952873|0.946783,0.948448|0.934835,0.960706|0.953338|0.950427|0.942629,0.955619|0.946366|0.941353|0.930842
72,99,True,1,,19,19.0,19.0,0.9578222483792311,0.9578222483792311,0.9529373368100036,0.9237768847739136,0.9104657218845718,True,True,99,32|19|25|23,0.957822,0.952937,0.968281|0.973329|0.963972|0.923777,0.963627|0.970319|0.958093|0.910466
73,101,True,2,35.290144,18|23,18.59925093632959,18.89108910891089,0.9540632566296874,0.9528190433052037,0.9484534457076164,0.9438833694129152,0.9326936387561857,True,True,83|18,30|21|17|33,0.952819|0.959800,0.948453|0.951229,0.959201|0.961064|0.943883|0.950182,0.953999|0.955745|0.932694|0.941832
74,99,True,2,34.920501,18|23,18.56179775280899,19.11111111111111,0.9566112230846132,0.9554252815295177,0.9510101118103335,0.9541183294759145,0.946924343486283,True,True,77|22,20|21|29|29,0.955425|0.960762,0.951010|0.952774,0.959209|0.958029|0.954118|0.956286,0.953376|0.951163|0.947099|0.946924
75,106,True,2,35.676651,18|24,18.674157303370787,18.735849056603772,0.9548362859666554,0.9537885245152052,0.949497516756581,0.9470807893759834,0.9372985546242893,True,True,93|13,26|26|21|33,0.953789|0.962332,0.949498|0.954276,0.961350|0.960227|0.947081|0.950392,0.956053|0.954151|0.937299|0.941837
76,109,True,2,35.937176,18|24,18.674157303370787,18.605504587155963,0.9515267475036638,0.9503922168007519,0.9459892875944341,0.9385323879381763,0.9271980990289403,True,True,98|11,29|22|32|26,0.950392|0.961634,0.945989|0.953872,0.961496|0.958422|0.948309|0.938532,0.955969|0.953613|0.941077|0.927198
77,99,True,1,,19,19.0,19.0,0.9557399028661157,0.9557399028661157,0.9510657694660699,0.9307791567381009,0.9188087421990966,True,True,99,21|36|17|25,0.955740,0.951066,0.968033|0.964881|0.957904|0.930779,0.963656|0.959887|0.947861|0.918809
78,102,True,2,35.170717,18|23,18.580524344569287,18.931372549019606,0.9546661659815443,0.9532898369330046,0.9441953543661319,0.9481776932280951,0.9398465689578039,True,True,83|19,24|31|18|29,0.954981|0.953290,0.951327|0.944195,0.958839|0.960115|0.950172|0.948178,0.954029|0.954492|0.943691|0.939847
79,91,True,2,34.721552,18|23,18.580524344569287,19.043956043956044,0.9574387388580997,0.9562180692469455,0.9521170195568983,0.9518998337973218,0.945507556915529,True,True,72|19,18|20|25|28,0.956218|0.962064,0.952117|0.954786,0.959787|0.962529|0.951900|0.957239,0.953826|0.956681|0.945508|0.948838
80,102,True,2,34.647306,18|23,18.767790262172284,19.029411764705884,0.9579997437005913,0.9567783755567165,0.952756731617174,0.9493562054370787,0.9404642461338301,True,True,81|21,21|27|23|31,0.956778|0.962711,0.952757|0.955185,0.963819|0.959714|0.949356|0.958977,0.959727|0.953676|0.940464|0.951596
81,101,True,2,34.212953,18|22,19.153558052434455,18.554455445544555,0.9580989832488318,0.9579378981153741,0.9542471715274335,0.9459214641709752,0.937411311874823,True,True,87|14,22|36|30|13,0.957938|0.959100,0.954247|0.954869,0.963636|0.964346|0.945921|0.959530,0.958771|0.961478|0.937411|0.955025
82,95,True,2,35.330226,18|23,18.711610486891384,18.57894736842105,0.9522690340235428,0.9520909333036923,0.9418158580912118,0.9421683897704888,0.928634643727216,True,True,84|11,31|27|18|19,0.952091|0.953629,0.947400|0.941816,0.954960|0.957334|0.950700|0.942168,0.948358|0.952084|0.939485|0.928635
83,103,True,2,30.891598,18|19,18.625468164794007,18.62135922330097,0.9499138225943494,0.9441903003052645,0.9375514527343122,0.926000633207985,0.9164100750495089,True,True,39|64,28|25|18|32,0.959306|0.944190,0.954797|0.937551,0.961168|0.963829|0.955592|0.926001,0.955773|0.958209|0.948173|0.916410
84,98,True,2,34.746042,18|23,18.711610486891384,18.96938775510204,0.955342902060474,0.9544094895540305,0.9499916647144351,0.9465017636618481,0.935122388756485,True,True,79|19,31|26|13|28,0.954409|0.959224,0.949992|0.951750,0.959950|0.960702|0.946502|0.949371,0.954565|0.955995|0.935122|0.939782
85,107,True,2,36.741804,18|23,18.580524344569287,18.14018691588785,0.9484429711833108,0.9249373065327524,0.9046415131810667,0.9222898959201435,0.9119517108723676,True,True,104|3,32|20|26|29,0.949121|0.924937,0.944513|0.904642,0.961146|0.962206|0.951392|0.922290,0.956329|0.957398|0.943800|0.911952
86,90,True,2,35.258594,18|23,18.711610486891384,18.72222222222222,0.9546668605854033,0.9537992230600025,0.9493371398755821,0.9463222335919675,0.9355774599075027,True,True,77|13,20|29|19|22,0.953799|0.959806,0.949337|0.950098,0.957956|0.961748|0.950058|0.946322,0.952248|0.956846|0.939612|0.935577
87,96,True,2,35.467684,18|23,18.580524344569287,18.677083333333332,0.9528339633659989,0.9527216234179866,0.9433782784580683,0.9379892201806218,0.928703759189371,True,True,83|13,25|20|22|29,0.952722|0.953551,0.948102|0.943378,0.962518|0.961119|0.953865|0.937989,0.956688|0.955488|0.945603|0.928704
88,96,True,2,34.794155,18|23,18.56179775280899,18.9375,0.957326119453208,0.9559927972769992,0.9520149050117658,0.9509483911898261,0.942785735355256,True,True,78|18,32|8|25|31,0.955993|0.963104,0.952015|0.955142,0.960066|0.959127|0.950948|0.959177,0.953995|0.950163|0.942786|0.953344
89,102,True,2,30.114840,17|19,18.55056179775281,18.49019607843137,0.9475102616079514,0.9472988871337243,0.9407027865507118,0.9169881866479191,0.9054822520479051,True,True,26|76,32|23|20|27,0.948128|0.947299,0.942099|0.940703,0.949769|0.969139|0.960228|0.916988,0.944001|0.964433|0.951623|0.905482
90,89,True,1,,19,19.0,19.0,0.9585925912330616,0.9585925912330616,0.9536418155393714,0.9249310233924898,0.9094292398976178,True,True,89,21|32|18|18,0.958593,0.953642,0.971155|0.967726|0.961360|0.924931,0.966858|0.963070|0.953818|0.909429
91,105,True,1,,19,19.0,19.0,0.9582044210201885,0.9582044210201885,0.9539455389432957,0.9340202892777788,0.9225301791976005,True,True,105,32|19|27|27,0.958204,0.953946,0.966887|0.971667|0.962625|0.934020,0.962506|0.968773|0.956841|0.922530
92,100,True,2,34.920501,18|23,18.580524344569287,19.05,0.9529300815371897,0.9517609152726472,0.9472033260336594,0.9474511624978794,0.938030396599168,True,True,79|21,18|21|28|33,0.951761|0.957328,0.947203|0.949370,0.956080|0.959765|0.952236|0.947451,0.948486|0.954724|0.946140|0.938030
93,98,True,2,35.698449,18|23,18.580524344569287,18.56122448979592,0.9503244484649013,0.9483339312940173,0.9370942636444841,0.9337034651869545,0.9240848408022065,True,True,87|11,27|15|29|27,0.950576|0.948334,0.946236|0.937094,0.958932|0.962182|0.951652|0.933703,0.953344|0.955535|0.945843|0.924085
94,100,True,2,35.591373,18|24,18.674157303370787,18.84,0.9565914945285434,0.9556559595587631,0.9515236620768973,0.9508975923456272,0.9414696647054831,True,True,86|14,26|22|26|26,0.955656|0.962338,0.951524|0.955938,0.965285|0.958560|0.951927|0.950898,0.961602|0.951874|0.944368|0.941470
95,105,True,2,35.676651,18|23,18.636704119850187,18.476190476190474,0.9528300100660849,0.9496298973433539,0.938662435676809,0.9413982747927433,0.930900378302901,True,True,95|10,25|33|17|30,0.953167|0.949630,0.948658|0.938662,0.962079|0.957985|0.949396|0.941398,0.956724|0.952349|0.939476|0.930900
96,95,True,2,35.591373,18|23,18.655430711610485,18.473684210526315,0.9545372759497893,0.9503623562901955,0.9391443176100198,0.9460770208765056,0.934727527495885,True,True,86|9,20|28|28|19,0.954974|0.950362,0.950959|0.939144,0.961329|0.960031|0.949933|0.946077,0.955558|0.954451|0.942932|0.934728
97,99,True,2,36.741804,18|23,18.56179775280899,18.252525252525253,0.9478759394507538,0.9343362692698957,0.9177527694429725,0.9204948176216036,0.9118300500754527,True,True,94|5,23|27|25|24,0.948596|0.934336,0.944098|0.917753,0.965818|0.959626|0.944965|0.920495,0.962095|0.954727|0.936772|0.911830
98,98,True,2,35.733752,18|24,18.719101123595507,18.6734693877551,0.9547294195261075,0.9531822954037827,0.9490892540997431,0.9495967802053598,0.9403277073787236,True,True,87|11,24|16|32|26,0.953182|0.966966,0.949089|0.960457,0.959883|0.962524|0.951137|0.949597,0.955235|0.955007|0.944301|0.940328
99,99,True,2,36.113195,18|24,18.674157303370787,18.303030303030305,0.9501527359131022,0.9499616541369279,0.9336186128013785,0.9335583675641995,0.9224588054086396,True,True,94|5,25|15|34|25,0.949962|0.953745,0.945423|0.933619,0.963537|0.955738|0.950049|0.933558,0.959805|0.945211|0.943320|0.922459
100,91,True,2,35.256474,18|23,18.674157303370787,18.65934065934066,0.9526480244656303,0.9516877518509783,0.9471969118656967,0.943662393076195,0.9340708678488691,True,True,79|12,38|9|19|25,0.951688|0.958970,0.947197|0.950373,0.958372|0.963267|0.943662|0.946953,0.954620|0.958543|0.934071|0.936137
101,87,True,2,30.409143,18|19,18.696629213483146,18.735632183908045,0.9505929598501597,0.9460724850228739,0.9398734123678071,0.9305556591382826,0.9213182129050398,True,True,23|64,18|17|21|31,0.963172|0.946072,0.958871|0.939873,0.964502|0.963109|0.958118|0.930556,0.959297|0.956311|0.950567|0.921318
102,92,True,2,34.794155,18|22,18.734082397003746,18.391304347826086,0.954166174063707,0.9326414538167924,0.9145626036334698,0.9484828303801656,0.9359553030284932,True,True,83|9,24|25|26|17,0.956500|0.932641,0.952891|0.914563,0.957770|0.951438|0.957179|0.948483,0.952538|0.943807|0.950561|0.935955
103,95,True,2,35.503502,18|23,18.56179775280899,18.68421052631579,0.9536830622863423,0.94875569530208,0.9385678806954263,0.9444024070052,0.9354463571871634,True,True,82|13,33|13|22|27,0.954464|0.948756,0.950378|0.938568,0.960009|0.964114|0.944402|0.948491,0.955253|0.958472|0.935446|0.940250
104,102,True,2,35.503502,18|23,18.674157303370787,18.49019607843137,0.9549589123295119,0.9548571644345045,0.9433576302211475,0.9460505754364965,0.9363420899078153,True,True,92|10,19|39|18|26,0.954857|0.955895,0.951273|0.943358,0.957424|0.960533|0.953149|0.946051,0.951284|0.957042|0.945034|0.936342
105,97,True,2,35.676651,18|23,18.56179775280899,18.61855670103093,0.9532198090678009,0.9495958553539281,0.9406718633791651,0.9417770286792418,0.9308141209715665,True,True,85|12,26|26|23|22,0.953731|0.949596,0.949333|0.940672,0.958681|0.961477|0.948657|0.941777,0.953395|0.955687|0.940033|0.930814
106,96,True,1,,19,19.0,19.0,0.9574579546342882,0.9574579546342882,0.9530496945355772,0.9287852781664735,0.918850264722334,True,True,96,35|22|17|22,0.957458,0.953050,0.969726|0.966719|0.957321|0.928785,0.964743|0.961366|0.948633|0.918850
107,99,True,1,,19,19.0,19.0,0.9578591004202576,0.9578591004202576,0.9532119415302542,0.9235081123539369,0.9116943383466453,True,True,99,25|30|22|22,0.957859,0.953212,0.968786|0.971199|0.961602|0.923508,0.964186|0.967710|0.953796|0.911694
108,93,True,2,35.078934,18|23,18.617977528089888,18.86021505376344,0.9556676470021749,0.9550838967713875,0.9487720025638816,0.9488233872083095,0.938346938230042,True,True,77|16,24|24|19|26,0.955084|0.958477,0.950784|0.948772,0.961992|0.959456|0.952260|0.948823,0.956268|0.954238|0.944742|0.938347
109,92,True,2,35.258594,18|23,18.692883895131086,18.652173913043477,0.9559815096920035,0.9558480135554849,0.9442041889322877,0.9493447621395914,0.9394930962473429,True,True,80|12,23|25|20|24,0.955848|0.956871,0.952070|0.944204,0.963145|0.958111|0.953046|0.949345,0.958308|0.952731|0.945468|0.939493
110,93,True,2,35.656271,18|24,18.674157303370787,18.774193548387096,0.9557054787630688,0.9546404840084339,0.9506326020986876,0.9502633525087644,0.941604373262932,True,True,81|12,24|24|21|24,0.954640|0.962894,0.950633|0.956140,0.962479|0.956140|0.953687|0.950263,0.957814|0.950112|0.944765|0.941604
111,96,True,2,35.365688,18|23,18.580524344569287,18.833333333333332,0.9544798486079026,0.9542830036555141,0.946808413009692,0.9471842562422914,0.9372034364103696,True,True,80|16,17|25|24|30,0.954283|0.955464,0.949297|0.946808,0.964301|0.960336|0.950543|0.947184,0.958465|0.954718|0.941197|0.937203
112,98,True,2,35.467684,18|23,18.580524344569287,18.663265306122447,0.9548228372316796,0.9499663484143626,0.9391467542925311,0.9487058233747573,0.9392410571369505,True,True,85|13,18|23|25|32,0.955566|0.949966,0.951440|0.939147,0.958421|0.961094|0.954293|0.948706,0.952690|0.954428|0.949635|0.939241
113,104,True,2,35.733752,18|24,18.719101123595507,18.51923076923077,0.9515404503597943,0.9511010888296054,0.9453242961960038,0.9385550004633484,0.9277392276365061,True,True,95|9,23|23|32|26,0.951101|0.956178,0.946573|0.945324,0.963326|0.954065|0.951805|0.938555,0.957656|0.946438|0.944741|0.927739
114,98,True,1,,19,19.0,19.0,0.957990589487347,0.957990589487347,0.953386505551736,0.9225718433850196,0.9087254737105905,True,True,98,33|24|22|19,0.957991,0.953387,0.968575|0.970440|0.959122|0.922572,0.964765|0.965437|0.952198|0.908725
115,99,True,2,29.849670,17|19,18.61048689138577,18.555555555555557,0.9508046538719177,0.9458649837631105,0.9401127201301049,0.9263259004654941,0.9150543422094872,True,True,22|77,23|22|30|24,0.945865|0.952216,0.940113|0.946710,0.946782|0.971316|0.958430|0.926326,0.941082|0.967400|0.952436|0.915054
116,104,True,2,35.294055,18|23,18.749063670411985,18.625,0.9537953405224784,0.9531191492355608,0.9475686734527584,0.9478985551840995,0.9410862637346779,True,True,91|13,25|18|44|17,0.953119|0.958529,0.948929|0.947569,0.959523|0.958459|0.947899|0.955696,0.954209|0.951313|0.941086|0.944271
117,97,True,2,34.106468,18|22,18.973782771535582,18.8659793814433,0.9576204039171078,0.9575289378728953,0.9483673844969693,0.9491016571378842,0.9388656783851244,True,True,76|21,28|26|22|21,0.957529|0.957951,0.953886|0.948367,0.962302|0.959519|0.949102|0.957951,0.958627|0.955446|0.938866|0.948367
118,94,True,2,35.720654,18|24,18.674157303370787,18.574468085106382,0.9537624574681896,0.9525585337321009,0.9480080533631922,0.9444835431945876,0.9318797772140515,True,True,85|9,16|30|14|34,0.952559|0.965133,0.948008|0.957987,0.959227|0.964259|0.944484|0.945750,0.952214|0.960923|0.931880|0.937036
119,103,True,2,35.467684,18|23,18.730337078651687,18.58252427184466,0.9521253857875356,0.9506751744916597,0.9383037300289814,0.9470202676065743,0.9344268648071801,True,True,91|12,22|18|45|18,0.952317|0.950675,0.948135|0.938304,0.952941|0.960087|0.950584|0.947020,0.946942|0.952223|0.944441|0.934427
120,92,True,2,35.733752,18|24,18.674157303370787,18.456521739130434,0.9514054008268881,0.9504607097753514,0.9458777506098992,0.9438402046318658,0.9341171421884197,True,True,85|7,15|20|26|31,0.950461|0.962877,0.945878|0.953394,0.957933|0.957439|0.952018|0.943840,0.952562|0.949104|0.945510|0.934117
121,92,True,2,35.116515,18|23,18.617977528089888,18.815217391304348,0.9528209777958618,0.9525148677393955,0.945209203852113,0.941536717156447,0.9321442909015423,True,True,77|15,22|23|21|26,0.952515|0.954392,0.947862|0.945209,0.960987|0.962829|0.941537|0.946172,0.955400|0.957684|0.932144|0.936636
122,104,True,2,34.817975,18|22,18.44943820224719,18.807692307692307,0.9536193892807177,0.9464904316141365,0.9364858241824536,0.945325346741694,0.9365325631066559,True,True,83|21,22|29|24|29,0.955423|0.946490,0.951378|0.936486,0.961788|0.959570|0.948963|0.945325,0.956500|0.954107|0.940084|0.936533
123,99,True,2,34.440085,18|23,18.674157303370787,19.21212121212121,0.9601518071186327,0.9589582025290772,0.9554874925127456,0.9532692820956814,0.9458493151845215,True,True,75|24,20|28|23|28,0.958958|0.963882,0.955487|0.957561,0.961542|0.961541|0.953269|0.963423,0.954590|0.957150|0.945849|0.957640
124,98,True,1,,19,19.0,19.0,0.9603106323758861,0.9603106323758861,0.9560202031771362,0.9195625173079871,0.9020097164621722,True,True,98,36|16|33|13,0.960311,0.956020,0.969193|0.972159|0.960929|0.919563,0.965739|0.968891|0.955000|0.902010
125,102,True,2,35.689748,18|24,18.674157303370787,18.647058823529413,0.9544225340402481,0.9534071018738086,0.9489538952725934,0.9470992218101846,0.9358977643074459,True,True,91|11,30|23|26|23,0.953407|0.962823,0.948954|0.955251,0.961214|0.960907|0.947328|0.947099,0.956049|0.955773|0.937898|0.935898
126,101,True,2,35.365688,18|24,18.719101123595507,18.89108910891089,0.9553008459075885,0.9531618912220229,0.9488405885295295,0.9486567759430738,0.9415174592260789,True,True,86|15,23|24|27|27,0.953162|0.967564,0.948841|0.959986,0.959961|0.960778|0.948657|0.953106,0.954056|0.954837|0.941517|0.942705
127,97,True,2,34.920501,18|23,18.580524344569287,19.082474226804123,0.953638017610321,0.9531883065588308,0.9474061420107324,0.9458948466712267,0.9379987756226337,True,True,76|21,15|23|20|39,0.953188|0.955266,0.948634|0.947406,0.962095|0.959727|0.955392|0.945895,0.954421|0.953188|0.951331|0.937999
128,97,True,2,35.647570,18|24,18.674157303370787,18.61855670103093,0.9563333626979392,0.9552346367308512,0.9512772133470752,0.9521118271365999,0.9412662765392388,True,True,87|10,27|20|27|23,0.955235|0.965892,0.951277|0.959254,0.964761|0.952949|0.954009|0.952112,0.960244|0.946174|0.948005|0.941266
129,98,True,2,35.691574,18|23,18.655430711610485,18.408163265306122,0.9525345564032871,0.9465857748653798,0.9340090649343185,0.9303896660501834,0.9174257293462211,True,True,90|8,33|23|24|18,0.953063|0.946586,0.948455|0.934009,0.963253|0.961947|0.945385|0.930390,0.958918|0.956488|0.935820|0.917426
130,102,True,2,35.279930,18|23,18.617977528089888,18.88235294117647,0.9535074803564557,0.952374632919397,0.9481398124973147,0.9491149596065017,0.9411854526569738,True,True,84|18,19|19|34|30,0.952375|0.958794,0.948140|0.951150,0.957016|0.964316|0.949115|0.949418,0.951006|0.957745|0.942526|0.941185
131,100,True,2,35.188148,18|22,18.44943820224719,18.76,0.9533685319648205,0.9419985484725375,0.9313135992537331,0.9455978350797383,0.9376650738943592,True,True,81|19,24|21|21|34,0.956036|0.941999,0.952293|0.931314,0.959835|0.960601|0.951327|0.945598,0.955030|0.954153|0.943504|0.937665
132,90,True,2,35.611753,18|23,18.692883895131086,18.555555555555557,0.9534035455842064,0.9530616426552309,0.943549578858844,0.9457580350017031,0.9363320776309225,True,True,80|10,31|26|13|20,0.953062|0.956139,0.949194|0.943550,0.958615|0.955493|0.945758|0.947578,0.953355|0.949064|0.936332|0.937833
133,110,True,2,34.720990,18|23,18.93632958801498,18.636363636363637,0.955813716820538,0.9547981589024869,0.9509023376044826,0.9464997677103817,0.9344511488283676,True,True,96|14,23|34|32|21,0.954798|0.962778,0.950902|0.956161,0.960929|0.960404|0.953373|0.946500,0.954864|0.955517|0.947596|0.934451
134,110,True,1,,19,19.0,19.0,0.9588224698627884,0.9588224698627884,0.954255614209634,0.9180240335287707,0.9053822827298347,True,True,110,35|28|25|22,0.958822,0.954256,0.971377|0.969817|0.964835|0.918024,0.967984|0.965586|0.958594|0.905382
135,111,True,2,35.170717,18|23,18.59925093632959,18.765765765765767,0.952669094453251,0.9517188425993874,0.9472686016924877,0.9508807618813332,0.9426530872943601,True,True,94|17,17|27|27|40,0.951719|0.957923,0.947269|0.950171,0.957354|0.953149|0.951889|0.950881,0.952103|0.945044|0.945314|0.942653
136,105,True,1,,19,19.0,19.0,0.9587540943226569,0.9587540943226569,0.9544121047086448,0.9293647642241641,0.9162132803154581,True,True,105,36|15|31|23,0.958754,0.954412,0.969250|0.974071|0.960959|0.929365,0.966114|0.970913|0.955332|0.916213
137,93,True,2,35.279930,18|23,18.617977528089888,18.752688172043012,0.9544700503918745,0.9539499463591168,0.9488610487681305,0.949484741751199,0.9401519633848537,True,True,79|14,17|27|19|30,0.953950|0.957405,0.949552|0.948861,0.955181|0.960400|0.953279|0.949485,0.951057|0.955319|0.943967|0.940152
138,106,True,2,35.054024,18|23,18.655430711610485,18.80188679245283,0.9529812981331662,0.9511734185601652,0.9464737651785664,0.9439710430558649,0.9342274286544923,True,True,89|17,34|17|19|36,0.951173|0.962446,0.946474|0.953055,0.961264|0.963774|0.945576|0.943971,0.955842|0.958551|0.938032|0.934227
139,108,True,2,35.698449,18|24,18.741573033707866,18.5,0.9550629595410451,0.9547325305088752,0.9495189469725672,0.9406971721041797,0.9300023621199293,True,True,99|9,35|23|24|26,0.954733|0.958698,0.950640|0.949519,0.962923|0.955895|0.958367|0.940697,0.957770|0.949065|0.952616|0.930002
140,100,True,1,,19,19.0,19.0,0.955278293373174,0.955278293373174,0.9501969023331547,0.9183815243170076,0.9066377677252274,True,True,100,34|21|20|25,0.955278,0.950197,0.969596|0.967063|0.964686|0.918382,0.965602|0.961093|0.958123|0.906638
141,97,True,2,29.817274,17|19,18.59550561797753,18.690721649484537,0.9498878132254134,0.9373510668549306,0.9298781888629396,0.9249308611415594,0.9126950550137883,True,True,15|82,20|24|26|27,0.937351|0.952181,0.929878|0.946297,0.946950|0.966176|0.963029|0.924931,0.938507|0.960170|0.957243|0.912695
142,108,True,2,29.870399,17|19,18.580524344569287,18.537037037037038,0.951321900198205,0.9439203591999579,0.937787248994279,0.920306755171541,0.9042355728073989,True,True,25|83,26|21|40|21,0.943920|0.953551,0.937787|0.947439,0.945239|0.965619|0.964053|0.920307,0.938960|0.958163|0.959133|0.904236
143,98,True,2,35.620454,18|24,18.674157303370787,18.857142857142858,0.9510118394927921,0.9483851486453604,0.943678770133008,0.9458978099849285,0.9353404292946904,True,True,84|14,27|17|28|26,0.948385|0.966772,0.943679|0.958930,0.958707|0.954240|0.945898|0.946417,0.952430|0.945712|0.938521|0.935340
144,97,True,2,30.512075,17|19,18.54307116104869,18.175257731958762,0.9462732602874113,0.943878188004895,0.9378981323915926,0.9268842170351099,0.9149125588645218,True,True,40|57,40|25|12|20,0.943878|0.947954,0.937898|0.941653,0.943878|0.965019|0.947518|0.926884,0.937898|0.960097|0.937226|0.914913
145,103,True,2,35.689748,18|23,18.56179775280899,18.436893203883496,0.9522459654753143,0.9438987786334009,0.9310104241423754,0.9395233171393879,0.9280922412914829,True,True,94|9,30|27|22|24,0.953045|0.943899,0.948377|0.931010,0.958925|0.962669|0.944225|0.939523,0.953029|0.957488|0.933096|0.928092
146,101,True,2,34.544577,18|22,18.689138576779026,18.831683168316832,0.9539562203128212,0.94671269342436,0.9373805434321495,0.9465446556182795,0.9375488757405743,True,True,80|21,33|26|17|25,0.955858|0.946713,0.952175|0.937381,0.958456|0.958031|0.946545|0.948819,0.954113|0.951093|0.937549|0.940107
147,103,True,2,35.202273,18|23,18.692883895131086,18.825242718446603,0.9562671628786991,0.954791646946814,0.950508960104435,0.9522803697401464,0.9430461741954576,True,True,86|17,22|25|22|34,0.954792|0.963732,0.950509|0.955704,0.958677|0.962877|0.952508|0.952280,0.952935|0.958985|0.944575|0.943046
148,89,True,2,35.817449,18|24,18.674157303370787,18.60674157303371,0.9516878462172619,0.950503317548316,0.9455259372451456,0.9430950215422761,0.9323377630709484,True,True,80|9,21|20|19|29,0.950503|0.962217,0.945526|0.953389,0.958033|0.961629|0.947325|0.943095,0.951792|0.957198|0.937503|0.932338
149,98,True,2,35.853479,18|24,18.674157303370787,18.73469387755102,0.9509638957593566,0.9492587652886079,0.9442125488369002,0.9421055874032084,0.9315112925713859,True,True,86|12,22|15|29|32,0.949259|0.963184,0.944213|0.954762,0.957268|0.960074|0.951244|0.942106,0.951375|0.950775|0.943971|0.931511
150,98,True,2,35.817449,18|24,18.741573033707866,18.489795918367346,0.9540385248645653,0.9532644675691753,0.9489983648954776,0.9430754677158876,0.9298270709578192,True,True,90|8,28|27|27|16,0.953264|0.962747,0.948998|0.956149,0.963262|0.956089|0.948920|0.943075,0.959303|0.951017|0.939364|0.929827
151,93,True,2,36.044734,18|23,18.56179775280899,18.376344086021504,0.9498186355184559,0.943602378904796,0.9285993550609989,0.9393951563065107,0.9278363273922261,True,True,86|7,18|21|30|24,0.950325|0.943602,0.945496|0.928599,0.955885|0.959371|0.947831|0.939395,0.949358|0.952170|0.939681|0.927836
152,105,True,2,35.523881,18|24,18.719101123595507,18.914285714285715,0.9549184014353074,0.9530346336518523,0.94877592990275,0.9496394416737907,0.9393401916760034,True,True,89|16,29|23|25|28,0.953035|0.965397,0.948776|0.957155,0.957892|0.962034|0.950835|0.949639,0.952582|0.958480|0.941948|0.939340
153,95,True,2,35.467684,18|24,18.674157303370787,18.94736842105263,0.954710251051504,0.9522507384487323,0.9477956620339938,0.9465618721491761,0.9382590320783836,True,True,80|15,24|17|27|27,0.952251|0.967828,0.947796|0.963711,0.960676|0.958563|0.946562|0.955130,0.955582|0.949876|0.938259|0.947018
154,100,True,1,,19,19.0,19.0,0.9591684511809493,0.9591684511809493,0.9550493938835835,0.9344375020006648,0.9234503378429662,True,True,100,33|31|14|22,0.959168,0.955049,0.969265|0.968384|0.953826|0.934438,0.964431|0.964224|0.943963|0.923450
155,100,True,2,35.078934,18|23,18.56179775280899,18.7,0.9550496440468282,0.9540319431555946,0.9497325670222997,0.9485961234777273,0.9367071373342093,True,True,86|14,36|22|18|24,0.954032|0.961301,0.949733|0.952473,0.959990|0.956662|0.951803|0.948596,0.955509|0.949813|0.943662|0.936707
156,103,True,1,,19,19.0,19.0,0.9548801246287144,0.9548801246287144,0.9498852477291324,0.9276530811229152,0.9142224456052013,True,True,103,32|23|22|26,0.954880,0.949885,0.965441|0.970837|0.955013|0.927653,0.959993|0.966152|0.947418|0.914222
157,88,True,2,34.721552,18|23,19.01123595505618,18.625,0.9580424453789784,0.9565294206168744,0.9528089985733927,0.9518957797803553,0.9442052837558887,True,True,77|11,19|28|29|12,0.956529|0.968634,0.952809|0.963763,0.960160|0.958930|0.951896|0.967472,0.955527|0.953436|0.944205|0.962632
158,98,True,2,35.817449,18|23,18.56179775280899,18.459183673469386,0.9517317888023233,0.9411640314465344,0.9296849651571794,0.938421823640946,0.9269312348572823,True,True,89|9,28|30|25|15,0.952800|0.941164,0.948893|0.929685,0.957276|0.957514|0.946570|0.938422,0.952122|0.951747|0.938273|0.926931
159,102,True,2,35.611753,18|23,18.56179775280899,18.686274509803923,0.953947035797355,0.9524483980129935,0.9411521963764518,0.9469053123995959,0.9376149208193071,True,True,88|14,29|21|23|29,0.954185|0.952448,0.949710|0.941152,0.960357|0.960007|0.946905|0.948734,0.954746|0.952563|0.937615|0.939210
160,100,True,2,35.611753,18|23,18.59925093632959,18.6,0.9525937185993676,0.9525098070544612,0.9422105284307278,0.9406003106625384,0.9284072989709204,True,True,88|12,25|35|17|23,0.952510|0.953209,0.947994|0.942211,0.959949|0.958189|0.940600|0.944948,0.953056|0.953861|0.928407|0.933701
161,92,True,2,35.467684,18|24,18.674157303370787,18.847826086956523,0.9549835819721031,0.9540377977414328,0.9495028301931515,0.9481820161891961,0.93940007730061,True,True,79|13,23|19|18|32,0.954038|0.960731,0.949503|0.954068,0.960736|0.961288|0.953070|0.948182,0.954389|0.955766|0.945107|0.939400
162,104,True,2,35.365688,18|24,18.696629213483146,19.03846153846154,0.9556703283664987,0.9534729899194873,0.9486279331908645,0.9530684806248604,0.9451605767269762,True,True,86|18,19|21|20|44,0.953473|0.966169,0.948628|0.960579,0.958866|0.960476|0.953313|0.953068,0.951472|0.952835|0.945161|0.945230
163,97,True,2,35.698449,18|24,18.674157303370787,18.432989690721648,0.9523994492755964,0.9503014718568369,0.9382318128609367,0.9375176476262772,0.9270958351623891,True,True,90|7,26|21|24|26,0.952563|0.950301,0.948162|0.938232,0.960114|0.957091|0.956059|0.937518,0.954651|0.950273|0.948700|0.927096
164,101,True,2,35.330226,18|23,18.674157303370787,18.643564356435643,0.956397985962329,0.953233680785903,0.9451489828968485,0.9522040926071366,0.9436743001570764,True,True,88|13,31|17|34|19,0.956865|0.953234,0.953558|0.945149,0.960976|0.957739|0.953897|0.952204,0.955990|0.950145|0.948963|0.943674
165,99,True,1,,19,19.0,19.0,0.9575797542294584,0.9575797542294584,0.9527966096634709,0.9248294577360712,0.91179405208772,True,True,99,28|28|20|23,0.957580,0.952797,0.968990|0.965621|0.968010|0.924829,0.964575|0.959973|0.962951|0.911794
166,96,True,2,35.937176,18|24,18.674157303370787,18.5,0.9531151692252763,0.9524712828625589,0.947778381630014,0.9349100737758632,0.9218223866766401,True,True,88|8,30|25|19|22,0.952471|0.960198,0.947778|0.948677,0.961421|0.958025|0.954621|0.934910,0.955734|0.952266|0.946423|0.921822
167,102,True,1,,19,19.0,19.0,0.9578232555649069,0.9578232555649069,0.9532312491183978,0.9191422169024808,0.9022137569887689,True,True,102,26|24|37|15,0.957823,0.953231,0.969631|0.968996|0.957960|0.919142,0.964706|0.964005|0.951902|0.902214
168,100,True,1,,19,19.0,19.0,0.9564859603517866,0.9564859603517866,0.9514331756326436,0.9244509453141542,0.9113721485627697,True,True,100,31|21|22|26,0.956486,0.951433,0.970090|0.968450|0.963757|0.924451,0.965448|0.964216|0.958060|0.911372
169,101,True,2,36.756267,18|25,18.89138576779026,18.207920792079207,0.9491835983289514,0.9484183641287204,0.9437156748320595,0.932622049184971,0.9203639195798302,True,True,98|3,20|37|17|27,0.948418|0.974181,0.943716|0.969326,0.959172|0.958567|0.943313|0.932622,0.952975|0.953811|0.932891|0.920364
170,103,True,2,35.817449,18|23,18.674157303370787,18.388349514563107,0.9518351649707126,0.9407461617602273,0.9274381133443176,0.9347865206070347,0.9239269539234545,True,True,95|8,23|23|36|21,0.952769|0.940746,0.948764|0.927438,0.960381|0.963927|0.948594|0.934787,0.955207|0.958411|0.942526|0.923927
171,96,True,2,34.999822,18|22,18.50936329588015,18.666666666666668,0.9542691290176931,0.9432591663230203,0.9335662033974284,0.9447050619244415,0.9365213826545137,True,True,80|16,20|15|33|28,0.956471|0.943259,0.952647|0.933566,0.962342|0.957698|0.955933|0.944705,0.956497|0.947702|0.951022|0.936521
172,94,True,2,35.170717,18|23,18.711610486891384,18.74468085106383,0.9540488472500299,0.9532128684401908,0.9486086468101909,0.9428584511649264,0.9316084481188778,True,True,80|14,35|10|23|26,0.953213|0.958826,0.948609|0.949701,0.961637|0.957364|0.953710|0.942858,0.958111|0.947397|0.946064|0.931608
173,100,True,1,,19,19.0,19.0,0.9594762198673016,0.9594762198673016,0.9549884614133581,0.9378491580361438,0.9262034808301968,True,True,100,21|24|27|28,0.959476,0.954988,0.971033|0.968913|0.964528|0.937849,0.967355|0.963307|0.958785|0.926203
174,95,True,2,35.344351,18|24,18.696629213483146,19.010526315789473,0.9562197015415879,0.9542276842207084,0.9503601294353939,0.947582960941493,0.9383506438304164,True,True,79|16,26|26|23|20,0.954228|0.966055,0.950360|0.958063,0.957554|0.959238|0.947583|0.960494,0.952842|0.954026|0.938351|0.951472
175,101,True,1,,19,19.0,19.0,0.961027930248334,0.961027930248334,0.9568190458360367,0.9325258638126436,0.9196960010455838,True,True,101,39|25|15|22,0.961028,0.956819,0.970580|0.968346|0.965798|0.932526,0.967348|0.964242|0.957418|0.919696
176,98,True,2,34.721552,18|23,18.749063670411985,18.867346938775512,0.9585899082086071,0.9566844506951573,0.9527150141327442,0.9515013639876544,0.9410925851925982,True,True,81|17,22|29|16|31,0.956684|0.967669,0.952715|0.958813,0.962180|0.959729|0.951501|0.958635,0.956583|0.955441|0.941093|0.949986
177,111,True,1,,19,19.0,19.0,0.9554883611382478,0.9554883611382478,0.9506848084202215,0.9183068542714766,0.9051351132488442,True,True,111,30|30|28|23,0.955488,0.950685,0.968464|0.967856|0.958876|0.918307,0.963287|0.962920|0.951934|0.905135
178,98,True,2,35.937176,18|24,18.674157303370787,18.489795918367346,0.9540785601056867,0.9530947349793288,0.949024292877278,0.9501093598314045,0.9411534327573899,True,True,90|8,17|13|46|22,0.953095|0.965147,0.949024|0.957954,0.960309|0.960747|0.951790|0.950109,0.953517|0.950013|0.946144|0.941153
179,100,True,2,35.523881,18|23,18.617977528089888,18.75,0.9517677925830585,0.951305970214505,0.9436579338616298,0.9437167184443216,0.934472787480548,True,True,85|15,21|26|27|26,0.951306|0.954385,0.947210|0.943658,0.961199|0.960257|0.943717|0.944021,0.956397|0.955446|0.936057|0.934473
180,94,True,2,35.432222,18|23,18.692883895131086,18.425531914893618,0.9510052525425606,0.9504473726524078,0.9455057619997269,0.9418555192073448,0.9306172160749598,True,True,86|8,21|29|16|28,0.950447|0.957002,0.945506|0.946279,0.958017|0.955347|0.949946|0.941856,0.952066|0.948778|0.938813|0.930617
181,100,True,2,35.591373,18|23,18.580524344569287,18.6,0.954137263666263,0.9506797092692403,0.9429139409714842,0.9420340351778076,0.9332212687971448,True,True,88|12,31|23|20|26,0.954609|0.950680,0.950441|0.942914,0.960758|0.960853|0.951886|0.942034,0.955474|0.955570|0.942459|0.933221
182,101,True,2,35.817449,18|24,18.89887640449438,18.415841584158414,0.9534621766311314,0.9522868598001143,0.9480995062440859,0.9400957313729702,0.9262970420533525,True,True,94|7,23|25|32|21,0.952287|0.969245,0.948100|0.967081,0.959456|0.963566|0.950032|0.940096,0.955126|0.959812|0.943657|0.926297
183,109,True,2,35.782146,18|23,18.56179775280899,18.504587155963304,0.9525982939304946,0.9524203699911937,0.9454625242160799,0.9414965235746904,0.933056564200345,True,True,98|11,33|28|19|29,0.952420|0.954183,0.948424|0.945463,0.957991|0.959317|0.950276|0.941497,0.952171|0.953984|0.941041|0.933057
184,94,True,1,,19,19.0,19.0,0.9593893092178479,0.9593893092178479,0.9549108018377993,0.9091781518558708,0.8859818191563428,True,False,94,27|25|32|10,0.959389,0.954911,0.966857|0.967054|0.962791|0.909178,0.962003|0.962642|0.958145|0.885982
185,101,True,1,,19,19.0,19.0,0.9568486654168639,0.9568486654168639,0.9520926724839222,0.9310199831008661,0.9195846586432395,True,True,101,23|26|23|29,0.956849,0.952093,0.970683|0.968094|0.962868|0.931020,0.966341|0.963232|0.956282|0.919585
186,92,True,2,35.467684,18|23,18.580524344569287,18.597826086956523,0.9527958592717901,0.9508141726782952,0.9383727445418938,0.941124149218049,0.9307124808979678,True,True,81|11,19|29|18|26,0.953065|0.950814,0.948527|0.938373,0.959032|0.961964|0.941124|0.946094,0.954367|0.957935|0.930712|0.935108
187,85,True,2,35.676651,18|23,18.56179775280899,18.88235294117647,0.9523812699196823,0.9480885095837508,0.9389221962161002,0.9464002229265474,0.9370950045195344,True,True,70|15,23|12|25|25,0.953301|0.948089,0.948530|0.938922,0.960454|0.956820|0.948805|0.946400,0.953330|0.946391|0.941912|0.937095
188,95,True,2,35.676651,18|23,18.56179775280899,18.736842105263158,0.9536379981849558,0.9489075230239353,0.9399990334499063,0.9376015681775626,0.9288438686756803,True,True,81|14,24|24|22|25,0.954456|0.948908,0.950324|0.939999,0.961637|0.961106|0.954988|0.937602,0.956829|0.956065|0.947205|0.928844
189,97,True,2,36.326687,18|23,18.580524344569287,18.309278350515463,0.9483462508414814,0.9430704411389633,0.9269282824333556,0.9327146089335233,0.9209455584584708,True,True,91|6,23|23|23|28,0.948694|0.943070,0.943757|0.926928,0.961658|0.955770|0.946641|0.932715,0.957341|0.949089|0.937968|0.920946
190,102,True,2,35.647570,18|23,18.56179775280899,18.637254901960784,0.9529071885066062,0.9493868068664083,0.9399702824272657,0.9456053604229606,0.9363678122514507,True,True,89|13,13|27|31|31,0.953421|0.949387,0.949362|0.939970,0.964311|0.955114|0.953505|0.945605,0.959541|0.948604|0.948717|0.936368
191,89,True,2,35.523881,18|23,18.56179775280899,18.84269662921348,0.9524549077441709,0.9520260116658482,0.9441553423032877,0.9473072089726209,0.9374545385108534,True,True,74|15,19|20|21|29,0.952026|0.954571,0.947057|0.944155,0.958197|0.958494|0.947307|0.948256,0.950653|0.951877|0.937455|0.938777
192,97,True,2,35.365688,18|23,18.617977528089888,18.670103092783506,0.9512714748674305,0.9503842178829174,0.9454052381398261,0.9386554061117885,0.9287658058041328,True,True,84|13,17|26|24|30,0.950384|0.957005,0.945405|0.950976,0.964072|0.953540|0.955517|0.938655,0.957609|0.946820|0.947898|0.928766
193,90,True,2,36.157500,18|24,18.674157303370787,18.533333333333335,0.9499147830692046,0.9484648726539783,0.9430780541574908,0.9360819585471749,0.9234054381175424,True,True,82|8,11|29|24|26,0.948465|0.964776,0.943078|0.954742,0.965289|0.958066|0.948005|0.936082,0.958150|0.951697|0.940078|0.923405
194,102,True,2,35.365688,18|23,18.636704119850187,18.58823529411765,0.9532928763261319,0.952677233928999,0.9482720126179006,0.9428600455617215,0.9312168012025962,True,True,90|12,22|37|25|18,0.952677|0.957910,0.948342|0.948272,0.959183|0.960943|0.942860|0.944860,0.954175|0.956298|0.933958|0.931217
195,101,True,2,36.236201,18|24,18.696629213483146,18.475247524752476,0.9517245161047353,0.9514711597615612,0.9429346345271644,0.9397519780464049,0.9296627432801835,True,True,93|8,35|25|17|24,0.951471|0.954670,0.947416|0.942935,0.956684|0.961056|0.944692|0.939752,0.952064|0.955729|0.934153|0.929663
196,97,True,2,35.330226,18|23,18.692883895131086,18.61855670103093,0.9556079746259789,0.9550371016476047,0.9499768891347348,0.95001764858518,0.9401571313839938,True,True,85|12,31|21|23|22,0.955037|0.959652,0.951338|0.949977,0.956084|0.963641|0.952979|0.950018,0.950317|0.958909|0.946780|0.940157
197,97,True,2,35.453559,18|22,18.49438202247191,18.577319587628867,0.9511398491781076,0.9362606657638503,0.9261384607229968,0.9431291328805134,0.933876648491354,True,True,83|14,23|30|16|28,0.953650|0.936261,0.949807|0.926138,0.961036|0.954989|0.943715|0.943129,0.956438|0.949229|0.933877|0.934868
198,100,True,2,35.503502,18|23,18.580524344569287,18.75,0.9519655280461715,0.9515470657480078,0.9462808730268412,0.9438330501007504,0.9342928879167368,True,True,85|15,17|23|29|31,0.951547|0.954337,0.946948|0.946281,0.955687|0.959980|0.952121|0.943833,0.948727|0.953806|0.945313|0.934293
199,103,True,2,35.720654,18|24,18.741573033707866,18.524271844660195,0.9530017556928017,0.9521262411113905,0.9476478888585156,0.9407763409951627,0.9285288303446746,True,True,94|9,30|21|28|24,0.952126|0.962146,0.947648|0.952176,0.959411|0.961632|0.950141|0.940776,0.953928|0.956651|0.942219|0.928529
200,94,True,1,,19,19.0,19.0,0.9575352492600844,0.9575352492600844,0.9529124393302485,0.9253265656731169,0.909500736515079,True,True,94,28|21|28|17,0.957535,0.952912,0.966219|0.965776|0.962226|0.925327,0.961746|0.959879|0.955927|0.909501
201,99,True,2,34.384626,18|22,18.674157303370787,18.848484848484848,0.9578793871374346,0.9455971513189229,0.9361264237517624,0.9519302846295015,0.9435674268970535,True,True,78|21,25|20|19|35,0.961186|0.945597,0.958082|0.936126,0.962760|0.966732|0.951930|0.952564,0.958004|0.963388|0.943567|0.945806
202,90,True,2,36.326687,18|24,18.674157303370787,18.133333333333333,0.9474439771031622,0.946943304967106,0.9417573968519334,0.919970058591412,0.9071254856377207,True,True,88|2,21|19|29|21,0.946943|0.969474,0.941757|0.964590,0.964429|0.955331|0.949872|0.919970,0.959766|0.946752|0.942673|0.907125
203,97,True,2,35.116515,18|23,18.59925093632959,18.876288659793815,0.9550101051463246,0.9538229518444721,0.9495052567419591,0.9499119687221048,0.9415679594113238,True,True,80|17,17|27|25|28,0.953823|0.960597,0.949505|0.955972,0.960871|0.959916|0.949912|0.951273,0.954532|0.954545|0.941568|0.943449
204,95,True,2,35.330226,18|23,18.56179775280899,18.842105263157894,0.9561767618400315,0.9559034331265787,0.9498426140451105,0.948960768523626,0.9408425079978516,True,True,79|16,32|17|24|22,0.955903|0.957526,0.951754|0.949843,0.962678|0.960571|0.948961|0.951198,0.958482|0.953088|0.940843|0.941677
205,101,True,2,36.113195,18|24,18.696629213483146,18.297029702970296,0.9501595998603717,0.9492508574538784,0.9445536328091452,0.9365366640459469,0.9239583655566245,True,True,96|5,23|27|25|26,0.949251|0.967607,0.944554|0.963652,0.955447|0.955779|0.953394|0.936537,0.949739|0.948372|0.946298|0.923958
206,96,True,2,35.647570,18|24,18.719101123595507,18.75,0.9528785514114508,0.9518085394413026,0.9469111291063795,0.9416214554547007,0.9319009105066134,True,True,84|12,22|17|21|36,0.951809|0.960369,0.946911|0.952937,0.962009|0.962126|0.955125|0.941621,0.956380|0.957346|0.949118|0.931901
207,96,True,2,35.669369,18|23,18.56179775280899,18.520833333333332,0.9528809984192907,0.9461953262737748,0.9351819577857265,0.939230146491047,0.9283365253669926,True,True,86|10,25|30|18|23,0.953658|0.946195,0.949369|0.935182,0.958543|0.959640|0.951194|0.939230,0.951764|0.954925|0.942679|0.928337
208,94,True,2,30.235805,17|19,18.49063670411985,18.425531914893618,0.9476179063220178,0.9467865670385744,0.9400964804682883,0.9321055159659891,0.9224701490705831,True,True,27|67,24|21|11|38,0.949681|0.946787,0.943217|0.940096,0.951491|0.966464|0.956777|0.932106,0.945883|0.958910|0.948560|0.922470
209,106,True,1,,19,19.0,19.0,0.9549438303377084,0.9549438303377084,0.9500856071760814,0.9166993336470368,0.9057453605310576,True,True,106,32|24|25|25,0.954944,0.950086,0.969015|0.969258|0.961436|0.916699,0.964652|0.964516|0.954709|0.905745
210,106,True,2,35.467684,18|23,18.580524344569287,18.660377358490567,0.9524425996232232,0.9506512052122729,0.9423053323042939,0.9457327082150213,0.936745197206494,True,True,92|14,29|26|16|35,0.952715|0.950651,0.948393|0.942305,0.959109|0.957981|0.945733|0.945872,0.954587|0.951722|0.937481|0.936745
211,94,True,2,34.720320,18|22,18.644194756554306,18.72340425531915,0.9545933653138661,0.9446267152386892,0.9342079658072336,0.9432276534133119,0.9332898335010658,True,True,77|17,26|24|21|23,0.956794|0.944627,0.952713|0.934208,0.961738|0.957262|0.955146|0.943228,0.956179|0.950377|0.947551|0.933290
212,103,True,2,34.544577,18|22,18.734082397003746,18.660194174757283,0.9560485363223311,0.9426467221250664,0.9328121656344952,0.9454461987490548,0.9355617728709498,True,True,86|17,29|20|34|20,0.958698|0.942647,0.955375|0.932812,0.964427|0.958289|0.953820|0.945446,0.960793|0.951014|0.948107|0.935562
213,91,True,2,34.513921,18|23,18.95505617977528,18.87912087912088,0.9587727298996958,0.9568414837578773,0.9524302628352804,0.954903186771476,0.9465687982272178,True,True,75|16,27|15|24|25,0.956841|0.967825,0.952430|0.959793,0.959067|0.967473|0.954903|0.956950,0.952350|0.963297|0.946569|0.947836
214,99,True,2,35.365688,18|23,18.674157303370787,18.606060606060606,0.9513964800312407,0.9482588457736095,0.9369475028487978,0.9426603407717651,0.9340530578358683,True,True,87|12,16|28|29|26,0.951829|0.948259,0.947659|0.936948,0.963032|0.953402|0.950873|0.942660,0.957839|0.946727|0.943225|0.934053
215,94,True,2,35.170717,18|24,18.674157303370787,19.085106382978722,0.9567152687195789,0.9529829645276332,0.948599393198876,0.9459364452216142,0.9360269906988367,True,True,77|17,25|26|17|26,0.952983|0.973620,0.948599|0.969251,0.957725|0.955493|0.945936|0.964014,0.950979|0.949750|0.936027|0.955334
216,97,True,2,35.986499,18|24,18.696629213483146,18.49484536082474,0.9510594975058337,0.9509354829987436,0.941521680541844,0.9370799790327662,0.9265972949321098,True,True,89|8,23|25|22|27,0.950935|0.952439,0.946408|0.941522,0.956906|0.956812|0.955567|0.937080,0.951498|0.949848|0.948008|0.926597
217,96,True,2,36.044734,18|24,18.696629213483146,18.5625,0.952338919987608,0.9513003362319745,0.9467488007103827,0.9435208117722986,0.9328023903653991,True,True,87|9,35|12|24|25,0.951300|0.962379,0.946749|0.954147,0.956137|0.959472|0.952419|0.943521,0.951324|0.948678|0.943651|0.932802
218,100,True,2,30.406384,17|19,18.370786516853933,18.5,0.94684770543227,0.9436118171290601,0.9357035177315699,0.9211461700472677,0.9097628222748138,True,True,25|75,19|17|33|31,0.943612|0.947926,0.935704|0.941277,0.946773|0.958603|0.964979|0.921146,0.940535|0.946416|0.960793|0.909763
219,98,True,2,35.037193,18|23,18.636704119850187,18.816326530612244,0.9546886618968042,0.9534542992918423,0.9494651346588366,0.9465216694177987,0.9382723189618719,True,True,82|16,30|21|27|20,0.953454|0.961015,0.949465|0.950739,0.959179|0.958049|0.946522|0.955450,0.954625|0.951389|0.938272|0.945003
220,104,True,2,35.676651,18|23,18.655430711610485,18.528846153846153,0.956288732633012,0.9484583736344231,0.9372914011844832,0.9503158355659869,0.9404050494596734,True,True,93|11,30|31|24|19,0.957215|0.948458,0.953707|0.937291,0.963272|0.957561|0.950316|0.950731,0.959156|0.952099|0.942455|0.940405
221,99,True,2,35.611753,18|23,18.56179775280899,18.80808080808081,0.9527565606076681,0.9523661367575402,0.9428102412250475,0.9439940294963991,0.9347740748235125,True,True,83|16,21|28|23|27,0.952832|0.952366,0.948713|0.942810,0.960850|0.959134|0.947890|0.943994,0.954918|0.953915|0.940391|0.934774
222,95,True,2,34.720990,18|23,18.749063670411985,19.105263157894736,0.9577728065830459,0.9564285381521024,0.9519614614683193,0.9535817328300086,0.9441098064485975,True,True,74|21,18|18|27|32,0.956429|0.962510,0.951961|0.955290,0.960719|0.953582|0.955564|0.960337,0.953019|0.944110|0.948190|0.953575
223,86,True,2,35.258594,18|23,18.730337078651687,18.697674418604652,0.9569323444721061,0.956505635253343,0.9501621195429574,0.9434152767991885,0.931859884513839,True,True,74|12,34|23|9|20,0.956506|0.959564,0.952039|0.950162,0.963938|0.959939|0.952821|0.943415,0.959511|0.954692|0.937166|0.931860
224,103,True,2,35.620454,18|24,18.674157303370787,18.75728155339806,0.9517313345823857,0.9495303846599887,0.9450060983062265,0.9428591934909529,0.9317014171815051,True,True,90|13,24|22|31|26,0.949530|0.966969,0.945006|0.960602,0.960141|0.961119|0.946000|0.942859,0.955066|0.955043|0.938719|0.931701
225,94,True,2,35.817449,18|24,18.741573033707866,18.4468085106383,0.9543307100218718,0.9531676169307362,0.9489678144855185,0.9474994650807438,0.935951509672814,True,True,87|7,31|22|20|21,0.953168|0.968786,0.948968|0.965839,0.954946|0.961259|0.952929|0.947499,0.948299|0.957142|0.944652|0.935952
226,102,True,2,35.817449,18|23,18.580524344569287,18.441176470588236,0.9501179131540034,0.9454035881290124,0.934793414829704,0.9371520829838651,0.9262129861270391,True,True,93|9,25|32|21|24,0.950574|0.945404,0.946077|0.934793,0.959648|0.960745|0.937152|0.937367,0.954822|0.956345|0.926213|0.926744
227,97,True,1,,19,19.0,19.0,0.9601868898033662,0.9601868898033662,0.9555856429313759,0.9337462611549366,0.9194614773951031,True,True,97,27|13|35|22,0.960187,0.955586,0.970948|0.972321|0.963998|0.933746,0.966297|0.966671|0.959318|0.919461
228,106,True,2,30.293313,17|19,18.45318352059925,18.49056603773585,0.9489856606619389,0.9474877757803998,0.9408331350980638,0.922550502534196,0.910602924590093,True,True,27|79,26|15|36|29,0.947488|0.949498,0.940833|0.943216,0.949855|0.962583|0.963987|0.922551,0.944247|0.952433|0.958934|0.910603
229,96,True,2,35.365688,18|23,18.674157303370787,18.572916666666668,0.9545251043747219,0.9541421471539215,0.9500644660543797,0.9469391487772288,0.9376098810742792,True,True,85|11,27|23|24|22,0.954142|0.957484,0.950064|0.951345,0.959891|0.963271|0.946939|0.947071,0.955030|0.959699|0.937926|0.937610
230,96,True,2,34.999822,18|23,18.655430711610485,18.9375,0.9521128651353141,0.9505986754589074,0.9452279672490684,0.9435313316220546,0.9321149088067866,True,True,78|18,28|20|20|28,0.950599|0.958674,0.945228|0.949869,0.959035|0.961873|0.944675|0.943531,0.952242|0.957158|0.934375|0.932115
231,109,True,2,35.689748,18|24,18.674157303370787,18.660550458715598,0.9527152425396299,0.951168111825026,0.9468714954736976,0.9432162215545962,0.933053450018693,True,True,97|12,41|23|17|28,0.951168|0.965221,0.946871|0.959552,0.959263|0.954752|0.949812|0.943216,0.954544|0.948344|0.938593|0.933053
232,95,True,2,35.698449,18|24,18.696629213483146,18.568421052631578,0.9547783136660499,0.9536630606337656,0.9491731289402172,0.9437516039849507,0.9304766739157622,True,True,86|9,21|25|28|21,0.953663|0.965435,0.949173|0.958136,0.960626|0.962562|0.951713|0.943752,0.955023|0.958414|0.944165|0.930477
233,88,True,1,,19,19.0,19.0,0.9568076856542327,0.9568076856542327,0.951591288414105,0.9179430889584526,0.9032032130468122,True,True,88,15|29|26|18,0.956808,0.951591,0.967931|0.968085|0.964718|0.917943,0.960654|0.963651|0.958930|0.903203
234,94,True,2,35.279930,18|23,18.59925093632959,18.851063829787233,0.9528837338248601,0.9527957926032804,0.9437676077860646,0.9447314870051313,0.936038709609061,True,True,78|16,17|24|24|29,0.952902|0.952796,0.948294|0.943768,0.961912|0.963001|0.946222|0.944731,0.956904|0.957009|0.937645|0.936039
235,97,True,2,35.432222,18|23,18.674157303370787,18.567010309278352,0.9494488567396778,0.9487610351648086,0.9398631930024567,0.9355091993095853,0.9258302906734366,True,True,86|11,30|22|22|23,0.949537|0.948761,0.944767|0.939863,0.959627|0.961656|0.935509|0.937831,0.954258|0.957001|0.925830|0.926994
236,98,True,2,36.138360,18|24,18.696629213483146,18.489795918367346,0.9517126028617225,0.9511739850482387,0.9462705255535131,0.9301984749902276,0.9185468840514119,True,True,90|8,23|25|24|26,0.951174|0.957772,0.946271|0.948688,0.961296|0.964205|0.952823|0.930198,0.955456|0.960956|0.944600|0.918547
237,102,True,2,34.443129,18|22,18.749063670411985,18.705882352941178,0.9541692511277643,0.9434201079465535,0.9337178470510235,0.9459230426745467,0.9371894008834689,True,True,84|18,29|13|35|25,0.956473|0.943420,0.952863|0.933718,0.964071|0.961056|0.949298|0.945923,0.960627|0.954699|0.942908|0.937189
238,100,True,2,35.676651,18|24,18.674157303370787,18.84,0.9546494998666532,0.9530650655334907,0.9489189478559348,0.9490793230821387,0.9397847636061232,True,True,86|14,18|31|23|28,0.953065|0.964382,0.948919|0.958527,0.957442|0.960427|0.951459|0.949079,0.950289|0.955348|0.944436|0.939785
239,91,True,2,35.647570,18|23,18.56179775280899,18.54945054945055,0.9558289426090318,0.9456004779724625,0.9358428280071416,0.9427445976402297,0.9342172183526574,True,True,81|10,20|28|21|22,0.957092|0.945600,0.953187|0.935843,0.966361|0.957895|0.956751|0.942745,0.961188|0.950985|0.950951|0.934217
240,94,True,2,35.733752,18|24,18.89887640449438,18.382978723404257,0.9527470483834118,0.9523165122287652,0.9381304510772523,0.9353673466218119,0.919474399643102,True,True,88|6,31|21|27|15,0.952776|0.952317,0.948269|0.938130,0.957744|0.959345|0.951534|0.935367,0.951566|0.953502|0.943822|0.919474
241,92,True,2,34.720990,18|22,18.689138576779026,18.565217391304348,0.9538847580744977,0.9406577889689427,0.9291337653252556,0.9401668685228042,0.9296220777005744,True,True,79|13,24|17|28|23,0.956061|0.940658,0.951919|0.929134,0.958041|0.957811|0.959207|0.940167,0.952000|0.950347|0.953298|0.929622
242,95,True,1,,19,19.0,19.0,0.9583845536852864,0.9583845536852864,0.9538262754560378,0.9240934294224818,0.914476468265366,True,True,95,27|16|29|23,0.958385,0.953826,0.971149|0.975654|0.964169|0.924093,0.967759|0.971417|0.958538|0.914476
243,105,True,2,35.365688,18|23,18.674157303370787,18.61904761904762,0.953120210227126,0.9522438226485588,0.9421557255509084,0.9450201246266297,0.9362737079222934,True,True,92|13,25|28|25|27,0.953244|0.952244,0.948757|0.942156,0.962652|0.958298|0.945020|0.946425,0.957668|0.951010|0.936738|0.936274
244,100,True,2,35.039376,18|23,18.59925093632959,19.0,0.9503615611835763,0.9488203406674796,0.9438371423384824,0.9442324030723636,0.9344682260291203,True,True,80|20,24|16|27|33,0.948820|0.956526,0.943837|0.947884,0.958616|0.958154|0.945898|0.944232,0.952877|0.950638|0.938016|0.934468
245,95,True,2,35.676651,18|23,18.59925093632959,18.473684210526315,0.9531141475702147,0.9509094887214982,0.9387339802897275,0.9460862330231046,0.9358923969535153,True,True,86|9,33|21|15|26,0.953345|0.950909,0.949173|0.938734,0.958051|0.955901|0.950534|0.946086,0.952746|0.948566|0.943033|0.935892
246,96,True,2,35.591373,18|23,18.655430711610485,18.625,0.9511629503976362,0.9507222930408904,0.9454840026069593,0.9424407484298057,0.9328902226840541,True,True,84|12,17|25|25|29,0.950722|0.954248,0.945812|0.945484,0.960009|0.957282|0.949146|0.942441,0.952656|0.949047|0.941320|0.932890
247,95,True,1,,19,19.0,19.0,0.9576051092184755,0.9576051092184755,0.9524349625181108,0.9345307457046964,0.9223163237800689,True,True,95,26|23|16|30,0.957605,0.952435,0.965967|0.971804|0.966871|0.934531,0.959649|0.967753|0.960335|0.922316
248,98,True,2,29.844894,17|19,18.59550561797753,18.510204081632654,0.9482448961958824,0.9463994720413366,0.9407933348287475,0.922765532988492,0.9113812462054158,True,True,24|74,26|24|20|28,0.946399|0.948843,0.940793|0.942418,0.948931|0.966964|0.960561|0.922766,0.943008|0.961091|0.953193|0.911381
249,111,True,2,35.330226,18|23,18.674157303370787,18.675675675675677,0.952291014500344,0.9520884316457549,0.9450869567347998,0.9428141302368768,0.9328720024753394,True,True,96|15,30|12|40|29,0.952088|0.953588,0.947577|0.945087,0.962014|0.959119|0.949821|0.942814,0.956949|0.948308|0.943320|0.932872
250,92,True,2,35.453559,18|23,18.580524344569287,18.543478260869566,0.953190967792155,0.9448033321867901,0.9333051510561919,0.939230769782835,0.9282799705632884,True,True,82|10,26|29|19|18,0.954214|0.944803,0.950092|0.933305,0.955320|0.959124|0.954448|0.939231,0.948546|0.954098|0.945529|0.928280
251,101,True,2,34.646074,18|23,18.655430711610485,18.940594059405942,0.9586519307076538,0.9572586372326537,0.9535856351290218,0.954243259910757,0.9488187362510361,True,True,82|19,19|25|28|29,0.957259|0.964665,0.953586|0.955568,0.968104|0.957627|0.954243|0.957600,0.963621|0.950979|0.949366|0.948819
252,108,True,1,,19,19.0,19.0,0.9580029314453772,0.9580029314453772,0.9533239454621288,0.9259168396748837,0.9122434408320687,True,True,108,22|34|27|25,0.958003,0.953324,0.969261|0.972622|0.960130|0.925917,0.964704|0.969868|0.954100|0.912243
253,94,True,2,35.453559,18|23,18.636704119850187,18.74468085106383,0.953766589347298,0.95327141195187,0.9446048698962757,0.9367194397695708,0.9261126042877643,True,True,80|14,28|11|29|26,0.953853|0.953271,0.949437|0.944605,0.962520|0.955753|0.959845|0.936719,0.957725|0.950868|0.955614|0.926113
254,95,True,2,35.015556,18|23,18.56179775280899,19.105263157894736,0.9529654354350302,0.9514783129421635,0.9467468747763735,0.9495612346242063,0.9416290198281003,True,True,74|21,12|23|24|36,0.951478|0.958206,0.946747|0.949422,0.955688|0.954024|0.955696|0.949561,0.947563|0.944939|0.949149|0.941629
255,99,True,2,34.198289,18|22,18.704119850187265,19.01010101010101,0.9563235424424079,0.9543542895064929,0.9456480740874084,0.9540660256350696,0.947118065909493,True,True,74|25,21|21|24|33,0.956989|0.954354,0.953427|0.945648,0.954934|0.962326|0.954066|0.955030,0.949240|0.958048|0.947118|0.947258
256,105,True,1,,19,19.0,19.0,0.9564505885324015,0.9564505885324015,0.9518157252567798,0.9316765190353666,0.921633380148528,True,True,105,21|27|23|34,0.956451,0.951816,0.971717|0.970341|0.962828|0.931677,0.968100|0.966380|0.956771|0.921633
257,101,True,2,34.817975,18|23,18.749063670411985,18.792079207920793,0.9577871619846526,0.956362926639116,0.9523618958172696,0.9546271380268143,0.9446615158356869,True,True,85|16,25|14|38|24,0.956363|0.965353,0.952362|0.957492,0.963151|0.959470|0.955634|0.954627,0.958555|0.950051|0.949961|0.944662
258,87,True,1,,19,19.0,19.0,0.9607725672027783,0.9607725672027783,0.9558340622231679,0.9345194478651908,0.9191959297554428,True,True,87,25|19|23|20,0.960773,0.955834,0.974016|0.968366|0.962933|0.934519,0.969360|0.962930|0.957017|0.919196
259,91,True,2,35.078934,18|23,18.580524344569287,18.98901098901099,0.9505517469546612,0.9495780488362806,0.9443620691103337,0.9439216626005875,0.9348392754401412,True,True,73|18,20|18|21|32,0.949578|0.954501,0.944362|0.944948,0.961255|0.957000|0.943922|0.944586,0.954222|0.949991|0.935471|0.934839
260,93,True,2,35.853479,18|24,18.696629213483146,18.64516129032258,0.9533282990013956,0.9516093147832828,0.946971377214343,0.9464672161646692,0.936187942077359,True,True,83|10,13|24|30|26,0.951609|0.967596,0.946971|0.961037,0.957547|0.957966|0.953736|0.946467,0.950440|0.950182|0.946864|0.936188
261,98,True,2,35.503502,18|23,18.580524344569287,18.867346938775512,0.9550525794865777,0.9493861168495561,0.9410609641333679,0.9467532362960811,0.9387911228842458,True,True,81|17,23|30|14|31,0.956242|0.949386,0.952227|0.941061,0.963332|0.956376|0.956992|0.946753,0.958476|0.950241|0.949180|0.938791
262,103,True,2,35.258594,18|23,18.56179775280899,18.776699029126213,0.9508477703852782,0.9507524660392939,0.943514995860069,0.942399418063847,0.933598774059882,True,True,87|16,18|24|21|40,0.950752|0.951366,0.945738|0.943515,0.962151|0.956587|0.950692|0.942399,0.955355|0.949841|0.942709|0.933599
263,92,True,2,35.330226,18|23,18.636704119850187,18.652173913043477,0.9539312489410259,0.9537179332702521,0.9488590070069909,0.9443880636172772,0.9333457629323693,True,True,80|12,22|21|25|24,0.953718|0.955353,0.948960|0.948859,0.960768|0.963630|0.948929|0.944388,0.955275|0.956640|0.941717|0.933346
264,111,True,2,35.875684,18|24,18.674157303370787,18.54054054054054,0.9531432156020622,0.9522071164282465,0.9477958722102792,0.9432069734940478,0.9337144751406314,True,True,101|10,33|25|17|36,0.952207|0.962598,0.947796|0.954991,0.958132|0.963405|0.949410|0.943207,0.952962|0.959508|0.938243|0.933714
265,96,True,2,35.054024,18|22,18.44943820224719,18.75,0.949765148330839,0.9443383308624342,0.9343302394573632,0.9331424444261681,0.9234783658875719,True,True,78|18,30|15|20|31,0.951017|0.944338,0.945767|0.934330,0.961742|0.958770|0.950812|0.933142,0.956495|0.950328|0.941345|0.923478
266,101,True,2,35.591373,18|24,18.741573033707866,18.77227722772277,0.957668578302727,0.9564791206325971,0.9524127353516557,0.9514875947267393,0.9429859049796153,True,True,88|13,19|32|28|22,0.956479|0.965720,0.952413|0.959603,0.964812|0.959924|0.951488|0.956085,0.959417|0.954453|0.942986|0.947424
267,106,True,2,35.294055,18|23,18.580524344569287,18.849056603773583,0.953237702949255,0.9526186905504704,0.9474453692660821,0.9420527146724098,0.9330544191077592,True,True,88|18,29|15|27|35,0.952619|0.956264,0.948141|0.947445,0.963196|0.958324|0.954216|0.942053,0.958904|0.952293|0.946847|0.933054
268,101,True,2,34.746042,18|23,18.692883895131086,18.99009900990099,0.9555761673733908,0.9532606791414578,0.9482908731154804,0.9385597758175441,0.9267693562266052,True,True,81|20,29|22|17|33,0.953261|0.964954,0.948291|0.957501,0.960950|0.963180|0.938560|0.954550,0.955407|0.958684|0.926769|0.945023
269,102,True,2,34.773651,18|23,18.59925093632959,19.029411764705884,0.9543358251320835,0.952698467624478,0.9484346654490452,0.9512765075850113,0.9439442558916923,True,True,81|21,17|16|19|50,0.952698|0.960651,0.948435|0.952244,0.954553|0.964530|0.951277|0.952162,0.949316|0.959991|0.943944|0.945343
270,98,True,2,35.365688,18|23,18.580524344569287,18.56122448979592,0.9532891773140885,0.9525433118645933,0.948071450905237,0.9439690365278177,0.9321535645176309,True,True,87|11,25|25|25|23,0.952543|0.959188,0.948071|0.949775,0.958477|0.959394|0.950572|0.943969,0.953032|0.953201|0.942524|0.932154
271,88,True,2,35.937176,18|23,18.655430711610485,18.397727272727273,0.9533855558066064,0.939515486934989,0.9257062998357859,0.9364588976784787,0.9244881381389822,True,True,81|7,22|19|26|21,0.954584|0.939515,0.949975|0.925706,0.966232|0.960586|0.950925|0.936459,0.962425|0.954823|0.942869|0.924488
272,95,True,2,35.116515,18|23,18.674157303370787,18.94736842105263,0.9539148175867221,0.9517672556214565,0.9473817079084556,0.9435945207052212,0.934719961429828,True,True,77|18,22|21|27|25,0.951767|0.963102,0.947382|0.955075,0.959246|0.957019|0.943595|0.957762,0.953399|0.950769|0.934720|0.949718
273,98,True,2,35.647570,18|24,18.674157303370787,18.73469387755102,0.9548735725663994,0.9535760086660096,0.9493036290828825,0.9504831714652789,0.9438424936014018,True,True,86|12,19|13|36|30,0.953576|0.964173,0.949304|0.957703,0.955924|0.963086|0.950483|0.955918,0.949284|0.957646|0.943842|0.947442
274,95,True,2,35.078934,18|23,18.56179775280899,18.842105263157894,0.9545741045316771,0.9532905738130844,0.9485923010509417,0.950813739036277,0.9409886559127874,True,True,79|16,20|26|15|34,0.953291|0.960912,0.948592|0.950612,0.962067|0.955588|0.951349|0.950814,0.957096|0.949960|0.941483|0.940989
275,96,True,1,,19,19.0,19.0,0.9572082092170469,0.9572082092170469,0.9525147420564096,0.9258673726875585,0.9149719528260747,True,True,96,38|20|19|19,0.957208,0.952515,0.969520|0.969486|0.951002|0.925867,0.964824|0.964206|0.939857|0.914972
276,98,True,2,35.817449,18|23,18.56179775280899,18.510204081632654,0.9511002753383168,0.9455881447099804,0.9338472050686132,0.9334787240793483,0.9214659330946964,True,True,88|10,20|35|22|21,0.951727|0.945588,0.947541|0.933847,0.955555|0.959656|0.950259|0.933479,0.948234|0.955963|0.942968|0.921466
277,106,True,1,,19,19.0,19.0,0.9592012589461795,0.9592012589461795,0.9553527246890172,0.9349719028096722,0.9234410952675292,True,True,106,22|28|34|22,0.959201,0.955353,0.969561|0.970333|0.959008|0.934972,0.964835|0.966128|0.953924|0.923441
278,106,True,2,35.698449,18|24,18.674157303370787,18.50943396226415,0.9511224697289324,0.95042196653182,0.9460861128228442,0.9375364314107446,0.9250223942471192,True,True,97|9,25|29|29|23,0.950422|0.958672,0.946086|0.949392,0.960258|0.955284|0.949861|0.937536,0.955212|0.949166|0.942908|0.925022
279,96,True,2,35.591373,18|23,18.59925093632959,18.520833333333332,0.9521619446959463,0.9514947799254058,0.9406517539404204,0.9371311137788441,0.9262674031619683,True,True,86|10,26|27|24|19,0.952240|0.951495,0.947775|0.940652,0.959252|0.956108|0.951942|0.937131,0.953078|0.949276|0.943208|0.926267
280,95,True,2,35.720654,18|23,18.56179775280899,18.526315789473685,0.9503626844281814,0.9459137271745309,0.9344252287158826,0.9338208044891002,0.922038492110743,True,True,85|10,30|35|9|21,0.950886|0.945914,0.946203|0.934425,0.955382|0.956407|0.948725|0.933821,0.949018|0.951292|0.930751|0.922038
281,94,True,2,35.611753,18|23,18.655430711610485,18.585106382978722,0.9527284797659781,0.9517500713872729,0.9387658783033362,0.9472496528339936,0.937516166221417,True,True,83|11,20|21|29|24,0.952858|0.951750,0.948859|0.938766,0.954624|0.956642|0.953122|0.947250,0.947098|0.949899|0.946892|0.937516
282,106,True,2,35.170717,18|23,18.56179775280899,18.849056603773583,0.9562467887311324,0.9561650733776959,0.9488731929199777,0.9526480902238561,0.9449908393554591,True,True,88|18,20|30|25|31,0.956165|0.956646,0.952427|0.948873,0.961868|0.958991|0.952648|0.952866,0.956796|0.953552|0.945798|0.944991
283,106,True,2,35.691574,18|24,18.921348314606742,18.452830188679247,0.9509086901291868,0.9499985160795158,0.9458171249009308,0.9407158289577223,0.9294873079625624,True,True,98|8,27|32|26|21,0.949999|0.962058,0.945817|0.952962,0.958624|0.954901|0.946216|0.940716,0.952783|0.948319|0.938305|0.929487
284,100,True,2,35.591373,18|23,18.59925093632959,18.65,0.9521381684904366,0.9480693583895465,0.9388186031307548,0.94319566384511,0.9339278570885771,True,True,87|13,25|22|25|28,0.952746|0.948069,0.948510|0.938819,0.963357|0.958026|0.945753|0.943196,0.958159|0.952473|0.938278|0.933928
285,98,True,2,34.440085,18|23,18.93632958801498,19.020408163265305,0.9591775902482074,0.957732000978073,0.9539390273055742,0.9522316950811127,0.9442934668359751,True,True,78|20,33|16|25|24,0.957732|0.964815,0.953939|0.958140,0.959769|0.961863|0.952232|0.963810,0.954646|0.954131|0.944293|0.957696
286,99,True,2,34.412473,18|23,19.10486891385768,18.858585858585858,0.9598736023033655,0.9590229473905736,0.9556710314577053,0.9549729203710791,0.9478833480658905,True,True,82|17,25|29|27|18,0.959023|0.963977,0.955671|0.955927,0.964124|0.960196|0.954973|0.960802,0.960582|0.955065|0.947883|0.951589
287,95,True,2,35.817449,18|23,18.617977528089888,18.473684210526315,0.949657392209123,0.9494684121068149,0.939769273523273,0.9356790281812204,0.923395068130561,True,True,86|9,20|30|25|20,0.949468|0.951463,0.944594|0.939769,0.960033|0.953831|0.947531|0.935679,0.953366|0.947330|0.938003|0.923395
288,101,True,2,34.505326,18|22,18.674157303370787,18.633663366336634,0.9557121947001511,0.9476847722160953,0.9359177199103318,0.9446995289932474,0.9344311067989781,True,True,85|16,27|22|22|30,0.957223|0.947685,0.953262|0.935918,0.963092|0.960292|0.957093|0.944700,0.958289|0.954988|0.951900|0.934431
289,92,True,2,35.647570,18|23,18.56179775280899,18.434782608695652,0.9531871085720813,0.944550192889076,0.9331618046530259,0.9353108702775663,0.9232281619101842,True,True,84|8,26|24|24|18,0.954010|0.944550,0.949869|0.933162,0.956560|0.958281|0.957847|0.935311,0.950737|0.951719|0.952039|0.923228
290,99,True,2,35.817449,18|24,18.719101123595507,18.606060606060606,0.9515688082011147,0.9503218470564146,0.9453644244039462,0.9444390061960652,0.9341065006069514,True,True,89|10,19|24|24|32,0.950322|0.962667,0.945364|0.954337,0.958162|0.959170|0.948254|0.944439,0.953324|0.951694|0.939070|0.934107
291,99,True,2,35.676651,18|24,18.786516853932586,18.666666666666668,0.9530784230818002,0.9513628739534791,0.9471272335410165,0.9464467241430176,0.9384034458182806,True,True,88|11,23|29|25|22,0.951363|0.966803,0.947127|0.960789,0.956035|0.958577|0.946447|0.950275,0.950118|0.952705|0.938403|0.939192
292,98,True,1,,19,19.0,19.0,0.9575987303537056,0.9575987303537056,0.9530947655285853,0.9287842456919003,0.9182216497160294,True,True,98,21|30|23|24,0.957599,0.953095,0.968458|0.968615|0.963382|0.928784,0.962649|0.963264|0.957157|0.918222
293,107,True,2,34.587606,18|23,18.730337078651687,18.934579439252335,0.9557381268240279,0.9548229103742791,0.9510702690443686,0.9507196515918502,0.9435380756943681,True,True,87|20,21|30|22|34,0.954823|0.959719,0.951070|0.951282,0.961909|0.956862|0.950720|0.954182,0.956168|0.950663|0.943538|0.946969
294,91,True,2,35.166811,18|24,18.674157303370787,18.98901098901099,0.9544555619889817,0.9519857392652952,0.9471141203284313,0.9509277864091512,0.940687319795566,True,True,76|15,19|15|24|33,0.951986|0.966969,0.947114|0.957921,0.958013|0.954787|0.956282|0.950928,0.950679|0.945930|0.951527|0.940687
295,98,True,2,35.689748,18|24,18.696629213483146,18.612244897959183,0.9547275184234403,0.9534789622873464,0.9490792741390616,0.9487790745570108,0.9400185988977905,True,True,88|10,19|17|26|36,0.953479|0.965715,0.949079|0.958802,0.958344|0.962404|0.955302|0.948779,0.951428|0.956121|0.949040|0.940019
296,93,True,2,34.721552,18|22,18.65917602996255,18.86021505376344,0.9535466438988343,0.9467998273893061,0.9369243234084115,0.9445131140428109,0.9363695666896794,True,True,73|20,24|12|25|32,0.955395|0.946800,0.950855|0.936924,0.966280|0.965528|0.947134|0.944513,0.962532|0.958643|0.938598|0.936370
297,100,True,2,35.381927,18|23,18.674157303370787,18.45,0.9540756443171081,0.9539268798522078,0.9479502228413862,0.941605618984527,0.9311660499134065,True,True,91|9,28|26|20|26,0.953927|0.955580,0.949765|0.947950,0.956585|0.963100|0.955042|0.941606,0.951649|0.958581|0.946705|0.931166
298,94,True,2,35.591373,18|23,18.617977528089888,18.638297872340427,0.9568392674361038,0.9538430384178384,0.9459385585806469,0.9513861946375511,0.9442985152513965,True,True,82|12,17|26|26|25,0.957278|0.953843,0.953750|0.945939,0.959787|0.962974|0.951386|0.954126,0.952918|0.959119|0.944299|0.946999
299,91,True,2,34.533138,18|23,19.10486891385768,18.65934065934066,0.9569909283919885,0.9556493975828932,0.9512749701362926,0.949251282344545,0.9410667613161031,True,True,79|12,19|29|26|17,0.955649|0.965823,0.951275|0.955151,0.962823|0.960103|0.949251|0.957000,0.957401|0.955537|0.941067|0.942320
300,93,True,2,31.966590,17|20,18.43820224719101,18.387096774193548,0.9462126833550379,0.9442047670076588,0.9391542747587808,0.9387399105417675,0.927897231094027,True,True,50|43,23|22|20|28,0.944205|0.948547,0.939154|0.940286,0.945221|0.941788|0.962683|0.938740,0.938374|0.932970|0.955746|0.927897
301,99,True,2,35.258594,18|23,18.749063670411985,18.555555555555557,0.9557732802931219,0.9552390031178994,0.9502121542893313,0.950929806894096,0.9373206209192018,True,True,88|11,35|23|23|18,0.955239|0.960047,0.951085|0.950212,0.956198|0.959553|0.955138|0.950930,0.950235|0.954339|0.947626|0.937321
302,106,True,2,34.544577,18|23,19.029962546816478,18.70754716981132,0.9580456582386954,0.9574426714208573,0.953460993534085,0.9508042463366733,0.9432228330553766,True,True,91|15,13|39|32|22,0.957443|0.961704,0.954133|0.953461,0.950804|0.961818|0.953664|0.962011,0.943223|0.957390|0.947278|0.955404
303,99,True,2,35.488419,18|24,18.696629213483146,18.848484848484848,0.9548157997998948,0.9528936920970216,0.9482035737722726,0.9486302270287857,0.9379214009124441,True,True,85|14,21|23|25|30,0.952894|0.966486,0.948204|0.958833,0.960495|0.962431|0.950461|0.948630,0.955007|0.956716|0.942830|0.937921
304,98,True,2,34.999612,18|22,18.47940074906367,18.816326530612244,0.9531874165353402,0.942696695263113,0.9346214919501269,0.9397618549667958,0.9307593063125373,True,True,78|20,26|25|17|30,0.955877|0.942697,0.951397|0.934621,0.960834|0.963870|0.949475|0.939762,0.955108|0.960678|0.939366|0.930759
305,105,True,2,35.467684,18|24,18.719101123595507,18.857142857142858,0.9541872306374956,0.9526500832023584,0.948358724208181,0.9452752839531212,0.9355562546850076,True,True,90|15,23|34|21|27,0.952650|0.963410,0.948359|0.957553,0.960642|0.957443|0.945275|0.951521,0.954720|0.952263|0.935556|0.942076
306,91,True,2,36.044734,18|24,18.674157303370787,18.46153846153846,0.9524589794884195,0.9515439324040319,0.9469455821210316,0.9463657644237581,0.9359811016916738,True,True,84|7,14|24|25|28,0.951544|0.963440,0.946946|0.953734,0.960047|0.959212|0.948551|0.946366,0.953168|0.953449|0.940763|0.935981
307,90,True,2,34.720320,18|22,18.584269662921347,18.755555555555556,0.9537931218370588,0.9441498651036921,0.933317470205007,0.9446824926903845,0.9346642186855321,True,True,73|17,26|25|18|21,0.956039|0.944150,0.951871|0.933317,0.955089|0.959483|0.954648|0.944682,0.948334|0.953717|0.944799|0.934664
308,92,True,2,35.676651,18|23,18.580524344569287,18.597826086956523,0.9524076714449403,0.9448531362119792,0.9342992585431439,0.9353393595695655,0.9226910462320356,True,True,81|11,17|20|35|20,0.953434|0.944853,0.948546|0.934299,0.961734|0.959736|0.953443|0.935339,0.956492|0.951488|0.946829|0.922691
309,102,True,1,,19,19.0,19.0,0.9562685997094382,0.9562685997094382,0.9512515432793621,0.9298530896544952,0.9166515327915581,True,True,102,23|30|21|28,0.956269,0.951252,0.967605|0.971402|0.957454|0.929853,0.963386|0.967435|0.949691|0.916652
310,98,True,2,35.330226,18|23,18.692883895131086,18.714285714285715,0.9528829900566387,0.9526620129287495,0.9444751560193377,0.9364376157900707,0.9253694577123752,True,True,84|14,20|20|32|26,0.952662|0.954209,0.948158|0.944475,0.959997|0.965312|0.954031|0.936438,0.953666|0.961653|0.948667|0.925369
311,83,True,2,35.698449,18|24,18.674157303370787,18.650602409638555,0.9557659189269079,0.9547863873216477,0.9507097465539804,0.9542955011975617,0.9465407360116933,True,True,74|9,20|18|17|28,0.954786|0.963820,0.950710|0.956353,0.954609|0.960451|0.954296|0.954473,0.949147|0.951593|0.947856|0.946541
312,93,True,1,,19,19.0,19.0,0.9567292533965152,0.9567292533965152,0.9517427824762952,0.9122933184891214,0.88852323405395,True,False,93,30|19|33|11,0.956729,0.951743,0.968937|0.966111|0.955042|0.912293,0.964301|0.960128|0.948587|0.888523
313,97,True,2,35.611753,18|23,18.674157303370787,18.463917525773194,0.9541771690474184,0.9490484707245963,0.9333708632078881,0.9390550300540862,0.9266923506265146,True,True,88|9,28|20|27|22,0.954702|0.949048,0.950283|0.933371,0.957666|0.965772|0.954293|0.939055,0.951108|0.961322|0.947189|0.926692
314,100,True,2,35.078934,18|23,18.617977528089888,18.9,0.9534268539023663,0.9517086997694202,0.9470531829477499,0.9452440664519597,0.9340170647855829,True,True,82|18,23|26|24|27,0.951709|0.961254,0.947053|0.952706,0.960081|0.956623|0.952793|0.945244,0.954290|0.951146|0.944649|0.934017
315,94,True,2,35.733752,18|24,18.696629213483146,18.51063829787234,0.9540858942803437,0.9536463396091425,0.9490607919124676,0.9419290221340297,0.9272138461539923,True,True,86|8,24|29|26|15,0.953646|0.958811,0.949061|0.949180,0.964978|0.956097|0.948802|0.941929,0.960161|0.950076|0.939543|0.927214
316,103,True,2,35.795244,18|24,18.696629213483146,18.75728155339806,0.953775786925472,0.9526373106341132,0.948490112809309,0.943574855083972,0.9316071584347977,True,True,90|13,25|37|19|22,0.952637|0.961658,0.948490|0.954621,0.953985|0.957824|0.957429|0.943575,0.947354|0.952994|0.950623|0.931607
317,102,True,2,36.044734,18|24,18.696629213483146,18.529411764705884,0.9523905743059166,0.9512366357432921,0.9467068536607257,0.9441930490252266,0.9299334640782673,True,True,93|9,35|16|34|17,0.951237|0.964315,0.946707|0.957998,0.959042|0.956050|0.947921|0.944193,0.953560|0.948120|0.940229|0.929933
318,100,True,2,35.611753,18|23,18.580524344569287,18.6,0.9524043738068009,0.9522606796503155,0.9424015116710432,0.9406473972528917,0.9292899948809905,True,True,88|12,24|25|25|26,0.952261|0.953458,0.947842|0.942402,0.960455|0.954480|0.954828|0.940647,0.955364|0.948342|0.947720|0.929290
319,103,True,2,35.467684,18|22,18.47940074906367,18.54368932038835,0.9488808161100549,0.9362211956969799,0.9260808104375545,0.9336838621627399,0.9240192408504851,True,True,89|14,30|27|19|27,0.950872|0.936221,0.946235|0.926081,0.959613|0.958555|0.939783|0.933684,0.954170|0.953071|0.928395|0.924019
320,97,True,2,35.116515,18|23,18.617977528089888,18.876288659793815,0.9538470039625921,0.9531180366338973,0.9487690404036547,0.9473307158773886,0.9380001414391426,True,True,80|17,20|30|17|30,0.953118|0.957277,0.948769|0.948801,0.960326|0.958027|0.950348|0.947331,0.954947|0.953076|0.940959|0.938000
321,104,True,2,35.676651,18|24,18.89887640449438,18.634615384615383,0.9574162732737578,0.9565443922542444,0.9525512939883359,0.9504523240090119,0.9428929767069542,True,True,93|11,25|28|30|21,0.956544|0.964788,0.952551|0.957307,0.964192|0.960905|0.950452|0.954647,0.959043|0.955834|0.942893|0.943635
322,92,True,2,34.533138,18|23,19.029962546816478,18.652173913043477,0.9574709484429441,0.9571092541887932,0.9522293602526503,0.953844803582756,0.9429441506391559,True,True,80|12,29|27|18|18,0.957109|0.959882,0.953339|0.952229,0.961566|0.955060|0.953845|0.958116,0.956791|0.949853|0.942944|0.949741
323,104,True,1,,19,19.0,19.0,0.9593532963915643,0.9593532963915643,0.9553609988522961,0.925631288323072,0.9116598138603244,True,True,104,26|24|37|17,0.959353,0.955361,0.968653|0.970697|0.960955|0.925631,0.964444|0.967165|0.956036|0.911660
324,93,True,2,36.044734,18|23,18.59925093632959,18.483870967741936,0.9521647036126857,0.9434559667804248,0.9303558641410978,0.9373374680022379,0.9284463914823242,True,True,84|9,19|28|16|30,0.953098|0.943456,0.948620|0.930356,0.962279|0.959654|0.954849|0.937337,0.957234|0.953980|0.944702|0.928446
325,105,True,1,,19,19.0,19.0,0.9572201485348247,0.9572201485348247,0.9526947926193623,0.9358015439282491,0.9263595770916317,True,True,105,27|18|25|35,0.957220,0.952695,0.973297|0.971901|0.959273|0.935802,0.969784|0.967472|0.952230|0.926360
326,99,True,2,34.721552,18|23,19.06741573033708,18.454545454545453,0.9564299659520796,0.9555695907328025,0.9520365424110903,0.9525142345526096,0.9383141592355956,True,True,90|9,41|23|22|13,0.955570|0.965034,0.952037|0.954702,0.958466|0.958550|0.952734|0.952514,0.954425|0.953034|0.944163|0.938314
327,95,True,2,35.591373,18|23,18.617977528089888,18.736842105263158,0.952671511133647,0.9474897243544053,0.938938691361705,0.9434781942681808,0.933494480726879,True,True,81|14,19|23|22|31,0.953567|0.947490,0.948863|0.938939,0.964182|0.963998|0.943478|0.943737,0.957929|0.958820|0.933494|0.935815
328,91,True,1,,19,19.0,19.0,0.9574692781524902,0.9574692781524902,0.9529251318598422,0.9191218555671705,0.9056511704078449,True,True,91,22|22|33|14,0.957469,0.952925,0.969220|0.964576|0.961166|0.919122,0.964083|0.957716|0.955492|0.905651
329,99,True,2,34.357014,18|23,19.06741573033708,18.90909090909091,0.958937060847335,0.9577840745398852,0.9542743278752149,0.9552974649687818,0.9493184155874783,True,True,81|18,20|35|17|27,0.957784|0.964125,0.954274|0.956629,0.955297|0.960596|0.957624|0.960309,0.950413|0.955798|0.949318|0.952556
330,92,True,1,,19,19.0,19.0,0.9572225088908884,0.9572225088908884,0.9520806244840262,0.9236813854198231,0.9098018320802808,True,True,92,27|26|18|21,0.957223,0.952081,0.971108|0.966055|0.962767|0.923681,0.966381|0.960043|0.955480|0.909802
331,102,True,2,35.676651,18|24,18.696629213483146,18.764705882352942,0.9549334907362967,0.9540230509979098,0.950187425701994,0.9502580746524397,0.9425566135904401,True,True,89|13,26|20|27|29,0.954023|0.961167,0.950187|0.953679,0.959377|0.961123|0.950258|0.951034,0.953786|0.955631|0.943814|0.942557
332,95,True,2,35.720654,18|23,18.56179775280899,18.526315789473685,0.9542901551494716,0.9501284901703431,0.9395762736844454,0.9379108239058607,0.9285220619798473,True,True,85|10,30|17|22|26,0.954780|0.950128,0.950330|0.939576,0.961567|0.965146|0.955336|0.937911,0.955169|0.958343|0.949136|0.928522
333,102,True,2,35.432222,18|23,18.655430711610485,18.637254901960784,0.9559320984169046,0.9557104986717231,0.9506787612298984,0.951113428281646,0.9438150928456248,True,True,89|13,25|20|24|33,0.955710|0.957449,0.952016|0.950679,0.962837|0.958421|0.953291|0.951113,0.957960|0.951520|0.947357|0.943815
334,101,True,2,35.365688,18|24,18.764044943820224,18.77227722772277,0.9563878904719465,0.9542139496125984,0.9505385581399391,0.9486531938763996,0.9392822996367194,True,True,88|13,27|30|19|25,0.954214|0.971104,0.950539|0.964643,0.958328|0.957986|0.948653|0.958254,0.954034|0.953260|0.939282|0.948902
335,87,True,1,,19,19.0,19.0,0.9584909779593331,0.9584909779593331,0.9537996196570543,0.9190539591658797,0.903235796069531,True,True,87,28|29|16|14,0.958491,0.953800,0.966504|0.969052|0.959834|0.919054,0.961578|0.964763|0.952409|0.903236
336,98,True,2,35.733752,18|24,18.674157303370787,18.612244897959183,0.9517347447126865,0.9500026244184095,0.945589883849337,0.945574480349938,0.9348278594374223,True,True,88|10,27|21|27|23,0.950003|0.966977,0.945590|0.963964,0.957541|0.957912|0.946372|0.945574,0.951443|0.951165|0.938442|0.934828
337,99,True,2,35.817449,18|24,18.741573033707866,18.424242424242426,0.9526361733496551,0.9519071604455839,0.9473676005192013,0.9397553853416373,0.9259171731364817,True,True,92|7,25|21|32|21,0.951907|0.962217,0.947368|0.952109,0.960294|0.958117|0.951509|0.939755,0.954594|0.951334|0.944832|0.925917
338,89,True,2,35.344351,18|23,18.636704119850187,18.730337078651687,0.9537749606317013,0.9527951300293503,0.9477553729770694,0.9406613425337009,0.9259958175584898,True,True,76|13,22|29|11|27,0.952795|0.959503,0.947755|0.951333,0.965162|0.959751|0.940661|0.943420,0.961443|0.954984|0.925996|0.932445
339,104,True,2,35.986499,18|24,18.674157303370787,18.46153846153846,0.9527894036724222,0.9525058091525804,0.9405896346926894,0.9382190662856709,0.9239526697792934,True,True,96|8,35|36|17|16,0.952813|0.952506,0.948526|0.940590,0.956910|0.958445|0.946041|0.938219,0.950975|0.953592|0.934049|0.923953
340,99,True,2,34.920501,18|23,18.580524344569287,18.858585858585858,0.954387164269935,0.9539069305644615,0.9480326756232456,0.9489973673434202,0.9395545881812852,True,True,82|17,21|27|20|31,0.953907|0.956704,0.949394|0.948033,0.957466|0.961750|0.948997|0.949367,0.951827|0.956325|0.940999|0.939555
341,106,True,2,34.897297,18|23,18.56179775280899,19.037735849056602,0.9550107788014651,0.9534831569457954,0.949062684449511,0.9468261462096336,0.9377558801294174,True,True,84|22,21|27|23|35,0.953483|0.960844,0.949063|0.952718,0.959303|0.961218|0.946826|0.953026,0.953756|0.956365|0.937756|0.944338
342,96,True,2,35.676651,18|24,18.674157303370787,18.875,0.9525355699582305,0.9511271851232973,0.9462523882915832,0.9467460379974164,0.938304506019046,True,True,82|14,19|24|27|26,0.951127|0.960785,0.946252|0.954124,0.962856|0.955220|0.946746|0.948528,0.957108|0.947435|0.938305|0.938556
343,89,True,1,,19,19.0,19.0,0.9543566464764202,0.9543566464764202,0.9491030797720025,0.9079543796127636,0.8950070981560446,True,False,89,22|23|28|16,0.954357,0.949103,0.969364|0.969163|0.956918|0.907954,0.964009|0.965641|0.950053|0.895007
344,100,True,2,36.211036,18|24,18.674157303370787,18.42,0.9496488225981875,0.9487889213502071,0.9441490953454764,0.9327924103663909,0.9229744031486351,True,True,93|7,23|24|22|31,0.948789|0.961073,0.944149|0.950125,0.958899|0.956941|0.955775|0.932792,0.952587|0.950213|0.948836|0.922974
345,101,True,2,35.711953,18|24,18.674157303370787,18.712871287128714,0.9538828453226544,0.9521426147478267,0.9480680557730955,0.9485505378675982,0.9382626049600036,True,True,89|12,25|25|26|25,0.952143|0.966790,0.948068|0.960452,0.956482|0.955742|0.954723|0.948551,0.950030|0.949263|0.948505|0.938263
346,90,True,2,35.698449,18|23,18.617977528089888,18.5,0.9534916132242548,0.9447393684370842,0.9335505357098197,0.9438061829179192,0.9326845876147174,True,True,81|9,28|32|14|16,0.954464|0.944739,0.950398|0.933551,0.955438|0.956587|0.953592|0.943806,0.947949|0.951319|0.944999|0.932685
347,107,True,2,35.453559,18|23,18.749063670411985,18.514018691588785,0.9556804986197384,0.9510978900430195,0.9418515208824574,0.9394381398186915,0.9288844900573582,True,True,96|11,27|38|22|20,0.956206|0.951098,0.952659|0.941852,0.959738|0.961260|0.955828|0.939438,0.955034|0.957036|0.948745|0.928884
348,93,True,2,34.999822,18|23,18.655430711610485,18.64516129032258,0.9545885713685952,0.9541410361030009,0.944292404622387,0.9493674411577618,0.942464722388941,True,True,81|12,19|29|16|29,0.954655|0.954141,0.950727|0.944292,0.959577|0.957269|0.949367|0.951520,0.953756|0.952174|0.942465|0.942580
349,104,True,2,35.817449,18|24,18.741573033707866,18.46153846153846,0.9546672458527442,0.9540409156323525,0.9501704150027721,0.9446888492935277,0.9320453090721055,True,True,96|8,25|36|25|18,0.954041|0.962183,0.950170|0.952225,0.961398|0.959421|0.948275|0.944689,0.956140|0.954577|0.940578|0.932045
350,100,True,2,35.591373,18|23,18.56179775280899,18.7,0.9512136778355087,0.9506963712139076,0.9417729133800993,0.9439141351028542,0.9347654707911258,True,True,86|14,19|24|27|30,0.951298|0.950696,0.946782|0.941773,0.956446|0.959062|0.948665|0.943914,0.950076|0.952319|0.940971|0.934765
351,95,True,2,35.258594,18|23,18.692883895131086,18.842105263157894,0.9554550440899632,0.954032499661089,0.9492818280703762,0.9440091389203284,0.9309454621543749,True,True,79|16,33|19|18|25,0.954032|0.962479,0.949282|0.952561,0.959495|0.960472|0.958649|0.944009,0.954694|0.953953|0.952424|0.930945
352,100,True,1,,19,19.0,19.0,0.9563699657524157,0.9563699657524157,0.9517555010925672,0.9139403295923114,0.9006891717545392,True,True,100,38|26|18|18,0.956370,0.951756,0.966250|0.966651|0.963091|0.913940,0.962283|0.961659|0.956990|0.900689
353,105,True,2,34.505326,18|22,18.734082397003746,18.761904761904763,0.9577763701682643,0.9520158290380267,0.9451138360688387,0.9492602392734052,0.9420039248282219,True,True,85|20,30|25|23|27,0.959132|0.952016,0.955773|0.945114,0.960964|0.964539|0.956266|0.949260,0.956604|0.960138|0.949047|0.942004
354,97,True,2,36.113195,18|24,18.674157303370787,18.49484536082474,0.9515258428700507,0.951200830529854,0.9413144566964454,0.9355515769921623,0.9236059933614443,True,True,89|8,12|32|27|26,0.951201|0.955142,0.946397|0.941314,0.962160|0.963997|0.947401|0.935552,0.953877|0.961008|0.939418|0.923606
355,98,True,2,35.221012,18|22,18.44943820224719,18.693877551020407,0.9484577441871563,0.9391557799288488,0.9280779318037676,0.932706097605618,0.9239740702678488,True,True,81|17,29|22|16|31,0.950410|0.939156,0.946027|0.928078,0.956273|0.958529|0.950964|0.932706,0.950297|0.952388|0.943479|0.923974
356,109,True,1,,19,19.0,19.0,0.958328248203691,0.958328248203691,0.954026477626952,0.9187523796029845,0.9055305579169048,True,True,109,35|29|28|17,0.958328,0.954026,0.970306|0.968308|0.957048|0.918752,0.966097|0.963228|0.950275|0.905531
357,98,True,2,34.745373,18|23,18.655430711610485,18.816326530612244,0.95531954661703,0.9540089342150899,0.9496520846810425,0.9463541168615363,0.9353828503354819,True,True,82|16,26|23|18|31,0.954009|0.962036,0.949652|0.954107,0.956017|0.955998|0.946354|0.959437,0.950435|0.948494|0.935383|0.951921
358,90,True,2,35.591373,18|23,18.655430711610485,18.444444444444443,0.9511870837837677,0.9428046036431661,0.9291678044637434,0.9414232722848557,0.9292953228007489,True,True,82|8,20|31|25|14,0.952005|0.942805,0.947523|0.929168,0.959992|0.955182|0.944657|0.941423,0.955376|0.948291|0.935131|0.929295
359,94,True,2,35.676651,18|23,18.580524344569287,18.585106382978722,0.9524378774795311,0.9440307856794816,0.9341535452750093,0.9449192819440195,0.9373117109808823,True,True,83|11,22|18|16|38,0.953552|0.944031,0.949077|0.934154,0.955343|0.967040|0.949872|0.944919,0.947320|0.963660|0.941262|0.937312
360,98,True,2,34.544577,18|22,18.689138576779026,18.693877551020407,0.9561172327602411,0.9514623399614403,0.9417705493186186,0.9510321682389489,0.9429382870336983,True,True,81|17,21|26|24|27,0.957094|0.951462,0.953549|0.941771,0.958116|0.964430|0.951083|0.951032,0.953105|0.960567|0.943313|0.942938
361,84,True,2,35.969310,18|24,18.674157303370787,18.571428571428573,0.951962257331218,0.950580329661662,0.9456060852870939,0.9392404857693271,0.9269435649145852,True,True,76|8,19|16|26|23,0.950580|0.965091,0.945606|0.958293,0.962222|0.955927|0.953279|0.939240,0.957419|0.948513|0.946061|0.926944
362,102,True,2,35.647570,18|23,18.56179775280899,18.686274509803923,0.9519438089712005,0.9461804179108616,0.9372272379233156,0.9431367069605646,0.9346580267673711,True,True,88|14,23|27|27|25,0.952861|0.946180,0.948659|0.937227,0.957427|0.962845|0.944527|0.943137,0.950546|0.959757|0.935469|0.934658
363,91,True,2,34.817975,18|23,18.749063670411985,18.934065934065934,0.9564332972535574,0.9562310709387286,0.9486332990384201,0.9498879899348759,0.9390785203059694,True,True,74|17,20|24|25|22,0.956231|0.957314,0.951589|0.948633,0.961612|0.962215|0.952500|0.949888,0.955310|0.958056|0.943273|0.939079
364,93,True,2,34.999822,18|23,18.636704119850187,18.86021505376344,0.9543433324401815,0.9528536892805356,0.9479943685213461,0.9498354513821503,0.9395992676068283,True,True,77|16,16|22|27|28,0.952854|0.961512,0.947994|0.953234,0.955962|0.954109|0.958250|0.949835,0.948290|0.945702|0.951872|0.939599
365,97,True,2,35.647570,18|23,18.56179775280899,18.61855670103093,0.9518753379190702,0.9475987356799526,0.9385284790330711,0.9377693022887318,0.9281477816709095,True,True,85|12,23|23|32|19,0.952479|0.947599,0.948569|0.938528,0.959813|0.957482|0.950516|0.937769,0.955114|0.951057|0.944112|0.928148
366,98,True,2,35.591373,18|23,18.692883895131086,18.510204081632654,0.9550758243620668,0.9546221755968204,0.9504380315677807,0.9443963867786611,0.9313827296137794,True,True,88|10,33|30|16|19,0.954622|0.959068,0.950438|0.955511,0.960719|0.957931|0.944396|0.949759,0.956672|0.952381|0.931383|0.938807
367,93,True,2,36.113195,18|24,18.719101123595507,18.322580645161292,0.9514862481419385,0.9508844658501032,0.9457804114432992,0.9382770119738132,0.9263312471150812,True,True,88|5,27|22|21|23,0.950884|0.962078,0.946466|0.945780,0.959633|0.960127|0.946427|0.938277,0.954676|0.954147|0.938145|0.926331
368,99,True,2,35.937176,18|24,18.696629213483146,18.545454545454547,0.9514823560547397,0.9502986127971584,0.9455372418915005,0.9424332915008666,0.9307837818154008,True,True,90|9,28|23|23|25,0.950299|0.963320,0.945537|0.955924,0.961179|0.955592|0.945404|0.942433,0.955011|0.950271|0.935587|0.930784
369,94,True,2,35.365688,18|24,18.741573033707866,19.02127659574468,0.9557756543181087,0.9525424547205085,0.9477822890584131,0.9486517522128561,0.9383344490852236,True,True,78|16,28|18|19|29,0.952542|0.971538,0.947782|0.966413,0.960373|0.962623|0.948652|0.951754,0.955170|0.956887|0.938334|0.941788
370,103,True,2,35.937176,18|24,18.696629213483146,18.524271844660195,0.9518048062657681,0.9515579406859407,0.9434742643312349,0.9370870068835305,0.9261109903425381,True,True,94|9,30|30|19|24,0.951558|0.954383,0.947249|0.943474,0.960959|0.956124|0.949122|0.937087,0.956889|0.949669|0.939576|0.926111
371,96,True,1,,19,19.0,19.0,0.9552371728552932,0.9552371728552932,0.9503643746341246,0.9137990138285391,0.9029192825251142,True,True,96,19|31|25|21,0.955237,0.950364,0.967997|0.970217|0.961772|0.913799,0.964167|0.965982|0.956377|0.902919
372,99,True,2,35.221012,18|23,18.730337078651687,18.606060606060606,0.9539682321593456,0.9534588083846237,0.9491628832709584,0.9478014111697364,0.9390260595202199,True,True,87|12,32|15|21|31,0.953459|0.957662,0.949163|0.953058,0.962484|0.954327|0.949840|0.947801,0.958718|0.946541|0.941040|0.939026
373,102,True,1,,19,19.0,19.0,0.9571709447601467,0.9571709447601467,0.9524910216419237,0.9210099482502855,0.9097778102875157,True,True,102,27|27|26|22,0.957171,0.952491,0.970309|0.967704|0.963187|0.921010,0.965294|0.962501|0.956442|0.909778
374,96,True,2,34.720320,18|23,18.749063670411985,18.885416666666668,0.9570709535296826,0.9558202687207107,0.9517645564056998,0.9352621145287955,0.9190314055344327,True,True,79|17,28|26|12|30,0.955820|0.962883,0.951765|0.956108,0.962579|0.960158|0.935262|0.957978,0.957831|0.954903|0.919031|0.952357
375,100,True,2,35.467684,18|23,18.580524344569287,18.6,0.9521083770140223,0.9520784374817434,0.9434536867732117,0.9409424672834035,0.9316743519471131,True,True,88|12,24|24|19|33,0.952078|0.952328,0.947466|0.943454,0.960516|0.957844|0.953636|0.940942,0.953829|0.950942|0.947330|0.931674
376,102,True,2,36.063873,18|24,18.696629213483146,18.470588235294116,0.9523605408024464,0.9516508639886853,0.9473800057320129,0.9454927350126011,0.9356981785850899,True,True,94|8,25|25|23|29,0.951651|0.960699,0.947380|0.952491,0.958168|0.958751|0.947762|0.945493,0.952913|0.952154|0.939537|0.935698
377,98,True,2,35.591373,18|23,18.674157303370787,18.56122448979592,0.9522424112934209,0.9491687807491072,0.9394034044128741,0.9339766525198157,0.924097235538019,True,True,87|11,22|26|27|23,0.952631|0.949169,0.948402|0.939403,0.960565|0.962574|0.951072|0.933977,0.955753|0.956962|0.944369|0.924097
378,102,True,1,,19,19.0,19.0,0.9625802606324318,0.9625802606324318,0.9587355112116023,0.944204762335035,0.9317817396032549,True,True,102,22|35|24|21,0.962580,0.958736,0.969234|0.968509|0.963913|0.944205,0.963573|0.964259|0.957065|0.931782
379,106,True,2,35.591373,18|23,18.692883895131086,18.61320754716981,0.9539085743209158,0.9538920925660427,0.9457251099628893,0.9499547232311957,0.9420110543593944,True,True,93|13,30|24|31|21,0.953911|0.953892,0.950342|0.945725,0.957490|0.957134|0.950624|0.949955,0.951698|0.952365|0.943470|0.942011
380,96,True,2,34.720320,18|22,18.734082397003746,18.583333333333332,0.9569672572438893,0.9481385033452199,0.9372479163934072,0.9469484084921802,0.9360795155440459,True,True,82|14,29|20|27|20,0.958475|0.948139,0.954730|0.937248,0.963699|0.960716|0.954381|0.946948,0.958753|0.953970|0.948310|0.936080
381,92,True,1,,19,19.0,19.0,0.9582748132071692,0.9582748132071692,0.9537138591820894,0.9273727337522851,0.9136924817459822,True,True,92,25|25|24|18,0.958275,0.953714,0.969090|0.967630|0.960440|0.927373,0.965162|0.961423|0.953866|0.913692
382,102,True,2,35.365688,18|23,18.655430711610485,18.58823529411765,0.9535321142373318,0.9523557688170832,0.9480843967620421,0.9432762970263672,0.9328345942417983,True,True,90|12,20|26|26|30,0.952356|0.962355,0.948084|0.951350,0.960119|0.962370|0.951462|0.943276,0.954118|0.957576|0.945281|0.932835
383,88,True,2,35.591373,18|23,18.56179775280899,18.681818181818183,0.9526274093454411,0.9486012599981869,0.9385118350943469,0.9425147148750557,0.9335045509536971,True,True,76|12,24|18|17|29,0.953263|0.948601,0.948645|0.938512,0.958066|0.958311|0.956182|0.942515,0.951667|0.950731|0.948180|0.933505
384,104,True,2,35.330226,18|22,18.47940074906367,18.5,0.9521929325822593,0.9384231916328292,0.9287996212356845,0.9362088720059644,0.9252063398736757,True,True,91|13,28|26|22|28,0.954160|0.938423,0.949674|0.928800,0.959301|0.964179|0.949324|0.936209,0.954745|0.959838|0.940793|0.925206
385,104,True,2,35.116515,18|22,18.44943820224719,18.76923076923077,0.9527484944318588,0.9442710487026156,0.9351175470163146,0.9427720659450218,0.9345872026549947,True,True,84|20,24|18|28|34,0.954767|0.944271,0.950410|0.935118,0.963957|0.961872|0.949390|0.942772,0.960532|0.954671|0.941316|0.934587
386,103,True,2,34.999822,18|23,18.674157303370787,18.825242718446603,0.955019863054269,0.9531048964095653,0.9487233162575893,0.9507272508476279,0.9420982913670048,True,True,86|17,17|31|23|32,0.953105|0.964707,0.948723|0.955354,0.963030|0.956577|0.952972|0.950727,0.955593|0.949967|0.944685|0.942098
387,95,True,1,,19,19.0,19.0,0.9546783464160709,0.9546783464160709,0.9497238763251203,0.9188881752007427,0.9073986817553827,True,True,95,22|35|15|23,0.954678,0.949724,0.970362|0.966314|0.959405|0.918888,0.965188|0.962070|0.952330|0.907399
388,110,True,2,30.476898,17|19,18.415730337078653,18.381818181818183,0.9443158856985905,0.9426062146132343,0.9356462372764331,0.9282925209549573,0.9183687309314522,True,True,34|76,33|21|19|37,0.942606|0.945081,0.935646|0.938698,0.942222|0.965863|0.955341|0.928293,0.935077|0.959167|0.946907|0.918369
389,100,True,2,35.676651,18|23,18.580524344569287,18.55,0.9517639372101313,0.9452553645635657,0.9338067030372189,0.9383743307043091,0.9268095324509431,True,True,89|11,32|20|25|23,0.952568|0.945255,0.947940|0.933807,0.958218|0.961448|0.948074|0.938374,0.952199|0.956702|0.938883|0.926810
390,98,True,1,,19,19.0,19.0,0.9562887455041339,0.9562887455041339,0.9516867212252307,0.9375065772913095,0.9277391136906448,True,True,98,32|23|12|31,0.956289,0.951687,0.969234|0.965849|0.951966|0.937507,0.964091|0.959822|0.940423|0.927739
391,100,True,2,35.656271,18|24,18.719101123595507,18.78,0.9551445936720429,0.9538758717940841,0.9495831011244341,0.9479925695997541,0.9386870539386899,True,True,87|13,28|21|24|27,0.953876|0.963635,0.949583|0.957606,0.958497|0.957885|0.947993|0.955894,0.953321|0.951219|0.938687|0.947034
392,92,True,1,,19,19.0,19.0,0.9589004008213208,0.9589004008213208,0.9544183260621087,0.9253495449478107,0.9094382565154232,True,True,92,27|21|30|14,0.958900,0.954418,0.970901|0.968635|0.956943|0.925350,0.965817|0.964282|0.950409|0.909438
393,106,True,2,35.689748,18|23,18.580524344569287,18.5188679245283,0.9545145347516464,0.9466878824879994,0.9354936866032155,0.9402146690289527,0.9294508419784397,True,True,95|11,24|20|35|27,0.955421|0.946688,0.951240|0.935494,0.963925|0.966503|0.952242|0.940215,0.958816|0.962482|0.946371|0.929451
394,93,True,2,34.746042,18|22,18.59925093632959,18.64516129032258,0.9543048542696275,0.9489225080862466,0.9401942854500184,0.9479484004045624,0.9399389521072069,True,True,78|15,25|20|23|25,0.955340|0.948923,0.951329|0.940194,0.956467|0.962193|0.952004|0.947948,0.950208|0.957785|0.943348|0.939939
395,103,True,2,35.258594,18|23,18.692883895131086,18.776699029126213,0.9555922629571086,0.9554777202731856,0.9481386162449577,0.9466362776741033,0.9362749053730388,True,True,87|16,30|27|24|22,0.955478|0.956215,0.951527|0.948139,0.959889|0.960602|0.952795|0.946636,0.953919|0.955792|0.945800|0.936275
396,100,True,2,35.698449,18|24,18.674157303370787,18.48,0.9522449317971404,0.9515873255513697,0.947016610777076,0.9394604435045304,0.9274485577710507,True,True,92|8,31|24|22|23,0.951587|0.959807,0.947017|0.950362,0.957661|0.960031|0.949485|0.939460,0.952468|0.954640|0.939072|0.927449
397,90,True,2,35.453559,18|23,18.56179775280899,18.77777777777778,0.9518200925078159,0.9514261163548772,0.9437833340155928,0.9454059858898172,0.9341968783446545,True,True,76|14,24|13|19|34,0.951426|0.953959,0.946405|0.943783,0.957558|0.962877|0.945406|0.947127,0.953440|0.955575|0.934197|0.938095
398,89,True,2,35.676651,18|23,18.580524344569287,18.44943820224719,0.9534567634640483,0.945671576346,0.9322165217076908,0.9413591543602048,0.9303644047673948,True,True,81|8,29|15|18|27,0.954226|0.945672,0.949536|0.932217,0.963595|0.960385|0.949496|0.941359,0.959660|0.953740|0.940290|0.930364
399,99,True,2,35.647570,18|23,18.56179775280899,18.656565656565657,0.9494985037644416,0.9477424618833268,0.937878183295462,0.9427206750980227,0.9322182256946131,True,True,86|13,19|27|34|19,0.949764|0.947742,0.945425|0.937878,0.959033|0.954666|0.943854|0.942721,0.953443|0.948058|0.936424|0.932218
400,90,True,2,35.733752,18|23,18.56179775280899,18.444444444444443,0.9481454569242145,0.9409597163741027,0.9252419966439486,0.9373770083817957,0.9264336789119134,True,True,82|8,22|19|21|28,0.948847|0.940960,0.943764|0.925242,0.959926|0.952740|0.946005|0.937377,0.955099|0.943257|0.936726|0.926434
401,93,True,1,,19,19.0,19.0,0.9564843227145726,0.9564843227145726,0.9511593159410184,0.9189355738584571,0.9046954840725986,True,True,93,28|29|15|21,0.956484,0.951159,0.967361|0.969688|0.963221|0.918936,0.962614|0.965361|0.953319|0.904695
402,106,True,2,35.698449,18|23,18.56179775280899,18.660377358490567,0.9514083092658413,0.9490362580674951,0.9397847901587056,0.9397374260456236,0.928922738282016,True,True,92|14,28|23|33|22,0.951769|0.949036,0.947459|0.939785,0.954841|0.961926|0.948945|0.939737,0.948597|0.955747|0.941922|0.928923
403,97,True,2,35.669369,18|24,18.696629213483146,18.742268041237114,0.9541895412236099,0.9534069974256395,0.9490603232449742,0.9459386809599424,0.9328824464774165,True,True,85|12,28|21|32|16,0.953407|0.959733,0.949060|0.951823,0.958558|0.961391|0.949767|0.945939,0.952782|0.956451|0.942063|0.932882
404,97,True,2,36.236201,18|24,18.696629213483146,18.49484536082474,0.9501870475409957,0.9495113994297979,0.9446020061488031,0.9313147272203675,0.9157301918542596,True,True,89|8,21|24|34|18,0.949511|0.957704,0.944602|0.947285,0.954563|0.960692|0.950060|0.931315,0.948610|0.954542|0.942717|0.915730
405,93,True,2,34.721552,18|23,18.692883895131086,18.967741935483872,0.9546847250063695,0.9538230237417588,0.9497029898337133,0.9486233959948964,0.9385458174871003,True,True,75|18,21|20|28|24,0.953823|0.958275,0.949703|0.950575,0.962047|0.956351|0.953169|0.948623,0.956937|0.949247|0.947881|0.938546
406,97,True,2,34.920501,18|24,19.03370786516854,18.68041237113402,0.9572123875425873,0.9553428347405187,0.9514687148697938,0.9548802750025489,0.9431475008350952,True,True,86|11,28|19|33|17,0.955343|0.971829,0.951469|0.967490,0.957800|0.961740|0.954880|0.955712,0.952268|0.956204|0.948669|0.943148
407,106,True,2,34.817975,18|23,18.636704119850187,19.132075471698112,0.955245296766944,0.9545724711055582,0.9498615066994529,0.9494359931308457,0.942130335292652,True,True,82|24,23|22|28|33,0.954572|0.957544,0.950455|0.949862,0.963724|0.960211|0.949436|0.950955,0.958886|0.953929|0.942130|0.943105
408,101,True,2,34.847335,18|23,18.655430711610485,18.89108910891089,0.9567455314378589,0.9558562900361637,0.9513803513404824,0.9523351665838851,0.9459595780262006,True,True,83|18,19|14|25|43,0.955856|0.960846,0.951380|0.953736,0.961620|0.959695|0.952335|0.956196,0.956479|0.949655|0.945960|0.948824
409,107,True,2,34.873477,18|23,18.99250936329588,18.46728971962617,0.956060850323774,0.9560448240121759,0.942033950024726,0.9482192177650927,0.9394780770770785,True,True,97|10,30|29|20|28,0.956045|0.956216,0.952318|0.942034,0.959412|0.963587|0.948219|0.950277,0.954363|0.960287|0.939478|0.940238
410,97,True,2,35.698449,18|24,18.831460674157302,18.68041237113402,0.9557142447472383,0.9548005564838286,0.9510274986457099,0.9476777760062515,0.9389353067217491,True,True,86|11,26|31|20|20,0.954801|0.962858,0.951027|0.953919,0.960084|0.955832|0.947678|0.957888,0.953826|0.950171|0.938935|0.949749
411,106,True,2,35.467684,18|23,18.674157303370787,18.5188679245283,0.9540747231722368,0.9517139755287769,0.9410483354263606,0.9382151430409789,0.9265831771431445,True,True,95|11,28|34|21|23,0.954348|0.951714,0.949992|0.941048,0.962872|0.958562|0.952449|0.938215,0.957880|0.953341|0.942603|0.926583
412,96,True,2,35.831681,18|24,18.696629213483146,18.5,0.955214131072338,0.954701612775817,0.9500830477091627,0.9482598941097328,0.9367750880274742,True,True,88|8,24|23|28|21,0.954702|0.960852,0.950461|0.950083,0.961755|0.961106|0.949984|0.948260,0.957278|0.956046|0.941396|0.936775
413,93,True,2,35.432222,18|23,18.617977528089888,18.806451612903224,0.9538117076000109,0.9536803973337232,0.9441996792000014,0.9488300384438112,0.9404652015252786,True,True,78|15,29|17|25|22,0.953837|0.953680,0.949916|0.944200,0.955574|0.958028|0.953285|0.948830,0.949478|0.949825|0.946472|0.940465
414,105,True,2,35.279930,18|23,18.580524344569287,18.904761904761905,0.9531841941390763,0.9522325566801372,0.9477578360037611,0.9472315849185522,0.9405071593381829,True,True,86|19,17|19|37|32,0.952233|0.957492,0.947758|0.950555,0.957130|0.957082|0.947232|0.955656,0.951370|0.948223|0.940507|0.947730
415,108,True,2,35.676651,18|24,18.696629213483146,18.666666666666668,0.9520701889150319,0.9506724695709462,0.946334979994415,0.946364305933734,0.9369697452851327,True,True,96|12,26|28|21|33,0.950672|0.963252,0.946335|0.955541,0.957010|0.956458|0.949070|0.946364,0.951678|0.950556|0.939386|0.936970
416,99,True,2,35.330226,18|23,18.59925093632959,18.757575757575758,0.9534446224579033,0.9524959632092606,0.9481393967832163,0.9490886033358917,0.9403625506791563,True,True,84|15,22|21|21|35,0.952496|0.958757,0.948139|0.948263,0.958023|0.955666|0.953687|0.949089,0.952541|0.948034|0.946047|0.940363
417,100,True,1,,19,19.0,19.0,0.9571321168273392,0.9571321168273392,0.952269068856097,0.9276144048788765,0.9157576793786609,True,True,100,39|19|16|26,0.957132,0.952269,0.969712|0.971105|0.957842|0.927614,0.965899|0.964605|0.949018|0.915758
418,100,True,2,35.330226,18|23,18.56179775280899,18.85,0.9516968277639112,0.9514897009491231,0.944008322757214,0.9454084758543573,0.9376991973272831,True,True,83|17,23|16|29|32,0.951739|0.951490,0.947513|0.944008,0.956551|0.959212|0.950639|0.945408,0.951827|0.952317|0.942976|0.937699
419,102,True,1,,19,19.0,19.0,0.960115709752385,0.960115709752385,0.956083244598951,0.9383181661498113,0.9262070621182714,True,True,102,23|24|33|22,0.960116,0.956083,0.969082|0.968207|0.962514|0.938318,0.964020|0.962402|0.957172|0.926207
420,99,True,1,,19,19.0,19.0,0.9591196730008492,0.9591196730008492,0.9544523967531825,0.9244230952793896,0.9101429476503451,True,True,99,19|33|29|18,0.959120,0.954452,0.975298|0.970077|0.957587|0.924423,0.970325|0.965654|0.950853|0.910143
421,94,True,2,36.157500,18|24,18.696629213483146,18.319148936170212,0.9531006038104479,0.9527118876260219,0.9446480364394911,0.9365656994870736,0.9241398514946333,True,True,89|5,25|28|17|24,0.952712|0.960020,0.947803|0.944648,0.962824|0.960233|0.950397|0.936566,0.957312|0.953951|0.939460|0.924140
422,104,True,2,35.698449,18|24,18.696629213483146,18.46153846153846,0.9547870618972412,0.9539361363755697,0.9501001092790868,0.9472741737648148,0.9394273624567465,True,True,96|8,27|27|26|24,0.953936|0.964998,0.950100|0.957029,0.961763|0.957200|0.947274|0.952363,0.957331|0.950883|0.939427|0.942842
423,108,True,2,33.942385,18|22,18.973782771535582,19.0,0.9577401193960755,0.9567877999626685,0.9530552040137958,0.9513151064028131,0.9400648578233305,True,True,81|27,34|27|17|30,0.956788|0.960597,0.953275|0.953055,0.959993|0.956907|0.951315|0.959578,0.955987|0.951730|0.940065|0.952246
424,109,True,2,35.294055,18|23,18.617977528089888,18.871559633027523,0.9541249551281492,0.9534062769336733,0.9490539989103268,0.9478414333078404,0.9403745951903074,True,True,90|19,32|20|27|30,0.953406|0.957529,0.949054|0.949301,0.958736|0.961324|0.947841|0.950062,0.953280|0.954652|0.940423|0.940375
425,99,True,2,36.157500,18|24,18.674157303370787,18.363636363636363,0.9525846685088137,0.9519484544687921,0.9475499902055274,0.9441414656644582,0.930738469020217,True,True,93|6,30|21|28|20,0.951948|0.962446,0.947550|0.951847,0.959831|0.954443|0.949458|0.944141,0.954456|0.946206|0.942218|0.930738
426,96,True,1,,19,19.0,19.0,0.9567183508693841,0.9567183508693841,0.9518571959133487,0.9119489622818202,0.8999231126027746,True,False,96,25|24|31|16,0.956718,0.951857,0.968480|0.967098|0.962304|0.911949,0.963219|0.960460|0.956247|0.899923
427,100,True,2,35.875684,18|24,18.921348314606742,18.42,0.9551298854388911,0.9543305408516106,0.9500647781065359,0.9414195038645222,0.9300994597624292,True,True,93|7,27|29|20|24,0.954331|0.965750,0.950065|0.957139,0.964292|0.955652|0.958457|0.941420,0.959270|0.948836|0.951972|0.930099
428,95,True,2,35.330226,18|24,18.674157303370787,18.821052631578947,0.9583819149765848,0.9571094698442466,0.9533143367753277,0.9564348445496161,0.9500999203722676,True,True,82|13,16|28|25|26,0.957109|0.966408,0.953314|0.956623,0.958689|0.958647|0.956435|0.959780,0.950284|0.953092|0.952032|0.950100
429,107,True,2,35.037193,18|23,18.674157303370787,18.747663551401867,0.9522040939872054,0.9513944525880141,0.9467386587338154,0.9419481415884032,0.9333199395541947,True,True,91|16,23|24|19|41,0.951394|0.956809,0.946739|0.947701,0.964208|0.957632|0.952949|0.941948,0.959101|0.951184|0.945753|0.933320
430,97,True,1,,19,19.0,19.0,0.95917530204572,0.95917530204572,0.9546680200006107,0.9058710787120847,0.8909522527755224,True,False,97,37|23|26|11,0.959175,0.954668,0.968642|0.967727|0.960690|0.905871,0.964322|0.962845|0.953952|0.890952
431,96,True,2,35.817449,18|24,18.696629213483146,18.5,0.955437796484131,0.9544571368628932,0.9501177306653602,0.9448563203612864,0.9305187072298561,True,True,88|8,15|32|31|18,0.954457|0.966225,0.950118|0.958807,0.962383|0.959861|0.953655|0.944856,0.955735|0.954616|0.947004|0.930519
432,104,True,1,,19,19.0,19.0,0.9557976027029811,0.9557976027029811,0.9516066673340571,0.9316160686083214,0.9227600493133983,True,True,104,19|28|31|26,0.955798,0.951607,0.970790|0.965941|0.957728|0.931616,0.965439|0.960170|0.951057|0.922760
433,99,True,1,,19,19.0,19.0,0.9582239603182678,0.9582239603182678,0.9538905700775323,0.9153505763927086,0.9011337680308714,True,True,99,20|22|44|13,0.958224,0.953891,0.967413|0.967505|0.962074|0.915351,0.962282|0.961751|0.956973|0.901134
434,104,True,2,34.817975,18|23,18.580524344569287,18.96153846153846,0.9566504852844453,0.9559420794027014,0.9512106181782695,0.9498688280665967,0.9412464988488047,True,True,84|20,22|22|26|34,0.955942|0.959626,0.951360|0.951211,0.967449|0.961514|0.952266|0.949869,0.963209|0.954556|0.943868|0.941246
435,97,True,1,,19,19.0,19.0,0.9598702956330913,0.9598702956330913,0.9556934995020753,0.9360249981034959,0.9229655170520272,True,True,97,21|41|18|17,0.959870,0.955693,0.975768|0.963821|0.954845|0.936025,0.971627|0.959178|0.944940|0.922966
436,94,True,2,35.467684,18|23,18.636704119850187,18.585106382978722,0.9538412198978403,0.9525407332628061,0.9401061442241441,0.9413599281247998,0.929790312349406,True,True,83|11,23|20|30|21,0.954014|0.952541,0.949848|0.940106,0.961674|0.964718|0.949322|0.941360,0.956537|0.960107|0.942821|0.929790
437,103,True,2,35.330226,18|23,18.617977528089888,18.776699029126213,0.9536661188341333,0.9533793353766657,0.9440521897742868,0.9428402141347246,0.9334238175197479,True,True,87|16,22|26|21|34,0.953719|0.953379,0.949109|0.944052,0.966908|0.958194|0.951715|0.942840,0.963614|0.951412|0.944381|0.933424
438,98,True,1,,19,19.0,19.0,0.9567501256911854,0.9567501256911854,0.9518234729586197,0.9089874820420085,0.8969082025862575,True,False,98,22|35|25|16,0.956750,0.951823,0.965854|0.969744|0.961115|0.908987,0.960109|0.965480|0.953174|0.896908
439,87,True,1,,19,19.0,19.0,0.9576796699301214,0.9576796699301214,0.9524126883010039,0.9299580149890554,0.9177797746654935,True,True,87,22|24|14|27,0.957680,0.952413,0.967876|0.972155|0.970305|0.929958,0.963327|0.968019|0.966630|0.917780
440,88,True,2,35.242349,18|23,18.56179775280899,18.738636363636363,0.9525905843578554,0.9522482653952792,0.943121167322708,0.939012997711983,0.9259162836933129,True,True,75|13,20|22|26|20,0.952248|0.954566,0.947563|0.943121,0.958191|0.958984|0.953317|0.939013,0.953980|0.952316|0.945892|0.925916
441,107,True,2,35.937176,18|24,18.696629213483146,18.61682242990654,0.9505220375800162,0.9493710522423693,0.9447753513343569,0.9418111660841414,0.9323525671133277,True,True,96|11,25|27|18|37,0.949371|0.960567,0.944775|0.951903,0.962018|0.955330|0.945249|0.941811,0.956806|0.948679|0.937552|0.932353
442,98,True,2,35.676651,18|23,18.59925093632959,18.459183673469386,0.9547403177931633,0.9492495542540129,0.9380157328149267,0.9394841158665874,0.9285823596815146,True,True,89|9,30|30|20|18,0.955296|0.949250,0.951287|0.938016,0.962100|0.962357|0.946005|0.939484,0.957612|0.957904|0.935746|0.928582
443,94,True,2,35.817449,18|24,18.9438202247191,18.25531914893617,0.9515038701928897,0.9507343126284643,0.9464949793307373,0.9365757951219205,0.9221926847874952,True,True,90|4,37|20|23|14,0.950734|0.968819,0.946495|0.962892,0.956558|0.956005|0.948546|0.936576,0.951780|0.950716|0.937985|0.922193
444,96,True,2,36.113195,18|24,18.696629213483146,18.625,0.9530924519942285,0.9514430802149222,0.9468343840802973,0.9396656279303693,0.9295749599688637,True,True,86|10,21|33|20|22,0.951443|0.967277,0.946834|0.961338,0.963657|0.956884|0.939666|0.949527,0.958128|0.951225|0.929575|0.938034
445,104,True,1,,19,19.0,19.0,0.9558499574900947,0.9558499574900947,0.9514915629578067,0.9313995556558238,0.9207260455573747,True,True,104,17|22|37|28,0.955850,0.951492,0.969297|0.965316|0.962546|0.931400,0.963526|0.958723|0.958233|0.920726
446,105,True,2,35.242349,18|23,18.636704119850187,18.80952380952381,0.9523923306801692,0.9515993707049194,0.9471937804335153,0.9421538283847757,0.9330577467905811,True,True,88|17,27|19|32|27,0.951599|0.956497,0.947194|0.949893,0.964856|0.955701|0.948550|0.942154,0.961200|0.947104|0.941609|0.933058
447,90,True,1,,19,19.0,19.0,0.9568713704318835,0.9568713704318835,0.9519476960629588,0.9327537195325598,0.9211422868189062,True,True,90,19|23|21|27,0.956871,0.951948,0.971250|0.967248|0.963505|0.932754,0.966684|0.961282|0.958145|0.921142
448,101,True,2,34.720990,18|23,18.692883895131086,18.643564356435643,0.9562460024647109,0.9553318642467826,0.9512984280169162,0.9475167989185949,0.9378070033570811,True,True,88|13,27|28|22|24,0.955332|0.962434,0.951298|0.954717,0.960903|0.958063|0.947517|0.956889,0.955312|0.952549|0.937807|0.948323
449,95,True,2,35.365688,18|23,18.580524344569287,18.842105263157894,0.9532289975223829,0.952357307991563,0.9475676974773953,0.9475644317562539,0.9383767665785896,True,True,79|16,28|19|17|31,0.952357|0.957533,0.947568|0.948492,0.956459|0.958616|0.952218|0.947564,0.949174|0.951954|0.943000|0.938377
450,104,True,2,34.945411,18|23,18.655430711610485,18.865384615384617,0.9529184043337461,0.951191906918228,0.946310437881876,0.9461229270004933,0.938150929455345,True,True,86|18,23|21|21|39,0.951192|0.961167,0.946310|0.954212,0.963175|0.955318|0.946123|0.949237,0.958452|0.947095|0.938151|0.940401
451,92,True,2,35.676651,18|23,18.617977528089888,18.380434782608695,0.9529067786936929,0.9476646332244921,0.9344872489541248,0.9424743468357206,0.9303468872554616,True,True,85|7,29|21|25|17,0.953338|0.947665,0.949364|0.934487,0.955854|0.957658|0.952591|0.942474,0.950281|0.950761|0.945706|0.930347
452,108,True,2,35.467684,18|23,18.636704119850187,18.50925925925926,0.952191051613002,0.9517192264341132,0.9458125980269533,0.9447426109592659,0.9349539885813698,True,True,97|11,31|21|26|30,0.951719|0.956352,0.947420|0.945813,0.956899|0.960600|0.948380|0.944743,0.950768|0.955101|0.940299|0.934954
453,91,True,1,,19,19.0,19.0,0.9588112129072516,0.9588112129072516,0.9541569517587264,0.9265898063363321,0.9081567516176147,True,True,91,26|25|26|14,0.958811,0.954157,0.964909|0.972119|0.957268|0.926590,0.959480|0.968305|0.950079|0.908157
454,106,True,2,35.453559,18|23,18.56179775280899,18.660377358490567,0.9511672997247337,0.9468473889509721,0.937001005170494,0.9394358733745773,0.9297036343056996,True,True,92|14,23|27|24|32,0.951825|0.946847,0.947355|0.937001,0.960297|0.956976|0.951525|0.939436,0.954056|0.951457|0.944018|0.929704
455,98,True,2,34.999822,18|23,18.711610486891384,18.918367346938776,0.9532270963008513,0.9516963998109738,0.9466271684796673,0.9463430465911316,0.935886141355887,True,True,80|18,24|25|20|29,0.951696|0.960030,0.946627|0.952844,0.957085|0.960824|0.949084|0.946343,0.950914|0.955082|0.938588|0.935886
456,96,True,2,35.503502,18|24,18.741573033707866,18.9375,0.9547450204469143,0.951812626557239,0.947057822258375,0.9502955867971202,0.938836279979396,True,True,81|15,20|25|23|28,0.951813|0.970580,0.947058|0.967127,0.963473|0.955326|0.951941|0.950296,0.958532|0.948491|0.945919|0.938836
457,105,True,2,35.733752,18|24,18.719101123595507,18.4,0.9520584177744986,0.9514585708598327,0.9472096996317524,0.9421689456327733,0.9317256759756019,True,True,98|7,21|19|36|29,0.951459|0.960456,0.947210|0.949474,0.955017|0.959611|0.954313|0.942169,0.948622|0.952155|0.948556|0.931726
458,100,True,1,,19,19.0,19.0,0.9560608701746927,0.9560608701746927,0.9513669863715652,0.927738030832922,0.9146754409538503,True,True,100,28|23|26|23,0.956061,0.951367,0.968701|0.962964|0.961397|0.927738,0.964150|0.956736|0.954660|0.914675
459,95,True,2,35.054024,18|23,18.580524344569287,18.789473684210527,0.9530063302528777,0.952335943153291,0.9442519450579044,0.9464348547914021,0.9375357411218214,True,True,80|15,16|29|21|29,0.952336|0.956582,0.947764|0.944252,0.964176|0.957322|0.946435|0.947286,0.958200|0.950724|0.937536|0.937640
460,92,True,2,35.242349,18|23,18.655430711610485,18.706521739130434,0.9544387639001618,0.9533359006948896,0.9429060650780119,0.9464173090652592,0.936250165776764,True,True,79|13,22|21|22|27,0.954620|0.953336,0.950378|0.942906,0.960329|0.959020|0.954020|0.946417,0.954760|0.953100|0.947717|0.936250
461,98,True,2,35.591373,18|23,18.636704119850187,18.663265306122447,0.9518703261310417,0.9514523944198697,0.946019702889911,0.939973847205743,0.9316226762410824,True,True,85|13,23|29|29|17,0.951452|0.954603,0.946917|0.946020,0.964814|0.957826|0.939974|0.944494,0.960084|0.951655|0.931623|0.933486
462,99,True,1,,19,19.0,19.0,0.9579522349248198,0.9579522349248198,0.9538656306062865,0.9200778599788091,0.9092394799413203,True,True,99,32|20|34|13,0.957952,0.953866,0.967348|0.966931|0.958309|0.920078,0.963060|0.960347|0.951871|0.909239
463,95,True,2,35.647570,18|24,18.696629213483146,18.694736842105264,0.955575746075895,0.9537283143293601,0.9494228874474028,0.9486916410238274,0.9381444941338059,True,True,84|11,28|20|22|25,0.953728|0.969683,0.949423|0.967380,0.959038|0.960719|0.954317|0.948692,0.953155|0.954421|0.947276|0.938144
464,100,True,2,34.226484,18|22,19.0187265917603,18.56,0.957286837514149,0.9556341895221,0.9401020348393716,0.9541485824822884,0.9401020348393716,True,True,86|14,30|31|25|14,0.957556|0.955634,0.954524|0.940102,0.960792|0.957172|0.954149|0.955634,0.955398|0.952442|0.948457|0.940102
465,101,True,2,35.647570,18|23,18.56179775280899,18.643564356435643,0.9543007817514364,0.9433615544697914,0.9323076845567859,0.9447032629724671,0.9354756783760698,True,True,88|13,21|28|19|33,0.955917|0.943362,0.952129|0.932308,0.962746|0.964847|0.944703|0.945504,0.956779|0.961634|0.935476|0.938110
466,93,True,2,36.157500,18|24,18.674157303370787,18.387096774193548,0.9502865970145475,0.9499681615377383,0.9402131043246525,0.9335970295406385,0.9214663706945835,True,True,87|6,19|22|28|24,0.949968|0.954904,0.945121|0.940213,0.956576|0.960089|0.952622|0.933597,0.949738|0.953275|0.945558|0.921466
467,103,True,2,35.676651,18|23,18.674157303370787,18.631067961165048,0.9520077170192929,0.9518818101369951,0.9443584588144728,0.9450850153661975,0.9359659491888132,True,True,90|13,24|32|23|24,0.951882|0.952879,0.947626|0.944358,0.960159|0.955768|0.945494|0.945085,0.953794|0.949960|0.936234|0.935966
468,96,True,1,,19,19.0,19.0,0.9585041547290917,0.9585041547290917,0.9537404380721106,0.9260173072616087,0.9138637891664736,True,True,96,29|23|21|23,0.958504,0.953740,0.970051|0.970953|0.964504|0.926017,0.965708|0.966783|0.957559|0.913864
469,100,True,2,35.817449,18|24,18.674157303370787,18.6,0.9513844835044258,0.9500902140516951,0.9456131674453567,0.9428611146979874,0.9330145962025314,True,True,90|10,30|24|24|22,0.950090|0.963033,0.945613|0.955537,0.956824|0.954452|0.942861|0.949919,0.951482|0.947738|0.933015|0.938657
470,96,True,1,,19,19.0,19.0,0.9557028668478867,0.9557028668478867,0.951193078807986,0.9340648745807276,0.9255951894721172,True,True,96,14|25|24|33,0.955703,0.951193,0.968768|0.969325|0.963644|0.934065,0.962570|0.964076|0.957435|0.925595
471,100,True,1,,19,19.0,19.0,0.9567434256165634,0.9567434256165634,0.952004442906414,0.9149119016665637,0.9015262423237275,True,True,100,24|33|24|19,0.956743,0.952004,0.971266|0.966363|0.962111|0.914912,0.967075|0.962153|0.956269|0.901526
472,95,True,2,35.258594,18|23,18.636704119850187,18.842105263157894,0.9530280640856872,0.9526183960157293,0.94736678998786,0.9448082353564301,0.9350922400370439,True,True,79|16,25|23|22|25,0.952618|0.955051,0.948133|0.947367,0.960683|0.960335|0.946031|0.944808,0.955337|0.954777|0.937431|0.935092
473,96,True,2,36.326687,18|24,18.674157303370787,18.25,0.9478591859519208,0.9477365073389371,0.9287000483644625,0.9295364460428214,0.9159713407383658,True,True,92|4,23|29|23|21,0.947737|0.950681,0.942728|0.928700,0.960233|0.955616|0.942435|0.929536,0.954209|0.949196|0.932335|0.915971
474,103,True,2,35.795244,18|24,18.674157303370787,18.58252427184466,0.9505994226124277,0.9496404390967382,0.9446913157617947,0.9374028649667159,0.9264881887928841,True,True,93|10,34|13|25|31,0.949640|0.959518,0.944691|0.951167,0.958948|0.958661|0.951417|0.937403,0.952843|0.950139|0.944236|0.926488
475,96,True,2,35.817449,18|23,18.617977528089888,18.3125,0.9545881316913317,0.9442362254232973,0.9287494315146965,0.9323798177682195,0.9198972280631529,True,True,90|6,33|28|17|18,0.955278|0.944236,0.950827|0.928749,0.962200|0.964816|0.946481|0.932380,0.957420|0.961862|0.933029|0.919897
476,99,True,2,35.676651,18|23,18.56179775280899,18.707070707070706,0.9522073466498675,0.9486284729131281,0.9393897810991967,0.9425001986184337,0.933340864590642,True,True,85|14,16|20|34|29,0.952797|0.948628,0.948369|0.939390,0.961036|0.959619|0.951972|0.942500,0.954901|0.951893|0.945820|0.933341
477,91,True,2,35.817449,18|23,18.580524344569287,18.439560439560438,0.9548501519147075,0.9521703997390303,0.9423671892790595,0.9429479392852528,0.9326601964506441,True,True,83|8,23|24|29|15,0.955108|0.952170,0.951527|0.942367,0.961151|0.957391|0.953907|0.942948,0.956681|0.950022|0.948723|0.932660
478,102,True,2,35.467684,18|23,18.636704119850187,18.686274509803923,0.9513857905071053,0.9511716155846444,0.9438315532427995,0.9444981495644852,0.9359838211299075,True,True,88|14,34|19|24|25,0.951172|0.952732,0.946915|0.943832,0.955728|0.960661|0.945066|0.944498,0.949830|0.953659|0.935984|0.936339
479,95,True,2,35.611753,18|23,18.580524344569287,18.526315789473685,0.9508380432509257,0.9508002000153084,0.9384525968275033,0.9422282376561276,0.9311441633806586,True,True,85|10,25|17|25|28,0.950800|0.951160,0.946060|0.938453,0.955758|0.956571|0.951662|0.942228,0.950467|0.947079|0.944361|0.931144
480,103,True,2,35.647570,18|24,18.719101123595507,18.640776699029125,0.954561148425285,0.9532743531485012,0.9492065832252375,0.944530094433079,0.9343989525457562,True,True,92|11,26|31|19|27,0.953274|0.965323,0.949207|0.959529,0.964161|0.957605|0.944530|0.948881,0.959116|0.952635|0.934399|0.939896
481,104,True,2,35.330226,18|23,18.56179775280899,18.76923076923077,0.9522934323696963,0.9513251680216672,0.9469159771139601,0.9475906407279865,0.9378575580707673,True,True,88|16,22|26|28|28,0.951325|0.957619,0.946916|0.950939,0.957389|0.955163|0.950328|0.947591,0.952951|0.947956|0.942836|0.937858
482,105,True,2,35.453559,18|23,18.655430711610485,18.666666666666668,0.9534029200939617,0.9514232690338815,0.9407444707107911,0.9468175802725219,0.9376497834347483,True,True,91|14,28|18|37|22,0.953707|0.951423,0.949932|0.940744,0.961217|0.957040|0.949636|0.946818,0.957241|0.948749|0.943118|0.937650
483,101,True,2,35.817449,18|24,18.674157303370787,18.475247524752476,0.9525088249421336,0.9517113888891462,0.9469615695931362,0.9381566894849656,0.924736436574096,True,True,93|8,35|19|27|20,0.951711|0.961779,0.946962|0.952184,0.959795|0.962273|0.946824|0.938157,0.954511|0.954328|0.938093|0.924736
484,90,True,2,35.503502,18|23,18.56179775280899,19.0,0.9533364256731561,0.9531355064393827,0.9445652722153123,0.9478564857462526,0.9401196767441632,True,True,72|18,16|23|22|29,0.953387|0.953136,0.949257|0.944565,0.959449|0.957797|0.947856|0.950583,0.951760|0.952932|0.940120|0.942689
485,94,True,2,35.432222,18|23,18.655430711610485,18.585106382978722,0.9551990321132632,0.9504844744290587,0.9395672580669042,0.9490780656364805,0.9401373854405378,True,True,83|11,23|25|19|27,0.955824|0.950484,0.952110|0.939567,0.960896|0.960181|0.950446|0.949078,0.956695|0.955020|0.942968|0.940137
486,102,True,2,35.647570,18|24,18.674157303370787,18.705882352941178,0.952348496260747,0.95067036971817,0.9462233801983329,0.949626651719943,0.9410076488338056,True,True,90|12,15|29|23|35,0.950670|0.964934,0.946223|0.958227,0.956148|0.955729|0.949627|0.949708,0.949025|0.949615|0.941135|0.941008
487,96,True,2,34.945411,18|23,18.655430711610485,18.989583333333332,0.9576001675682186,0.9564472270240946,0.9523644189338699,0.9500451221180268,0.9410117151559132,True,True,77|19,17|27|17|35,0.956447|0.962273,0.952364|0.953778,0.960833|0.961371|0.950045|0.956790,0.954458|0.956237|0.941012|0.949250
488,96,True,2,35.689748,18|24,18.696629213483146,18.625,0.9541364907799545,0.9531467295279492,0.9485697802182455,0.9473286881557735,0.9374754814755926,True,True,86|10,28|15|23|30,0.953147|0.962648,0.948570|0.954720,0.961180|0.956539|0.952874|0.947329,0.955503|0.949146|0.944822|0.937475
489,110,True,2,35.467684,18|23,18.655430711610485,18.681818181818183,0.9526401169773722,0.9524027458578656,0.944540829091257,0.9413020290910334,0.9311447069917793,True,True,95|15,26|27|30|27,0.952678|0.952403,0.948261|0.944541,0.961055|0.953320|0.954940|0.941302,0.956450|0.946156|0.947354|0.931145
490,105,True,2,36.044734,18|24,18.719101123595507,18.4,0.9516811886959454,0.9512996710008528,0.9440808927525685,0.9437207350513147,0.9304546525921663,True,True,98|7,31|25|29|20,0.951300|0.957022,0.947061|0.944081,0.960267|0.956565|0.943721|0.943810,0.955797|0.951330|0.935165|0.930455
491,90,True,2,35.698449,18|23,18.749063670411985,18.38888888888889,0.9536836971547333,0.9491369313340383,0.9367157840976652,0.943432971537674,0.9320211818843148,True,True,83|7,29|18|21|22,0.954067|0.949137,0.949864|0.936716,0.959605|0.959718|0.951073|0.943433,0.955253|0.953796|0.942665|0.932021
492,100,True,2,35.733752,18|24,18.741573033707866,18.48,0.9540375865331516,0.9537983408627303,0.946080969527442,0.9487588125503061,0.934032074216612,True,True,92|8,20|33|31|16,0.953798|0.956789,0.949338|0.946081,0.955993|0.957345|0.951980|0.948759,0.949318|0.951353|0.943718|0.934032
493,107,True,1,,19,19.0,19.0,0.9574663341515732,0.9574663341515732,0.9526614391401103,0.9140739075665181,0.9017028967406053,True,True,107,31|23|33|20,0.957466,0.952661,0.970513|0.972633|0.960939|0.914074,0.966056|0.968900|0.954296|0.901703
494,95,True,2,34.745373,18|23,18.674157303370787,19.0,0.957174900906604,0.955182915935139,0.9505276278983611,0.9549007344744526,0.9458465305356418,True,True,76|19,29|19|18|29,0.955183|0.965143,0.950528|0.958900,0.956965|0.961744|0.954901|0.955803,0.951605|0.955856|0.946084|0.945847
495,95,True,2,35.166811,18|23,18.59925093632959,18.94736842105263,0.9523980040759968,0.9509343599470256,0.9459845481683182,0.9456999500367391,0.936182787326977,True,True,77|18,22|25|19|29,0.950934|0.958659,0.945985|0.949636,0.956189|0.959980|0.945700|0.947375,0.949962|0.954719|0.936183|0.936495
496,97,True,1,,19,19.0,19.0,0.9587881224980436,0.9587881224980436,0.9546133809459845,0.9327791872359897,0.9192553702571596,True,True,97,32|30|17|18,0.958788,0.954613,0.964710|0.968565|0.957927|0.932779,0.959812|0.964835|0.948030|0.919255
497,106,True,1,,19,19.0,19.0,0.9578393619359219,0.9578393619359219,0.953305297377196,0.9392823299383525,0.9296793300926935,True,True,106,20|25|22|39,0.957839,0.953305,0.968619|0.970170|0.966924|0.939282,0.964134|0.964733|0.962527|0.929679
498,93,True,1,,19,19.0,19.0,0.9604702752195392,0.9604702752195392,0.9559078108797888,0.9371302393243216,0.9250495489683824,True,True,93,23|23|24|23,0.960470,0.955908,0.972680|0.970674|0.961358|0.937130,0.968822|0.965400|0.953634|0.925050
499,98,True,2,35.698449,18|23,18.56179775280899,18.510204081632654,0.9515750805407356,0.9496525174847763,0.9369926231203077,0.9385958121035362,0.928826205087683,True,True,88|10,26|17|26|29,0.951794|0.949653,0.947227|0.936993,0.960849|0.954218|0.955050|0.938596,0.956246|0.944154|0.947721|0.928826
500,99,True,2,36.063873,18|23,18.580524344569287,18.505050505050505,0.9509843604296275,0.9484154627309251,0.9381130204253274,0.9394266613232564,0.9301581094166549,True,True,89|10,20|31|25|23,0.951273|0.948415,0.947140|0.938113,0.958999|0.956732|0.948079|0.939427,0.953280|0.951110|0.939605|0.930158
501,102,True,2,35.344351,18|24,18.674157303370787,18.88235294117647,0.9548169207492322,0.9524054368524703,0.9479526109547783,0.9475817546846612,0.9408139190413048,True,True,87|15,28|17|29|28,0.952405|0.968804,0.947953|0.963037,0.959446|0.960363|0.947582|0.954315,0.953509|0.954317|0.940814|0.943793
502,91,True,2,35.817449,18|23,18.59925093632959,18.439560439560438,0.9478337584777978,0.9448071652120205,0.9328052205125296,0.9324961304895171,0.921585909420893,True,True,83|8,18|26|26|21,0.948125|0.944807,0.943648|0.932805,0.957579|0.953316|0.947993|0.932496,0.950788|0.946502|0.941160|0.921586
503,93,True,2,35.795244,18|23,18.56179775280899,18.591397849462364,0.952413348183193,0.9447295421136682,0.9346589731853504,0.9421534722687911,0.9330471657457677,True,True,82|11,19|18|26|30,0.953444|0.944730,0.948976|0.934659,0.964553|0.960769|0.949596|0.942153,0.959135|0.954058|0.942833|0.933047
504,104,True,2,33.912238,18|22,19.03370786516854,18.884615384615383,0.960147022674813,0.9596050701251102,0.9526420447459601,0.9509398837035908,0.9312392460731452,True,True,81|23,23|49|10|22,0.960301|0.959605,0.956716|0.952642,0.962900|0.961560|0.950940|0.958305,0.957024|0.957990|0.931239|0.951370
505,98,True,2,34.794155,18|23,18.674157303370787,18.76530612244898,0.9543173403779316,0.9531169535866213,0.9489218759581401,0.944962825980934,0.9343038741983142,True,True,83|15,32|28|13|25,0.953117|0.960959,0.948922|0.954825,0.959691|0.954711|0.944963|0.951863,0.955222|0.949011|0.934304|0.941723
506,98,True,2,35.676651,18|24,18.719101123595507,18.551020408163264,0.9576374977107317,0.957214398052702,0.9530982380620295,0.9525397414571367,0.9456563822390542,True,True,89|9,21|22|35|20,0.957214|0.961821,0.953271|0.953098,0.963048|0.962049|0.952540|0.956025,0.957465|0.955943|0.945983|0.945656
507,94,True,2,35.773445,18|23,18.580524344569287,18.47872340425532,0.9501467454556162,0.9437777908953537,0.930704971125807,0.9288086878506185,0.9174641975409888,True,True,85|9,21|31|22|20,0.950821|0.943778,0.946274|0.930705,0.958728|0.957539|0.950938|0.928809,0.952699|0.952186|0.942015|0.917464
508,92,True,2,29.759224,17|19,18.632958801498127,18.630434782608695,0.9531966292279688,0.9420045590376072,0.935375305515865,0.9251851373760811,0.9099475972486811,True,True,17|75,25|24|25|18,0.942005|0.955733,0.935375|0.949927,0.952818|0.971605|0.956072|0.925185,0.945825|0.967586|0.948321|0.909948
509,100,True,2,35.647570,18|23,18.59925093632959,18.55,0.9522532107624813,0.9487470001096541,0.9382836786630767,0.9422389210438722,0.9332595964274542,True,True,89|11,22|31|22|25,0.952687|0.948747,0.948638|0.938284,0.959078|0.960135|0.945701|0.942239,0.953640|0.955656|0.936073|0.933260
510,85,True,2,35.116515,18|23,18.580524344569287,18.941176470588236,0.9530159334136052,0.9526254157375087,0.9448551274584139,0.9440269891742432,0.9346109497947772,True,True,69|16,26|19|11|29,0.952625|0.954700,0.947945|0.944855,0.961968|0.958029|0.946897|0.944027,0.957003|0.952478|0.935916|0.934611
511,93,True,2,36.044734,18|24,18.741573033707866,18.387096774193548,0.9528545050613931,0.952481995202764,0.9440939596095231,0.9417893022724579,0.9298067970538796,True,True,87|6,25|16|32|20,0.952482|0.958256,0.948118|0.944094,0.964826|0.961438|0.946126|0.941789,0.960655|0.954409|0.939118|0.929807
512,89,True,2,31.751181,17|20,18.53932584269663,18.382022471910112,0.9512239578643725,0.9429804704006015,0.9376579927672519,0.9420974120521456,0.9258748285001954,True,True,48|41,24|27|25|13,0.942980|0.960875,0.937658|0.953632,0.942097|0.947472|0.967642|0.944292,0.933382|0.940945|0.962167|0.925875
513,97,True,2,34.505326,18|22,18.59925093632959,18.824742268041238,0.9548048273214569,0.9511839622398469,0.9428295246924584,0.9447965614684207,0.9343435609482046,True,True,77|20,27|23|14|33,0.955745|0.951184,0.951495|0.942830,0.958543|0.960512|0.944797|0.952015,0.952956|0.954445|0.934344|0.944158
514,95,True,1,,19,19.0,19.0,0.9576981395045876,0.9576981395045876,0.9532612195900069,0.9313370820886163,0.9181222250195852,True,True,95,21|38|16|20,0.957698,0.953261,0.968323|0.965015|0.959326|0.931337,0.963051|0.960258|0.951084|0.918122
515,95,True,2,35.489377,18|23,18.692883895131086,18.526315789473685,0.9538759816538817,0.9533531637871648,0.9479928348473116,0.9427883632055039,0.9324610687306903,True,True,85|10,26|31|20|18,0.953353|0.958320,0.949148|0.947993,0.960747|0.956934|0.942788|0.951003,0.955292|0.951437|0.932461|0.939964
516,98,True,2,35.875684,18|24,18.696629213483146,18.428571428571427,0.9542751072742364,0.9535051758927883,0.9491271882078923,0.9448825925647133,0.9286725920130358,True,True,91|7,38|24|21|15,0.953505|0.964284,0.949127|0.956148,0.956815|0.962628|0.946842|0.944883,0.951732|0.957431|0.936669|0.928673
517,100,True,2,35.733752,18|23,18.59925093632959,18.4,0.9505313847918019,0.9430824213566349,0.9287551781810882,0.9335583058000038,0.9235016754805447,True,True,92|8,23|25|29|23,0.951179|0.943082,0.947034|0.928755,0.962705|0.954406|0.950997|0.933558,0.957927|0.946971|0.944661|0.923502
518,95,True,2,35.330226,18|23,18.674157303370787,18.63157894736842,0.9550610744109521,0.9549490740224325,0.9480434413171024,0.9447291089432314,0.9353508516075445,True,True,83|12,20|26|23|26,0.954949|0.955836,0.950614|0.948043,0.962053|0.961903|0.952927|0.944729,0.957218|0.956128|0.944674|0.935351
519,93,True,2,35.733752,18|23,18.56179775280899,18.376344086021504,0.9491629028906411,0.9422886565504764,0.9300796893547761,0.9367519725445602,0.9257074278847057,True,True,86|7,16|16|35|26,0.949722|0.942289,0.945012|0.930080,0.957347|0.956157|0.951444|0.936752,0.950435|0.947235|0.945417|0.925707
520,93,True,2,35.365688,18|23,18.56179775280899,18.752688172043012,0.9554144959211003,0.9549618813180794,0.9475614972319414,0.9492631000002785,0.9401382760519658,True,True,79|14,22|20|23|28,0.954962|0.957969,0.950908|0.947561,0.957962|0.962874|0.953979|0.949263,0.951112|0.959037|0.946997|0.940138
521,94,True,2,35.344351,18|23,18.617977528089888,18.638297872340427,0.9567528856808308,0.9566569919081898,0.9472693687216692,0.9486649986074077,0.9388628522948101,True,True,82|12,26|22|16|30,0.956657|0.957408,0.952028|0.947269,0.965752|0.958530|0.954852|0.948665,0.961286|0.951903|0.944105|0.938863
522,99,True,2,34.793486,18|24,18.674157303370787,19.21212121212121,0.955201041939925,0.9510449844937063,0.9465343203217145,0.9506378418591064,0.9417087382716608,True,True,79|20,18|19|25|37,0.951045|0.971617,0.946534|0.966708,0.957186|0.950638|0.950778|0.959567,0.952065|0.941709|0.944062|0.951534
523,97,True,1,,19,19.0,19.0,0.9586042635338676,0.9586042635338676,0.9543566994889244,0.9228455657371896,0.9097456233100074,True,True,97,33|23|24|17,0.958604,0.954357,0.967246|0.968687|0.962388|0.922846,0.962555|0.964371|0.957019|0.909746
524,100,True,2,36.431640,18|24,18.674157303370787,18.24,0.9490633074843813,0.946983125269584,0.9274303002671211,0.9316774201969622,0.9198067642177493,True,True,96|4,29|24|23|24,0.949150|0.946983,0.944577|0.927430,0.954039|0.961343|0.948118|0.931677,0.948393|0.956071|0.938693|0.919807
525,97,True,2,36.044734,18|24,18.719101123595507,18.371134020618555,0.9516573946310242,0.9515100562486026,0.9381628480659104,0.934978827583342,0.9235277894827305,True,True,91|6,24|32|18|23,0.951510|0.953892,0.947293|0.938163,0.959664|0.956425|0.953818|0.934979,0.953711|0.951420|0.945996|0.923528
526,112,True,2,35.258594,18|23,18.674157303370787,18.714285714285715,0.9558063770918926,0.9555681044560885,0.9488547760996682,0.9518781586847957,0.9422941453811463,True,True,96|16,39|29|22|22,0.955568|0.957236,0.951727|0.948855,0.956631|0.960475|0.951878|0.952118,0.951323|0.955405|0.942483|0.942294
527,106,True,2,35.489377,18|23,18.56179775280899,18.61320754716981,0.9541352952318596,0.954014202936811,0.9450721647496801,0.9410434565755521,0.929085825196834,True,True,93|13,30|27|26|23,0.954014|0.955002,0.949807|0.945072,0.960735|0.959281|0.952758|0.941043,0.955801|0.953782|0.945331|0.929086
528,101,True,1,,19,19.0,19.0,0.9573659829651328,0.9573659829651328,0.9525853829340858,0.9313310680711967,0.9136060603199411,True,True,101,23|30|29|19,0.957366,0.952585,0.968185|0.963677|0.959314|0.931331,0.963232|0.957985|0.952553|0.913606
529,97,True,1,,19,19.0,19.0,0.9601835951859158,0.9601835951859158,0.9555743293456828,0.9316858585376881,0.9190015760950163,True,True,97,29|26|19|23,0.960184,0.955574,0.971465|0.971999|0.961293|0.931686,0.966811|0.968381|0.953663|0.919002
530,97,True,2,35.078934,18|23,18.636704119850187,18.77319587628866,0.952464709574053,0.9509791430057813,0.9459567239128989,0.9452138141707844,0.9338927469820422,True,True,82|15,20|19|31|27,0.950979|0.960586,0.945957|0.951247,0.960764|0.957010|0.950640|0.945214,0.954144|0.949224|0.943108|0.933893
531,101,True,2,34.746042,18|23,18.617977528089888,18.99009900990099,0.9543565452602992,0.9530568609240135,0.9488067372064425,0.9482806982497377,0.9359499796091098,True,True,81|20,22|12|28|39,0.953057|0.959620,0.948807|0.952455,0.958757|0.948281|0.953649|0.954252,0.952487|0.935950|0.947760|0.947302
532,100,True,2,35.647570,18|23,18.636704119850187,18.55,0.9513926801163337,0.9493890201869442,0.9407334364816102,0.9460290848633007,0.9341251010525082,True,True,89|11,33|20|28|19,0.951640|0.949389,0.947118|0.940733,0.955270|0.956624|0.946726|0.946029,0.949503|0.949166|0.937975|0.934125
533,95,True,1,,19,19.0,19.0,0.9589470994121596,0.9589470994121596,0.954219470036996,0.9319184613320693,0.92087315734589,True,True,95,23|21|23|28,0.958947,0.954219,0.971355|0.973471|0.966183|0.931918,0.966787|0.969598|0.961667|0.920873
534,108,True,2,35.467684,18|23,18.56179775280899,18.694444444444443,0.9536271566034571,0.9513388775644697,0.9440107831227577,0.9444716377395844,0.9344842421582337,True,True,93|15,19|36|24|29,0.953996|0.951339,0.949550|0.944011,0.965615|0.959972|0.944472|0.945474,0.960182|0.954276|0.934484|0.937419
535,105,True,2,34.178550,18|22,19.123595505617978,18.761904761904763,0.9562542677213157,0.955859232872393,0.9460456592960739,0.9488125224935546,0.9389560489198775,True,True,85|20,28|25|36|16,0.956347|0.955859,0.952520|0.946046,0.956764|0.965324|0.952867|0.948813,0.950341|0.961062|0.945593|0.938956
536,99,True,1,,19,19.0,19.0,0.9559829975433474,0.9559829975433474,0.9513074900960122,0.938228385574062,0.9288879831356984,True,True,99,15|24|23|37,0.955983,0.951307,0.972308|0.968236|0.961112|0.938228,0.967759|0.962828|0.954575|0.928888
537,98,True,2,36.157500,18|24,18.719101123595507,18.367346938775512,0.9506902415664371,0.9501360105649421,0.945700263097158,0.9334443996814061,0.9207464175760979,True,True,92|6,28|28|22|20,0.950136|0.959188,0.945700|0.947151,0.959009|0.959554|0.944499|0.933444,0.953792|0.955069|0.934774|0.920746
538,90,True,1,,19,19.0,19.0,0.96086536868094,0.96086536868094,0.9566265212064967,0.946018977629815,0.9355807083824603,True,True,90,19|19|24|28,0.960865,0.956627,0.966896|0.973546|0.963373|0.946019,0.960768|0.967992|0.958927|0.935581
539,105,True,2,34.486110,18|23,18.655430711610485,19.095238095238095,0.9569625605085282,0.9554544677683268,0.9518449119425215,0.9533888404929514,0.945789430728915,True,True,82|23,19|32|27|27,0.955454|0.962339,0.951845|0.954732,0.958237|0.957061|0.953389|0.959523,0.953383|0.951597|0.945789|0.952126
540,91,True,2,34.848567,18|22,18.53932584269663,18.703296703296704,0.9525870673061992,0.942326249792073,0.9329838875180289,0.9442225156491536,0.93539239753842,True,True,75|16,20|27|21|23,0.954776|0.942326,0.950704|0.932984,0.959679|0.958231|0.947738|0.944223,0.954760|0.951468|0.939716|0.935392
541,97,True,2,35.711953,18|24,18.719101123595507,18.556701030927837,0.9544874612790772,0.9537825352366469,0.9491686184407558,0.9407497259163101,0.9295363132809115,True,True,88|9,32|24|16|25,0.953783|0.961380,0.949169|0.952855,0.964663|0.960899|0.945983|0.940750,0.960708|0.955686|0.933736|0.929536
542,97,True,2,35.591373,18|24,18.719101123595507,18.8659793814433,0.9542895391778464,0.952366649644938,0.9483762021777764,0.9481957837636433,0.9410652579689006,True,True,83|14,23|21|26|27,0.952367|0.965690,0.948376|0.961500,0.959546|0.960340|0.948196|0.950974,0.955437|0.953949|0.941065|0.942420
543,94,True,2,35.676651,18|23,18.617977528089888,18.53191489361702,0.952669824422925,0.9488544395738148,0.9376603697902594,0.9424569100909873,0.9333132109610643,True,True,84|10,29|14|25|26,0.953124|0.948854,0.948977|0.937660,0.959017|0.962625|0.950353|0.942457,0.953193|0.956513|0.943483|0.933313
544,87,True,1,,19,19.0,19.0,0.9542175370144126,0.9542175370144126,0.9484498873830691,0.9124010375750831,0.8997276040622384,True,False,87,21|26|18|22,0.954218,0.948450,0.972110|0.970531|0.960888|0.912401,0.967744|0.966637|0.954211|0.899728
545,100,True,2,35.969310,18|24,18.674157303370787,18.54,0.9534636101951489,0.9531837674327694,0.9460531272754924,0.9421107424440279,0.9311191890756649,True,True,91|9,33|20|23|24,0.953184|0.956293,0.948992|0.946053,0.959090|0.958793|0.952603|0.942111,0.953174|0.952238|0.946492|0.931119
546,98,True,2,35.453559,18|23,18.636704119850187,18.56122448979592,0.9532317492974239,0.950924426756348,0.9430525454662854,0.9478219288983064,0.9386393924605819,True,True,87|11,24|20|27|27,0.953523|0.950924,0.949286|0.943053,0.956654|0.955980|0.953564|0.947822,0.950741|0.947338|0.946903|0.938639
547,100,True,1,,19,19.0,19.0,0.9576556424713085,0.9576556424713085,0.9529163055553526,0.9235997377898203,0.9094724520542793,True,True,100,22|27|31|20,0.957656,0.952916,0.970895|0.972036|0.957707|0.923600,0.966860|0.968743|0.950901|0.909472
548,96,True,2,35.647570,18|23,18.749063670411985,18.3125,0.9536225644529394,0.9415392874440522,0.9251570890008384,0.9318681524627163,0.9192643424664243,True,True,90|6,22|31|29|14,0.954428|0.941539,0.950522|0.925157,0.962945|0.954696|0.955905|0.931868,0.957526|0.948673|0.949530|0.919264
549,114,True,2,35.689748,18|24,18.719101123595507,18.57894736842105,0.9531905330586019,0.952245470572053,0.9483247341578716,0.9447364178367315,0.9335409012785115,True,True,103|11,26|33|34|21,0.952245|0.962040,0.948325|0.955187,0.961715|0.956399|0.948779|0.944736,0.956234|0.951174|0.941692|0.933541
550,97,True,2,35.365688,18|23,18.655430711610485,18.567010309278352,0.9490271448811564,0.9480420326108819,0.9432524898500397,0.9390371165383945,0.9258997077455758,True,True,86|11,18|27|31|21,0.948042|0.956729,0.943252|0.944673,0.955002|0.955625|0.946579|0.939037,0.948487|0.948810|0.938785|0.925900
551,101,True,2,35.078934,18|23,18.56179775280899,18.742574257425744,0.954276873539709,0.9534584836728545,0.9483784328310016,0.9491107378917131,0.9387457961771982,True,True,86|15,23|22|26|30,0.953458|0.958969,0.948842|0.948378,0.962175|0.957281|0.950709|0.949111,0.956144|0.950919|0.942639|0.938746
552,99,True,2,36.113195,18|24,18.696629213483146,18.303030303030305,0.9495689886709398,0.9488945578388163,0.9441582911141913,0.93758333780155,0.9226532210579225,True,True,94|5,35|22|23|19,0.948895|0.962248,0.944158|0.949119,0.955800|0.952767|0.946928|0.937583,0.950050|0.945862|0.936779|0.922653
553,110,True,2,35.986499,18|24,18.696629213483146,18.436363636363637,0.9527193625946344,0.9525121557648376,0.9404814460588582,0.9449619892437003,0.9329541952702005,True,True,102|8,24|37|28|21,0.952736|0.952512,0.948750|0.940481,0.958755|0.955282|0.949977|0.944962,0.953670|0.949241|0.942585|0.932954
554,95,True,2,35.365688,18|24,18.9438202247191,18.442105263157895,0.9548260291395285,0.9538255108576998,0.9494881815720962,0.9469095652342598,0.9363953311753634,True,True,88|7,30|20|17|28,0.953826|0.967404,0.949488|0.956690,0.958572|0.964397|0.949995|0.946910,0.952558|0.959383|0.942427|0.936395
555,103,True,2,34.544577,18|22,18.644194756554306,18.737864077669904,0.9556198360524218,0.9480620843831574,0.9380213337760754,0.9482767562921058,0.9401628333574753,True,True,84|19,23|25|25|30,0.957329|0.948062,0.953846|0.938021,0.961938|0.961164|0.953075|0.948277,0.955536|0.956043|0.947365|0.940163
556,92,True,2,35.258594,18|23,18.56179775280899,18.97826086956522,0.9583565949733404,0.9578633186586177,0.9534727656841655,0.9532302896906992,0.9448825218253214,True,True,74|18,17|27|22|26,0.957863|0.960385,0.953931|0.953473,0.960108|0.965391|0.954429|0.953230,0.952547|0.961051|0.948219|0.944883
557,98,True,1,,19,19.0,19.0,0.9561781689856167,0.9561781689856167,0.9509402050468341,0.9273993256201113,0.9139008173226741,True,True,98,19|32|22|25,0.956178,0.950940,0.976660|0.965496|0.957639|0.927399,0.973693|0.959921|0.949265|0.913901
558,96,True,2,36.063873,18|24,18.696629213483146,18.5,0.95262884250765,0.95181427366027,0.9475381027330984,0.9461057567384896,0.9332141087208821,True,True,88|8,28|25|27|16,0.951814|0.961589,0.947538|0.951883,0.953378|0.961707|0.947311|0.946106,0.947060|0.956765|0.938629|0.933214
559,96,True,1,,19,19.0,19.0,0.9586521935225587,0.9586521935225587,0.9542505129445923,0.9199290674008126,0.9081139206837182,True,True,96,24|35|19|18,0.958652,0.954251,0.965748|0.968774|0.967729|0.919929,0.960906|0.964869|0.961649|0.908114
560,99,True,2,35.698449,18|23,18.56179775280899,18.505050505050505,0.9502822560401257,0.9473722930794295,0.935086850171086,0.9355213321352788,0.9233978549286818,True,True,89|10,26|27|24|22,0.950609|0.947372,0.945989|0.935087,0.956065|0.961395|0.945047|0.935521,0.949735|0.958037|0.935245|0.923398
561,99,True,2,36.030803,18|23,18.655430711610485,18.404040404040405,0.9516570524828109,0.9404582172545128,0.9261677831889886,0.9333522099644067,0.9211690627992848,True,True,91|8,28|26|23|22,0.952642|0.940458,0.948372|0.926168,0.959020|0.960401|0.950317|0.933352,0.952873|0.956325|0.943123|0.921169
562,97,True,1,,19,19.0,19.0,0.9582534104775168,0.9582534104775168,0.9535962157944847,0.9235512574589806,0.9065047385701497,True,True,97,18|39|23|17,0.958253,0.953596,0.969837|0.964394|0.964425|0.923551,0.964633|0.959923|0.958674|0.906505
563,95,True,2,35.937176,18|23,18.617977528089888,18.473684210526315,0.951562925248475,0.9481861488808588,0.9360586577476556,0.9435025698664088,0.9311231357703321,True,True,86|9,27|24|28|16,0.951916|0.948186,0.947423|0.936059,0.959992|0.955927|0.944300|0.943503,0.953985|0.949352|0.935445|0.931123
564,88,True,2,35.817449,18|24,18.741573033707866,18.40909090909091,0.9554440132340477,0.9551661306582925,0.9465962550237347,0.9436368002853942,0.9299063899684193,True,True,82|6,24|25|24|15,0.955166|0.959242,0.951333|0.946596,0.961621|0.960640|0.951234|0.943637,0.955925|0.955363|0.945637|0.929906
565,101,True,2,35.669369,18|24,18.674157303370787,18.712871287128714,0.9552488994018971,0.9538045860309172,0.9502491318821107,0.9495645060032832,0.9433009540083458,True,True,89|12,24|24|29|24,0.953805|0.965961,0.950249|0.960278,0.961414|0.956000|0.949565|0.955202,0.956298|0.949920|0.943301|0.947154
566,95,True,1,,19,19.0,19.0,0.9598816805222851,0.9598816805222851,0.9551829598313148,0.9241831977122876,0.9089906938629397,True,True,95,38|23|18|16,0.959882,0.955183,0.968786|0.968632|0.961636|0.924183,0.964688|0.962622|0.951468|0.908991
567,99,True,2,35.733752,18|24,18.719101123595507,18.545454545454547,0.9568440991197782,0.9560759130252025,0.9521517860014403,0.9489468342990482,0.9377462431190567,True,True,90|9,30|24|16|29,0.956076|0.964526,0.952152|0.955692,0.959900|0.963987|0.948947|0.952129,0.955128|0.959996|0.937746|0.943298
568,91,True,2,34.327595,18|22,18.719101123595507,19.01098901098901,0.9563526528020296,0.9504686163134572,0.9433755999539475,0.9538338818033945,0.9478117879365975,True,True,68|23,16|23|22|30,0.958343|0.950469,0.955069|0.943376,0.956696|0.958552|0.957238|0.953834,0.950618|0.951895|0.951842|0.947812
569,101,True,2,35.817449,18|24,18.674157303370787,18.534653465346533,0.9521737453765443,0.9508506314155554,0.9468816543922525,0.9447742597287025,0.9309210036473492,True,True,92|9,21|37|28|15,0.950851|0.965699,0.946882|0.958274,0.956282|0.956102|0.947865|0.944774,0.950118|0.951218|0.940016|0.930921
570,110,True,2,35.817449,18|23,18.56179775280899,18.454545454545453,0.9518689134905818,0.9453715576536972,0.9336403643277627,0.9439155718714378,0.9350427899398001,True,True,100|10,22|31|24|33,0.952519|0.945372,0.948647|0.933640,0.958511|0.955674|0.951801|0.943916,0.952305|0.950356|0.945026|0.935043
571,96,True,1,,19,19.0,19.0,0.9560680384695219,0.9560680384695219,0.9508259749894127,0.9194756737650095,0.9064282431277488,True,True,96,19|26|28|23,0.956068,0.950826,0.972008|0.971199|0.961260|0.919476,0.966559|0.965947|0.955885|0.906428
572,101,True,2,35.782146,18|24,18.719101123595507,18.534653465346533,0.9513648408561504,0.9511364198087316,0.9421232862820302,0.9393737917734768,0.9263079684950393,True,True,92|9,32|24|25|20,0.951136|0.953700,0.946640|0.942123,0.960128|0.960053|0.941400|0.939374,0.955417|0.955783|0.931734|0.926308
573,101,True,1,,19,19.0,19.0,0.9588587041304819,0.9588587041304819,0.9547966583014675,0.936419917355014,0.9264720971590638,True,True,101,29|23|22|27,0.958859,0.954797,0.969531|0.967451|0.963346|0.936420,0.964615|0.962955|0.957496|0.926472
574,96,True,2,35.054024,18|23,18.617977528089888,18.885416666666668,0.9546508314002186,0.9536970894974525,0.9491017251300031,0.9508479059363055,0.9435994808942212,True,True,79|17,15|20|29|32,0.953697|0.959083,0.949102|0.952716,0.960332|0.960475|0.950848|0.951794,0.953686|0.953036|0.943799|0.943599
575,97,True,2,30.447974,17|19,18.408239700374533,18.38144329896907,0.9467364033383594,0.9421938732090331,0.9353959128288286,0.9223938608337584,0.9096213132521797,True,True,30|67,27|20|24|26,0.942194|0.948770,0.935396|0.941904,0.943694|0.964297|0.961896|0.922394,0.937384|0.955312|0.957140|0.909621
576,100,True,2,35.467684,18|24,18.674157303370787,18.84,0.9566794723138762,0.9554693638957696,0.951614419597184,0.9498651523809426,0.9394048339365169,True,True,86|14,29|30|12|29,0.955469|0.964113,0.951614|0.958343,0.961236|0.961496|0.950095|0.949865,0.957608|0.957380|0.939405|0.940711
577,95,True,2,34.720990,18|23,18.973782771535582,18.789473684210527,0.9576300810569197,0.9563054549079943,0.9524372060856927,0.9494085915259125,0.9388515663791245,True,True,80|15,34|25|16|20,0.956305|0.964695,0.952437|0.955810,0.961638|0.956172|0.949409|0.959216,0.957563|0.949232|0.938852|0.949676
578,105,True,2,35.717248,18|23,18.636704119850187,18.38095238095238,0.9525344371770519,0.9470979829606325,0.9356161387631342,0.9402528477123343,0.9300222322189188,True,True,97|8,21|29|25|30,0.952983|0.947098,0.948782|0.935616,0.957706|0.961992|0.951958|0.940253,0.951892|0.957664|0.944753|0.930022
579,94,True,2,35.647570,18|24,18.674157303370787,19.02127659574468,0.9539077886233529,0.9517543473295578,0.947057705056631,0.9425931547127847,0.9321136821236565,True,True,78|16,29|21|19|25,0.951754|0.964406,0.947058|0.958415,0.958533|0.960936|0.942593|0.951238,0.952321|0.956744|0.932114|0.941319
580,100,True,1,,19,19.0,19.0,0.9587627713732649,0.9587627713732649,0.9543603827655833,0.9364856129541395,0.9253205916643479,True,True,100,28|17|28|27,0.958763,0.954360,0.970552|0.973227|0.959672|0.936486,0.966874|0.968549|0.953197|0.925321
581,98,True,1,,19,19.0,19.0,0.9584834542819975,0.9584834542819975,0.9537590028160766,0.9351414916791094,0.9229038964211068,True,True,98,23|30|18|27,0.958483,0.953759,0.967566|0.969569|0.963414|0.935141,0.962584|0.964351|0.956485|0.922904
582,95,True,2,35.817449,18|24,18.98876404494382,18.31578947368421,0.9550709409382323,0.9544083018750478,0.9502690919884795,0.9491297554674458,0.9403059855226674,True,True,90|5,24|27|31|13,0.954408|0.966998,0.950269|0.961176,0.956724|0.960276|0.949130|0.955376,0.949639|0.956160|0.940306|0.943283
583,101,True,2,35.467684,18|23,18.56179775280899,18.594059405940595,0.9540396341786124,0.950914829833919,0.9408764345222962,0.9482903358991961,0.9379634812838201,True,True,89|12,31|22|23|25,0.954461|0.950915,0.950318|0.940876,0.960546|0.955264|0.950348|0.948290,0.955829|0.948278|0.942136|0.937963
584,106,True,2,35.647570,18|24,18.696629213483146,18.735849056603772,0.9566263438439199,0.9555483726730828,0.9517638671016126,0.9529622591809221,0.9450195348990527,True,True,93|13,26|28|20|32,0.955548|0.964338,0.951764|0.958275,0.959990|0.959393|0.954243|0.952962,0.954617|0.954628|0.945462|0.945020
585,93,True,2,34.792923,18|23,18.861423220973784,18.591397849462364,0.9577460914894046,0.9563266504965698,0.952339736776245,0.948220050999752,0.9392929829559903,True,True,82|11,26|26|25|16,0.956327|0.968327,0.952340|0.961479,0.961653|0.960907|0.948220|0.961147,0.957531|0.956618|0.939293|0.949021
586,94,True,2,34.817975,18|23,18.99250936329588,18.74468085106383,0.9554659039821034,0.9530607244721455,0.9425701042900877,0.9452666569304095,0.9317147205476805,True,True,80|14,26|25|27|16,0.955887|0.953061,0.951194|0.942570,0.958601|0.960806|0.953546|0.945267,0.950920|0.954753|0.945307|0.931715
587,99,True,1,,19,19.0,19.0,0.9591629156712734,0.9591629156712734,0.9547401183154073,0.921799253744509,0.9073613749916986,True,True,99,24|33|26|16,0.959163,0.954740,0.972657|0.967931|0.958570|0.921799,0.968464|0.963886|0.951380|0.907361
588,99,True,2,35.986499,18|24,18.674157303370787,18.545454545454547,0.9503316496350792,0.9495835510512455,0.9449871677097669,0.9419667244749148,0.9323875714964976,True,True,90|9,33|17|17|32,0.949584|0.957813,0.944987|0.946824,0.956027|0.957698|0.947654|0.941967,0.950646|0.949717|0.937381|0.932388
589,98,True,2,35.633551,18|24,18.674157303370787,18.918367346938776,0.9566200022883982,0.9552130598633523,0.9509885260535704,0.9478448809289403,0.939075195638437,True,True,83|15,35|14|23|26,0.955213|0.964405,0.950989|0.958741,0.960306|0.959682|0.947845|0.957773,0.955111|0.953617|0.939075|0.949282
590,99,True,2,35.467684,18|24,18.674157303370787,18.96969696969697,0.9533871214720997,0.9512022425201918,0.946364715896617,0.9439039990282245,0.9341531853952438,True,True,83|16,24|20|21|34,0.951202|0.964721,0.946365|0.959644,0.955231|0.960094|0.943904|0.953997,0.948147|0.952976|0.934153|0.945692
591,95,True,2,35.432222,18|23,18.56179775280899,18.789473684210527,0.951462390280213,0.945843942177064,0.9374675765462931,0.9441551161549253,0.9358119885805102,True,True,80|15,24|23|16|32,0.952516|0.945844,0.947945|0.937468,0.962988|0.952961|0.946635|0.944155,0.957706|0.945757|0.936809|0.935812
592,96,True,2,35.676651,18|23,18.636704119850187,18.520833333333332,0.9527740337776452,0.9487875405617168,0.9373589148851945,0.9457491168338181,0.9357886744638729,True,True,86|10,31|25|21|19,0.953238|0.948788,0.949140|0.937359,0.955605|0.959070|0.945749|0.947637,0.949137|0.954480|0.935789|0.937629
593,96,True,1,,19,19.0,19.0,0.9594559969666095,0.9594559969666095,0.9547809252023916,0.9192378513117749,0.9008105838036181,True,True,96,30|31|20|15,0.959456,0.954781,0.970144|0.966359|0.962889|0.919238,0.966442|0.962161|0.955608|0.900811
594,99,True,2,36.113195,18|24,18.674157303370787,18.363636363636363,0.9486002712771129,0.9473309823158351,0.9426094750867501,0.9360635868654068,0.924595045524138,True,True,93|6,23|19|31|26,0.947331|0.968274,0.942609|0.964414,0.957937|0.955309|0.948076|0.936064,0.951930|0.946567|0.940805|0.924595
595,108,True,2,35.647570,18|24,18.696629213483146,18.88888888888889,0.9547066582041663,0.9535042828737236,0.9494376030332892,0.9491465385026814,0.9413044662405818,True,True,92|16,29|25|17|37,0.953504|0.961620,0.949438|0.954726,0.960985|0.958333|0.949147|0.949890,0.956683|0.951478|0.941304|0.941920
596,91,True,2,36.089038,18|23,18.655430711610485,18.32967032967033,0.9485837799014939,0.9370573887633431,0.9221429246831172,0.9281888899959152,0.9152251524628585,True,True,85|6,27|21|28|15,0.949397|0.937057,0.944947|0.922143,0.958027|0.955666|0.945092|0.928189,0.952938|0.949269|0.936756|0.915225
597,100,True,1,,19,19.0,19.0,0.9587063840324549,0.9587063840324549,0.9542548662349112,0.930777804396511,0.9205982634300265,True,True,100,33|29|10|28,0.958706,0.954255,0.970648|0.968068|0.970350|0.930778,0.966476|0.963607|0.967162|0.920598
598,94,True,2,35.875684,18|24,18.696629213483146,18.638297872340427,0.9545160962015737,0.9534260721369199,0.9491613482072312,0.9472828853273534,0.9348973119335254,True,True,84|10,20|31|23|20,0.953426|0.963672,0.949161|0.953602,0.962912|0.958514|0.948117|0.947283,0.958043|0.953314|0.939742|0.934897
599,105,True,2,36.157500,18|24,18.696629213483146,18.285714285714285,0.9491148722057575,0.9482267532248465,0.9438964442581134,0.9361555905325628,0.9240736628910675,True,True,100|5,28|20|34|23,0.948227|0.966877,0.943896|0.962922,0.955202|0.959041|0.947030|0.936156,0.949516|0.953457|0.939639|0.924074
600,99,True,2,35.078934,18|22,18.46441947565543,18.727272727272727,0.9504845515946967,0.9444635357924945,0.9342433913472378,0.936332401806562,0.925591502222362,True,True,81|18,20|25|23|31,0.951823|0.944464,0.946610|0.934243,0.966604|0.958050|0.947319|0.936332,0.961477|0.951359|0.939529|0.925592
601,102,True,2,35.986499,18|24,18.741573033707866,18.294117647058822,0.9534433003857785,0.9530410872718676,0.9485812297399249,0.944042490651112,0.9301430351292969,True,True,97|5,30|24|34|14,0.953041|0.961246,0.948895|0.948581,0.957141|0.961366|0.948458|0.944042,0.951959|0.956663|0.939881|0.930143
602,95,True,2,35.365688,18|23,18.580524344569287,18.789473684210527,0.9539000535327496,0.9499333241073781,0.9418042399132817,0.9476938000529669,0.9400269230112279,True,True,80|15,13|25|28|29,0.954644|0.949933,0.950349|0.941804,0.963343|0.962461|0.948300|0.947694,0.958305|0.957069|0.940282|0.940027
603,93,True,2,34.999822,18|23,18.655430711610485,18.913978494623656,0.9542153855905366,0.9525720088028478,0.947889500108711,0.9488166219994302,0.93950757783843,True,True,76|17,15|19|26|33,0.952572|0.961562,0.947890|0.954235,0.957379|0.957143|0.957103|0.948817,0.950773|0.949801|0.951630|0.939508
604,92,True,1,,19,19.0,19.0,0.9581969358090199,0.9581969358090199,0.9532237954323785,0.9219009287206575,0.9060680919913723,True,True,92,30|30|14|18,0.958197,0.953224,0.969703|0.966667|0.962057|0.921901,0.965125|0.962732|0.952296|0.906068
605,108,True,2,35.279930,18|23,18.674157303370787,18.64814814814815,0.953313578729479,0.9527398192252091,0.948051649280915,0.9425820509042484,0.9323151562137942,True,True,94|14,28|28|26|26,0.952740|0.957166,0.948559|0.948052,0.962181|0.958152|0.949284|0.942582,0.957263|0.952763|0.941167|0.932315
606,105,True,2,35.467684,18|23,18.617977528089888,18.666666666666668,0.9537068563361135,0.9528408718600251,0.9487152982234326,0.943207245138877,0.9340074013748327,True,True,91|14,29|27|24|25,0.952841|0.959336,0.948715|0.951445,0.959880|0.958140|0.943207|0.951838,0.954632|0.952639|0.934007|0.942713
607,103,True,2,35.054024,18|23,18.655430711610485,18.679611650485437,0.9521511912190099,0.9511653264963689,0.9465145335830698,0.942114613723465,0.9308086319037863,True,True,89|14,20|24|34|25,0.951165|0.958418,0.946789|0.946515,0.955566|0.955095|0.955444|0.942115,0.948548|0.947615|0.949311|0.930809
608,90,True,2,36.044734,18|24,18.741573033707866,18.466666666666665,0.9519230370373315,0.9508908507589995,0.9466564590860066,0.9402122169033755,0.9272367024942783,True,True,83|7,24|22|27|17,0.950891|0.964162,0.946656|0.954381,0.955504|0.959163|0.950214|0.940212,0.949859|0.953579|0.942585|0.927237
609,97,True,2,35.937176,18|24,18.674157303370787,18.432989690721648,0.9518918159295735,0.9508371417106533,0.9466091941523267,0.9474447305578583,0.9376062985888071,True,True,90|7,21|25|30|21,0.950837|0.965452,0.946609|0.954176,0.955654|0.957038|0.947445|0.948356,0.949122|0.950611|0.939413|0.937606
610,94,True,2,34.945411,18|23,18.655430711610485,18.95744680851064,0.9565204476069936,0.9548591472430785,0.9502670228895767,0.94558675872845,0.9290565970447623,True,True,76|18,35|15|10|34,0.954859|0.963535,0.950267|0.956754,0.958928|0.961168|0.945587|0.955207,0.954206|0.955495|0.929057|0.947057
611,95,True,2,35.656271,18|23,18.655430711610485,18.36842105263158,0.9551033959302798,0.9549891944564599,0.9466539785153448,0.946057473945729,0.9348361213642613,True,True,88|7,17|35|26|17,0.954989|0.956539,0.950777|0.946654,0.960299|0.963634|0.946057|0.946180,0.952966|0.959057|0.937475|0.934836
612,105,True,1,,19,19.0,19.0,0.9568990389418747,0.9568990389418747,0.9522987569141216,0.9178050470316772,0.9031963554543659,True,True,105,26|36|25|18,0.956899,0.952299,0.967003|0.969649|0.956179|0.917805,0.962014|0.965902|0.948605|0.903196
613,102,True,2,34.357014,18|22,18.56928838951311,19.058823529411764,0.9552025670584066,0.949900947545418,0.942204564374855,0.9512501486175791,0.9449194839852758,True,True,75|27,19|23|27|33,0.957111|0.949901,0.953608|0.942205,0.960819|0.960122|0.951250|0.951774,0.955291|0.953577|0.945231|0.944919
614,100,True,2,35.091605,18|23,18.56179775280899,18.9,0.9542968695779819,0.9528640898837034,0.9486288191993818,0.9476908039332876,0.9401249928063199,True,True,82|18,27|16|24|33,0.952864|0.960824,0.948629|0.952218,0.959187|0.963528|0.947691|0.950624,0.954457|0.955382|0.940125|0.942389
615,95,True,1,,19,19.0,19.0,0.9555126183283665,0.9555126183283665,0.950241351983369,0.9132211512090515,0.8972090727620824,True,False,95,19|26|32|18,0.955513,0.950241,0.971265|0.964590|0.962574|0.913221,0.965554|0.959018|0.957227|0.897209
616,90,True,2,35.733752,18|24,18.674157303370787,18.6,0.9541499148704817,0.9534079120500485,0.9486998613254152,0.9389992581686541,0.9259563990239315,True,True,81|9,20|22|26|22,0.953408|0.960828,0.948700|0.951993,0.964113|0.961085|0.953438|0.938999,0.958114|0.956436|0.947081|0.925956
617,99,True,1,,19,19.0,19.0,0.955811122998392,0.955811122998392,0.9512339440928006,0.9256172390711133,0.915665019581643,True,True,99,29|26|18|26,0.955811,0.951234,0.968171|0.969917|0.959136|0.925617,0.963886|0.964959|0.951613|0.915665
618,108,True,1,,19,19.0,19.0,0.9570968651471311,0.9570968651471311,0.9526189602025928,0.9274574458469803,0.9152713972019936,True,True,108,29|32|22|25,0.957097,0.952619,0.968297|0.968270|0.959761|0.927457,0.964103|0.964821|0.950932|0.915271
619,94,True,1,,19,19.0,19.0,0.9595631244214732,0.9595631244214732,0.9547612844363963,0.9276626070504089,0.9112148898441363,True,True,94,23|25|28|18,0.959563,0.954761,0.972841|0.966945|0.962573|0.927663,0.968637|0.961229|0.956784|0.911215
620,104,True,1,,19,19.0,19.0,0.9561709846736787,0.9561709846736787,0.9517712639945111,0.9252418387149781,0.9117454297847453,True,True,104,24|38|22|20,0.956171,0.951771,0.968462|0.965909|0.954061|0.925242,0.964400|0.961861|0.945432|0.911745
621,95,True,2,36.044734,18|24,18.674157303370787,18.568421052631578,0.9520582162786096,0.9511081752593448,0.9467658108195657,0.9426877215089668,0.9323121753836151,True,True,86|9,21|22|29|23,0.951108|0.961136,0.946766|0.952285,0.961021|0.957217|0.949086|0.942688,0.955185|0.950541|0.941723|0.932312
622,97,True,2,34.721552,18|23,19.04868913857678,18.567010309278352,0.9564702425872708,0.9559218816308994,0.9510810109871888,0.9484206293883952,0.94125383832629,True,True,86|11,32|18|34|13,0.955922|0.960757,0.952079|0.951081,0.960914|0.964510|0.948421|0.955452,0.956354|0.959300|0.941254|0.943730
623,101,True,2,34.817975,18|23,19.086142322097377,18.495049504950494,0.9557218444337078,0.9555134028473874,0.9464794343275289,0.9412987022446655,0.927182793699971,True,True,91|10,37|13|35|16,0.955513|0.957619,0.951337|0.946479,0.960455|0.959801|0.955796|0.941299,0.955741|0.952646|0.948885|0.927183
624,103,True,2,34.721552,18|23,19.01123595505618,18.485436893203882,0.9568530668874258,0.955777910084244,0.9520180653721173,0.9535471316753281,0.9431961728938025,True,True,93|10,33|25|34|11,0.955778|0.966852,0.952018|0.952417,0.958152|0.958154|0.953547|0.960216,0.952429|0.952611|0.946470|0.943196
625,93,True,2,35.468040,18|23,18.617977528089888,18.591397849462364,0.9500993989872082,0.9496290794824236,0.94247717970814,0.9456201531279383,0.93507894478218,True,True,82|11,20|15|30|28,0.949629|0.953605,0.944574|0.942477,0.956915|0.953106|0.948233|0.945620,0.949758|0.942269|0.940578|0.935079
626,104,True,2,35.875684,18|24,18.674157303370787,18.51923076923077,0.9519436259292383,0.9513163465048552,0.9471227281996489,0.9410977993077847,0.9313268905308086,True,True,95|9,22|29|22|31,0.951316|0.958565,0.947123|0.947554,0.957304|0.960572|0.950492|0.941098,0.952145|0.955753|0.942507|0.931327
627,98,True,2,35.689748,18|24,18.674157303370787,18.6734693877551,0.9571073148805218,0.9556838479089436,0.9519259268108345,0.9532929517193865,0.9461895965190089,True,True,87|11,23|30|24|21,0.955684|0.968366,0.951926|0.965228,0.959834|0.954793|0.953293|0.961787,0.953836|0.948086|0.946190|0.954432
628,103,True,2,35.170717,18|23,18.692883895131086,18.58252427184466,0.9518913133803005,0.95140662274032,0.9448836282409508,0.944121438658661,0.9355209032143095,True,True,91|12,22|16|26|39,0.951407|0.955567,0.947033|0.944884,0.958316|0.955036|0.956174|0.944121,0.952529|0.946025|0.951044|0.935521
629,104,True,1,,19,19.0,19.0,0.9577429989830997,0.9577429989830997,0.9529201341937301,0.9280137136399103,0.9144448825140395,True,True,104,20|18|41|25,0.957743,0.952920,0.971270|0.968706|0.964459|0.928014,0.967281|0.961814|0.959673|0.914445
630,91,True,2,35.467684,18|23,18.56179775280899,18.76923076923077,0.9550134753687815,0.9496062160883764,0.9404570714210236,0.9472224752467281,0.9368706996423015,True,True,77|14,28|17|21|25,0.955997|0.949606,0.951296|0.940457,0.959312|0.959913|0.954591|0.947222,0.952907|0.952959|0.946035|0.936871
631,102,True,2,36.326687,18|24,18.674157303370787,18.352941176470587,0.9514929102805931,0.9507178009956229,0.9463407821619725,0.9368882422817677,0.9248114954226343,True,True,96|6,31|19|27|25,0.950718|0.963895,0.946341|0.950845,0.958259|0.961610|0.950128|0.936888,0.953111|0.957036|0.942626|0.924811
632,97,True,1,,19,19.0,19.0,0.9596290545445495,0.9596290545445495,0.955102222354155,0.933867311386066,0.922092086621402,True,True,97,27|21|25|24,0.959629,0.955102,0.970504|0.970840|0.963199|0.933867,0.966347|0.964741|0.956517|0.922092
633,91,True,1,,19,19.0,19.0,0.9559394324871905,0.9559394324871905,0.9507396437135524,0.9295915950151143,0.9174582562550483,True,True,91,18|27|20|26,0.955939,0.950740,0.969742|0.968168|0.961261|0.929592,0.964945|0.962859|0.952625|0.917458
634,94,True,2,35.817449,18|24,18.674157303370787,18.382978723404257,0.9525842695429867,0.9519880298460024,0.9474908506307338,0.9442130082653954,0.9340719236057924,True,True,88|6,30|19|21|24,0.951988|0.961329,0.947491|0.950600,0.958554|0.962160|0.944213|0.944865,0.952686|0.957586|0.934125|0.934072
635,102,True,2,36.113195,18|24,18.674157303370787,18.41176470588235,0.9488142626236308,0.9477069454335327,0.9428567874113678,0.935181136236249,0.9234500162085607,True,True,95|7,23|29|23|27,0.947707|0.963842,0.942857|0.956079,0.960874|0.959710|0.939021|0.935181,0.955788|0.953748|0.930050|0.923450
636,103,True,2,36.063873,18|24,18.674157303370787,18.466019417475728,0.9522777051448992,0.9514555300195922,0.9387725441574398,0.9361771129246675,0.9225900505989385,True,True,95|8,31|26|24|22,0.952347|0.951456,0.947762|0.938773,0.962282|0.955603|0.950512|0.936177,0.956895|0.950295|0.941858|0.922590
637,98,True,2,35.467684,18|23,18.580524344569287,18.612244897959183,0.9517957462061195,0.9511053410490012,0.9415302908664948,0.9391526861291519,0.9293909428758858,True,True,86|12,31|18|16|33,0.951892|0.951105,0.947134|0.941530,0.958086|0.959874|0.956597|0.939153,0.953465|0.950932|0.949864|0.929391
638,98,True,1,,19,19.0,19.0,0.9575316437724813,0.9575316437724813,0.9524694419775415,0.9228138433079119,0.9084043926881578,True,True,98,25|26|24|23,0.957532,0.952469,0.967761|0.970743|0.965835|0.922814,0.963617|0.967040|0.959745|0.908404
639,101,True,1,,19,19.0,19.0,0.9553485463914806,0.9553485463914806,0.9504896769618649,0.9246830719850818,0.9137018738905227,True,True,101,28|23|22|28,0.955349,0.950490,0.970221|0.969529|0.960624|0.924683,0.965614|0.966555|0.953330|0.913702
640,100,True,2,32.069939,17|20,18.426966292134832,18.11,0.9443327312500915,0.944058929490259,0.9361024138083085,0.9276688835193939,0.9141021131897853,True,True,63|37,22|38|22|18,0.944059|0.944799,0.939569|0.936102,0.944167|0.943023|0.960395|0.927669,0.937464|0.936683|0.954352|0.914102
641,96,True,2,36.228846,18|24,18.674157303370787,18.3125,0.9488306039086564,0.9484736060410788,0.9390629794643571,0.9341643101427646,0.9235187335578092,True,True,91|5,21|24|22|29,0.948474|0.955328,0.943447|0.939063,0.959359|0.957717|0.948419|0.934164,0.953119|0.949496|0.939252|0.923519
642,97,True,2,35.676651,18|24,18.674157303370787,18.804123711340207,0.9548543289398382,0.9535238858142444,0.9489744346953696,0.9435274808190904,0.9318808775889047,True,True,84|13,25|31|17|24,0.953524|0.963451,0.948974|0.956701,0.960898|0.958593|0.955139|0.943527,0.955015|0.953357|0.946291|0.931881
643,104,True,2,36.113195,18|24,18.674157303370787,18.46153846153846,0.9517623647616921,0.9514414960820693,0.9444677388023212,0.9345799693060435,0.9213573709624411,True,True,96|8,28|29|24|23,0.951441|0.955613,0.946870|0.944468,0.959773|0.958963|0.950182|0.934580,0.955064|0.953857|0.941255|0.921357
644,98,True,2,34.544577,18|22,18.50936329588015,18.93877551020408,0.9548303688190869,0.9478920718024896,0.9420548137551222,0.9488598529532144,0.9435839312513563,True,True,75|23,18|25|22|33,0.956958|0.947892,0.953423|0.942055,0.959586|0.958556|0.955661|0.948860,0.952711|0.951797|0.950159|0.943584
645,98,True,2,36.113195,18|23,18.59925093632959,18.255102040816325,0.9499042102929053,0.9428393413726768,0.9242254250388862,0.92606679364518,0.9124750681503923,True,True,93|5,29|21|26|22,0.950284|0.942839,0.945526|0.924225,0.957958|0.963052|0.950472|0.926067,0.952056|0.958626|0.943601|0.912475
646,94,True,2,34.505326,18|22,18.704119850187265,18.680851063829788,0.9530081608436539,0.9472801468738674,0.9380577003711088,0.9422249967820813,0.9320632056168783,True,True,78|16,17|28|25|24,0.954183|0.947280,0.950202|0.938058,0.958031|0.960358|0.951712|0.942225,0.953107|0.955916|0.945142|0.932063
647,101,True,2,30.655869,18|19,18.636704119850187,18.653465346534652,0.9511699897384301,0.9457242246878863,0.9394778803813918,0.9259162177518335,0.9157999347957004,True,True,35|66,31|8|33|29,0.961439|0.945724,0.957289|0.939478,0.962110|0.957360|0.961585|0.925916,0.957877|0.944155|0.956915|0.915800
648,103,True,1,,19,19.0,19.0,0.956501054415598,0.956501054415598,0.9517997326686212,0.908874490301276,0.8959770054857559,True,False,103,49|18|20|16,0.956501,0.951800,0.967335|0.965440|0.960016|0.908874,0.963691|0.957800|0.951925|0.895977
649,96,True,2,36.044734,18|24,18.674157303370787,18.375,0.9514216395558256,0.9509875440227619,0.9466244654049674,0.9362738995335449,0.9262024445432914,True,True,90|6,29|26|22|19,0.950988|0.957933,0.946711|0.946624,0.959599|0.959333|0.936274|0.945655,0.954066|0.953977|0.926202|0.935440
650,104,True,1,,19,19.0,19.0,0.9585954675032486,0.9585954675032486,0.9544590471891474,0.9202266614031578,0.9109561813755227,True,True,104,28|28|31|17,0.958595,0.954459,0.969397|0.966823|0.962449|0.920227,0.964262|0.961604|0.956190|0.910956
651,100,True,1,,19,19.0,19.0,0.9558897445251731,0.9558897445251731,0.951219067318935,0.92824829524012,0.9156376549781543,True,True,100,23|28|24|25,0.955890,0.951219,0.968802|0.964015|0.962829|0.928248,0.963782|0.959237|0.956757|0.915638
652,95,True,2,35.611753,18|23,18.655430711610485,18.63157894736842,0.9542591331596264,0.953446166772209,0.9419289900040141,0.9467482459156522,0.9364358392370095,True,True,83|12,28|18|28|21,0.954377|0.953446,0.950451|0.941929,0.961140|0.961168|0.948570|0.946748,0.956914|0.954538|0.941364|0.936436
653,108,True,1,,19,19.0,19.0,0.9576765425629097,0.9576765425629097,0.9530767915775366,0.9302277532025601,0.9166303004991397,True,True,108,29|28|26|25,0.957677,0.953077,0.969612|0.970135|0.957340|0.930228,0.964524|0.966307|0.950831|0.916630
654,95,True,2,36.138360,18|24,18.674157303370787,18.25263157894737,0.9502260173236187,0.9497025222401135,0.9449317954238019,0.9335994568629634,0.9211574436297909,True,True,91|4,24|30|16|25,0.949703|0.962136,0.944932|0.948275,0.958616|0.959079|0.947021|0.933599,0.952956|0.954500|0.935578|0.921157
655,99,True,1,,19,19.0,19.0,0.9578479642370097,0.9578479642370097,0.9534676032604155,0.9363110953671531,0.9250284973403912,True,True,99,24|28|20|27,0.957848,0.953468,0.969192|0.969230|0.957375|0.936311,0.963892|0.965272|0.950614|0.925028
656,108,True,2,35.817449,18|24,18.674157303370787,18.555555555555557,0.953155140353491,0.9524912448293904,0.9483100730064111,0.9342969221285488,0.9211934536204301,True,True,98|10,25|40|14|29,0.952491|0.959661,0.948310|0.950410,0.961650|0.958327|0.934297|0.947803,0.956853|0.953595|0.921193|0.938408
657,90,True,2,35.258594,18|23,18.56179775280899,18.833333333333332,0.9512818864356829,0.9504494933793319,0.9450476514736058,0.9418391566722918,0.9306501492853939,True,True,75|15,27|20|14|29,0.950449|0.955444,0.945267|0.945048,0.956464|0.959824|0.941839|0.945125,0.949612|0.953665|0.930650|0.934586
658,101,True,2,35.330226,18|23,18.59925093632959,18.84158415841584,0.9543564025412338,0.9541822337645529,0.9458029281568424,0.9476772405119619,0.9375837387587025,True,True,84|17,21|22|29|29,0.954182|0.955217,0.949675|0.945803,0.961883|0.961688|0.950023|0.947677,0.957920|0.955552|0.942362|0.937584
659,99,True,2,35.591373,18|23,18.674157303370787,18.505050505050505,0.9543069948808214,0.9461032960170247,0.9344170830635404,0.9348633043205702,0.9230136793492987,True,True,89|10,18|37|24|20,0.955229|0.946103,0.951175|0.934417,0.966646|0.959487|0.953270|0.934863,0.962058|0.954886|0.946623|0.923014
660,98,True,2,36.547291,18|24,18.674157303370787,18.306122448979593,0.9497787043595571,0.9491876742575324,0.9445378462268571,0.9339797835298723,0.9233156444901369,True,True,93|5,14|34|21|29,0.949188|0.960772,0.944538|0.947348,0.962274|0.956923|0.951700|0.933980,0.958070|0.951260|0.943480|0.923316
661,88,True,2,35.591373,18|24,18.674157303370787,18.75,0.9576889174312271,0.9565792161271869,0.9526641030600715,0.948594269196955,0.9372671482770549,True,True,77|11,24|23|23|18,0.956579|0.965457,0.952664|0.960069,0.955856|0.964667|0.959741|0.948594,0.949300|0.960576|0.954127|0.937267
662,105,True,2,35.817449,18|24,18.674157303370787,18.742857142857144,0.9524634558409916,0.9516830577709718,0.9470393246287703,0.9419933108802572,0.9321103425443413,True,True,92|13,18|30|22|35,0.951683|0.957986,0.947039|0.950347,0.960955|0.959070|0.953164|0.941993,0.955457|0.953704|0.946129|0.932110
663,99,True,2,34.920501,18|23,18.674157303370787,18.80808080808081,0.9558687111254119,0.9545954258039905,0.9507345379145198,0.9513240604778208,0.9434623812664525,True,True,83|16,34|19|22|24,0.954595|0.962474,0.950735|0.957036,0.958196|0.960880|0.951324|0.952770,0.953089|0.955251|0.943462|0.944419
664,94,True,2,35.489377,18|23,18.59925093632959,18.69148936170213,0.9528510332965144,0.9526562571032564,0.9421599810319295,0.9473620802337845,0.9392888672054296,True,True,81|13,16|19|27|32,0.952882|0.952656,0.948596|0.942160,0.960401|0.959708|0.947362|0.949636,0.955156|0.954098|0.939289|0.941531
665,104,True,2,35.467684,18|23,18.56179775280899,18.721153846153847,0.9525698533961535,0.9522585773916269,0.9468578334452966,0.9431536954461102,0.9331004277664453,True,True,89|15,28|24|22|30,0.952259|0.954417,0.947649|0.946858,0.959127|0.958241|0.950878|0.943154,0.953009|0.951499|0.943587|0.933100
666,98,True,2,35.221012,18|24,18.696629213483146,19.040816326530614,0.9536095449690167,0.9511682070541674,0.9466466717378925,0.9481372526331093,0.9396784848032895,True,True,81|17,22|23|22|31,0.951168|0.965242,0.946647|0.958224,0.952916|0.953903|0.948137|0.957767,0.947454|0.945442|0.939678|0.949275
667,107,True,2,35.733752,18|23,18.59925093632959,18.46728971962617,0.9517081097772949,0.9472962709533096,0.936796280447487,0.9395619303163415,0.9298965499877505,True,True,97|10,24|27|26|30,0.952163|0.947296,0.947636|0.936796,0.962929|0.959149|0.947639|0.939562,0.957297|0.953525|0.938444|0.929897
668,103,True,1,,19,19.0,19.0,0.9552661813279935,0.9552661813279935,0.9501950903740192,0.9361245878887389,0.9254452079925369,True,True,103,27|25|12|39,0.955266,0.950195,0.967494|0.968968|0.961418|0.936125,0.962377|0.964944|0.952922|0.925445
669,96,True,2,35.698449,18|23,18.59925093632959,18.677083333333332,0.95127833342843,0.9477065967363066,0.9383640474672231,0.938898421286132,0.9292398243380453,True,True,83|13,19|31|23|23,0.951838|0.947707,0.947246|0.938364,0.957968|0.961120|0.944868|0.938898,0.952039|0.956583|0.934277|0.929240
670,100,True,2,35.676651,18|23,18.56179775280899,18.6,0.9554194913446612,0.9483737623210319,0.9387382626028222,0.9460571674908688,0.9382266091167528,True,True,88|12,28|26|23|23,0.956380|0.948374,0.952806|0.938738,0.960889|0.962944|0.949617|0.946057,0.955825|0.958052|0.941648|0.938227
671,97,True,1,,19,19.0,19.0,0.9599046299640089,0.9599046299640089,0.955674895447777,0.931501557323569,0.9153254522351004,True,True,97,32|19|30|16,0.959905,0.955675,0.969003|0.971770|0.957833|0.931502,0.964491|0.967652|0.952148|0.915325
672,96,True,2,34.817975,18|23,18.617977528089888,18.9375,0.9550096364740307,0.9529068665275486,0.9426423056812571,0.9468907667621949,0.9384820745544399,True,True,78|18,16|26|24|30,0.955495|0.952907,0.951405|0.942642,0.957046|0.964130|0.946891|0.952515,0.948704|0.961369|0.938482|0.944108
673,108,True,2,35.468040,18|23,18.580524344569287,18.694444444444443,0.9519812969676373,0.9479941255909521,0.9383789949743124,0.9445997676296343,0.9354831812469795,True,True,93|15,26|27|25|30,0.952624|0.947994,0.948440|0.938379,0.960048|0.958266|0.944600|0.945485,0.954392|0.953538|0.935483|0.936575
674,100,True,1,,19,19.0,19.0,0.9570482973170488,0.9570482973170488,0.9521432731427002,0.9294195286674819,0.9150684642628942,True,True,100,22|28|27|23,0.957048,0.952143,0.969074|0.967236|0.960220|0.929420,0.963720|0.961564|0.953501|0.915068
675,104,True,1,,19,19.0,19.0,0.9597776529282617,0.9597776529282617,0.955917308482901,0.9321418294720056,0.9205363316525743,True,True,104,20|32|31|21,0.959778,0.955917,0.968583|0.970510|0.961740|0.932142,0.963859|0.967001|0.956609|0.920536
676,102,True,2,35.647570,18|24,18.719101123595507,18.58823529411765,0.9537121926135651,0.9528242751372409,0.9485080849319734,0.9441264408124079,0.9340736217062802,True,True,92|10,30|27|17|28,0.952824|0.961881,0.948508|0.953659,0.958405|0.961980|0.944126|0.946532,0.953214|0.957676|0.934074|0.935916
677,102,True,2,30.230699,17|19,18.45318352059925,18.45098039215686,0.948896738400158,0.9458501561013015,0.93901338588345,0.9275277230841772,0.9151804085230032,True,True,28|74,21|31|23|27,0.945850|0.950049,0.939013|0.943807,0.945090|0.962802|0.958716|0.927528,0.937822|0.956999|0.951034|0.915180
678,94,True,2,35.054024,18|23,18.580524344569287,18.904255319148938,0.9546636435161547,0.9520140340163811,0.943721770798373,0.9490047359020184,0.9415054147725895,True,True,77|17,15|30|17|32,0.955249|0.952014,0.951472|0.943722,0.958918|0.957488|0.956578|0.949005,0.952631|0.952051|0.951015|0.941505
679,101,True,2,35.078934,18|22,18.55430711610487,18.594059405940595,0.9530168014770285,0.9499057906811373,0.9383610378499649,0.9457309813965781,0.9359052898450843,True,True,86|15,21|32|21|27,0.953559|0.949906,0.949465|0.938361,0.956420|0.960808|0.947109|0.945731,0.950352|0.956324|0.937847|0.935905
680,101,True,2,35.656271,18|24,18.674157303370787,18.95049504950495,0.9536338243747278,0.9517568093943548,0.9468067709715902,0.9457700003628993,0.933709729843238,True,True,85|16,22|28|17|34,0.951757|0.963605,0.946807|0.958047,0.960733|0.961848|0.945770|0.946207,0.955784|0.956940|0.933710|0.936656
681,90,True,2,35.676651,18|24,18.741573033707866,18.666666666666668,0.9526858561948428,0.9506656510276363,0.9455246590022459,0.9464583203446355,0.9335398573407029,True,True,80|10,28|14|24|24,0.950666|0.968847,0.945525|0.965670,0.955777|0.958084|0.952159|0.946458,0.948570|0.949134|0.945353|0.933540
682,94,True,2,35.467684,18|23,18.617977528089888,18.585106382978722,0.9518384464715438,0.9516062326097847,0.9413727628011188,0.9425597500101415,0.9321119902976637,True,True,83|11,32|16|21|25,0.951606|0.953591,0.947069|0.941373,0.961879|0.949658|0.949246|0.942560,0.957449|0.939672|0.940438|0.932112
683,99,True,2,34.999822,18|24,18.674157303370787,19.151515151515152,0.9571078351234055,0.9534134058625394,0.9491415175101429,0.9484681409034168,0.9413796937010559,True,True,80|19,24|19|28|28,0.953413|0.972663,0.949142|0.965573,0.958575|0.959893|0.948468|0.962600,0.952465|0.951368|0.941380|0.953994
684,95,True,1,,19,19.0,19.0,0.9560177642647828,0.9560177642647828,0.950731214848162,0.9210001587354671,0.9069562393376747,True,True,95,25|25|23|22,0.956018,0.950731,0.971927|0.966708|0.960600|0.921000,0.967265|0.960555|0.953781|0.906956
685,97,True,2,35.698449,18|23,18.56179775280899,18.61855670103093,0.9535939472412011,0.9475864407183573,0.9380633742135811,0.9442363526662261,0.934712552042664,True,True,85|12,17|32|25|23,0.954442|0.947586,0.950014|0.938063,0.967265|0.956576|0.944236|0.949511,0.962944|0.950317|0.934713|0.940779
686,94,True,1,,19,19.0,19.0,0.9540357702546668,0.9540357702546668,0.9489817404954157,0.9240358416015247,0.9140588429274569,True,True,94,25|16|25|28,0.954036,0.948982,0.971063|0.967104|0.962245|0.924036,0.966134|0.960727|0.955927|0.914059
687,94,True,2,34.720990,18|23,19.10486891385768,18.425531914893618,0.9543055353695507,0.9534221956663543,0.9493514779295693,0.9431409936693169,0.934264006327263,True,True,86|8,32|23|27|12,0.953422|0.963801,0.949351|0.949559,0.961365|0.958070|0.943141|0.953386,0.956449|0.952604|0.934264|0.939383
688,95,True,2,35.656271,18|24,18.674157303370787,18.821052631578947,0.9538293663283359,0.9524548104628519,0.9478108664489843,0.9442384603625072,0.9352424100893335,True,True,82|13,22|27|15|31,0.952455|0.962500,0.947811|0.954619,0.962371|0.959886|0.950222|0.944238,0.957026|0.954214|0.938332|0.935242
689,95,True,2,34.817975,18|23,18.655430711610485,18.94736842105263,0.9534569314867944,0.9507964053607275,0.9460643395501814,0.948469667358461,0.9417522942684914,True,True,77|18,11|20|28|36,0.950796|0.964838,0.946064|0.956051,0.959889|0.959649|0.948470|0.951931,0.951571|0.954006|0.941752|0.942880
690,103,True,2,35.611753,18|23,18.59925093632959,18.485436893203882,0.9517508935149389,0.9492279731234416,0.9348986561110192,0.9446194304402702,0.9343761147705762,True,True,93|10,29|26|26|22,0.952022|0.949228,0.947834|0.934899,0.960501|0.955100|0.944619|0.944686,0.954916|0.948144|0.935890|0.934376
691,94,True,2,35.116515,18|23,18.655430711610485,18.904255319148938,0.9576033886744721,0.9568803084224793,0.9519015367471212,0.9466613538810759,0.9342651357648606,True,True,77|17,27|28|16|23,0.956880|0.960879,0.952603|0.951902,0.961532|0.961820|0.946661|0.955469,0.955692|0.956584|0.934265|0.946570
692,103,True,2,34.720320,18|22,18.61423220973783,18.737864077669904,0.9532830968326605,0.9456523808791385,0.9346408676960254,0.9415465131752281,0.9299373448105358,True,True,84|19,30|29|15|29,0.955009|0.945652,0.950700|0.934641,0.957713|0.961698|0.941547|0.946356,0.951689|0.957375|0.929937|0.936244
693,100,True,2,35.817449,18|24,18.741573033707866,18.54,0.950438153138468,0.9492784454080734,0.9444615939115713,0.941851123516638,0.9311855493036115,True,True,91|9,18|27|26|29,0.949278|0.962164,0.944462|0.953195,0.957636|0.958534|0.946626|0.941851,0.950822|0.951689|0.938221|0.931186
694,98,True,2,35.365688,18|22,18.749063670411985,18.3265306122449,0.9520916544782315,0.9275110109927647,0.9136625922111484,0.9291653862443248,0.9160735684528079,True,True,90|8,27|31|27|13,0.954277|0.927511,0.950271|0.913663,0.958773|0.959222|0.948262|0.929165,0.952312|0.953632|0.940591|0.916074
695,94,True,2,35.330226,18|23,18.692883895131086,18.74468085106383,0.9541785765019117,0.9534919519487921,0.9490330222944424,0.9486443405610985,0.9391742952245831,True,True,80|14,22|20|27|25,0.953492|0.958102,0.949090|0.949033,0.960586|0.961228|0.948861|0.948644,0.955983|0.954278|0.940687|0.939174
696,102,True,2,35.078934,18|23,18.56179775280899,18.88235294117647,0.9543602637833666,0.9535897154957431,0.9487266677937396,0.9450658261725077,0.9369029657750134,True,True,84|18,25|26|22|29,0.953590|0.957956,0.948955|0.948727,0.960740|0.961061|0.945066|0.949903,0.955085|0.955280|0.936903|0.939244
697,103,True,2,30.482331,17|19,18.333333333333332,18.339805825242717,0.9441598475494574,0.9430018476219286,0.9368284250486941,0.9192039638602167,0.9082773736316431,True,True,34|69,18|32|23|30,0.943002|0.944730,0.936828|0.937693,0.942530|0.957765|0.959057|0.919204,0.935867|0.950338|0.952371|0.908277
698,100,True,2,35.676651,18|23,18.711610486891384,18.5,0.9525222055408775,0.9484203166886118,0.9379975946398434,0.9457105685694303,0.9355042935913632,True,True,90|10,22|27|29|22,0.952978|0.948420,0.948930|0.937998,0.957448|0.957016|0.949769|0.945711,0.951676|0.950462|0.942611|0.935504
699,103,True,1,,19,19.0,19.0,0.9590027966578936,0.9590027966578936,0.9545593972229605,0.9077255926188618,0.8928360568258694,True,False,103,36|33|20|14,0.959003,0.954559,0.968366|0.966073|0.966377|0.907726,0.964566|0.961456|0.961043|0.892836
700,98,True,2,34.646636,18|23,18.99250936329588,18.918367346938776,0.9584148658916319,0.9567399287649121,0.9533428549901369,0.9516910253207932,0.9448912631776525,True,True,80|18,31|24|24|19,0.956740|0.965859,0.953343|0.960413,0.960835|0.959119|0.951691|0.962069,0.956073|0.954421|0.944891|0.953982
701,96,True,2,35.698449,18|24,18.674157303370787,18.5625,0.9495452812401286,0.9478860227246433,0.9429080864005256,0.9387060759618009,0.9279936923321237,True,True,87|9,21|23|23|29,0.947886|0.965585,0.942908|0.959260,0.960489|0.959665|0.943101|0.938706,0.955259|0.954815|0.932805|0.927994
702,96,True,2,36.044734,18|24,18.719101123595507,18.4375,0.9531649681140664,0.9527212914755642,0.9459111421143295,0.929499096131976,0.9131469416957065,True,True,89|7,26|25|29|16,0.952721|0.958806,0.947941|0.945911,0.962622|0.958464|0.953175|0.929499,0.957680|0.953376|0.944681|0.913147
703,105,True,2,36.044734,18|23,18.580524344569287,18.571428571428573,0.9509478967521997,0.9449537887115911,0.9344007344197978,0.9415037847424749,0.9319322997716922,True,True,93|12,23|15|42|25,0.951721|0.944954,0.947553|0.934401,0.959466|0.953782|0.950893|0.941504,0.954352|0.943587|0.944806|0.931932
704,107,True,2,36.063873,18|24,18.674157303370787,18.560747663551403,0.9537292449065476,0.9528964760211758,0.9486860159585094,0.9464621494945122,0.934610580174206,True,True,97|10,30|31|23|23,0.952896|0.961807,0.948686|0.954452,0.956926|0.959262|0.949369|0.946462,0.951529|0.954959|0.939389|0.934611
705,100,True,2,35.087489,18|23,18.655430711610485,18.85,0.956401766825971,0.9540435653992088,0.9498740035993937,0.9515352285995545,0.9401922020806156,True,True,83|17,21|35|18|26,0.954044|0.967915,0.949874|0.960699,0.961100|0.959269|0.952374|0.951535,0.955757|0.954677|0.945460|0.940192
706,92,True,2,34.746042,18|22,18.56928838951311,18.565217391304348,0.9540800430658108,0.9432140777550374,0.9318092696902297,0.9467960958649873,0.9364002552194552,True,True,79|13,24|28|14|26,0.955868|0.943214,0.951576|0.931809,0.961738|0.956286|0.950069|0.946796,0.956880|0.950703|0.938761|0.936400
707,96,True,2,34.794155,18|24,18.674157303370787,19.25,0.9576244609801848,0.9543419173655772,0.9493747366234421,0.9551743877566392,0.9462792224062402,True,True,76|20,21|20|14|41,0.954342|0.970098,0.949375|0.963502,0.962838|0.958047|0.956377|0.955174,0.958397|0.950784|0.949986|0.946279
708,85,True,1,,19,19.0,19.0,0.9575684996308343,0.9575684996308343,0.9523560435544279,0.9329884308562199,0.9207718328376207,True,True,85,16|28|15|26,0.957568,0.952356,0.964547|0.971815|0.966137|0.932988,0.957098|0.968110|0.959129|0.920772
709,106,True,2,35.503502,18|23,18.56179775280899,18.566037735849058,0.9532209699527293,0.9528677602012743,0.9420801541145407,0.9440581433074343,0.9341370285545286,True,True,94|12,29|28|27|22,0.953266|0.952868,0.949390|0.942080,0.957997|0.959504|0.949042|0.944058,0.952046|0.953495|0.942067|0.934137
710,88,True,2,35.344351,18|23,18.749063670411985,18.511363636363637,0.9546490823628659,0.9541285954000611,0.9449771964631266,0.9457667122849021,0.9325352748752284,True,True,79|9,26|32|14|16,0.954129|0.959218,0.949721|0.944977,0.960755|0.956837|0.945767|0.948123,0.956297|0.951074|0.932535|0.933792
711,93,True,1,,19,19.0,19.0,0.9564885983224087,0.9564885983224087,0.9516188735824548,0.9287041832205557,0.9125491665158991,True,True,93,24|26|25|18,0.956489,0.951619,0.967822|0.963730|0.958083|0.928704,0.962443|0.957977|0.950364|0.912549
712,97,True,2,35.221012,18|23,18.655430711610485,18.876288659793815,0.9538342978402444,0.9536034311863701,0.9470980954552523,0.9500440504482964,0.9415948402240205,True,True,80|17,29|21|21|26,0.953603|0.954921,0.949383|0.947098,0.956685|0.955956|0.952468|0.950044,0.950192|0.948356|0.945166|0.941595
713,103,True,2,34.720990,18|23,18.692883895131086,18.87378640776699,0.9573716839005966,0.9563972879604192,0.9527870732705347,0.952582265625276,0.9474857839218744,True,True,85|18,21|17|37|28,0.956397|0.961973,0.952787|0.955617,0.960692|0.966432|0.952582|0.955710,0.955203|0.962815|0.947486|0.947663
714,100,True,1,,19,19.0,19.0,0.9527869506189096,0.9527869506189096,0.9472459713480303,0.9174996377326988,0.9042525203552829,True,True,100,24|21|28|27,0.952787,0.947246,0.971355|0.966833|0.960364|0.917500,0.967162|0.960894|0.954353|0.904253
715,98,True,2,34.533138,18|22,18.55430711610487,18.897959183673468,0.9534170310259446,0.9505394926147058,0.9402672581924951,0.9488127323575548,0.9410628655239874,True,True,76|22,13|23|27|35,0.954250|0.950539,0.950466|0.940267,0.953126|0.963424|0.951001|0.948813,0.946652|0.958992|0.944002|0.941063
716,104,True,1,,19,19.0,19.0,0.9598453578570436,0.9598453578570436,0.9558211772766472,0.9193435482661075,0.9056997247486912,True,True,104,37|29|24|14,0.959845,0.955821,0.968336|0.970316|0.957730|0.919344,0.965012|0.966604|0.949718|0.905700
717,93,True,2,35.116515,18|22,18.46441947565543,18.731182795698924,0.9529599089164817,0.946680337594591,0.9367512511579497,0.940657842045429,0.930231493204332,True,True,76|17,19|14|31|29,0.954365|0.946680,0.949424|0.936751,0.963375|0.953650|0.957773|0.940658,0.957325|0.943199|0.952279|0.930231
718,102,True,2,33.721698,18|22,18.928838951310862,19.098039215686274,0.961548052855513,0.9605776407346872,0.9562064990739838,0.9545513828502302,0.9487434557934613,True,True,74|28,28|21|24|29,0.960578|0.964113,0.957669|0.956206,0.963353|0.963764|0.954551|0.963991,0.959013|0.959052|0.948743|0.956359
719,98,True,1,,19,19.0,19.0,0.954561861517604,0.954561861517604,0.9498939440931027,0.929834701635043,0.9200567516215514,True,True,98,24|18|26|30,0.954562,0.949894,0.967085|0.963460|0.965373|0.929835,0.961804|0.955226|0.960426|0.920057
720,101,True,2,35.875684,18|24,18.696629213483146,18.475247524752476,0.9493748477601814,0.9488435865578742,0.9443931786417612,0.9370765091492427,0.9278328616115346,True,True,93|8,22|19|31|29,0.948844|0.955551,0.944393|0.944651,0.964062|0.951682|0.949042|0.937077,0.958645|0.945024|0.941428|0.927833
721,96,True,2,35.258594,18|22,18.50936329588015,18.666666666666668,0.9521817594210793,0.9446114076345706,0.9340440380896875,0.939648810899241,0.9297818598817494,True,True,80|16,23|26|17|30,0.953696|0.944611,0.949122|0.934044,0.960844|0.961504|0.948322|0.939649,0.955007|0.957082|0.939100|0.929782
722,102,True,2,35.078934,18|23,18.692883895131086,18.735294117647058,0.9575980935903711,0.9560225359214741,0.9519368746189637,0.9541036347607648,0.9461364695783835,True,True,87|15,28|21|28|25,0.956023|0.966736,0.951937|0.961338,0.960248|0.961548|0.954104|0.955226,0.954542|0.956178|0.946136|0.946324
723,109,True,2,35.365688,18|23,18.56179775280899,18.871559633027523,0.9539642179252933,0.9526448281283044,0.9458888483745129,0.9426699618525733,0.9343501256531109,True,True,90|19,19|30|24|36,0.954243|0.952645,0.949801|0.945889,0.965025|0.960246|0.954297|0.942670,0.959828|0.955315|0.946422|0.934350
724,101,True,2,35.294055,18|23,18.617977528089888,18.643564356435643,0.9524929454760316,0.9517698341925758,0.9456540047745531,0.9470625290570891,0.9360752392739482,True,True,88|13,19|25|32|25,0.951770|0.957388,0.947491|0.945654,0.959877|0.954331|0.950915|0.947063,0.955771|0.947557|0.943699|0.936075
725,97,True,2,35.258594,18|23,18.692883895131086,18.721649484536083,0.9550996177640383,0.9541863695336456,0.9500386926905192,0.9483014948994754,0.9405669958873597,True,True,83|14,17|25|29|26,0.954186|0.960514,0.950039|0.950721,0.955742|0.961817|0.948301|0.955804,0.949415|0.955765|0.940567|0.947240
726,102,True,2,35.170717,18|23,18.674157303370787,18.833333333333332,0.9542131984632942,0.9536276615535682,0.9489971745502457,0.9429322146989462,0.9323916335313941,True,True,85|17,22|32|18|30,0.953628|0.957141,0.948997|0.949408,0.959782|0.960714|0.954652|0.942932,0.955315|0.956136|0.945204|0.932392
727,100,True,2,30.243063,17|19,18.52059925093633,18.44,0.9468147987549677,0.9436673488698525,0.9369477068492275,0.9280055345968384,0.9160930547580465,True,True,28|72,29|15|26|30,0.943667|0.948039,0.936948|0.941585,0.943758|0.969230|0.958995|0.928006,0.937273|0.964133|0.952827|0.916093
728,98,True,2,34.999822,18|22,18.524344569288388,18.73469387755102,0.9536456610046401,0.9420551389074764,0.9320582167863632,0.9443568326162551,0.9359548135982535,True,True,80|18,25|20|31|22,0.956254|0.942055,0.952999|0.932058,0.960123|0.957200|0.952721|0.944357,0.955374|0.951265|0.946389|0.935955
729,105,True,2,34.745373,18|23,18.636704119850187,18.904761904761905,0.9552018100307658,0.9534894151263805,0.9491670519316432,0.948949729677703,0.9415908570568323,True,True,86|19,29|17|24|35,0.953489|0.962953,0.949167|0.954246,0.957880|0.964502|0.948950|0.952752,0.952371|0.960475|0.941591|0.943600
730,105,True,1,,19,19.0,19.0,0.959664592229911,0.959664592229911,0.954964813222906,0.9374366571098576,0.9253489846627312,True,True,105,22|23|28|32,0.959665,0.954965,0.973072|0.972107|0.964313|0.937437,0.968584|0.968322|0.959867|0.925349
731,104,True,2,31.721771,17|20,18.55056179775281,18.384615384615383,0.9481353218669079,0.9442204482824766,0.9397482194139474,0.9369277639897077,0.9263076496820666,True,True,56|48,42|14|25|23,0.944220|0.952703,0.939748|0.945913,0.943632|0.945985|0.967216|0.936928,0.938570|0.936230|0.961863|0.926308
732,90,True,2,35.170717,18|22,18.61423220973783,18.57777777777778,0.9515925702023198,0.9360350762006189,0.9255872450205946,0.9359826847165387,0.9256028407399137,True,True,77|13,22|24|25|19,0.954219|0.936035,0.949925|0.925587,0.959730|0.958915|0.949266|0.935983,0.953895|0.952867|0.940917|0.925603
733,103,True,2,35.170717,18|23,18.674157303370787,18.728155339805824,0.9546110551101888,0.9545359714019703,0.947913284742497,0.9468947317824711,0.9369216453258704,True,True,88|15,19|32|31|21,0.954536|0.955052,0.950297|0.947913,0.958760|0.961729|0.949948|0.946895,0.952268|0.957346|0.941745|0.936922
734,101,True,2,36.236201,18|24,18.674157303370787,18.415841584158414,0.9519469922673413,0.9515282772928988,0.9447670851735183,0.9350139612882827,0.9205120813430104,True,True,94|7,21|27|33|20,0.951528|0.957570,0.946878|0.944767,0.962701|0.957251|0.951026|0.935014,0.957236|0.950467|0.944314|0.920512
735,105,True,2,34.544577,18|22,18.674157303370787,18.8,0.956544410243762,0.9508595617362771,0.9422374328369042,0.9516295462082088,0.9428257381678946,True,True,84|21,30|22|28|25,0.957966|0.950860,0.954209|0.942237,0.958312|0.965828|0.951630|0.951758,0.953621|0.961940|0.943567|0.942826
736,102,True,2,34.397104,18|22,18.749063670411985,18.705882352941178,0.9573339659204624,0.9461118636960892,0.9375454514884127,0.950056748890707,0.9422569486266327,True,True,84|18,38|15|27|22,0.959739|0.946112,0.956523|0.937545,0.958912|0.963068|0.957857|0.950057,0.954268|0.956759|0.951272|0.942257
737,102,True,2,35.698449,18|24,18.853932584269664,18.529411764705884,0.9537947557687428,0.9528043665555364,0.9486972978006021,0.9420753901563994,0.9269493890870485,True,True,93|9,23|37|26|16,0.952804|0.964029,0.948697|0.954827,0.958440|0.958896|0.949638|0.942075,0.952686|0.954210|0.941677|0.926949
738,104,True,2,35.294055,18|23,18.580524344569287,18.865384615384617,0.9532247364372347,0.9526660720082339,0.9483819419983641,0.9445843170567184,0.9359353897204433,True,True,86|18,21|20|29|34,0.952666|0.955894,0.948439|0.948382,0.960155|0.963649|0.951147|0.944584,0.954960|0.958053|0.945563|0.935935
739,92,True,2,35.937176,18|24,18.696629213483146,18.456521739130434,0.9541331229577227,0.9537361193274259,0.945868282240237,0.9490506101886738,0.9368194277703377,True,True,85|7,24|26|25|17,0.953736|0.958954,0.949537|0.945868,0.961180|0.952665|0.952351|0.949051,0.956298|0.946034|0.943560|0.936819
740,93,True,2,35.591373,18|23,18.617977528089888,18.591397849462364,0.9533807725233296,0.9484694455530893,0.9387202334573856,0.938834366396617,0.9250326593422671,True,True,82|11,24|25|28|16,0.954040|0.948469,0.949476|0.938720,0.959338|0.962312|0.948612|0.938834,0.953310|0.958141|0.940099|0.925033
741,106,True,1,,19,19.0,19.0,0.9612016576270304,0.9612016576270304,0.957188264497288,0.9330442779755246,0.9204397664274259,True,True,106,44|23|18|21,0.961202,0.957188,0.969855|0.970487|0.961033|0.933044,0.966639|0.965400|0.952841|0.920440
742,97,True,2,34.357014,18|22,18.53932584269663,19.072164948453608,0.9546988889429587,0.9523039281946619,0.9449179903443636,0.9507532189805734,0.9433507979684893,True,True,71|26,22|16|27|32,0.955576|0.952304,0.951676|0.944918,0.958705|0.955180|0.955827|0.950753,0.953007|0.948259|0.949471|0.943351
743,94,True,2,35.698449,18|24,18.674157303370787,18.638297872340427,0.9545645761160507,0.9536536720245403,0.9492648911425743,0.9473233601163473,0.9359067797479275,True,True,84|10,22|28|23|21,0.953654|0.962216,0.949265|0.951578,0.960897|0.960109|0.948369|0.947323,0.955173|0.955448|0.938442|0.935907
744,96,True,2,35.647570,18|24,18.674157303370787,18.75,0.9523562088261451,0.9509734703636202,0.9462661603743399,0.9462503023826956,0.9353735129155596,True,True,84|12,17|34|20|25,0.950973|0.962035,0.946266|0.953949,0.964337|0.954388|0.946352|0.946250,0.959350|0.948537|0.936222|0.935374
745,104,True,2,30.114840,17|19,18.50561797752809,18.48076923076923,0.9470748136078855,0.9458614725374636,0.940072336910836,0.920824576788568,0.9089054366959626,True,True,27|77,27|22|27|28,0.945861|0.947500,0.940072|0.941151,0.945861|0.964878|0.961004|0.920825,0.940072|0.958162|0.955352|0.908905
746,97,True,2,35.733752,18|24,18.674157303370787,18.8659793814433,0.9539982219158677,0.9531296853936305,0.9486215407480371,0.9446475442373058,0.9339115328901225,True,True,83|14,28|21|26|22,0.953130|0.959147,0.948622|0.951271,0.959698|0.962712|0.948734|0.944648,0.953978|0.958280|0.939910|0.933912
747,96,True,1,,19,19.0,19.0,0.957472024854805,0.957472024854805,0.9527633256450067,0.9123918582796533,0.8984537644756678,True,False,96,28|29|24|15,0.957472,0.952763,0.968052|0.969339|0.958965|0.912392,0.963704|0.965154|0.951504|0.898454
748,100,True,2,35.676651,18|24,18.674157303370787,18.78,0.9526415449362041,0.9514917915464218,0.9470901918389923,0.9448676011989002,0.9337976909601284,True,True,87|13,26|28|22|24,0.951492|0.960336,0.947090|0.952150,0.959420|0.958852|0.945206|0.944868,0.954067|0.953225|0.936599|0.933798
749,108,True,2,35.733752,18|24,18.719101123595507,18.72222222222222,0.9536141411884663,0.9529703382596525,0.9489161413635109,0.9450440696265265,0.9347792168811617,True,True,95|13,20|36|27|25,0.952970|0.958319,0.948916|0.950537,0.958958|0.959361|0.949929|0.945044,0.954095|0.954760|0.941702|0.934779
750,95,True,2,35.503502,18|23,18.636704119850187,18.526315789473685,0.954143901564903,0.953728017218074,0.9454400698544023,0.9440898583854028,0.9255932879520401,True,True,85|10,25|21|37|12,0.953728|0.957679,0.949319|0.945440,0.963222|0.956753|0.949790|0.944090,0.958605|0.949929|0.942858|0.925593
751,91,True,2,35.647570,18|23,18.580524344569287,18.714285714285715,0.9520592536466035,0.9478616435074755,0.9388346018200523,0.9445524023424974,0.9353955610788617,True,True,78|13,24|14|20|33,0.952759|0.947862,0.948089|0.938835,0.958167|0.962685|0.949678|0.944552,0.953055|0.953318|0.943728|0.935396
752,100,True,2,35.141901,18|23,18.56179775280899,18.85,0.9538898656537408,0.9528811083381296,0.9479112669237063,0.9494408126801367,0.9406513882551153,True,True,83|17,19|22|23|36,0.952881|0.958815,0.947911|0.950543,0.962969|0.957071|0.949441|0.949996,0.956727|0.950081|0.941175|0.940651
753,97,True,2,34.746042,18|22,18.524344569288388,18.824742268041238,0.9513526825061588,0.9498538757097983,0.9393222013442872,0.9476676806023259,0.9386959013690407,True,True,77|20,20|16|33|28,0.951742|0.949854,0.947342|0.939322,0.958357|0.955439|0.947668|0.948358,0.953855|0.945269|0.940979|0.938696
754,87,True,2,35.330226,18|23,18.674157303370787,18.689655172413794,0.95742515666633,0.9570703656609267,0.9497533070825674,0.9489724982179226,0.9391983406815774,True,True,75|12,22|14|25|26,0.957070|0.959643,0.952899|0.949753,0.961331|0.964836|0.958628|0.948972,0.954579|0.960852|0.953545|0.939198
755,93,True,2,35.733752,18|24,18.696629213483146,18.774193548387096,0.9511703067461459,0.9501093261432305,0.9454155244590868,0.9427614191885245,0.9351793773401612,True,True,81|12,22|19|29|23,0.950109|0.958332,0.945416|0.949887,0.956882|0.962556|0.942761|0.946904,0.950350|0.955835|0.935179|0.936294
756,102,True,2,34.721552,18|23,18.973782771535582,18.637254901960784,0.9571998245008345,0.9559307452190952,0.9524490928408562,0.9530736898863449,0.9475955005744756,True,True,89|13,34|20|32|16,0.955931|0.965888,0.952449|0.957891,0.957673|0.960568|0.953074|0.960236,0.952105|0.953728|0.947596|0.950422
757,98,True,2,34.872808,18|23,18.617977528089888,19.020408163265305,0.9546216920160139,0.9539273096547572,0.9491062016614041,0.9476943866090406,0.9382952579613323,True,True,78|20,27|20|17|34,0.953927|0.957330,0.949106|0.950075,0.958383|0.960555|0.955522|0.947694,0.953255|0.952435|0.949437|0.938295
758,89,True,2,35.170717,18|22,18.55430711610487,18.629213483146067,0.95200188509261,0.9433698310509314,0.9342294048203984,0.9359095117929476,0.9248563928418312,True,True,75|14,19|34|18|18,0.953613|0.943370,0.949316|0.934229,0.964839|0.956440|0.946160|0.935910,0.959660|0.951614|0.937340|0.924856
759,107,True,2,34.873477,18|23,18.84269662921348,18.794392523364486,0.9537738940246655,0.9533681915765236,0.94636252985831,0.947303073479402,0.9373569561478412,True,True,90|17,29|26|26|26,0.953368|0.955922,0.949492|0.946363,0.956690|0.961620|0.949147|0.947303,0.951910|0.957437|0.941131|0.937357
760,101,True,1,,19,19.0,19.0,0.9562134933089816,0.9562134933089816,0.9511444427888706,0.9219304687376111,0.9080834251050711,True,True,101,32|20|25|24,0.956213,0.951144,0.968055|0.967066|0.965285|0.921930,0.963426|0.962621|0.958895|0.908083
761,98,True,2,35.669369,18|23,18.580524344569287,18.56122448979592,0.9504961741538365,0.9467449571689621,0.9351036210046836,0.9410318346691474,0.9323054377240353,True,True,87|11,18|24|17|39,0.950970|0.946745,0.946101|0.935104,0.960099|0.959419|0.949444|0.941032,0.954110|0.953107|0.939331|0.932305
762,91,True,2,35.733752,18|24,18.674157303370787,18.725274725274726,0.954172132919831,0.9535917521595397,0.9488293110162603,0.9431987870085811,0.9325239356208217,True,True,80|11,29|22|13|27,0.953592|0.958393,0.948871|0.948829,0.961731|0.960427|0.949515|0.943199,0.957015|0.955107|0.937108|0.932524
763,107,True,2,34.720320,18|23,18.749063670411985,18.88785046728972,0.9565126149372671,0.9539354114124158,0.9458802120860448,0.9476052159057503,0.9375826328007472,True,True,88|19,27|25|31|24,0.957069|0.953935,0.953425|0.945880,0.960197|0.962029|0.955751|0.947605,0.955331|0.956876|0.950262|0.937583
764,88,True,1,,19,19.0,19.0,0.9576327859150677,0.9576327859150677,0.9523315199809688,0.9309638299956124,0.9175526499189124,True,True,88,26|21|16|25,0.957633,0.952332,0.970059|0.971589|0.960793|0.930964,0.965639|0.966526|0.953349|0.917553
765,94,True,2,31.513409,17|20,18.40449438202247,18.659574468085108,0.9492894774948022,0.9443428667926923,0.9388410470159716,0.9357650412813893,0.9259062765347049,True,True,42|52,19|21|32|22,0.944343|0.953285,0.938841|0.947052,0.945877|0.941746|0.965564|0.935765,0.939432|0.932538|0.960271|0.925906
766,88,True,2,34.533138,18|23,19.16104868913858,18.568181818181817,0.9602135977222581,0.9596128305470859,0.955974491506199,0.9508424073775807,0.9424978282140642,True,True,78|10,28|30|15|15,0.959613|0.964900,0.956581|0.955974,0.960957|0.962857|0.950842|0.962909,0.956430|0.959083|0.942498|0.954158
767,80,True,2,36.044734,18|24,18.696629213483146,18.375,0.9485831202472947,0.9481619502102165,0.9389273826981126,0.9275451766377732,0.9114207790967161,True,True,75|5,23|18|24|15,0.948162|0.954901,0.942817|0.938927,0.956847|0.951814|0.951390|0.927545,0.950950|0.943318|0.942187|0.911421
768,103,True,2,35.381927,18|23,18.880149812734082,18.388349514563107,0.9543992030664514,0.9495523589167536,0.9389431984244906,0.9345962101041682,0.920981308608376,True,True,95|8,31|28|30|14,0.954807|0.949552,0.950547|0.938943,0.963438|0.960587|0.948525|0.934596,0.958414|0.955081|0.940123|0.920981
769,95,True,2,35.453559,18|22,18.56928838951311,18.50526315789474,0.9481971296777086,0.9347663465732774,0.9237932510505197,0.9298800539008153,0.9197774729524706,True,True,83|12,22|18|26|29,0.950139|0.934766,0.945223|0.923793,0.961198|0.963488|0.947041|0.929880,0.955548|0.958267|0.939892|0.919777
770,101,True,2,36.157500,18|23,18.692883895131086,18.14851485148515,0.9494342634718869,0.949250115112198,0.9446686346445032,0.9262345150433643,0.9124679757621398,True,True,98|3,38|21|24|18,0.949250|0.955450,0.944669|0.950291,0.956474|0.957116|0.948967|0.926235,0.951380|0.950761|0.939087|0.912468
771,106,True,2,34.440085,18|22,18.629213483146067,18.867924528301888,0.9558268817802426,0.9490609456211487,0.9408466507227152,0.9498972148621792,0.942958912903061,True,True,83|23,17|28|25|36,0.957702|0.949061,0.953915|0.940847,0.962990|0.960152|0.954650|0.949897,0.956576|0.954542|0.947300|0.942959
772,99,True,2,35.365688,18|23,18.59925093632959,18.707070707070706,0.95248923525966,0.9522307792550466,0.9446523871298133,0.941191884541905,0.9294273620726411,True,True,85|14,29|31|18|21,0.952231|0.954058,0.947785|0.944652,0.957594|0.961665|0.941642|0.941192,0.952483|0.958231|0.929528|0.929427
773,97,True,2,35.875684,18|24,18.674157303370787,18.68041237113402,0.953036617628312,0.951533896925373,0.9470739775841246,0.9506704500761061,0.9409180458457493,True,True,86|11,17|20|40|20,0.951534|0.964785,0.947074|0.957972,0.963330|0.950806|0.950961|0.950670,0.956336|0.941216|0.944514|0.940918
774,89,True,2,34.794155,18|23,18.730337078651687,18.674157303370787,0.9565287967537265,0.9563110373010887,0.9494464225108797,0.9499837420918535,0.9425944643171117,True,True,77|12,20|27|22|20,0.956311|0.957926,0.952244|0.949446,0.960831|0.958841|0.949984|0.956304,0.953845|0.953100|0.942594|0.946641
775,86,True,2,35.656271,18|24,18.674157303370787,18.697674418604652,0.9539449852729888,0.9524576847011911,0.9476706615727558,0.9480745960482222,0.9370851599435048,True,True,76|10,17|27|21|21,0.952458|0.965248,0.947671|0.957081,0.960540|0.958625|0.948075|0.948460,0.954191|0.952635|0.937085|0.937950
776,103,True,2,35.875684,18|24,18.696629213483146,18.524271844660195,0.9536160056051466,0.9522052542677245,0.9477560389652945,0.9482190739829987,0.9395721799639946,True,True,94|9,19|24|34|26,0.952205|0.968351,0.947756|0.965805,0.958250|0.960945|0.948219|0.950522,0.952758|0.954713|0.940805|0.939572
777,102,True,1,,19,19.0,19.0,0.9571229914049281,0.9571229914049281,0.9522978400764898,0.9325706932067571,0.9187358137408578,True,True,102,33|22|23|24,0.957123,0.952298,0.971699|0.966586|0.952777|0.932571,0.967977|0.960611|0.944062|0.918736
778,98,True,1,,19,19.0,19.0,0.9582505106455476,0.9582505106455476,0.9537243447566006,0.9225024777895866,0.9096087505518337,True,True,98,33|27|20|18,0.958251,0.953724,0.967991|0.970368|0.957994|0.922502,0.963020|0.966250|0.949976|0.909609
779,93,True,1,,19,19.0,19.0,0.9606504959842079,0.9606504959842079,0.9562109863715035,0.9260929558558784,0.9084698572165779,True,True,93,35|21|22|15,0.960650,0.956211,0.968737|0.968103|0.964234|0.926093,0.965033|0.963885|0.957488|0.908470
780,96,True,1,,19,19.0,19.0,0.9571408406946489,0.9571408406946489,0.9522169407398733,0.9312388392251217,0.919319991824411,True,True,96,18|27|25|26,0.957141,0.952217,0.970834|0.971604|0.958600|0.931239,0.965170|0.966713|0.951481|0.919320
781,101,True,2,35.518457,18|23,18.580524344569287,18.84158415841584,0.9515125746763766,0.9508937431820673,0.9449091724462739,0.9441199040428491,0.9345074808090508,True,True,84|17,19|31|21|30,0.950894|0.954570,0.946291|0.944909,0.957193|0.959820|0.944672|0.944120,0.949842|0.954799|0.934507|0.934912
782,96,True,2,36.113195,18|24,18.674157303370787,18.4375,0.9517955587858404,0.9514568033863461,0.9435442311156678,0.9347094743427595,0.9229877032456667,True,True,89|7,21|24|30|21,0.951457|0.956103,0.947108|0.943544,0.960716|0.958304|0.952305|0.934709,0.954702|0.952801|0.945390|0.922988
783,103,True,1,,19,19.0,19.0,0.9595455049868128,0.9595455049868128,0.955559454020085,0.9379828045906695,0.9284352147693542,True,True,103,28|28|19|28,0.959546,0.955559,0.967503|0.967760|0.967491|0.937983,0.961901|0.963305|0.961845|0.928435
784,100,True,2,36.211036,18|25,18.786516853932586,18.56,0.9515911589177756,0.9502973012301723,0.9457951604369309,0.942840832310254,0.9324825073275479,True,True,92|8,27|17|27|29,0.950297|0.966471,0.945795|0.956937,0.962706|0.957623|0.946077|0.942841,0.957914|0.952292|0.937630|0.932483
785,102,True,2,36.063873,18|23,18.56179775280899,18.392156862745097,0.9502111843862857,0.9400380774695793,0.9279544654679563,0.9352850073220308,0.9253473869634178,True,True,94|8,33|19|30|20,0.951077|0.940038,0.946743|0.927954,0.960525|0.960197|0.942493|0.935285,0.955035|0.953118|0.934412|0.925347
786,97,True,2,34.721552,18|23,18.56179775280899,19.288659793814432,0.9539265906572599,0.9524432977349654,0.9480086258139012,0.9519897544194522,0.9445723971162042,True,True,72|25,17|23|21|36,0.952443|0.958198,0.948009|0.950563,0.958711|0.954599|0.951990|0.952367,0.951623|0.947503|0.944572|0.944735
787,93,True,2,34.817975,18|23,18.655430711610485,18.86021505376344,0.9601477466943051,0.9587762848546283,0.9550780913673884,0.9510055855897293,0.942687033868418,True,True,77|16,21|27|22|23,0.958776|0.966748,0.955078|0.958827,0.965875|0.959445|0.951006|0.964488,0.961602|0.954415|0.942687|0.956546
788,89,True,1,,19,19.0,19.0,0.9582269208837765,0.9582269208837765,0.9533522513663335,0.9259265023525932,0.9129312020029345,True,True,89,25|19|25|20,0.958227,0.953352,0.971121|0.970041|0.962195|0.925927,0.966730|0.963956|0.956174|0.912931
789,104,True,2,35.256474,18|23,18.617977528089888,18.817307692307693,0.9542929530537558,0.9538827835140228,0.9474965715453018,0.9496256314512642,0.9394543990500266,True,True,87|17,23|37|19|25,0.953883|0.956392,0.949897|0.947497,0.954567|0.957941|0.949626|0.952188,0.949704|0.953046|0.939454|0.942307
790,91,True,1,,19,19.0,19.0,0.9570109202308786,0.9570109202308786,0.9521885689361058,0.9341303351649215,0.9233192769307118,True,True,91,25|18|21|27,0.957011,0.952189,0.968173|0.973215|0.959251|0.934130,0.962611|0.970429|0.951127|0.923319
791,99,True,2,35.467684,18|23,18.692883895131086,18.606060606060606,0.9529231330362175,0.9527262114167387,0.9438988655232685,0.940999169346745,0.9289658765336845,True,True,87|12,33|33|15|18,0.952726|0.954351,0.948395|0.943899,0.957065|0.959250|0.940999|0.943667,0.951785|0.954089|0.928966|0.930650
792,97,True,2,36.063873,18|24,18.719101123595507,18.556701030927837,0.9517590295224723,0.9507251109644854,0.9464370110178116,0.9442907876355557,0.9330437982560784,True,True,88|9,26|26|24|21,0.950725|0.961868,0.946437|0.954519,0.955646|0.954937|0.950640|0.944291,0.949491|0.948667|0.942225|0.933044
793,92,True,1,,19,19.0,19.0,0.9582790520959802,0.9582790520959802,0.9538083690538475,0.9362332891671835,0.9228220805584549,True,True,92,24|19|29|20,0.958279,0.953808,0.968330|0.966948|0.959486|0.936233,0.962963|0.960104|0.953385|0.922822
794,98,True,2,34.852763,18|23,18.580524344569287,19.020408163265305,0.9558336698050838,0.9545777021677608,0.9503211068150421,0.9419990899071075,0.9327461922551974,True,True,78|20,29|20|19|30,0.954578|0.960732,0.950321|0.953603,0.960976|0.959127|0.941999|0.957429,0.956116|0.953469|0.932746|0.949375
795,95,True,2,35.258594,18|23,18.674157303370787,18.736842105263158,0.9536880850460923,0.9528362189034153,0.947675171752817,0.9452716698159686,0.9343979128173016,True,True,81|14,26|15|26|28,0.952836|0.958617,0.948061|0.947675,0.964232|0.955729|0.951030|0.945272,0.960202|0.945829|0.943564|0.934398
796,97,True,2,35.365688,18|23,18.692883895131086,18.36082474226804,0.9514973857757717,0.9434251351551151,0.9312847037271665,0.929268262446253,0.9167403904194458,True,True,90|7,32|30|21|14,0.952125|0.943425,0.947909|0.931285,0.962836|0.955824|0.942858|0.929268,0.957997|0.950475|0.933392|0.916740
797,98,True,2,35.170717,18|23,18.655430711610485,18.663265306122447,0.9562339615514234,0.9552036858652795,0.9509114313987285,0.947339869372784,0.9385720487020511,True,True,85|13,14|37|22|25,0.955204|0.962970,0.950911|0.954981,0.965448|0.962572|0.947340|0.949521,0.958352|0.959303|0.938572|0.938764
798,91,True,1,,19,19.0,19.0,0.957248361079377,0.957248361079377,0.9525888167103498,0.9231471460652713,0.9117423179154883,True,True,91,22|32|18|19,0.957248,0.952589,0.966368|0.966963|0.964827|0.923147,0.960548|0.962078|0.957095|0.911742
799,105,True,2,35.656271,18|23,18.692883895131086,18.476190476190474,0.9529334116665131,0.951075228251846,0.9393348464294556,0.9410408651506449,0.9303018583495959,True,True,95|10,31|22|25|27,0.953129|0.951075,0.948989|0.939335,0.959486|0.959094|0.952230|0.941041,0.956066|0.953531|0.943744|0.930302
800,98,True,2,36.157500,18|24,18.696629213483146,18.367346938775512,0.9499471977231417,0.9492093950583174,0.9445429717355945,0.935123561776907,0.92311211661585,True,True,92|6,34|17|25|22,0.949209|0.961260,0.944543|0.950776,0.959787|0.957294|0.944614|0.935124,0.954765|0.950492|0.935137|0.923112
801,96,True,2,35.365688,18|23,18.580524344569287,18.677083333333332,0.9555033081872174,0.9555001924367155,0.9453435346312627,0.9522507542898316,0.9453130561255908,True,True,83|13,25|19|24|28,0.955500|0.955523,0.951502|0.945344,0.960362|0.954105|0.952251|0.954902,0.955401|0.945769|0.945313|0.946186
802,98,True,2,35.116515,18|23,18.674157303370787,18.663265306122447,0.9546754221606203,0.9529183882140195,0.948306732942948,0.9482231365774605,0.9411032944710375,True,True,85|13,23|17|34|24,0.952918|0.966164,0.948307|0.956744,0.963243|0.955578|0.948223|0.954966,0.957861|0.947090|0.941103|0.943587
803,95,True,2,35.937176,18|23,18.636704119850187,18.42105263157895,0.9523037678836375,0.9441984849989151,0.9306714553150132,0.9393482751725578,0.9277793833270065,True,True,87|8,21|21|31|22,0.953049|0.944198,0.948902|0.930671,0.961730|0.956499|0.952271|0.939348,0.955416|0.950750|0.946405|0.927779
804,112,True,2,34.793486,18|22,18.61423220973783,18.642857142857142,0.9544108315129495,0.9454347258946397,0.9341092204097308,0.940674259509469,0.9298728457420016,True,True,94|18,30|22|33|27,0.956130|0.945435,0.952057|0.934109,0.966398|0.961644|0.949930|0.940674,0.963054|0.954902|0.943334|0.929873
805,95,True,2,34.746042,18|22,18.55430711610487,18.63157894736842,0.95302689011957,0.9396069697718882,0.9282329698085222,0.93538035177045,0.9246015137168774,True,True,80|15,22|29|23|21,0.955543|0.939607,0.951625|0.928233,0.960587|0.960839|0.952058|0.935380,0.954617|0.956484|0.944851|0.924602
806,95,True,2,35.294055,18|24,19.0561797752809,18.88421052631579,0.9568139717971618,0.9542161691866932,0.9495997692503163,0.9530392539679161,0.9395509742404391,True,True,81|14,18|31|26|20,0.954216|0.971844,0.949600|0.964537,0.963267|0.957894|0.953962|0.953039,0.958698|0.952113|0.945389|0.939551
807,94,True,2,34.873477,18|23,18.880149812734082,18.638297872340427,0.9585097564597775,0.9568914747531441,0.9529883594670753,0.9489458073017993,0.9384360227549698,True,True,82|12,27|29|19|19,0.956891|0.969568,0.952988|0.961789,0.963604|0.956337|0.948946|0.964151,0.959362|0.950903|0.938436|0.954671
808,101,True,1,,19,19.0,19.0,0.9584522256993666,0.9584522256993666,0.9540480643697513,0.9201032934097455,0.9071939152589931,True,True,101,23|39|21|18,0.958452,0.954048,0.970325|0.966553|0.963274|0.920103,0.965502|0.963562|0.954652|0.907194
809,104,True,2,35.676651,18|23,18.56179775280899,18.576923076923077,0.9515802998547351,0.9493416175025589,0.9389790555686286,0.9437116005695249,0.9349613942250312,True,True,92|12,26|20|27|31,0.951872|0.949342,0.947884|0.938979,0.960185|0.953257|0.951087|0.943712,0.955947|0.945671|0.944317|0.934961
810,97,True,2,34.817975,18|23,18.89887640449438,18.77319587628866,0.9561918753357388,0.955082968287642,0.9505728817079522,0.9490065780590146,0.938051615209901,True,True,82|15,27|15|29|26,0.955083|0.962254,0.950573|0.951403,0.963248|0.956676|0.955814|0.949007,0.957645|0.947478|0.949110|0.938052
811,105,True,1,,19,19.0,19.0,0.9579231150421363,0.9579231150421363,0.9535906632039892,0.9202877514445827,0.9093478903957525,True,True,105,27|30|27|21,0.957923,0.953591,0.971928|0.966893|0.963224|0.920288,0.968691|0.961907|0.957585|0.909348
812,99,True,2,35.166811,18|23,18.59925093632959,18.858585858585858,0.9550244443858599,0.9544578974899066,0.9488306153018283,0.9496360374599943,0.942356720432968,True,True,82|17,17|21|34|27,0.954458|0.957757,0.949940|0.948831,0.967437|0.955710|0.949636|0.953461,0.962121|0.948544|0.942357|0.944293
813,99,True,2,34.544577,18|23,19.01123595505618,18.656565656565657,0.9576316787528871,0.9566806133311608,0.9528441793316516,0.952644887309291,0.9452770003990554,True,True,86|13,22|25|31|21,0.956681|0.963923,0.952844|0.955467,0.966605|0.957858|0.952645|0.955324,0.961920|0.952929|0.945277|0.945816
814,94,True,2,35.221012,18|23,18.655430711610485,18.79787234042553,0.9543419158394714,0.9533480570798926,0.9484927087224665,0.9475675379362462,0.9365321144049671,True,True,79|15,23|24|20|27,0.953348|0.959576,0.948493|0.949668,0.959392|0.958713|0.952434|0.947568,0.953860|0.951528|0.943350|0.936532
815,110,True,1,,19,19.0,19.0,0.9576487539152928,0.9576487539152928,0.9535087622588011,0.9267958084629985,0.9154063898996269,True,True,110,33|29|24|24,0.957649,0.953509,0.966713|0.966670|0.965138|0.926796,0.962291|0.961952|0.959757|0.915406
816,99,True,2,34.440085,18|23,18.880149812734082,19.01010101010101,0.9584671602348988,0.9572535487120404,0.9532399387817154,0.9492130077707871,0.937560490808151,True,True,79|20,31|24|14|30,0.957254|0.963261,0.953240|0.956114,0.959389|0.963115|0.949213|0.958115,0.954042|0.958579|0.937560|0.950321
817,95,True,2,34.721552,18|22,18.719101123595507,18.71578947368421,0.9536349289304283,0.9512866945199969,0.9407846294160831,0.9479603542635796,0.9392850895098299,True,True,78|17,31|15|24|25,0.954147|0.951287,0.950420|0.940785,0.955205|0.962196|0.952167|0.947960,0.950174|0.956896|0.944364|0.939285
818,88,True,2,35.467684,18|23,18.617977528089888,18.568181818181817,0.953711983830274,0.9533051006605823,0.9484285089393633,0.9472765980039166,0.9363109104166234,True,True,78|10,20|27|19|22,0.953305|0.956886,0.948658|0.948429,0.962749|0.955156|0.949599|0.947277,0.957855|0.948115|0.940377|0.936311
819,101,True,2,35.698449,18|23,18.580524344569287,18.594059405940595,0.9523731380534235,0.9515660140708379,0.9419017157167934,0.9463862656491344,0.9377934463523021,True,True,89|12,20|34|17|30,0.952482|0.951566,0.948366|0.941902,0.959215|0.955677|0.948282|0.946386,0.953478|0.950287|0.938046|0.937793
820,100,True,2,35.902802,18|24,18.719101123595507,18.36,0.9526591696372205,0.952065371473474,0.9473978387171798,0.942483862423739,0.9308110726903107,True,True,94|6,31|12|28|29,0.952065|0.961962,0.947398|0.948530,0.961263|0.962069|0.949640|0.942484,0.955770|0.955656|0.942803|0.930811
821,95,True,2,35.279930,18|23,18.59925093632959,18.789473684210527,0.9553040914108674,0.9547295829645588,0.9500013027166584,0.9513688578266181,0.9428969875064587,True,True,80|15,20|23|13|39,0.954730|0.958368,0.950690|0.950001,0.956668|0.959835|0.951369|0.953244,0.949969|0.954195|0.942897|0.946294
822,102,True,2,35.489377,18|24,18.696629213483146,18.941176470588236,0.9538429639182596,0.9515444797084416,0.9475783391293277,0.9504407810360044,0.942929409457964,True,True,86|16,20|21|31|30,0.951544|0.966197,0.947578|0.960585,0.960909|0.955500|0.950441|0.951488,0.956657|0.948172|0.944488|0.942929
823,91,True,1,,19,19.0,19.0,0.9566138120157158,0.9566138120157158,0.9517593675237731,0.9319793885723371,0.9197299235628251,True,True,91,29|18|19|25,0.956614,0.951759,0.966924|0.971585|0.959108|0.931979,0.961934|0.967864|0.951876|0.919730
824,105,True,2,35.170717,18|23,18.655430711610485,18.666666666666668,0.9553168997875763,0.954341478015832,0.9502160386058983,0.951912079541138,0.9396762742549715,True,True,91|14,25|26|34|20,0.954341|0.961657,0.950216|0.951529,0.955821|0.961291|0.951912|0.952709,0.950222|0.956612|0.944705|0.939676
825,101,True,2,35.330226,18|23,18.749063670411985,18.544554455445546,0.9549201974050021,0.9541311096649304,0.949519424819473,0.9379429807341061,0.9261445899460825,True,True,90|11,31|27|20|23,0.954131|0.961376,0.949519|0.951032,0.964156|0.960105|0.953129|0.937943,0.959557|0.954410|0.942441|0.926145
826,88,True,2,35.453559,18|23,18.56179775280899,18.738636363636363,0.9517439933617656,0.9512174406263476,0.9466996176023939,0.9418755765288742,0.9314738047695602,True,True,75|13,21|15|31|21,0.951217|0.954782,0.946700|0.947319,0.959986|0.954525|0.951500|0.941876,0.953936|0.945733|0.945314|0.931474
827,99,True,2,36.044734,18|23,18.59925093632959,18.404040404040405,0.9511932655541873,0.945098924027361,0.9303900533796121,0.9338198394651754,0.922506473559135,True,True,91|8,23|32|22|22,0.951729|0.945099,0.947435|0.930390,0.958780|0.957553|0.951384|0.933820,0.953135|0.951797|0.943215|0.922506
828,102,True,2,35.853479,18|24,18.674157303370787,18.58823529411765,0.9539250591494896,0.9530322453221155,0.9486322963196571,0.946129246674144,0.9353627606585999,True,True,92|10,28|21|23|30,0.953032|0.962139,0.948632|0.952037,0.958952|0.958727|0.953590|0.946129,0.953520|0.951429|0.947366|0.935363
829,96,True,2,36.044734,18|24,18.674157303370787,18.375,0.954560948123095,0.9540609246994474,0.9496687694124478,0.9428588425754749,0.9308005215711048,True,True,90|6,25|28|18|25,0.954061|0.962061,0.949669|0.953390,0.960214|0.960225|0.954152|0.942859,0.955439|0.954565|0.946325|0.930801
830,98,True,2,35.170717,18|23,18.692883895131086,18.714285714285715,0.9564183736538769,0.9559715375437793,0.9504627087395198,0.9527423722533577,0.9465063208000191,True,True,84|14,27|18|27|26,0.955972|0.959099,0.952299|0.950463,0.961914|0.953837|0.952742|0.956316,0.957536|0.946506|0.946762|0.947600
831,98,True,1,,19,19.0,19.0,0.9571720832540294,0.9571720832540294,0.9521708291582945,0.9270260128414762,0.9126112478596385,True,True,98,21|16|38|23,0.957172,0.952171,0.968242|0.968229|0.964645|0.927026,0.962077|0.960731|0.960134|0.912611
832,109,True,2,35.611753,18|23,18.580524344569287,18.59633027522936,0.951534165865445,0.9511374902526172,0.9437183644871641,0.9417248151845994,0.93101746000659,True,True,96|13,41|22|21|25,0.951137|0.954463,0.947010|0.943718,0.956057|0.961702|0.941725|0.943408,0.950998|0.955358|0.931017|0.934594
833,116,True,2,35.503502,18|23,18.655430711610485,18.603448275862068,0.9564863667366158,0.9558041979177667,0.9518228204935869,0.9453517678291933,0.9353299317832108,True,True,102|14,40|17|26|33,0.955804|0.961456,0.951823|0.954952,0.961789|0.964017|0.957537|0.945352,0.958073|0.958687|0.951999|0.935330
834,96,True,2,35.817449,18|23,18.56179775280899,18.46875,0.94988513744477,0.9417566060174329,0.9291973161402479,0.9360770629978837,0.925135416602914,True,True,87|9,20|29|27|20,0.950726|0.941757,0.946183|0.929197,0.961069|0.957844|0.943281|0.936077,0.954811|0.951922|0.934553|0.925135
835,106,True,2,35.279930,18|23,18.636704119850187,18.566037735849058,0.9540641026615299,0.9534625918352836,0.9476062740786328,0.9477210725251098,0.9381844996756527,True,True,94|12,21|25|30|30,0.953463|0.958776,0.949289|0.947606,0.962098|0.958589|0.951013|0.947721,0.956825|0.951773|0.944083|0.938184
836,104,True,2,35.817449,18|24,18.696629213483146,18.692307692307693,0.9525155590091381,0.9516055968127612,0.9468199920802769,0.9402831535604594,0.9294648029208883,True,True,92|12,32|22|22|28,0.951606|0.959492,0.946820|0.951747,0.961485|0.961749|0.945803|0.940283,0.956571|0.956771|0.935246|0.929465
837,98,True,2,35.294055,18|23,18.674157303370787,18.76530612244898,0.956686756068362,0.956345291653361,0.9491819062228812,0.948664146607377,0.936400696018522,True,True,83|15,18|30|28|22,0.956345|0.958576,0.952210|0.949182,0.958960|0.961939|0.955901|0.948664,0.952860|0.956872|0.950092|0.936401
838,110,True,2,35.523881,18|24,18.674157303370787,18.87272727272727,0.9529522932674503,0.9508184683046299,0.9463802252719059,0.9496259077580799,0.9392260879195491,True,True,94|16,29|25|29|27,0.950818|0.965489,0.946380|0.957374,0.960654|0.949626|0.950573|0.950315,0.957105|0.941014|0.942841|0.939226
839,96,True,1,,19,19.0,19.0,0.9578922284518518,0.9578922284518518,0.9534488670430427,0.9232095679412273,0.912296366246191,True,True,96,19|35|22|20,0.957892,0.953449,0.971353|0.969571|0.959217|0.923210,0.966981|0.966127|0.951613|0.912296
840,94,True,2,35.698449,18|23,18.636704119850187,18.372340425531913,0.9533178042471558,0.943157603375716,0.9278348040737943,0.9364401730830718,0.9247558198791285,True,True,87|7,29|13|33|19,0.954135|0.943158,0.949997|0.927835,0.960063|0.957293|0.955542|0.936440,0.954395|0.948532|0.949690|0.924756
841,95,True,2,35.986499,18|24,18.719101123595507,18.50526315789474,0.9516530410761179,0.9510564811499193,0.9464434858628608,0.9388909987283347,0.927861604329148,True,True,87|8,20|27|28|20,0.951056|0.958141,0.946679|0.946443,0.959173|0.954066|0.953070|0.938891,0.952490|0.947401|0.945340|0.927862
842,107,True,2,35.294055,18|24,18.674157303370787,18.72897196261682,0.9560398532126818,0.9538653818192657,0.9496090512326608,0.94700062776358,0.9392442936086187,True,True,94|13,26|25|30|26,0.953865|0.971763,0.949609|0.965251,0.960656|0.961877|0.947001|0.956240,0.955131|0.954794|0.939244|0.946461
843,90,True,2,35.611753,18|23,18.636704119850187,18.666666666666668,0.9541478352930391,0.9538707084137491,0.9453691099661122,0.9480938296818503,0.9396485371027541,True,True,78|12,15|24|29|22,0.953871|0.955949,0.949494|0.945369,0.964254|0.957089|0.951079|0.948094,0.958212|0.949499|0.943238|0.939649
844,94,True,2,35.467684,18|23,18.617977528089888,18.47872340425532,0.9510051352913493,0.9507864567899118,0.9398692988980187,0.9431267181799194,0.9325961797497897,True,True,85|9,15|20|34|25,0.950786|0.953070,0.946367|0.939869,0.964196|0.952560|0.950064|0.943127,0.957466|0.944862|0.943941|0.932596
845,94,True,2,35.795244,18|24,18.674157303370787,18.51063829787234,0.9480261935551761,0.9473736658813732,0.9427089593196709,0.9376939266997416,0.9292078752919372,True,True,86|8,22|20|20|32,0.947374|0.955041,0.942709|0.944644,0.955478|0.956717|0.947670|0.937694,0.949434|0.947925|0.938501|0.929208
846,111,True,2,34.745373,18|22,18.50936329588015,18.792792792792792,0.9535604101224586,0.95074802170999,0.9422071832827892,0.9450923466818564,0.9365510657090842,True,True,89|22,28|23|23|37,0.954256|0.950748,0.950135|0.942207,0.960855|0.955888|0.955974|0.945092,0.955619|0.949383|0.950341|0.936551
847,94,True,2,35.258594,18|23,18.617977528089888,18.74468085106383,0.9533948868191046,0.9529007778176259,0.9468095340682454,0.944678865039683,0.9337745146150586,True,True,80|14,30|22|17|25,0.952901|0.956218,0.948330|0.946810,0.958357|0.953755|0.956990|0.944679,0.952088|0.947028|0.949737|0.933775
848,106,True,2,35.330226,18|23,18.674157303370787,18.660377358490567,0.9547600381177437,0.9545296416503186,0.9473179570208076,0.9431054136837059,0.9320765587998071,True,True,92|14,29|17|35|25,0.954530|0.956274,0.950452|0.947318,0.960096|0.964832|0.953771|0.943105,0.955601|0.959699|0.947890|0.932077
849,95,True,2,35.698449,18|23,18.580524344569287,18.57894736842105,0.9497479233501849,0.9462780052296206,0.9355013768433165,0.9361421736630652,0.9269008913826887,True,True,84|11,29|21|21|24,0.950202|0.946278,0.945745|0.935501,0.958411|0.956887|0.946195|0.936142,0.952175|0.949947|0.937569|0.926901
850,106,True,2,34.999822,18|23,18.617977528089888,18.943396226415093,0.9560640127058146,0.9552101853091707,0.9510129939478269,0.9496036005471855,0.9399636438573378,True,True,86|20,28|32|17|29,0.955210|0.959735,0.951154|0.951013,0.960128|0.961483|0.949604|0.949947,0.955842|0.956827|0.939964|0.939974
851,99,True,2,35.782146,18|24,18.741573033707866,18.545454545454547,0.9508068149929189,0.9501871123971729,0.9456649155946631,0.9417375369649047,0.9299877915899809,True,True,90|9,27|29|23|20,0.950187|0.957004,0.945700|0.945665,0.958458|0.957022|0.941738|0.941894,0.952605|0.950616|0.932460|0.929988
852,94,True,1,,19,19.0,19.0,0.9548684914897195,0.9548684914897195,0.9500064484160236,0.9170907126661264,0.907740944583347,True,True,94,31|21|23|19,0.954868,0.950006,0.966810|0.970294|0.955897|0.917091,0.961267|0.964092|0.947808|0.907741
853,108,True,1,,19,19.0,19.0,0.9586447571038842,0.9586447571038842,0.9539880436919876,0.916475784653455,0.9022490952378731,True,True,108,26|39|23|20,0.958645,0.953988,0.970933|0.968562|0.964606|0.916476,0.966912|0.964660|0.958141|0.902249
854,101,True,2,35.330226,18|23,18.56179775280899,18.495049504950494,0.9527673549827281,0.9525998928802751,0.9444604184498736,0.9374669540161542,0.9245222603245428,True,True,91|10,13|39|27|22,0.952600|0.954291,0.948400|0.944460,0.959863|0.959931|0.951470|0.937467,0.951981|0.956496|0.945228|0.924522
855,103,True,2,35.163237,18|23,18.674157303370787,18.631067961165048,0.954116179540389,0.9539340234253264,0.9458083201316043,0.9465495239583426,0.9344420406331483,True,True,90|13,34|24|17|28,0.953934|0.955377,0.949355|0.945808,0.958147|0.961978|0.947419|0.946550,0.953085|0.956373|0.934442|0.936361
856,95,True,2,35.087489,18|23,18.56179775280899,18.842105263157894,0.9517891269946026,0.9495042257188007,0.9444307631926526,0.9439038200073699,0.9313923774749457,True,True,79|16,19|25|25|26,0.949504|0.963071,0.944431|0.953504,0.958686|0.955162|0.951376|0.943904,0.952329|0.947403|0.944556|0.931392
857,101,True,2,35.591373,18|23,18.59925093632959,18.643564356435643,0.9540663217956826,0.9525077763494829,0.9425813204498148,0.9497916500928196,0.940294536925684,True,True,88|13,23|30|16|32,0.954297|0.952508,0.950254|0.942581,0.957026|0.958209|0.950594|0.949792,0.951057|0.952811|0.940295|0.941532
858,104,True,2,30.481257,17|19,18.408239700374533,18.365384615384617,0.9468699126596293,0.9440297247370608,0.9371194924886517,0.9264980989199568,0.914533527118348,True,True,33|71,28|23|23|30,0.944030|0.948190,0.937119|0.941371,0.947488|0.960751|0.958808|0.926498,0.940738|0.951677|0.951455|0.914534
859,94,True,2,35.221012,18|23,18.56179775280899,19.01063829787234,0.9563960848683286,0.9553319735039945,0.9514065162504978,0.9473329001173706,0.9381924526210601,True,True,75|19,19|30|21|24,0.955332|0.960597,0.951407|0.954554,0.965087|0.956385|0.947333|0.957460,0.961363|0.950866|0.938192|0.950841
860,102,True,1,,19,19.0,19.0,0.9549909689109942,0.9549909689109942,0.9504408975595684,0.9247041612714242,0.9136494659486124,True,True,102,17|31|32|22,0.954991,0.950441,0.971556|0.964138|0.958151|0.924704,0.967810|0.958215|0.951397|0.913649
861,110,True,2,35.986499,18|24,18.696629213483146,18.6,0.9534152507115781,0.9531531098147786,0.9469083154302419,0.9470810624988031,0.9355366159013173,True,True,99|11,24|39|32|15,0.953153|0.955775,0.949120|0.946908,0.960273|0.956694|0.947081|0.947431,0.955465|0.951321|0.938544|0.935537
862,97,True,2,35.365688,18|23,18.59925093632959,18.61855670103093,0.9546191742682477,0.9542294454399675,0.9460297836216682,0.9449690415000446,0.9359045697783097,True,True,85|12,17|25|26|29,0.954674|0.954229,0.950428|0.946030,0.957095|0.960499|0.958110|0.944969,0.950034|0.954233|0.952162|0.935905
863,104,True,2,35.467684,18|23,18.636704119850187,18.48076923076923,0.9528674736380329,0.9490149202571269,0.9375156688259649,0.9357273407822887,0.9248984474812105,True,True,94|10,33|24|23|24,0.953277|0.949015,0.949202|0.937516,0.961229|0.959267|0.952079|0.935727,0.956851|0.954080|0.944421|0.924898
864,96,True,2,36.044734,18|24,18.674157303370787,18.4375,0.9522946326920443,0.9519152437700711,0.9436802536411116,0.9379844569216145,0.9245511973167782,True,True,89|7,20|20|39|17,0.951915|0.957118,0.947517|0.943680,0.962098|0.954843|0.952198|0.937984,0.956096|0.946618|0.946043|0.924551
865,96,True,1,,19,19.0,19.0,0.9573712993103083,0.9573712993103083,0.9521012518129771,0.9314815104793946,0.9153686348495841,True,True,96,32|19|21|24,0.957371,0.952101,0.967124|0.969699|0.960945|0.931482,0.962626|0.964796|0.953810|0.915369
866,108,True,1,,19,19.0,19.0,0.959207875897572,0.959207875897572,0.9549404019857322,0.927815572892871,0.9133974266756961,True,True,108,22|32|33|21,0.959208,0.954940,0.964884|0.970444|0.964505|0.927816,0.959566|0.967025|0.959437|0.913397
867,106,True,2,35.720654,18|24,18.764044943820224,18.735849056603772,0.9502392269334748,0.9485276044392416,0.9439919450871485,0.9434783995887476,0.9331809737140442,True,True,93|13,19|24|36|27,0.948528|0.962484,0.943992|0.955707,0.958562|0.952868|0.949165|0.943478,0.951501|0.946164|0.941958|0.933181
868,105,True,2,35.467684,18|23,18.636704119850187,18.571428571428573,0.9500574685949791,0.9499519424296142,0.9418446074608876,0.9406582127061366,0.9321237048241537,True,True,93|12,22|24|21|38,0.949952|0.950875,0.945322|0.941845,0.957377|0.959504|0.948602|0.940658,0.951336|0.952439|0.940270|0.932124
869,99,True,1,,19,19.0,19.0,0.9562747488790443,0.9562747488790443,0.9521154354925149,0.9280645781125308,0.9186535438154667,True,True,99,29|22|25|23,0.956275,0.952115,0.967012|0.970912|0.956892|0.928065,0.962620|0.966936|0.949976|0.918654
870,95,True,2,35.689748,18|24,18.674157303370787,18.63157894736842,0.9533301815755113,0.9522869260371175,0.9481275474477198,0.9445269605488625,0.9353298795696012,True,True,85|10,31|12|23|29,0.952287|0.962198,0.948128|0.952924,0.959617|0.956842|0.954124|0.944527,0.954654|0.947894|0.947583|0.935330
871,96,True,2,34.745373,18|22,18.524344569288388,18.708333333333332,0.95022825526921,0.9428904979999402,0.933459112969211,0.9384435079929238,0.9277359372532443,True,True,79|17,21|27|22|26,0.951807|0.942890,0.946962|0.933459,0.960090|0.959929|0.942837|0.938444,0.954778|0.955170|0.933058|0.927736
872,105,True,2,34.872387,18|23,18.655430711610485,18.952380952380953,0.9584206477371783,0.9578209322375313,0.9545124748324912,0.9539604150804254,0.9469839319378752,True,True,85|20,26|21|28|30,0.957821|0.960969,0.954512|0.955013,0.962359|0.953960|0.959549|0.957076,0.957583|0.946984|0.955645|0.950061
873,100,True,2,35.733752,18|24,18.674157303370787,18.66,0.9538195874114531,0.953106584806368,0.9492848581392777,0.9441512840455825,0.934216267218681,True,True,89|11,22|33|21|24,0.953107|0.959588,0.949285|0.949774,0.959093|0.960094|0.949484|0.944151,0.953426|0.956175|0.941284|0.934216
874,99,True,2,35.611753,18|24,18.741573033707866,18.78787878787879,0.954287382373889,0.9529619224691483,0.9488461031568468,0.9515964987597191,0.9397623329052627,True,True,86|13,25|26|31|17,0.952962|0.963056,0.948846|0.954326,0.960214|0.951596|0.953087|0.951877,0.955526|0.945376|0.945237|0.939762
875,97,True,2,31.633451,17|20,18.46067415730337,18.63917525773196,0.9497006542586599,0.942713204014192,0.937283725811946,0.9420831364783917,0.9338746124128717,True,True,44|53,17|27|19|34,0.942713|0.955502,0.937284|0.948801,0.943714|0.942083|0.969085|0.947911,0.938157|0.933875|0.963417|0.938566
876,96,True,2,34.999822,18|23,18.580524344569287,18.833333333333332,0.9550553038439228,0.9542251202577565,0.9494062971328654,0.9470260989862356,0.9369153524436349,True,True,80|16,19|17|30|30,0.954225|0.959206,0.949406|0.951717,0.961543|0.960996|0.955609|0.947026,0.955365|0.953322|0.949353|0.936915
877,98,True,2,30.040282,17|19,18.56554307116105,18.510204081632654,0.9485127438194604,0.9449090836005768,0.9382777211370724,0.9220557180952488,0.9074260848129806,True,True,24|74,27|23|24|24,0.944909|0.949681,0.938278|0.942892,0.945711|0.970054|0.957478|0.922056,0.939249|0.965977|0.949136|0.907426
878,93,True,1,,19,19.0,19.0,0.9568873039782525,0.9568873039782525,0.9521521957624053,0.9236929251523034,0.910362693925264,True,True,93,27|25|22|19,0.956887,0.952152,0.966446|0.968981|0.960082|0.923693,0.959934|0.965119|0.953749|0.910363
879,98,True,1,,19,19.0,19.0,0.9567226052098126,0.9567226052098126,0.9521939817662091,0.9151205934592918,0.9016747016196068,True,True,98,31|25|26|16,0.956723,0.952194,0.963982|0.965241|0.965478|0.915121,0.958763|0.960332|0.959645|0.901675
880,100,True,1,,19,19.0,19.0,0.9585569870220527,0.9585569870220527,0.9540176217236048,0.9333809595051014,0.9217878012633802,True,True,100,16|37|21|26,0.958557,0.954018,0.970900|0.970341|0.959562|0.933381,0.963560|0.966525|0.952806|0.921788
881,100,True,1,,19,19.0,19.0,0.955132509938078,0.955132509938078,0.9502423714264847,0.9291745489667257,0.9171989751706869,True,True,100,17|36|19|28,0.955133,0.950242,0.965874|0.967761|0.959848|0.929175,0.960224|0.963778|0.951028|0.917199
882,97,True,1,,19,19.0,19.0,0.957847738155374,0.957847738155374,0.9532855734337745,0.9244277745347554,0.9101352899813839,True,True,97,20|30|28|19,0.957848,0.953286,0.968050|0.966054|0.964446|0.924428,0.962689|0.961908|0.958553|0.910135
883,93,True,2,34.999822,18|22,18.56928838951311,18.602150537634408,0.9521552839969193,0.9398202020078078,0.9283564617414432,0.9357233679796185,0.9237923712579473,True,True,79|14,25|22|25|21,0.954341|0.939820,0.950147|0.928356,0.959188|0.956034|0.955512|0.935723,0.953989|0.949539|0.949288|0.923792
884,96,True,2,36.044734,18|24,18.674157303370787,18.5625,0.9514259360188745,0.9505636110608765,0.9460820196869438,0.9401109581874943,0.9294475293787813,True,True,87|9,27|24|22|23,0.950564|0.959762,0.946082|0.949264,0.957083|0.961562|0.945256|0.940111,0.950934|0.956888|0.935420|0.929448
885,94,True,2,34.872387,18|23,18.674157303370787,18.69148936170213,0.9570375074137456,0.9569004242547483,0.9496616378792406,0.9498112031995781,0.9394904239926684,True,True,81|13,29|17|20|28,0.956900|0.957892,0.952660|0.949662,0.960081|0.962926|0.957737|0.949811,0.954735|0.958786|0.952016|0.939490
886,92,True,2,34.746042,18|23,18.655430711610485,19.08695652173913,0.9544157031201389,0.9529804153012235,0.9485777348074433,0.9440474070476216,0.9347330020110803,True,True,72|20,29|13|21|29,0.952980|0.959583,0.948578|0.952095,0.959949|0.961140|0.944047|0.953376,0.955504|0.952952|0.934733|0.945599
887,92,True,2,35.453559,18|23,18.56179775280899,18.652173913043477,0.9540636952498723,0.9537989827787842,0.949628618080029,0.9481038879360658,0.9398969490907456,True,True,80|12,23|19|24|26,0.953799|0.955828,0.949629|0.949675,0.961406|0.956061|0.951903|0.948104,0.956137|0.948585|0.944322|0.939897
888,95,True,2,34.817975,18|23,18.749063670411985,18.894736842105264,0.9517382546100291,0.951284907692158,0.9417098062315342,0.9459411084830996,0.9353489696784107,True,True,78|17,21|28|19|27,0.951837|0.951285,0.947056|0.941710,0.955758|0.957426|0.945941|0.946793,0.949970|0.951336|0.935349|0.936467
889,87,True,2,35.937176,18|24,18.674157303370787,18.482758620689655,0.9513010371418885,0.9510565643843597,0.9418762348994202,0.9347499915052854,0.9228561992061118,True,True,80|7,21|23|19|24,0.951057|0.954095,0.946115|0.941876,0.960163|0.958827|0.953303|0.934750,0.952795|0.954162|0.945128|0.922856
890,92,True,2,34.544577,18|23,19.01123595505618,18.76086956521739,0.9581757969311688,0.9578054733083194,0.9499308214877606,0.954793958719076,0.947022080342227,True,True,78|14,23|29|21|19,0.957805|0.960239,0.954235|0.949931,0.964947|0.954794|0.956344|0.957164,0.960097|0.948628|0.950538|0.947022
891,95,True,1,,19,19.0,19.0,0.9557236324558022,0.9557236324558022,0.9507336217304939,0.9290833162291329,0.915782105038371,True,True,95,32|22|17|24,0.955724,0.950734,0.968065|0.967773|0.954509|0.929083,0.963418|0.963343|0.944691|0.915782
892,93,True,1,,19,19.0,19.0,0.9604051281613579,0.9604051281613579,0.9559029262199878,0.9313502900047363,0.915317890853634,True,True,93,17|35|24|17,0.960405,0.955903,0.966094|0.972235|0.959704|0.931350,0.959838|0.969178|0.952565|0.915318
893,100,True,2,35.591373,18|23,18.674157303370787,18.45,0.951220093908434,0.9511880509296478,0.9397787182999637,0.9328337949368743,0.9200546262190582,True,True,91|9,29|33|18|20,0.951188|0.951544,0.946405|0.939779,0.963336|0.955145|0.944933|0.932834,0.958129|0.949032|0.933406|0.920055
894,101,True,2,35.676651,18|23,18.580524344569287,18.594059405940595,0.9537872149943728,0.9462719271217307,0.9360896913168676,0.940102079740604,0.9301099705953889,True,True,89|12,27|24|24|26,0.954801|0.946272,0.950558|0.936090,0.958587|0.963536|0.953464|0.940102,0.952945|0.958906|0.945318|0.930110
895,105,True,2,35.591373,18|23,18.636704119850187,18.61904761904762,0.9529021619110652,0.9480323935830608,0.9388691219374885,0.9415062618631396,0.9321637572762143,True,True,92|13,29|22|24|30,0.953590|0.948032,0.949140|0.938869,0.963277|0.962282|0.946013|0.941506,0.958770|0.958759|0.936089|0.932164
896,95,True,2,35.078934,18|23,18.692883895131086,18.736842105263158,0.9556645427931559,0.9545785292175717,0.9501938200599142,0.9488892932239803,0.9384220664361357,True,True,81|14,28|24|17|26,0.954579|0.961948,0.950194|0.954135,0.959925|0.962751|0.949005|0.948889,0.955165|0.958391|0.938422|0.938552
897,108,True,2,35.591373,18|24,18.696629213483146,18.833333333333332,0.9548911408447242,0.9526396509359496,0.9485320809767459,0.9470649373342233,0.937176225317237,True,True,93|15,24|40|15|29,0.952640|0.968850,0.948532|0.966771,0.962042|0.956412|0.954525|0.947065,0.956860|0.951252|0.947520|0.937176
898,104,True,2,35.467684,18|23,18.674157303370787,18.673076923076923,0.9542265734841145,0.9534368344102083,0.9434034037656952,0.9413970194332651,0.9328742742599061,True,True,90|14,33|29|18|24,0.954349|0.953437,0.950288|0.943403,0.957731|0.963000|0.941397|0.948430,0.951573|0.959046|0.932874|0.938162
899,100,True,2,34.075681,18|22,19.06367041198502,18.84,0.9599529612215913,0.9589681307099526,0.9555917128063682,0.9564611572116822,0.9493224278423592,True,True,79|21,29|27|28|16,0.958968|0.963658,0.955592|0.956322,0.958577|0.963791|0.959673|0.956461,0.953539|0.960091|0.951570|0.949322
900,103,True,2,35.611753,18|23,18.617977528089888,18.679611650485437,0.9541950804694174,0.9509035664384785,0.9408401275085916,0.9448883471132982,0.934542631369014,True,True,89|14,21|29|27|26,0.954713|0.950904,0.950760|0.940840,0.959051|0.959029|0.954188|0.944888,0.953791|0.953088|0.948573|0.934543
901,97,True,1,,19,19.0,19.0,0.95648604455313,0.95648604455313,0.951405928072786,0.916692737124951,0.9017509655681937,True,True,97,37|17|26|17,0.956486,0.951406,0.968978|0.965233|0.959010|0.916693,0.964097|0.959210|0.950637|0.901751
902,102,True,2,35.611753,18|23,18.674157303370787,18.53921568627451,0.9534858052236561,0.9480737065639087,0.9354668048772791,0.9468075877782454,0.9379286416267935,True,True,91|11,29|27|28|18,0.954140|0.948074,0.950109|0.935467,0.957423|0.958934|0.946808|0.949359,0.950544|0.954413|0.937929|0.939201
903,100,True,2,35.698449,18|24,18.741573033707866,18.66,0.9526207385881347,0.9515915859955918,0.9471944661539575,0.9460769132548607,0.938162609431733,True,True,89|11,20|20|30|30,0.951592|0.960948,0.947194|0.953396,0.961253|0.955581|0.946077|0.951436,0.954545|0.948496|0.938163|0.943045
904,106,True,2,35.258594,18|23,18.56179775280899,18.70754716981132,0.9540483633191355,0.9537520290948978,0.9448081339380717,0.9441062258524102,0.9352652937454963,True,True,91|15,14|26|33|33,0.953752|0.955846,0.949800|0.944808,0.956924|0.960016|0.958069|0.944106,0.952286|0.953884|0.952767|0.935265
905,101,True,1,,19,19.0,19.0,0.9593895782079602,0.9593895782079602,0.9547507023443516,0.9345310708509984,0.9221617922789388,True,True,101,18|28|27|28,0.959390,0.954751,0.971076|0.969571|0.966820|0.934531,0.965176|0.965280|0.962729|0.922162
906,91,True,2,35.221012,18|23,18.655430711610485,18.54945054945055,0.9557798598827615,0.9550959451056521,0.9508406848731958,0.9489914153301325,0.9387866374529392,True,True,81|10,21|22|26|22,0.955096|0.961320,0.950841|0.951180,0.960582|0.964106|0.950600|0.948991,0.956006|0.959912|0.941620|0.938787
907,102,True,2,29.740408,17|19,18.632958801498127,18.745098039215687,0.951697602397821,0.9397362175809609,0.9329235909933967,0.9268465693740437,0.9160181217444249,True,True,13|89,24|26|23|29,0.939736|0.953445,0.932924|0.948131,0.955355|0.967415|0.961448|0.926847,0.948024|0.962284|0.955229|0.916018
908,93,True,2,35.944145,18|24,18.674157303370787,18.580645161290324,0.9526222507131997,0.9523235882287869,0.9463454295745777,0.9428484031142483,0.9313000400915425,True,True,84|9,17|27|25|24,0.952324|0.955410,0.947676|0.946345,0.959037|0.956483|0.953473|0.942848,0.951212|0.950635|0.946032|0.931300
909,97,True,1,,19,19.0,19.0,0.9586166497592704,0.9586166497592704,0.953637002587635,0.9282861329402577,0.9156634440998994,True,True,97,23|33|14|27,0.958617,0.953637,0.971540|0.971157|0.966320|0.928286,0.967314|0.967626|0.962294|0.915663
910,102,True,2,34.440085,18|23,18.730337078651687,19.176470588235293,0.9597045166765444,0.9592110461227247,0.9550603656121883,0.9496949712648541,0.9414578748485477,True,True,78|24,38|24|16|24,0.959211|0.961308,0.956372|0.955060,0.961319|0.962217|0.949695|0.961308,0.957960|0.957694|0.941458|0.955060
911,101,True,1,,19,19.0,19.0,0.9602929580099243,0.9602929580099243,0.9562131381980575,0.9210023772289643,0.9069087600111847,True,True,101,31|23|35|12,0.960293,0.956213,0.969026|0.966478|0.961964|0.921002,0.964475|0.961012|0.955591|0.906909
912,101,True,2,35.986499,18|24,18.696629213483146,18.415841584158414,0.953580660945779,0.9530255363142455,0.9485283861792254,0.9390172514707437,0.9259858046213844,True,True,94|7,26|26|26|23,0.953026|0.961035,0.948528|0.949802,0.961246|0.960532|0.951847|0.939017,0.955640|0.955005|0.944397|0.925986
913,98,True,2,35.647570,18|23,18.580524344569287,18.76530612244898,0.9520451199283527,0.9485181401031312,0.9396603101272024,0.9406531435600785,0.932291636153353,True,True,83|15,21|32|18|27,0.952683|0.948518,0.948548|0.939660,0.958477|0.959690|0.948039|0.940653,0.952077|0.954417|0.939579|0.932292
914,89,True,2,35.365688,18|23,18.617977528089888,18.56179775280899,0.9526885272847111,0.9518390066349997,0.9472206090864992,0.9441474053742545,0.9331640729917007,True,True,79|10,26|19|23|21,0.951839|0.959400,0.947221|0.948811,0.955265|0.960383|0.951217|0.944147,0.948102|0.954423|0.942445|0.933164
915,95,True,1,,19,19.0,19.0,0.9593783062743614,0.9593783062743614,0.9545199712997916,0.9281291949357815,0.9122722211910762,True,True,95,31|25|20|19,0.959378,0.954520,0.969675|0.970410|0.959314|0.928129,0.965269|0.965409|0.951304|0.912272
916,98,True,2,36.113195,18|23,18.617977528089888,18.357142857142858,0.9495207417868687,0.9450101956124257,0.9288460909519622,0.9365890584163731,0.9255573513491775,True,True,91|7,35|14|17|32,0.949868|0.945010,0.944845|0.928846,0.957728|0.961453|0.947139|0.936589,0.952622|0.955530|0.936064|0.925557
917,97,True,2,35.258594,18|23,18.692883895131086,18.567010309278352,0.9554800118108079,0.953192155742314,0.9452948028778594,0.9465305555724394,0.9365718500915174,True,True,86|11,26|35|15|21,0.955773|0.953192,0.951843|0.945295,0.959656|0.960646|0.948716|0.946531,0.955081|0.955959|0.936572|0.936887
918,100,True,2,35.720654,18|24,18.674157303370787,18.6,0.9529826750528598,0.952151770688348,0.9477941447292445,0.9425554779378055,0.9333249268221295,True,True,90|10,32|15|22|31,0.952152|0.960461,0.947794|0.952411,0.958413|0.960529|0.954632|0.942555,0.952844|0.953124|0.947432|0.933325
919,96,True,2,34.794155,18|23,18.973782771535582,18.677083333333332,0.9554634358311351,0.9545095339399053,0.950623386919929,0.9436078136135092,0.9335478400639798,True,True,83|13,32|28|21|15,0.954510|0.961554,0.950623|0.950886,0.957426|0.960476|0.943608|0.958518,0.952189|0.956728|0.933548|0.946346
920,107,True,2,35.467684,18|24,18.696629213483146,18.953271028037385,0.9568288882924503,0.9547276534700246,0.9506205492195943,0.9492021211787467,0.9392913586443936,True,True,90|17,31|26|20|30,0.954728|0.967953,0.950621|0.962859,0.961583|0.963769|0.951878|0.949202,0.957695|0.959761|0.943348|0.939291
921,97,True,2,35.202273,18|23,18.692883895131086,18.77319587628866,0.9551883226634624,0.9537930845778952,0.9494791363520777,0.9447060428721095,0.9365391837503644,True,True,82|15,20|27|27|23,0.953793|0.962816,0.949479|0.952392,0.957464|0.964701|0.944706|0.954348,0.952222|0.960713|0.936539|0.942942
922,109,True,2,34.544577,18|22,18.65917602996255,18.770642201834864,0.9563888437547371,0.9477558384044293,0.9376712657205774,0.9489798625653783,0.9396711515011051,True,True,88|21,36|35|12|26,0.958449|0.947756,0.955104|0.937671,0.961396|0.958299|0.951848|0.948980,0.956504|0.953525|0.942047|0.939671
923,99,True,2,34.920501,18|23,18.56179775280899,18.80808080808081,0.9550595620725889,0.9537136569716751,0.9491324762949156,0.9480315013317332,0.9352833805828614,True,True,83|16,24|30|13|32,0.953714|0.962041,0.949132|0.953109,0.960725|0.958553|0.948032|0.950391,0.955817|0.953158|0.935283|0.940665
924,99,True,2,35.078934,18|22,18.55430711610487,18.727272727272727,0.9513718894884895,0.9424114958846894,0.9322788703080775,0.9340563133497372,0.9241256821818357,True,True,81|18,25|26|18|30,0.953363|0.942411,0.948737|0.932279,0.959854|0.957891|0.959034|0.934056,0.954103|0.951967|0.952948|0.924126
925,98,True,2,35.591373,18|24,18.696629213483146,18.73469387755102,0.9528591731544714,0.9517541134791173,0.9475278844886018,0.9412597936920619,0.9317145485293928,True,True,86|12,29|24|23|22,0.951754|0.960779,0.947528|0.952760,0.962857|0.957897|0.941260|0.946312,0.958986|0.950689|0.931715|0.937731
926,93,True,2,34.721552,18|22,18.644194756554306,18.64516129032258,0.9528423041044023,0.9435098402782027,0.9354835144565413,0.9464262691684074,0.9393343378976369,True,True,78|15,17|32|23|21,0.954637|0.943510,0.950692|0.935484,0.962292|0.956076|0.947216|0.946426,0.955569|0.949802|0.939591|0.939334
927,92,True,2,34.646074,18|22,18.584269662921347,18.82608695652174,0.9533707510139662,0.9499470010999582,0.9390214621578657,0.9448018014206878,0.9343857580976341,True,True,73|19,16|24|23|29,0.954262|0.949947,0.949330|0.939021,0.966705|0.959969|0.948014|0.944802,0.961902|0.953238|0.939972|0.934386
928,98,True,1,,19,19.0,19.0,0.958452563679264,0.958452563679264,0.9538946849322775,0.9330995323256505,0.9214175306271578,True,True,98,32|22|18|26,0.958453,0.953895,0.967500|0.969356|0.965662|0.933100,0.963604|0.964423|0.957467|0.921418
929,107,True,2,35.170717,18|23,18.655430711610485,18.794392523364486,0.955454916921492,0.9543887165335235,0.9502164602066794,0.9461575922612459,0.9365270171369379,True,True,90|17,23|21|32|31,0.954389|0.961100,0.950216|0.954399,0.965254|0.958811|0.955216|0.946158,0.961129|0.950897|0.950915|0.936527
930,101,True,2,34.646074,18|22,18.55430711610487,18.99009900990099,0.9537343270967814,0.9481990438833264,0.9403020573214718,0.9461356226250215,0.937426594229863,True,True,76|25,31|24|16|30,0.955555|0.948199,0.951255|0.940302,0.962771|0.954478|0.949357|0.946136,0.958671|0.947237|0.939658|0.937427
931,95,True,1,,19,19.0,19.0,0.9567043047164641,0.9567043047164641,0.9518394785125427,0.9228913927183628,0.9096032548377927,True,True,95,27|20|28|20,0.956704,0.951839,0.965143|0.973199|0.960937|0.922891,0.958852|0.969136|0.954958|0.909603
932,95,True,2,35.330226,18|23,18.636704119850187,18.736842105263158,0.951297516696805,0.950932200940406,0.9435733521266025,0.94308742306724,0.9327317855829461,True,True,81|14,25|27|18|25,0.950932|0.953411,0.946450|0.943573,0.950558|0.960511|0.949907|0.943087,0.944247|0.955216|0.940143|0.932732
933,97,True,2,30.712337,18|19,18.636704119850187,18.5979381443299,0.9508941374949104,0.9459926090505918,0.938726116087819,0.9345296180707864,0.9237555811404898,True,True,39|58,27|22|15|33,0.958184|0.945993,0.953500|0.938726,0.958903|0.964171|0.953007|0.934530,0.953209|0.958303|0.944298|0.923756
934,95,True,2,35.365688,18|23,18.580524344569287,18.57894736842105,0.9534446085402315,0.9530553259048204,0.945813530124035,0.9455710141220375,0.9350235306034487,True,True,84|11,17|24|28|26,0.953055|0.956417,0.948472|0.945814,0.961127|0.955680|0.954176|0.945571,0.955183|0.947726|0.947389|0.935024
935,92,True,2,35.986499,18|24,18.696629213483146,18.58695652173913,0.9497981748152113,0.9486072089275593,0.9439549079395462,0.9415436168038456,0.9296984650280795,True,True,83|9,28|21|23|20,0.948607|0.960782,0.943955|0.951023,0.956080|0.954793|0.944768|0.941544,0.950879|0.947258|0.934814|0.929698
936,96,True,1,,19,19.0,19.0,0.9604662930254421,0.9604662930254421,0.9561368204932327,0.9308925728940844,0.9167236684232772,True,True,96,37|23|18|18,0.960466,0.956137,0.969146|0.970232|0.959719|0.930893,0.965010|0.965559|0.951722|0.916724
937,106,True,2,35.698449,18|24,18.696629213483146,18.62264150943396,0.9562701697982332,0.9554097014491358,0.9514282789186665,0.9494502626674312,0.9404076115313442,True,True,95|11,30|19|28|29,0.955410|0.963701,0.951428|0.956673,0.963638|0.962804|0.951006|0.949450,0.958159|0.958133|0.944058|0.940408
938,98,True,2,35.733752,18|24,18.674157303370787,18.6734693877551,0.9524581384067853,0.9510612502973897,0.9468509407900478,0.9425522927305102,0.9329592285231818,True,True,87|11,32|25|27|14,0.951061|0.963506,0.946851|0.957495,0.957539|0.955556|0.942552|0.954417,0.952107|0.950547|0.932959|0.943529
939,92,True,2,35.279930,18|23,18.674157303370787,18.597826086956523,0.9521827603112696,0.952050039547073,0.9433766421675027,0.9451284776395209,0.9354572651615503,True,True,81|11,24|30|22|16,0.952050|0.953160,0.947712|0.943377,0.960174|0.951774|0.945128|0.950663,0.954612|0.945313|0.935457|0.939727
940,97,True,2,35.453559,18|23,18.636704119850187,18.670103092783506,0.9541680896745115,0.9529930872408541,0.9417130212066621,0.9403570320368696,0.9293756967662592,True,True,84|13,29|20|25|23,0.954350|0.952993,0.950195|0.941713,0.963293|0.965370|0.947329|0.940357,0.958856|0.960669|0.940679|0.929376
941,95,True,2,36.236201,18|24,18.741573033707866,18.31578947368421,0.9503606002836082,0.949358920187792,0.9448660500465852,0.9321762302319495,0.9197085049309887,True,True,90|5,18|39|21|17,0.949359|0.968391,0.944866|0.964162,0.961272|0.954772|0.947536|0.932176,0.953621|0.949899|0.936869|0.919709
942,105,True,2,36.044734,18|23,18.56179775280899,18.38095238095238,0.9495054939338509,0.9395991999550211,0.9267430308138942,0.9252277203868653,0.9125526436433201,True,True,97|8,36|32|16|21,0.950323|0.939599,0.945819|0.926743,0.957462|0.955688|0.951102|0.925228,0.951720|0.949971|0.942958|0.912553
943,99,True,1,,19,19.0,19.0,0.9562168017006691,0.9562168017006691,0.9513421753431154,0.9253015134923792,0.9104872332924568,True,True,99,30|16|33|20,0.956217,0.951342,0.969879|0.972210|0.954779|0.925302,0.965013|0.968198|0.948285|0.910487
944,96,True,2,35.853479,18|24,18.9438202247191,18.25,0.9529437904719401,0.9520127425375496,0.9476461208137659,0.9406345498238522,0.9255428787248767,True,True,92|4,33|27|23|13,0.952013|0.974358,0.947646|0.973278,0.957335|0.959870|0.945469|0.940635,0.951706|0.954328|0.934558|0.925543
945,87,True,2,31.990576,17|20,18.280898876404493,18.517241379310345,0.9469140731152983,0.9433238493853153,0.9378633517796229,0.9350246759872902,0.9228796747966184,True,True,43|44,24|13|19|31,0.943324|0.950423,0.937863|0.943015,0.948276|0.935025|0.954832|0.945993,0.942344|0.922880|0.946835|0.936269
946,103,True,2,34.746042,18|22,18.59925093632959,18.737864077669904,0.9526812887687652,0.951288327236024,0.9423875282789128,0.9435619998757744,0.9334866730245328,True,True,84|19,13|22|44|24,0.952996|0.951288,0.948523|0.942388,0.966181|0.959604|0.950206|0.943562,0.961145|0.952658|0.944165|0.933487
947,107,True,2,35.365688,18|23,18.730337078651687,18.560747663551403,0.9541215541112003,0.9508348769350058,0.9398230750231941,0.9403616934726002,0.9287878746826843,True,True,95|12,26|25|36|20,0.954537|0.950835,0.950579|0.939823,0.960652|0.961319|0.952051|0.940362,0.954992|0.955841|0.945790|0.928788
948,98,True,2,36.044734,18|24,18.696629213483146,18.489795918367346,0.9523050674024479,0.9515492527282472,0.9472926357893137,0.9433169128232711,0.9317003894769882,True,True,90|8,33|17|30|18,0.951549|0.960808,0.947293|0.948752,0.959339|0.958646|0.946368|0.943317,0.954181|0.951097|0.938271|0.931700
949,96,True,1,,19,19.0,19.0,0.9591138704703304,0.9591138704703304,0.9544839429261198,0.9343247678069079,0.9196770300452595,True,True,96,21|31|22|22,0.959114,0.954484,0.969321|0.968404|0.961069|0.934325,0.963999|0.965112|0.953797|0.919677
950,88,True,2,36.211036,18|24,18.719101123595507,18.272727272727273,0.9508332792051077,0.9498506156787679,0.9448482343667496,0.9376591005471319,0.9238663575663862,True,True,84|4,21|23|22|22,0.949851|0.971469,0.944848|0.968269,0.962369|0.958293|0.945197|0.937659,0.958725|0.952599|0.935187|0.923866
951,97,True,2,35.656271,18|24,18.674157303370787,18.927835051546392,0.9555628367661412,0.9546792684573565,0.9502284754098332,0.9431663481678666,0.9324832194199449,True,True,82|15,25|21|25|26,0.954679|0.960393,0.950228|0.954003,0.958971|0.961611|0.959966|0.943166,0.953045|0.956193|0.954384|0.932483
952,98,True,2,35.733752,18|23,18.655430711610485,18.357142857142858,0.9523479335303474,0.9460708095588878,0.9296214868917768,0.9396287067778171,0.9298754345943869,True,True,91|7,22|30|23|23,0.952831|0.946071,0.948781|0.929621,0.956209|0.957424|0.954753|0.939629,0.950369|0.950922|0.946747|0.929875
953,96,True,2,35.170717,18|23,18.674157303370787,18.625,0.9500069259618081,0.9490009810717427,0.9440666045151243,0.9360692268782432,0.9248208965493034,True,True,84|12,21|21|27|27,0.949001|0.957049,0.944067|0.946275,0.960707|0.960697|0.947308|0.936069,0.955695|0.955064|0.939170|0.924821
954,102,True,2,35.365688,18|23,18.56179775280899,18.686274509803923,0.9546642162354795,0.9534996214188081,0.9436613641387381,0.949347728983392,0.9396590964870728,True,True,88|14,32|19|30|21,0.954849|0.953500,0.950948|0.943661,0.958910|0.961327|0.949348|0.949761,0.954546|0.955913|0.941403|0.939659
955,93,True,2,36.063873,18|24,18.674157303370787,18.580645161290324,0.9522416464747298,0.9516242195549248,0.9468724115705239,0.9351195648327821,0.9212100823369429,True,True,84|9,24|33|19|17,0.951624|0.958004,0.947000|0.946872,0.958668|0.958966|0.947765|0.935120,0.953843|0.953299|0.937182|0.921210
956,104,True,2,35.669369,18|24,18.674157303370787,18.692307692307693,0.9529346448600621,0.9522721665659964,0.9482409031975614,0.9461877318918889,0.9354171584774179,True,True,92|12,30|27|27|20,0.952272|0.958014,0.948241|0.948426,0.959231|0.956793|0.947078|0.946188,0.953316|0.951846|0.938795|0.935417
957,93,True,2,35.591373,18|23,18.674157303370787,18.43010752688172,0.9535550379014693,0.9519313056140473,0.9393534779465385,0.9410225196911144,0.928145591823976,True,True,85|8,34|20|20|19,0.953708|0.951931,0.949390|0.939353,0.957709|0.958324|0.953630|0.941023,0.953272|0.951727|0.943923|0.928146
958,89,True,2,34.999822,18|23,18.655430711610485,19.06741573033708,0.9582340760761897,0.957175983653703,0.9526486343824752,0.9491374007227301,0.9397647247045986,True,True,70|19,12|28|23|26,0.957176|0.962132,0.952649|0.953802,0.961180|0.962438|0.949137|0.960394,0.953188|0.956168|0.939765|0.953159
959,95,True,1,,19,19.0,19.0,0.9554257207617599,0.9554257207617599,0.9510417685113655,0.9324428057553206,0.9220584636255168,True,True,95,20|24|26|25,0.955426,0.951042,0.972091|0.965523|0.955385|0.932443,0.968034|0.959189|0.949681|0.922058
960,99,True,2,34.226484,18|22,18.83895131086142,18.727272727272727,0.9559891645242087,0.9546210652075088,0.9460168003005492,0.9526591579366297,0.9442962212977538,True,True,81|18,28|33|20|18,0.956293|0.954621,0.952690|0.946017,0.958980|0.956216|0.952659|0.954621,0.953912|0.950306|0.944296|0.946017
961,96,True,2,34.746042,18|22,18.524344569288388,18.625,0.9504667941910209,0.942767152446667,0.9331698102881087,0.9355284541728721,0.9267865430243648,True,True,81|15,24|30|9|33,0.951893|0.942767,0.947291|0.933170,0.959931|0.961694|0.942577|0.935528,0.955237|0.957225|0.929838|0.926787
962,108,True,2,35.817449,18|23,18.56179775280899,18.50925925925926,0.9509972266411572,0.940932462226203,0.9299769392882474,0.9341952169605996,0.9225783792008906,True,True,97|11,33|21|32|22,0.952139|0.940932,0.947890|0.929977,0.956849|0.965897|0.946736|0.934195,0.951453|0.962580|0.939437|0.922578
963,91,True,1,,19,19.0,19.0,0.9591290298344209,0.9591290298344209,0.9541710564085735,0.9221106138916876,0.9096642297322515,True,True,91,30|26|14|21,0.959129,0.954171,0.970207|0.972040|0.966941|0.922111,0.966000|0.968463|0.959284|0.909664
964,96,True,2,35.647570,18|23,18.580524344569287,18.520833333333332,0.950559365949481,0.9496527996103612,0.9388937694552123,0.9395965150357081,0.9303753932137042,True,True,86|10,26|16|23|31,0.950665|0.949653,0.946123|0.938894,0.958368|0.962173|0.948429|0.939597,0.953381|0.955801|0.940022|0.930375
965,91,True,1,,19,19.0,19.0,0.9586055420692979,0.9586055420692979,0.954329012987313,0.9229980017893149,0.9107315365625862,True,True,91,22|26|29|14,0.958606,0.954329,0.965453|0.965660|0.964276|0.922998,0.960497|0.959612|0.958155|0.910732
966,100,True,1,,19,19.0,19.0,0.956403522717059,0.956403522717059,0.9517485427991097,0.9280952106583515,0.916706620990876,True,True,100,35|24|16|25,0.956404,0.951749,0.966838|0.970432|0.956766|0.928095,0.961996|0.965788|0.947732|0.916707
967,102,True,2,35.330226,18|23,18.636704119850187,18.58823529411765,0.953085374923906,0.9509017151607816,0.9390180089869123,0.942843265117617,0.931882448590962,True,True,90|12,34|21|22|25,0.953377|0.950902,0.949133|0.939018,0.961741|0.960716|0.944063|0.942843,0.957187|0.955066|0.935719|0.931882
968,90,True,2,35.817449,18|24,18.674157303370787,18.6,0.9531759701466291,0.9523725211351902,0.9480598928520744,0.9461742461346078,0.9337566659047212,True,True,81|9,21|19|32|18,0.952373|0.960407,0.948060|0.950994,0.962558|0.956516|0.948974|0.946174,0.957576|0.950777|0.941878|0.933757
969,89,True,2,35.656271,18|24,18.674157303370787,18.808988764044944,0.9542140733885032,0.9524877915776033,0.9476427274821954,0.9444274896085008,0.9344952553780833,True,True,77|12,29|17|18|25,0.952488|0.965291,0.947643|0.959646,0.957764|0.958095|0.944427|0.954503,0.950622|0.948904|0.934495|0.945819
970,94,True,2,35.656271,18|24,18.674157303370787,18.76595744680851,0.9518170707157919,0.9505363715282472,0.9458974234813974,0.9466388426964265,0.9383037658709026,True,True,82|12,19|20|17|38,0.950536|0.960569,0.945897|0.951978,0.957681|0.958098|0.949449|0.946639,0.952630|0.950969|0.940276|0.938304
971,104,True,2,35.620454,18|23,18.617977528089888,18.625,0.9533790539805397,0.9533138845291164,0.9429447425181865,0.945580618309895,0.936676952134435,True,True,91|13,29|13|28|34,0.953388|0.953314,0.949114|0.942945,0.958937|0.962427|0.952892|0.945581,0.953516|0.958392|0.945607|0.936677
972,88,True,2,35.591373,18|23,18.655430711610485,18.511363636363637,0.9523806932265362,0.9449370697743142,0.9331956062684111,0.94091452038487,0.9285134207028072,True,True,79|9,22|22|24|20,0.953229|0.944937,0.948689|0.933196,0.956995|0.958138|0.952428|0.940915,0.950614|0.951543|0.944966|0.928513
973,97,True,2,35.256474,18|23,18.636704119850187,18.876288659793815,0.951562164031231,0.9501624173499723,0.9456361101042586,0.9437598317281135,0.9337978509061267,True,True,80|17,16|28|21|32,0.950162|0.958149,0.945636|0.948099,0.955038|0.957829|0.943760|0.949461,0.948414|0.951082|0.933798|0.941341
974,102,True,1,,19,19.0,19.0,0.9578259279259962,0.9578259279259962,0.9532748169095981,0.9283312058134708,0.9150922267804305,True,True,102,21|25|33|23,0.957826,0.953275,0.968216|0.970521|0.962154|0.928331,0.963013|0.966694|0.956676|0.915092
975,97,True,1,,19,19.0,19.0,0.9589118970395519,0.9589118970395519,0.9542040786618875,0.9233342107056313,0.9083882934366985,True,True,97,39|22|18|18,0.958912,0.954204,0.971318|0.963855|0.961569|0.923334,0.967906|0.957413|0.953106|0.908388
976,86,True,2,35.647570,18|23,18.692883895131086,18.58139534883721,0.9538111951218138,0.9470104478679533,0.9359507455553585,0.9426091476929701,0.9311374732013208,True,True,76|10,26|18|26|16,0.954706|0.947010,0.950449|0.935951,0.960033|0.960546|0.949820|0.942609,0.954752|0.954889|0.941523|0.931137
977,99,True,2,35.875684,18|24,18.696629213483146,18.484848484848484,0.9518770931708266,0.9507839536896939,0.9463056601568897,0.9379952509959628,0.9282138467054322,True,True,91|8,20|29|19|31,0.950784|0.964312,0.946306|0.956183,0.957886|0.959988|0.955821|0.937995,0.952220|0.953811|0.949122|0.928214
978,99,True,2,35.698449,18|24,18.674157303370787,18.78787878787879,0.9553993677215017,0.9541981532415166,0.9498571211314591,0.9504642636818252,0.9411190357590756,True,True,86|13,28|20|28|23,0.954198|0.963346,0.949857|0.957102,0.957512|0.962779|0.952069|0.950464,0.950876|0.957159|0.943835|0.941119
979,100,True,2,35.078934,18|23,18.674157303370787,18.55,0.954559782443569,0.9535326610445888,0.9493740689921504,0.944840220684299,0.9350667128762722,True,True,89|11,28|18|24|30,0.953533|0.962870,0.949374|0.957235,0.958621|0.965763|0.953568|0.944840,0.953444|0.962040|0.947773|0.935067
980,99,True,2,35.242349,18|23,18.636704119850187,18.80808080808081,0.9531229333390007,0.9518105498940059,0.9475119818046485,0.9466959676717511,0.939008132367196,True,True,83|16,15|30|29|25,0.951811|0.959931,0.947512|0.950672,0.960096|0.958039|0.946696|0.950495,0.953992|0.951923|0.939008|0.941121
981,97,True,2,35.467684,18|24,18.674157303370787,18.804123711340207,0.9538502553931838,0.9519925443746419,0.9473710989353323,0.949369057812168,0.9400619133078897,True,True,84|13,17|22|27|31,0.951993|0.965854,0.947371|0.957973,0.961574|0.959000|0.949369|0.949863,0.955103|0.953616|0.941524|0.940062
982,101,True,2,34.794155,18|23,18.692883895131086,18.84158415841584,0.9561795843224059,0.9551046507253702,0.951008556681748,0.9449383473091331,0.9350771239738064,True,True,84|17,32|22|24|23,0.955105|0.961491,0.951009|0.953734,0.961726|0.961089|0.944938|0.955497,0.957698|0.955356|0.935077|0.946876
983,106,True,2,34.999822,18|23,18.580524344569287,18.754716981132077,0.9525628282381872,0.9518710199364834,0.9473957641623655,0.9468261567210186,0.9383287271219733,True,True,90|16,22|24|24|36,0.951871|0.956454,0.947396|0.948972,0.960340|0.959012|0.947590|0.946826,0.954406|0.952410|0.939951|0.938329
984,93,True,2,35.258594,18|23,18.636704119850187,18.806451612903224,0.9535478863783986,0.9526080124290073,0.947932915843184,0.9487448242421143,0.9399280500128517,True,True,78|15,17|20|25|31,0.952608|0.958435,0.947933|0.951134,0.963285|0.954148|0.948745|0.951695,0.957541|0.946373|0.939928|0.943743
985,99,True,2,35.170717,18|22,18.524344569288388,18.565656565656564,0.9505658931620322,0.9373629080673792,0.9263939938867314,0.941939391414596,0.9323713883971829,True,True,85|14,29|23|22|25,0.952741|0.937363,0.948550|0.926394,0.958529|0.958029|0.942069|0.941939,0.953794|0.951440|0.932527|0.932371
986,96,True,2,34.647306,18|22,18.629213483146067,18.75,0.9545787479781747,0.9517980107607141,0.9428783846414055,0.9459364671152433,0.9348410173640191,True,True,78|18,27|25|21|23,0.955220|0.951798,0.950485|0.942878,0.961689|0.955063|0.954325|0.945936,0.956431|0.947530|0.945149|0.934841
987,102,True,2,35.078934,18|23,18.674157303370787,18.735294117647058,0.9540724335253374,0.9526250300699517,0.9481445571779327,0.9490066336198039,0.9373060353079745,True,True,87|15,23|21|35|23,0.952625|0.962467,0.948145|0.956260,0.959733|0.959723|0.950291|0.949007,0.954342|0.953380|0.943554|0.937306
988,87,True,2,35.611753,18|23,18.56179775280899,18.862068965517242,0.9496735714894186,0.9493043514735895,0.9421528752917485,0.9415146551602915,0.9322488029197279,True,True,72|15,26|17|12|32,0.949304|0.951446,0.944191|0.942153,0.957086|0.955104|0.947677|0.941515,0.950578|0.948386|0.936725|0.932249
989,97,True,2,34.720990,18|22,18.719101123595507,18.577319587628867,0.9538090478773954,0.9424705764815814,0.9314699134674688,0.9409343593171243,0.9297356149487674,True,True,83|14,35|23|22|17,0.955722|0.942471,0.951552|0.931470,0.959202|0.957642|0.951170|0.940934,0.954281|0.950659|0.941115|0.929736
990,97,True,2,35.221012,18|23,18.692883895131086,18.670103092783506,0.9549465774914314,0.9546210441808853,0.9490535876555427,0.9463421644669974,0.9339712674956456,True,True,84|13,21|37|21|18,0.954621|0.957050,0.950321|0.949054,0.961803|0.959433|0.947561|0.946342,0.956225|0.954781|0.937933|0.933971
991,97,True,2,35.453559,18|24,18.696629213483146,18.8659793814433,0.9531627081072412,0.9506451584416948,0.9460808129065305,0.9491838182558006,0.9401236108734066,True,True,83|14,15|20|28|34,0.950645|0.968088,0.946081|0.962219,0.962855|0.955337|0.951249|0.949184,0.957080|0.947651|0.944890|0.940124
992,100,True,2,35.698449,18|23,18.617977528089888,18.5,0.9535190755354388,0.9482831374865164,0.9366808445472059,0.9337991997024435,0.9212345828767681,True,True,90|10,35|26|17|22,0.954101|0.948283,0.949492|0.936681,0.961575|0.961133|0.950808|0.933799,0.956804|0.955575|0.940430|0.921235
993,106,True,2,34.794155,18|24,18.719101123595507,19.358490566037737,0.9567574865423146,0.9540481082311099,0.9496934597957002,0.9526563795139912,0.9437723777493388,True,True,82|24,12|15|40|39,0.954048|0.966015,0.949693|0.959646,0.960351|0.952656|0.954658|0.959383,0.952347|0.943772|0.949090|0.952043
994,91,True,2,35.817449,18|24,18.853932584269664,18.46153846153846,0.9541332361665761,0.9538494385560936,0.9479496381810925,0.9471887244681392,0.9380274358465208,True,True,84|7,22|28|14|27,0.953849|0.957539,0.949648|0.947950,0.959858|0.957456|0.951886|0.947189,0.954245|0.951822|0.940599|0.938027
995,94,True,2,35.676651,18|24,18.853932584269664,18.574468085106382,0.9554197028588588,0.9546081197211003,0.9507378530962236,0.9463278746217636,0.9341608636384123,True,True,85|9,33|31|16|14,0.954608|0.963085,0.950738|0.954568,0.955579|0.961318|0.946328|0.952374,0.950016|0.956562|0.934161|0.942522
996,91,True,2,35.875684,18|24,18.674157303370787,18.65934065934066,0.9519707292037014,0.9511784327390395,0.946472068896565,0.9449995728299436,0.9345565382874739,True,True,81|10,19|22|30|20,0.951178|0.958388,0.946472|0.948616,0.960583|0.958654|0.946262|0.945000,0.954171|0.950775|0.938137|0.934557
997,109,True,2,34.999822,18|23,18.636704119850187,18.73394495412844,0.9541750124605114,0.9532839178508896,0.9486633691929484,0.9429348100376473,0.9302218296208802,True,True,93|16,27|34|24|24,0.953284|0.959354,0.949132|0.948663,0.957340|0.961098|0.952047|0.942935,0.951484|0.956889|0.944742|0.930222
998,98,True,2,35.698449,18|23,18.655430711610485,18.408163265306122,0.9513649314351289,0.9474639161107222,0.935702152016516,0.9360977429707266,0.9242592287337202,True,True,90|8,23|27|31|17,0.951712|0.947464,0.947310|0.935702,0.963263|0.957041|0.945967|0.936098,0.957933|0.950132|0.938421|0.924259
999,107,True,2,35.344351,18|23,18.56179775280899,18.8411214953271,0.9534872193989594,0.9534062205952916,0.9443334585335829,0.9453326901815173,0.936577204575771,True,True,89|18,22|27|27|31,0.953406|0.953888,0.949030|0.944333,0.963222|0.957299|0.945333|0.950361,0.957362|0.950865|0.936577|0.941886
1000,100,True,1,,19,19.0,19.0,0.9589527901403685,0.9589527901403685,0.9545390447138774,0.933430796189539,0.922830002909836,True,True,100,35|29|11|25,0.958953,0.954539,0.969743|0.970906|0.951112|0.933431,0.965409|0.966761|0.937295|0.922830
