方案,repeat,最低审计概率
15/18,0,0.9022252397921507
15/18,1,0.8901376875913951
15/18,2,0.9010529760732964
15/18,3,0.8977300471703875
15/18,4,0.9005824772455987
15/18,5,0.896772161580858
15/18,6,0.9044566424671878
15/18,7,0.8984067475495259
15/18,8,0.9004453828069814
15/18,9,0.8939447039370131
15/18,10,0.9062408548033567
15/18,11,0.8994096468311101
15/18,12,0.8967657806967531
15/18,13,0.8996018398105577
15/18,14,0.9024710607127571
15/18,15,0.8982090755182819
15/18,16,0.9019271431168504
15/18,17,0.8976635067915923
15/18,18,0.8933232322489638
15/18,19,0.8940712552600801
15/18,20,0.9045704966463468
15/18,21,0.8983679026938574
15/18,22,0.8998589088718648
15/18,23,0.9032339125395774
15/18,24,0.9036777131130069
15/18,25,0.9014821751345685
15/18,26,0.9001429880965758
15/18,27,0.9001899595334157
15/18,28,0.8971329553814122
15/18,29,0.8904419564129532
15/18,30,0.8988481998057036
15/18,31,0.8948362544229503
15/18,32,0.8961013427920962
15/18,33,0.8983192515369526
15/18,34,0.8947903243338073
15/18,35,0.903969181747271
15/18,36,0.8964855795643123
15/18,37,0.9024166374530422
15/18,38,0.8976205950036812
15/18,39,0.9035930157961887
15/18,40,0.9035082029805727
15/18,41,0.9034666363894377
15/18,42,0.8965918887812969
15/18,43,0.8994379339215548
15/18,44,0.9069407834792735
15/18,45,0.9019165131221383
15/18,46,0.9002807727028973
15/18,47,0.909280987982886
15/18,48,0.8924844158401207
15/18,49,0.9001939632579883
15/18,50,0.9041094770325618
15/18,51,0.8965387628649132
15/18,52,0.900323938678761
15/18,53,0.9029444225631874
15/18,54,0.9045482784403498
15/18,55,0.898926948530317
15/18,56,0.8938112506176464
15/18,57,0.9073795457600348
15/18,58,0.8986908546295936
15/18,59,0.8870930570095347
15/18,60,0.9030072279397424
15/18,61,0.9025931121926382
15/18,62,0.8975710630453018
15/18,63,0.899898649869532
15/18,64,0.8992615758003674
15/18,65,0.8912363209368193
15/18,66,0.9018756326212015
15/18,67,0.909800906888203
15/18,68,0.897980112470389
15/18,69,0.8958807882187534
15/18,70,0.8955767252654788
15/18,71,0.9012676456938067
15/18,72,0.9028264419153915
15/18,73,0.9033946057341838
15/18,74,0.9021442798060442
15/18,75,0.902545318192971
15/18,76,0.8970618380765085
15/18,77,0.8931524632725125
15/18,78,0.905225370287135
15/18,79,0.9017002382044021
15/18,80,0.8841844378682767
15/18,81,0.8943979910049781
15/18,82,0.89999623786835
15/18,83,0.9028053282273758
15/18,84,0.9049269469146363
15/18,85,0.8959613119890077
15/18,86,0.9018781454874706
15/18,87,0.8985716528182188
15/18,88,0.9005410431194024
15/18,89,0.8978584949456181
15/18,90,0.9012460224631293
15/18,91,0.9010623299566352
15/18,92,0.8998722689141675
15/18,93,0.9018134160351804
15/18,94,0.9024009225303391
15/18,95,0.9035066737527973
15/18,96,0.8944800102132753
15/18,97,0.9057713242579146
15/18,98,0.8968329357951079
15/18,99,0.8980164458793446
15/18,100,0.9095966037295544
15/18,101,0.9019643150700908
15/18,102,0.906953322753222
15/18,103,0.9078077240894232
15/18,104,0.9052572928221116
15/18,105,0.893571813177473
15/18,106,0.9030620113855153
15/18,107,0.9007330728969909
15/18,108,0.904770463363799
15/18,109,0.9003771815552515
15/18,110,0.9027118165995889
15/18,111,0.8924381447402859
15/18,112,0.8991686676859976
15/18,113,0.8938777837034118
15/18,114,0.9053134540885412
15/18,115,0.9020412717708851
15/18,116,0.8923830241873527
15/18,117,0.8981360447381878
15/18,118,0.9025506687998532
15/18,119,0.894889983143163
15/18,120,0.9050084468362201
15/18,121,0.9066055085321082
15/18,122,0.9027981332172824
15/18,123,0.8996909908894624
15/18,124,0.8953405365506273
15/18,125,0.9036252357451091
15/18,126,0.9044083164767094
15/18,127,0.8999495707889623
15/18,128,0.8977649156577326
15/18,129,0.8980265238167792
15/18,130,0.9056518003390149
15/18,131,0.8965135324572824
15/18,132,0.9014934568694081
15/18,133,0.9036258143904881
15/18,134,0.8971535789616871
15/18,135,0.8938014227035405
15/18,136,0.8985269898487056
15/18,137,0.8964637825636688
15/18,138,0.8989251957315869
15/18,139,0.8969589650801624
15/18,140,0.8983675552734595
15/18,141,0.9036545223029888
15/18,142,0.9007505857706154
15/18,143,0.9077943638393424
15/18,144,0.9057824206822512
15/18,145,0.9035255607694153
15/18,146,0.8959400573635325
15/18,147,0.8984788239222927
15/18,148,0.9023220926750576
15/18,149,0.8996579578079898
15/18,150,0.8909171550899454
15/18,151,0.8923505503115715
15/18,152,0.9068092117556386
15/18,153,0.9042278523925132
15/18,154,0.9063694579156867
15/18,155,0.8992166592148932
15/18,156,0.9045371601592104
15/18,157,0.8981559278832552
15/18,158,0.8998652825453738
15/18,159,0.9032680482377567
15/18,160,0.904739763754657
15/18,161,0.8953280070863285
15/18,162,0.8963323814633785
15/18,163,0.9018580855361811
15/18,164,0.8958340598595935
15/18,165,0.8995354363932081
15/18,166,0.8958295009153107
15/18,167,0.9056972508177794
15/18,168,0.9076157916919599
15/18,169,0.9053875557497597
15/18,170,0.8953582867957998
15/18,171,0.9043883751572811
15/18,172,0.9001818080903358
15/18,173,0.9006674684688618
15/18,174,0.8995559786408704
15/18,175,0.8969771594956022
15/18,176,0.9037532172295414
15/18,177,0.9061458812308616
15/18,178,0.8944466843886143
15/18,179,0.9018898294947929
15/18,180,0.8999528694810307
15/18,181,0.8967180231950017
15/18,182,0.9064400588352711
15/18,183,0.9048226450680922
15/18,184,0.8989130767408605
15/18,185,0.8937467134875257
15/18,186,0.8964253230785009
15/18,187,0.8973999425063883
15/18,188,0.905015722176373
15/18,189,0.9028077500523033
15/18,190,0.8936696579239765
15/18,191,0.9032710406709287
15/18,192,0.9001974596392678
15/18,193,0.9028190492547036
15/18,194,0.8991670202624893
15/18,195,0.9051607632870431
15/18,196,0.9007070864460044
15/18,197,0.8980490149895621
15/18,198,0.8960757350271193
15/18,199,0.9007963776824125
15/18,200,0.9039455381617458
15/18,201,0.8993003800293254
15/18,202,0.9069881174881947
15/18,203,0.8972927655075527
15/18,204,0.901684478181226
15/18,205,0.8976171072111181
15/18,206,0.9048704196536129
15/18,207,0.9003586893040161
15/18,208,0.9050846770522525
15/18,209,0.8973387081193291
15/18,210,0.9012064906604169
15/18,211,0.8951123876840578
15/18,212,0.9027697665919007
15/18,213,0.8985366427989497
15/18,214,0.8952471174897209
15/18,215,0.9012888153750694
15/18,216,0.9004491280601473
15/18,217,0.9039621583095068
15/18,218,0.8979505794169254
15/18,219,0.9068255244707334
15/18,220,0.9020058407435882
15/18,221,0.9060456156640706
15/18,222,0.8996423725763063
15/18,223,0.8999587590412972
15/18,224,0.9039408185556431
15/18,225,0.9048659132112038
15/18,226,0.9016212449100853
15/18,227,0.8946780581440162
15/18,228,0.8962642339079036
15/18,229,0.8973623731348755
15/18,230,0.8972543279618762
15/18,231,0.8958069962477319
15/18,232,0.9019497382545284
15/18,233,0.8899551083651225
15/18,234,0.8939871420936366
15/18,235,0.9031990609168642
15/18,236,0.9029222085018338
15/18,237,0.8988663516687587
15/18,238,0.9082661386083131
15/18,239,0.907033464098568
15/18,240,0.890537070447312
15/18,241,0.8993491582514888
15/18,242,0.8898410120472001
15/18,243,0.9036677148566715
15/18,244,0.8962028924186245
15/18,245,0.8946883318570953
15/18,246,0.8924757739524158
15/18,247,0.8985935775330794
15/18,248,0.8935744168008212
15/18,249,0.8997237162690745
15/18,250,0.8986074088173065
15/18,251,0.892785473506046
15/18,252,0.9012797092454441
15/18,253,0.8959657991877804
15/18,254,0.8976753693288733
15/18,255,0.9030534587766361
15/18,256,0.8971636044905537
15/18,257,0.9023717345705966
15/18,258,0.9025109498106582
15/18,259,0.8944948819123296
15/18,260,0.9045111321838594
15/18,261,0.9056049607527784
15/18,262,0.8992391688174978
15/18,263,0.9014414953101869
15/18,264,0.900510915737223
15/18,265,0.9005758491660188
15/18,266,0.899098812272168
15/18,267,0.9046293502588015
15/18,268,0.9064930247798466
15/18,269,0.8977224670688729
15/18,270,0.8953134044115194
15/18,271,0.9018770349041265
15/18,272,0.9035435867485232
15/18,273,0.9040002560024275
15/18,274,0.9034561739774637
15/18,275,0.8912915588371535
15/18,276,0.9067136844898821
15/18,277,0.8947916109386496
15/18,278,0.9054313141980869
15/18,279,0.9085868032154759
15/18,280,0.9051232044586296
15/18,281,0.9026075963984947
15/18,282,0.9044793048538023
15/18,283,0.9074876032321805
15/18,284,0.8943458657235049
15/18,285,0.8996569075322481
15/18,286,0.9003594233722418
15/18,287,0.8970548959108354
15/18,288,0.8969819366668392
15/18,289,0.8975777196241803
15/18,290,0.9051243756988322
15/18,291,0.8945139893150587
15/18,292,0.9028700469796327
15/18,293,0.8995301068937889
15/18,294,0.8995351694943934
15/18,295,0.8943309357584283
15/18,296,0.8986412604375908
15/18,297,0.8968224031961745
15/18,298,0.8962003782670122
15/18,299,0.908926391588057
15/18,300,0.9001044094759202
15/18,301,0.896723140485926
15/18,302,0.8972613833299735
15/18,303,0.8950364561701677
15/18,304,0.9040859207167896
15/18,305,0.9028613060805135
15/18,306,0.9037258797238283
15/18,307,0.9041017880779232
15/18,308,0.9094365813287227
15/18,309,0.9059034293851976
15/18,310,0.908080546598137
15/18,311,0.8926610227155651
15/18,312,0.9027780839437136
15/18,313,0.9012269034861792
15/18,314,0.8957607996409761
15/18,315,0.9047310032175013
15/18,316,0.9055191216023811
15/18,317,0.8999428118661532
15/18,318,0.8993782034004559
15/18,319,0.9020865690194847
15/18,320,0.896822616121514
15/18,321,0.9068736189489385
15/18,322,0.9088669644284147
15/18,323,0.897002169842889
15/18,324,0.894216510570593
15/18,325,0.9018478789080888
15/18,326,0.9062472868203395
15/18,327,0.8943950895747185
15/18,328,0.8993607936881424
15/18,329,0.9069608151610837
15/18,330,0.8995183086149849
15/18,331,0.8996370794636979
15/18,332,0.9036798308342681
15/18,333,0.9021199374396515
15/18,334,0.8975538552154233
15/18,335,0.903532272186416
15/18,336,0.8968026693746166
15/18,337,0.897765524731368
15/18,338,0.8955398292632168
15/18,339,0.8970866110676918
15/18,340,0.8983729607245544
15/18,341,0.9030169840175496
15/18,342,0.904292175976954
15/18,343,0.9018922280451543
15/18,344,0.9036123498198213
15/18,345,0.9008408145663422
15/18,346,0.902206156490278
15/18,347,0.9048324277265509
15/18,348,0.8927892255591829
15/18,349,0.8879174127466221
15/18,350,0.8991954780301112
15/18,351,0.90158170655581
15/18,352,0.90258932853154
15/18,353,0.9035105786680738
15/18,354,0.9015800926852636
15/18,355,0.8964686466723085
15/18,356,0.9018258800453238
15/18,357,0.8974806297712143
15/18,358,0.9004445093985153
15/18,359,0.9013653174314763
15/18,360,0.902016983216743
15/18,361,0.8949567396470771
15/18,362,0.8916817741962886
15/18,363,0.8984407488776864
15/18,364,0.8996075527843442
15/18,365,0.9013296088485653
15/18,366,0.9008982170221931
15/18,367,0.8983028174339496
15/18,368,0.9071797717976328
15/18,369,0.899817192464148
15/18,370,0.9062355950057411
15/18,371,0.9032077204393693
15/18,372,0.896860650150155
15/18,373,0.9069628570840396
15/18,374,0.8908212798746352
15/18,375,0.8876718898891275
15/18,376,0.9018558121312475
15/18,377,0.899560190422851
15/18,378,0.9063802652235851
15/18,379,0.9050563522101148
15/18,380,0.8997266436694858
15/18,381,0.9049476566869393
15/18,382,0.8993201683815829
15/18,383,0.902097900556247
15/18,384,0.9015321053539469
15/18,385,0.8963366898762417
15/18,386,0.8976110303527963
15/18,387,0.8997101953167613
15/18,388,0.8883815379547572
15/18,389,0.8992022448576514
15/18,390,0.9022000094203012
15/18,391,0.8861210615580017
15/18,392,0.9044245990499725
15/18,393,0.905665663981266
15/18,394,0.9009661567813151
15/18,395,0.9045274740160998
15/18,396,0.8995332919336669
15/18,397,0.9027560175223682
15/18,398,0.8966013060689131
15/18,399,0.9023682977036257
15/18,400,0.8989814932272948
15/18,401,0.9007875692901086
15/18,402,0.8927122248223187
15/18,403,0.9020308822604343
15/18,404,0.8989496508613576
15/18,405,0.8915248187837914
15/18,406,0.9004296775995535
15/18,407,0.9009986863839932
15/18,408,0.8881105901895846
15/18,409,0.9047147157094146
15/18,410,0.9074029473357708
15/18,411,0.8888795418194413
15/18,412,0.9029656837576245
15/18,413,0.8938382457925739
15/18,414,0.9069113847874214
15/18,415,0.9053375961600996
15/18,416,0.8987878628097713
15/18,417,0.8922853571835921
15/18,418,0.9012992119269656
15/18,419,0.9100446651694646
15/18,420,0.8958587669860032
15/18,421,0.8998379514742139
15/18,422,0.9052873960015959
15/18,423,0.8942704524621193
15/18,424,0.8933115419392735
15/18,425,0.8974044525768151
15/18,426,0.9041132377304911
15/18,427,0.9018738872748805
15/18,428,0.8973281619323915
15/18,429,0.8931323514314392
15/18,430,0.9054468873712485
15/18,431,0.8929875983571439
15/18,432,0.8965306931675533
15/18,433,0.9031096386835075
15/18,434,0.8965229316533674
15/18,435,0.9019836865226282
15/18,436,0.8999627698757567
15/18,437,0.8980383535152915
15/18,438,0.8930413893946554
15/18,439,0.905263799533132
15/18,440,0.8943593773887376
15/18,441,0.9009073044212945
15/18,442,0.9057681913646272
15/18,443,0.9018727235487197
15/18,444,0.9057645663035198
15/18,445,0.8935641512472058
15/18,446,0.8983074053844534
15/18,447,0.9028826870574392
15/18,448,0.9057538473327893
15/18,449,0.908333811836652
15/18,450,0.8987208905887507
15/18,451,0.8986859570365412
15/18,452,0.895895730454295
15/18,453,0.8986446543284856
15/18,454,0.9073530892439023
15/18,455,0.9065787085727914
15/18,456,0.8978666820922032
15/18,457,0.9031543261185668
15/18,458,0.9030416614047613
15/18,459,0.8952470714569263
15/18,460,0.9042949042246757
15/18,461,0.9015528808775407
15/18,462,0.8938723461208368
15/18,463,0.9013573139376908
15/18,464,0.8916860032252962
15/18,465,0.9071812783317617
15/18,466,0.9038535085590211
15/18,467,0.9035894356907272
15/18,468,0.9094028262803167
15/18,469,0.9001344932975913
15/18,470,0.9013258701221866
15/18,471,0.9040843294343928
15/18,472,0.8975082414978524
15/18,473,0.8992870860266446
15/18,474,0.8945078525324159
15/18,475,0.905886481343053
15/18,476,0.8958801412203945
15/18,477,0.9045543873278401
15/18,478,0.9010329511488856
15/18,479,0.8966269203225168
15/18,480,0.8981424082619529
15/18,481,0.9015645840552492
15/18,482,0.9055018674956801
15/18,483,0.9010315375193195
15/18,484,0.8877297671905664
15/18,485,0.9004504237322895
15/18,486,0.9057016972232447
15/18,487,0.9013404137708411
15/18,488,0.9005627421798179
15/18,489,0.8974377759680643
15/18,490,0.8905580193011173
15/18,491,0.9042095120527115
15/18,492,0.9030731524760932
15/18,493,0.9054323631668444
15/18,494,0.9031370325979227
15/18,495,0.8991350357364933
15/18,496,0.8961498266058534
15/18,497,0.9020617940507937
15/18,498,0.8977063432227901
15/18,499,0.8953144396855286
15/18,500,0.899773795550549
15/18,501,0.8861990398283583
15/18,502,0.8938337746433089
15/18,503,0.9100916131487803
15/18,504,0.9011397676400781
15/18,505,0.9018534027730217
15/18,506,0.8998463518741562
15/18,507,0.9039963973653253
15/18,508,0.9024468799252118
15/18,509,0.8929344118832684
15/18,510,0.8979295991366417
15/18,511,0.9057461396170858
15/18,512,0.895880446373825
15/18,513,0.8974230342578273
15/18,514,0.8973606511433687
15/18,515,0.9046388131980428
15/18,516,0.9041928724661529
15/18,517,0.8941172960966164
15/18,518,0.8912604084209557
15/18,519,0.8994180101490518
15/18,520,0.901026114965644
15/18,521,0.8969155226500745
15/18,522,0.8949960956282369
15/18,523,0.8927503391263014
15/18,524,0.8982816647750086
15/18,525,0.8939762679140519
15/18,526,0.8920464639499649
15/18,527,0.900372421677993
15/18,528,0.8998350559874728
15/18,529,0.9095395814938598
15/18,530,0.9052251974966752
15/18,531,0.8940539177399863
15/18,532,0.8883813675083362
15/18,533,0.8960251749659603
15/18,534,0.9020611059180621
15/18,535,0.8948496173650916
15/18,536,0.8959931167310823
15/18,537,0.8945678803815488
15/18,538,0.9105587519271333
15/18,539,0.8988446097320505
15/18,540,0.900051281703221
15/18,541,0.8940996740745508
15/18,542,0.9013541214184438
15/18,543,0.8990741733020665
15/18,544,0.9017632566464128
15/18,545,0.9021122721630481
15/18,546,0.9043852533908676
15/18,547,0.8920120762454493
15/18,548,0.9033908803368526
15/18,549,0.9048024577748693
15/18,550,0.893836913136812
15/18,551,0.905252807575925
15/18,552,0.8936477041525657
15/18,553,0.8989084986626994
15/18,554,0.9052501189923007
15/18,555,0.8996967822570464
15/18,556,0.9021879183381012
15/18,557,0.8998864060353596
15/18,558,0.9002363980411906
15/18,559,0.9017637561248285
15/18,560,0.9046857629406478
15/18,561,0.8973705653220089
15/18,562,0.8993512194546256
15/18,563,0.892763895336917
15/18,564,0.8968409422783433
15/18,565,0.8990155003072805
15/18,566,0.9042736095528426
15/18,567,0.8977063378829847
15/18,568,0.8983010899665171
15/18,569,0.9056968162527014
15/18,570,0.8982386934376485
15/18,571,0.9018846221232645
15/18,572,0.8966487538184038
15/18,573,0.8986257536749764
15/18,574,0.9063195326279845
15/18,575,0.9011629651947545
15/18,576,0.8993702646831231
15/18,577,0.9025271857049328
15/18,578,0.8961048849373983
15/18,579,0.9034018327893665
15/18,580,0.9063400966999077
15/18,581,0.9001940215534443
15/18,582,0.8999557349609449
15/18,583,0.902584479165918
15/18,584,0.902749679435723
15/18,585,0.905412604516018
15/18,586,0.8993633139188195
15/18,587,0.8916654225182138
15/18,588,0.9115055459125709
15/18,589,0.9021738901545565
15/18,590,0.8992605097673522
15/18,591,0.8975780903596771
15/18,592,0.8969862078493595
15/18,593,0.9027109261244753
15/18,594,0.904954125863724
15/18,595,0.9048042273697594
15/18,596,0.8930331340380484
15/18,597,0.9053441514534917
15/18,598,0.9020253318106759
15/18,599,0.8980575706928494
15/18,600,0.8997317646003823
15/18,601,0.9011931940222302
15/18,602,0.8984364016043139
15/18,603,0.899351343869776
15/18,604,0.893308398776208
15/18,605,0.9059464389456142
15/18,606,0.8987665459308153
15/18,607,0.9035008635184827
15/18,608,0.8986787110161631
15/18,609,0.8956305643983298
15/18,610,0.8997992716539049
15/18,611,0.9025457209159655
15/18,612,0.8969846909116682
15/18,613,0.9011257654645659
15/18,614,0.8950940232687623
15/18,615,0.9043251448600715
15/18,616,0.9025872821365655
15/18,617,0.8946502592100111
15/18,618,0.9078296434615588
15/18,619,0.9004563603371089
15/18,620,0.9048015714964915
15/18,621,0.9006173493840016
15/18,622,0.9059807879465243
15/18,623,0.90069571901106
15/18,624,0.8968214421252549
15/18,625,0.9061709923116434
15/18,626,0.891972396303513
15/18,627,0.8962509791195526
15/18,628,0.9013035451927535
15/18,629,0.8980411156022435
15/18,630,0.9002039386508058
15/18,631,0.9079597622262595
15/18,632,0.9028028037129664
15/18,633,0.8928050150699541
15/18,634,0.9072117990992732
15/18,635,0.9013485124392787
15/18,636,0.898845722637972
15/18,637,0.902046930903823
15/18,638,0.8995388175582917
15/18,639,0.9011338734045452
15/18,640,0.9030474316069477
15/18,641,0.8962188249320787
15/18,642,0.9087330738351025
15/18,643,0.9030509255480051
15/18,644,0.9017301228136662
15/18,645,0.9003556431787049
15/18,646,0.8999866929063481
15/18,647,0.905192456347682
15/18,648,0.8989102872647114
15/18,649,0.8970956950050278
15/18,650,0.8909646704884493
15/18,651,0.9013887650282648
15/18,652,0.8974288597068764
15/18,653,0.8942980434092398
15/18,654,0.9033468181208777
15/18,655,0.897582115725352
15/18,656,0.8945883624161303
15/18,657,0.9050773683761075
15/18,658,0.9005823013769065
15/18,659,0.8984203974285111
15/18,660,0.8890511419555964
15/18,661,0.8962333722730582
15/18,662,0.8995363184505732
15/18,663,0.900194322579398
15/18,664,0.9044211076402758
15/18,665,0.8986399406717152
15/18,666,0.9010830802601015
15/18,667,0.902668003530222
15/18,668,0.8987271556901808
15/18,669,0.8982107752785605
15/18,670,0.8956198515302036
15/18,671,0.899011086149003
15/18,672,0.8936730998531542
15/18,673,0.899045740568016
15/18,674,0.9069000032047627
15/18,675,0.892993079530471
15/18,676,0.8988027715778312
15/18,677,0.8928779248136073
15/18,678,0.8958316512555327
15/18,679,0.9004321740805329
15/18,680,0.8976403801169582
15/18,681,0.9002454088010023
15/18,682,0.9012804886675958
15/18,683,0.8980710600441669
15/18,684,0.8953243320949974
15/18,685,0.9018841161972122
15/18,686,0.9131913534817304
15/18,687,0.8958492393634039
15/18,688,0.9050278739763015
15/18,689,0.9005718245889678
15/18,690,0.905903808601914
15/18,691,0.9015591349259025
15/18,692,0.9034606778850851
15/18,693,0.897128972098123
15/18,694,0.8986787180248166
15/18,695,0.896169218827565
15/18,696,0.9040791789612915
15/18,697,0.8935419176525101
15/18,698,0.8949916335171926
15/18,699,0.9035749593375585
15/18,700,0.901934983895749
15/18,701,0.9055360192405366
15/18,702,0.8968933134542554
15/18,703,0.8963561059394143
15/18,704,0.8996540719055648
15/18,705,0.9013986200284897
15/18,706,0.8963158403526551
15/18,707,0.8978603029258715
15/18,708,0.9066397431786726
15/18,709,0.8893922835150859
15/18,710,0.8913685339836007
15/18,711,0.9018460273944305
15/18,712,0.9057738437789691
15/18,713,0.8969996948695479
15/18,714,0.9001551992341461
15/18,715,0.8960216892900296
15/18,716,0.8990261413855187
15/18,717,0.9044039938791651
15/18,718,0.8960496297245565
15/18,719,0.901696187641041
15/18,720,0.897441058740189
15/18,721,0.9010562963342091
15/18,722,0.9059955773648918
15/18,723,0.9019057021107142
15/18,724,0.8997830004020277
15/18,725,0.8966324851910119
15/18,726,0.9016455529906088
15/18,727,0.9046349070484262
15/18,728,0.8983011977000599
15/18,729,0.9095619438858912
15/18,730,0.8997327959542822
15/18,731,0.9044088615284663
15/18,732,0.9013150975619774
15/18,733,0.8969515503006583
15/18,734,0.9003486393760297
15/18,735,0.9062684318425487
15/18,736,0.9006188546708644
15/18,737,0.8994807980900004
15/18,738,0.9040031048818924
15/18,739,0.8963557654044867
15/18,740,0.9045458610984973
15/18,741,0.9013087134546308
15/18,742,0.9014121660326705
15/18,743,0.9045161824461434
15/18,744,0.892297977053707
15/18,745,0.8970741417681721
15/18,746,0.9015213290019364
15/18,747,0.8989740500537506
15/18,748,0.8962868921082373
15/18,749,0.9012878755191319
15/18,750,0.9001097822048182
15/18,751,0.8972232438279698
15/18,752,0.9047067912199026
15/18,753,0.9052006279224966
15/18,754,0.901319394122269
15/18,755,0.8981396054019425
15/18,756,0.9036387558220549
15/18,757,0.908660937741845
15/18,758,0.893166676131849
15/18,759,0.898845911991024
15/18,760,0.9066875762493503
15/18,761,0.9057994494763745
15/18,762,0.9038705774485327
15/18,763,0.8938987958841204
15/18,764,0.9027200862319938
15/18,765,0.8947427026460616
15/18,766,0.8992756556560971
15/18,767,0.9008737866145492
15/18,768,0.8952153512352127
15/18,769,0.9039208347277785
15/18,770,0.9008500428605926
15/18,771,0.8929055947197482
15/18,772,0.8991651079489047
15/18,773,0.8985361485293801
15/18,774,0.9038663525233244
15/18,775,0.9035846172737051
15/18,776,0.9011786563064993
15/18,777,0.8954352118397214
15/18,778,0.8907479914923173
15/18,779,0.9010734869149365
15/18,780,0.904423216008586
15/18,781,0.8999157848993182
15/18,782,0.8998173658371097
15/18,783,0.8990620213568139
15/18,784,0.8935012406128465
15/18,785,0.8902335649644142
15/18,786,0.9060565734801301
15/18,787,0.8961920143054583
15/18,788,0.90037835967971
15/18,789,0.8956896377429299
15/18,790,0.8959586651117672
15/18,791,0.8973011542130545
15/18,792,0.9075797935343627
15/18,793,0.9027043451093976
15/18,794,0.8897427332114984
15/18,795,0.9033984403107261
15/18,796,0.903376098922649
15/18,797,0.8966483435397972
15/18,798,0.8995636233687934
15/18,799,0.895186027618343
15/18,800,0.9036750951057111
15/18,801,0.9009809198859295
15/18,802,0.8981696131297419
15/18,803,0.9068330383226899
15/18,804,0.8988867853578139
15/18,805,0.8928534648192346
15/18,806,0.8965236951876926
15/18,807,0.8949259611740948
15/18,808,0.9020941191195929
15/18,809,0.9010239827600658
15/18,810,0.9046012739280135
15/18,811,0.8992336084735074
15/18,812,0.9008239051032335
15/18,813,0.9006796935638535
15/18,814,0.9067586437121109
15/18,815,0.898431888418463
15/18,816,0.9011660187633646
15/18,817,0.9025790356747191
15/18,818,0.9013046338738876
15/18,819,0.8962883984751456
15/18,820,0.8997888961720731
15/18,821,0.8969952571922332
15/18,822,0.9015110552288088
15/18,823,0.8960066188762041
15/18,824,0.9018726849032642
15/18,825,0.8845509784890813
15/18,826,0.901802959553257
15/18,827,0.9034536626544746
15/18,828,0.8953598762448454
15/18,829,0.8996853347941546
15/18,830,0.8981922049371588
15/18,831,0.8993819393495254
15/18,832,0.9035404330230625
15/18,833,0.898552910336399
15/18,834,0.9024044199776808
15/18,835,0.9022366227950748
15/18,836,0.8961406642326075
15/18,837,0.9019594120792013
15/18,838,0.903363575405511
15/18,839,0.9006117620082881
15/18,840,0.8959696645907872
15/18,841,0.8953119171132107
15/18,842,0.8974709572970503
15/18,843,0.9015813839790133
15/18,844,0.9065565333031892
15/18,845,0.8986325768160819
15/18,846,0.8996582181231543
15/18,847,0.904573996644752
15/18,848,0.9026449318745869
15/18,849,0.9033615978620885
15/18,850,0.9032992669371561
15/18,851,0.9042434614454861
15/18,852,0.9033423782948985
15/18,853,0.904061719794234
15/18,854,0.9024801045541891
15/18,855,0.905973220371873
15/18,856,0.897773097614564
15/18,857,0.904496044877693
15/18,858,0.8976729905531262
15/18,859,0.9037209789102993
15/18,860,0.9020149217040907
15/18,861,0.9024027801666055
15/18,862,0.8962929826259917
15/18,863,0.8987536321076874
15/18,864,0.9031144751302452
15/18,865,0.9093408110319076
15/18,866,0.8974390124596001
15/18,867,0.9028671375875909
15/18,868,0.901691905227641
15/18,869,0.9042450045134571
15/18,870,0.8980820336851935
15/18,871,0.9031935003509787
15/18,872,0.9035489192575111
15/18,873,0.902686380293943
15/18,874,0.8958807042900799
15/18,875,0.9075412862498831
15/18,876,0.8939901303598112
15/18,877,0.9019294291370942
15/18,878,0.8911711552888762
15/18,879,0.9039107973531659
15/18,880,0.8914051553104609
15/18,881,0.9027029806544464
15/18,882,0.8876363551136347
15/18,883,0.901249833707908
15/18,884,0.9031332401772728
15/18,885,0.9037590380916684
15/18,886,0.9010139079492785
15/18,887,0.90131333886855
15/18,888,0.8993240657383561
15/18,889,0.8972312870160936
15/18,890,0.888819264085769
15/18,891,0.898486710635348
15/18,892,0.9004796933502138
15/18,893,0.9034640179127853
15/18,894,0.9000860771478822
15/18,895,0.9021436701603399
15/18,896,0.899614162474456
15/18,897,0.898875507036545
15/18,898,0.8991895372645691
15/18,899,0.9028722252492435
15/18,900,0.9019461813395504
15/18,901,0.9001860227077064
15/18,902,0.9118340699020471
15/18,903,0.8992323679130171
15/18,904,0.9017333318136416
15/18,905,0.9017669642625511
15/18,906,0.9059724566852965
15/18,907,0.905540738341391
15/18,908,0.8944085159019435
15/18,909,0.8932483495541619
15/18,910,0.8987035407627811
15/18,911,0.9022202596508005
15/18,912,0.9063990015864271
15/18,913,0.8980622008695541
15/18,914,0.9062025720782987
15/18,915,0.897381165933208
15/18,916,0.8999970154694261
15/18,917,0.9043603224768443
15/18,918,0.9014182627842655
15/18,919,0.905057771563322
15/18,920,0.8974005919667049
15/18,921,0.8910328945106637
15/18,922,0.9109751979970713
15/18,923,0.8986036562547627
15/18,924,0.8976551410608137
15/18,925,0.8890823249603721
15/18,926,0.9012450820210014
15/18,927,0.8995489088244946
15/18,928,0.9022163751157904
15/18,929,0.8927583082180671
15/18,930,0.8994401600067254
15/18,931,0.8959245986205024
15/18,932,0.8983072385407574
15/18,933,0.8958943413813283
15/18,934,0.8927775705973525
15/18,935,0.8991506416898228
15/18,936,0.9008968584400309
15/18,937,0.9010890849314211
15/18,938,0.897550606225594
15/18,939,0.8988904915843285
15/18,940,0.8997352289976174
15/18,941,0.8911880229919162
15/18,942,0.8977034135624554
15/18,943,0.9002219243487999
15/18,944,0.8984729230731974
15/18,945,0.9073239614164573
15/18,946,0.8992307352541579
15/18,947,0.8932565041199805
15/18,948,0.9063013998852311
15/18,949,0.9001567146626154
15/18,950,0.9047289180293011
15/18,951,0.894302212582775
15/18,952,0.897777774239111
15/18,953,0.8956690816507945
15/18,954,0.9019294006727463
15/18,955,0.9010146705788028
15/18,956,0.8948334515276494
15/18,957,0.9011560038072446
15/18,958,0.9046387739950021
15/18,959,0.9001486090515338
15/18,960,0.8978993831686904
15/18,961,0.8975078705459633
15/18,962,0.9037654558925426
15/18,963,0.905106747635534
15/18,964,0.9034633916176107
15/18,965,0.8936837549202112
15/18,966,0.8998503540311288
15/18,967,0.9001641161615543
15/18,968,0.8976814399209062
15/18,969,0.90733108282131
15/18,970,0.9029069073212489
15/18,971,0.8997520226846006
15/18,972,0.893863253940418
15/18,973,0.9027366095866908
15/18,974,0.9025185856387637
15/18,975,0.8991039013345408
15/18,976,0.8960530475900567
15/18,977,0.8989309650230907
15/18,978,0.9049278985585552
15/18,979,0.8987452049741098
15/18,980,0.8974261865013284
15/18,981,0.9092411251066126
15/18,982,0.8981911400452679
15/18,983,0.9048351587930887
15/18,984,0.9048394643395242
15/18,985,0.8986322941185433
15/18,986,0.8987358703982107
15/18,987,0.8978638571833117
15/18,988,0.8966359205751492
15/18,989,0.9029522808583352
15/18,990,0.900365117900858
15/18,991,0.9025056545856084
15/18,992,0.8904670323045935
15/18,993,0.8975488731174359
15/18,994,0.9056794541675475
15/18,995,0.9004478861585942
15/18,996,0.8975766715462837
15/18,997,0.8943935862409673
15/18,998,0.906287859126326
15/18,999,0.9070217068874168
15/18,1000,0.8970189357265478
15/18,1001,0.9025767631227167
15/18,1002,0.8995017013418883
15/18,1003,0.9033599490870101
15/18,1004,0.9006245814245051
15/18,1005,0.9075957263218725
15/18,1006,0.901218648159084
15/18,1007,0.8994859406056477
15/18,1008,0.9063307971953336
15/18,1009,0.8980289641769317
15/18,1010,0.9002967034362459
15/18,1011,0.9048368430244588
15/18,1012,0.8960555792052542
15/18,1013,0.9062628236140249
15/18,1014,0.8977744301576579
15/18,1015,0.8995762357258814
15/18,1016,0.9011383882177556
15/18,1017,0.9050087539959735
15/18,1018,0.9042075050393904
15/18,1019,0.8981503348735868
15/18,1020,0.8952559728489314
15/18,1021,0.9022788033216488
15/18,1022,0.8987035887703962
15/18,1023,0.9050099563231853
15/18,1024,0.8905640119126226
15/18,1025,0.8999769352006539
15/18,1026,0.9009274599275857
15/18,1027,0.9018425706745976
15/18,1028,0.8976045779458387
15/18,1029,0.8900044308842979
15/18,1030,0.8897909820755634
15/18,1031,0.901499843624223
15/18,1032,0.8973016517896717
15/18,1033,0.9004135086988738
15/18,1034,0.9048138770191259
15/18,1035,0.9020307006181063
15/18,1036,0.897257833510367
15/18,1037,0.9017275822971411
15/18,1038,0.9000002944624145
15/18,1039,0.89864116747914
15/18,1040,0.9019687999241386
15/18,1041,0.9022995381241367
15/18,1042,0.89975729838985
15/18,1043,0.9008436383184962
15/18,1044,0.9082022999371937
15/18,1045,0.8978445938576773
15/18,1046,0.9015236635901394
15/18,1047,0.9016342391066009
15/18,1048,0.9037765305692292
15/18,1049,0.9031233322353089
15/18,1050,0.9046271094301406
15/18,1051,0.8988737387254487
15/18,1052,0.9005929864921663
15/18,1053,0.898769341603311
15/18,1054,0.8992639921376095
15/18,1055,0.8957187584928654
15/18,1056,0.8949147496385487
15/18,1057,0.8982147363770931
15/18,1058,0.8964866155681305
15/18,1059,0.8995774958933606
15/18,1060,0.9093548197198541
15/18,1061,0.9002014858042003
15/18,1062,0.8985761711165617
15/18,1063,0.9011398288601195
15/18,1064,0.8963401697092217
15/18,1065,0.8993035745091579
15/18,1066,0.9049004105965104
15/18,1067,0.9009446269333943
15/18,1068,0.8989613331636973
15/18,1069,0.9057675007025325
15/18,1070,0.8901043655598582
15/18,1071,0.9067365016599077
15/18,1072,0.8970270167384643
15/18,1073,0.90537300034841
15/18,1074,0.9022928374208966
15/18,1075,0.9028960813029565
15/18,1076,0.8995339164330498
15/18,1077,0.9034425442496822
15/18,1078,0.8976769769811707
15/18,1079,0.9051486228290528
15/18,1080,0.9013693172694164
15/18,1081,0.9024497973569029
15/18,1082,0.900324966414687
15/18,1083,0.9003599647661937
15/18,1084,0.904969132996561
15/18,1085,0.9011887770919177
15/18,1086,0.8999661508499892
15/18,1087,0.9029090526341605
15/18,1088,0.8995361800205625
15/18,1089,0.8984417900243695
15/18,1090,0.9041737752695116
15/18,1091,0.9035333936590081
15/18,1092,0.8980308091212621
15/18,1093,0.8907679135442406
15/18,1094,0.9006543238760429
15/18,1095,0.9047069151670011
15/18,1096,0.8974733692141424
15/18,1097,0.8989600863879845
15/18,1098,0.8996324575456484
15/18,1099,0.8961657597126463
15/18,1100,0.9021360553507554
15/18,1101,0.8971541654657039
15/18,1102,0.901114057577658
15/18,1103,0.9021278076390876
15/18,1104,0.9041725503894577
15/18,1105,0.9040016085878754
15/18,1106,0.9025827971011161
15/18,1107,0.8973021768109376
15/18,1108,0.9006928862232919
15/18,1109,0.9027089454774682
15/18,1110,0.9015600845710658
15/18,1111,0.8990494690960091
15/18,1112,0.893313255896276
15/18,1113,0.8956560568034598
15/18,1114,0.9038932361217769
15/18,1115,0.8965742277199978
15/18,1116,0.8964365554543208
15/18,1117,0.9032254783720268
15/18,1118,0.9055083049828807
15/18,1119,0.898400258583763
15/18,1120,0.903960407502479
15/18,1121,0.8914297945949411
15/18,1122,0.8926987212951255
15/18,1123,0.9005686398446967
15/18,1124,0.9052240903739031
15/18,1125,0.9103557221140864
15/18,1126,0.8952110465493747
15/18,1127,0.9067395786653139
15/18,1128,0.9003389910238048
15/18,1129,0.8995660215872883
15/18,1130,0.8965493185399301
15/18,1131,0.8999060476752425
15/18,1132,0.9056760488455999
15/18,1133,0.8968491017477881
15/18,1134,0.9005299886126696
15/18,1135,0.902862450148639
15/18,1136,0.8941513113789152
15/18,1137,0.9006231250353435
15/18,1138,0.9054494500947131
15/18,1139,0.9022220818969823
15/18,1140,0.9003474224949578
15/18,1141,0.8961451597593033
15/18,1142,0.8967848220954956
15/18,1143,0.8907448561387831
15/18,1144,0.8986508131444104
15/18,1145,0.8984007922480433
15/18,1146,0.8950085279183587
15/18,1147,0.9022082489379646
15/18,1148,0.9011035036532583
15/18,1149,0.8992203713112935
15/18,1150,0.8956787196924757
15/18,1151,0.9074416138121556
15/18,1152,0.8973497060020034
15/18,1153,0.8989128688453033
15/18,1154,0.8980532314614259
15/18,1155,0.900246157437619
15/18,1156,0.9044616724781054
15/18,1157,0.9006091011985816
15/18,1158,0.8976503372972056
15/18,1159,0.9044354446750633
15/18,1160,0.8940958197993708
15/18,1161,0.9081508024023871
15/18,1162,0.9010083266938309
15/18,1163,0.8973667847925102
15/18,1164,0.9011472262087328
15/18,1165,0.9023829403075226
15/18,1166,0.8957345316045934
15/18,1167,0.9002614244322116
15/18,1168,0.907846481310066
15/18,1169,0.901158089734464
15/18,1170,0.9010519440083944
15/18,1171,0.9064325659450503
15/18,1172,0.8988682883210779
15/18,1173,0.9032920170089603
15/18,1174,0.9032434159353766
15/18,1175,0.8914673579301743
15/18,1176,0.9047629255237549
15/18,1177,0.9033964457811771
15/18,1178,0.9050517136113607
15/18,1179,0.9031986947877113
15/18,1180,0.9044858524463449
15/18,1181,0.9021066503297839
15/18,1182,0.9036564089219281
15/18,1183,0.8963520244075921
15/18,1184,0.9114928923527246
15/18,1185,0.899269782575971
15/18,1186,0.9066351043240468
15/18,1187,0.8974802277363444
15/18,1188,0.894207311974376
15/18,1189,0.8991009917625922
15/18,1190,0.9016245156307288
15/18,1191,0.9073624620342435
15/18,1192,0.8990459052215497
15/18,1193,0.9037349221077328
15/18,1194,0.9062748048259619
15/18,1195,0.899563985026997
15/18,1196,0.8997023568362145
15/18,1197,0.8977745474704041
15/18,1198,0.9039185651932127
15/18,1199,0.8987117750774438
15/18,1200,0.9038920545641029
15/18,1201,0.8939213621554192
15/18,1202,0.9021184376583895
15/18,1203,0.902604555251885
15/18,1204,0.9061274503811677
15/18,1205,0.8986550080608273
15/18,1206,0.9063051835310031
15/18,1207,0.9035265679352683
15/18,1208,0.8987322150329355
15/18,1209,0.8982195609966048
15/18,1210,0.8981050972356157
15/18,1211,0.8986760946303063
15/18,1212,0.8950341940051822
15/18,1213,0.8982206107025172
15/18,1214,0.9007080516140229
15/18,1215,0.9092428179734192
15/18,1216,0.8936167606611048
15/18,1217,0.9097453445728492
15/18,1218,0.896324996388122
15/18,1219,0.9034302159469451
15/18,1220,0.8943987822448421
15/18,1221,0.903030643161092
15/18,1222,0.9013656350900257
15/18,1223,0.8978397019871448
15/18,1224,0.8982547886084933
15/18,1225,0.9057053578209437
15/18,1226,0.8995707159546515
15/18,1227,0.9098999087618322
15/18,1228,0.9036544949817982
15/18,1229,0.8808261799484552
15/18,1230,0.9011591745895728
15/18,1231,0.8987979585970668
15/18,1232,0.8968254243134469
15/18,1233,0.8995275334595414
15/18,1234,0.9009633940100967
15/18,1235,0.9060790259591968
15/18,1236,0.8966239050419739
15/18,1237,0.8980567920198138
15/18,1238,0.9061277836110465
15/18,1239,0.9043019014533875
15/18,1240,0.9064470921787675
15/18,1241,0.8935638599420612
15/18,1242,0.9016605033732686
15/18,1243,0.8891144520913569
15/18,1244,0.9026775533517212
15/18,1245,0.8984511000325858
15/18,1246,0.9043236932661811
15/18,1247,0.8972933967999408
15/18,1248,0.904919235389134
15/18,1249,0.8989101125110697
15/18,1250,0.905205739808101
15/18,1251,0.9000307632747034
15/18,1252,0.9020731607269946
15/18,1253,0.898262508363617
15/18,1254,0.9046976276685352
15/18,1255,0.9040334789443211
15/18,1256,0.8986851602606771
15/18,1257,0.8973828072162507
15/18,1258,0.8993361855316836
15/18,1259,0.8925965098404925
15/18,1260,0.8995516751631454
15/18,1261,0.8990549337304079
15/18,1262,0.9039360478706543
15/18,1263,0.9018504932046724
15/18,1264,0.887055949207023
15/18,1265,0.9018262030839447
15/18,1266,0.9030868406773455
15/18,1267,0.9011313876205788
15/18,1268,0.8993651579245078
15/18,1269,0.8970668894560577
15/18,1270,0.8971764369646311
15/18,1271,0.8989748367446305
15/18,1272,0.8946628244281155
15/18,1273,0.8995823126995052
15/18,1274,0.8938500015229096
15/18,1275,0.9017443468630704
15/18,1276,0.899411843914148
15/18,1277,0.8989449641203039
15/18,1278,0.8990849494005687
15/18,1279,0.894974428516984
15/18,1280,0.8934846904699969
15/18,1281,0.9019856395609671
15/18,1282,0.9047151523901654
15/18,1283,0.8958994293418227
15/18,1284,0.904603203491738
15/18,1285,0.9024779378056618
15/18,1286,0.8959269800341007
15/18,1287,0.8926259876426454
15/18,1288,0.9073248010123794
15/18,1289,0.8981870205224461
15/18,1290,0.9015470997801388
15/18,1291,0.9038039703147548
15/18,1292,0.9027251780032574
15/18,1293,0.8957642586109381
15/18,1294,0.9023808107110927
15/18,1295,0.888634855345004
15/18,1296,0.8966398938394304
15/18,1297,0.9022310210912378
15/18,1298,0.8983953073578616
15/18,1299,0.903576220374624
15/18,1300,0.8971585975425134
15/18,1301,0.9059250242701609
15/18,1302,0.8997283333757728
15/18,1303,0.8986399640571909
15/18,1304,0.891482087905958
15/18,1305,0.8965842210299837
15/18,1306,0.9014986760104794
15/18,1307,0.9039263400942271
15/18,1308,0.9007178323313532
15/18,1309,0.8939652499604948
15/18,1310,0.8982725141773155
15/18,1311,0.9003217858567071
15/18,1312,0.9050281083767633
15/18,1313,0.9074525094689548
15/18,1314,0.8997867578827371
15/18,1315,0.901071003090833
15/18,1316,0.9047878376589922
15/18,1317,0.8908852851509229
15/18,1318,0.9029655587245834
15/18,1319,0.9009199734925997
15/18,1320,0.8994502666834677
15/18,1321,0.8985572896017493
15/18,1322,0.9032887564443159
15/18,1323,0.8996617397689094
15/18,1324,0.9051455394057479
15/18,1325,0.8886986314333611
15/18,1326,0.9001884624396974
15/18,1327,0.8950675371188798
15/18,1328,0.8971418536282213
15/18,1329,0.901832115252303
15/18,1330,0.9016765329288569
15/18,1331,0.9066484128911992
15/18,1332,0.9002856570569165
15/18,1333,0.884470080968277
15/18,1334,0.9072004951812135
15/18,1335,0.9021744771071457
15/18,1336,0.9006975512007405
15/18,1337,0.9019816813726181
15/18,1338,0.9016462106485376
15/18,1339,0.900853797497424
15/18,1340,0.8978693756706418
15/18,1341,0.8954567826768579
15/18,1342,0.9033084997828846
15/18,1343,0.900304602477255
15/18,1344,0.8993550868293947
15/18,1345,0.8968425487775776
15/18,1346,0.8926807710714896
15/18,1347,0.9026708522011271
15/18,1348,0.9041776096487403
15/18,1349,0.8958653371065229
15/18,1350,0.9005431561098592
15/18,1351,0.8984693213922803
15/18,1352,0.8965122853536108
15/18,1353,0.8990230534409074
15/18,1354,0.9015189032096602
15/18,1355,0.9008625797233295
15/18,1356,0.8944899902538799
15/18,1357,0.8979895513787124
15/18,1358,0.9010863641669927
15/18,1359,0.9006310968650602
15/18,1360,0.8984570541987308
15/18,1361,0.9002538836768542
15/18,1362,0.9066961765836046
15/18,1363,0.8955953331245688
15/18,1364,0.8973377056791002
15/18,1365,0.9016445729107645
15/18,1366,0.9013357519970643
15/18,1367,0.9027820028326117
15/18,1368,0.8946416332456215
15/18,1369,0.8992381580264801
15/18,1370,0.8961510336509461
15/18,1371,0.8981149226392686
15/18,1372,0.8970144256081298
15/18,1373,0.898285860914843
15/18,1374,0.8998476233887458
15/18,1375,0.8879359531270824
15/18,1376,0.8984355741859581
15/18,1377,0.9030670603067975
15/18,1378,0.8975431510078817
15/18,1379,0.9025982005134593
15/18,1380,0.8994363173437369
15/18,1381,0.8987003022693933
15/18,1382,0.8971982425908138
15/18,1383,0.8972277265536701
15/18,1384,0.9043737052972023
15/18,1385,0.9051260453662408
15/18,1386,0.9083521098191848
15/18,1387,0.9015044990982681
15/18,1388,0.8984864979997529
15/18,1389,0.8963023566690306
15/18,1390,0.8987437801696362
15/18,1391,0.8951428399089337
15/18,1392,0.8955275060534411
15/18,1393,0.8921109957921983
15/18,1394,0.8997511698343282
15/18,1395,0.898471943254124
15/18,1396,0.9005073394489851
15/18,1397,0.8899015387524981
15/18,1398,0.8981147681061826
15/18,1399,0.8883417078750067
15/18,1400,0.9046997156862545
15/18,1401,0.8957711650747565
15/18,1402,0.8996467804291794
15/18,1403,0.8915141749318116
15/18,1404,0.8941613171431149
15/18,1405,0.9064084867160671
15/18,1406,0.8997997847766485
15/18,1407,0.8992188421199644
15/18,1408,0.9013732800478688
15/18,1409,0.9057165439326478
15/18,1410,0.9023254889301576
15/18,1411,0.9017974234605692
15/18,1412,0.8998886427466245
15/18,1413,0.904215974500249
15/18,1414,0.8983364068623805
15/18,1415,0.8991604331533196
15/18,1416,0.8999289892331536
15/18,1417,0.898151954787539
15/18,1418,0.8969096744753764
15/18,1419,0.8960720384922405
15/18,1420,0.9048987401961043
15/18,1421,0.8883076423348721
15/18,1422,0.9010812374081466
15/18,1423,0.8980104079075452
15/18,1424,0.8982596739636044
15/18,1425,0.9026264650128324
15/18,1426,0.8971118511059031
15/18,1427,0.8889411222856495
15/18,1428,0.8929267668638106
15/18,1429,0.9036150918395822
15/18,1430,0.9002691972300154
15/18,1431,0.8949026145398615
15/18,1432,0.9002513175133569
15/18,1433,0.9033488053989288
15/18,1434,0.8959879693531428
15/18,1435,0.8981654514488538
15/18,1436,0.8978258590485085
15/18,1437,0.9003074647743746
15/18,1438,0.897031335089911
15/18,1439,0.8934895433421838
15/18,1440,0.8910267549904407
15/18,1441,0.9007120517710292
15/18,1442,0.9004738351358915
15/18,1443,0.9012472326773929
15/18,1444,0.9024984253588225
15/18,1445,0.9027227521800083
15/18,1446,0.9056695594057025
15/18,1447,0.9014229444289033
15/18,1448,0.8976125839401854
15/18,1449,0.9016841444741799
15/18,1450,0.8940125179374371
15/18,1451,0.8981658010196386
15/18,1452,0.9007982968502903
15/18,1453,0.9038802597896382
15/18,1454,0.8975524022457567
15/18,1455,0.9013208658622335
15/18,1456,0.9051421060582392
15/18,1457,0.9027332535002175
15/18,1458,0.9074013935350336
15/18,1459,0.9031048179916655
15/18,1460,0.8979844964459491
15/18,1461,0.8994111187376855
15/18,1462,0.8947537670855366
15/18,1463,0.8980656188098414
15/18,1464,0.899611050393288
15/18,1465,0.8987753704540065
15/18,1466,0.899619679772964
15/18,1467,0.9019919808806997
15/18,1468,0.896446094764226
15/18,1469,0.889526373449947
15/18,1470,0.8961723053356412
15/18,1471,0.8897691851211651
15/18,1472,0.903673764212448
15/18,1473,0.8982213907356185
15/18,1474,0.9021777488376703
15/18,1475,0.8968379618538395
15/18,1476,0.9057960769146951
15/18,1477,0.8971970027413909
15/18,1478,0.8987643921180299
15/18,1479,0.8983073771423319
15/18,1480,0.9070457797371156
15/18,1481,0.8981379124244578
15/18,1482,0.903919023602226
15/18,1483,0.9024584425635792
15/18,1484,0.9067767849982578
15/18,1485,0.8980646976250176
15/18,1486,0.8948783536231949
15/18,1487,0.8917893939028071
15/18,1488,0.8988465649525447
15/18,1489,0.8976944269044342
15/18,1490,0.8985310568600906
15/18,1491,0.9069050065470418
15/18,1492,0.9005958184568114
15/18,1493,0.906162972782081
15/18,1494,0.8974632627151558
15/18,1495,0.9048684934807069
15/18,1496,0.9040586398341168
15/18,1497,0.8972837487769241
15/18,1498,0.8926440785909192
15/18,1499,0.9079699124862389
15/18,1500,0.9056637794568203
15/18,1501,0.8967228076515918
15/18,1502,0.9060473049952726
15/18,1503,0.9027621893134744
15/18,1504,0.8990286430524494
15/18,1505,0.8903278207532342
15/18,1506,0.8992257525425518
15/18,1507,0.895463585249153
15/18,1508,0.8989593605445161
15/18,1509,0.8948200178691708
15/18,1510,0.9045971195704239
15/18,1511,0.9024658621892142
15/18,1512,0.9008260761985892
15/18,1513,0.8998064455375754
15/18,1514,0.8966471504681885
15/18,1515,0.9066485883818467
15/18,1516,0.9024920358804777
15/18,1517,0.8923883862125157
15/18,1518,0.8992191388367995
15/18,1519,0.8973247855221554
15/18,1520,0.9046439829034324
15/18,1521,0.8978807721826265
15/18,1522,0.9048511077886796
15/18,1523,0.8891223368626717
15/18,1524,0.9003468834414663
15/18,1525,0.901723412265709
15/18,1526,0.8959240766773882
15/18,1527,0.8928270554866043
15/18,1528,0.9024979683274936
15/18,1529,0.8944990368757357
15/18,1530,0.8954341338123133
15/18,1531,0.9010984325144481
15/18,1532,0.8972019405178864
15/18,1533,0.9046508380678251
15/18,1534,0.8989891542673105
15/18,1535,0.9137841319108548
15/18,1536,0.8961782540097897
15/18,1537,0.9063223773658838
15/18,1538,0.9047781220126226
15/18,1539,0.9048441237291933
15/18,1540,0.9119739655563903
15/18,1541,0.904673647208078
15/18,1542,0.9079358706261274
15/18,1543,0.9047222979664027
15/18,1544,0.8997842487960063
15/18,1545,0.906630251889188
15/18,1546,0.8972805903512143
15/18,1547,0.8879478810861839
15/18,1548,0.9087638102354034
15/18,1549,0.8969872060053014
15/18,1550,0.9093365779936755
15/18,1551,0.9042099496429834
15/18,1552,0.90002274119483
15/18,1553,0.8987441808580989
15/18,1554,0.9073427133826588
15/18,1555,0.8968912228151218
15/18,1556,0.8986168055930861
15/18,1557,0.8945450658123437
15/18,1558,0.9052901282279177
15/18,1559,0.8960925063454119
15/18,1560,0.8969144169904161
15/18,1561,0.9037522433759726
15/18,1562,0.8985703648747371
15/18,1563,0.8999476808641157
15/18,1564,0.8974623149350522
15/18,1565,0.8970883329745826
15/18,1566,0.9061141559897334
15/18,1567,0.8987300858019696
15/18,1568,0.9013376862004584
15/18,1569,0.9063697487329797
15/18,1570,0.9056848075171087
15/18,1571,0.9026622070377394
15/18,1572,0.898376649751644
15/18,1573,0.9085097383841262
15/18,1574,0.8992106658807247
15/18,1575,0.8970306615951076
15/18,1576,0.9036063300103618
15/18,1577,0.9053962231861898
15/18,1578,0.894510886551451
15/18,1579,0.8965965817457282
15/18,1580,0.9089024493104525
15/18,1581,0.9008604512873364
15/18,1582,0.897662436788789
15/18,1583,0.9057294333929904
15/18,1584,0.9042853248436771
15/18,1585,0.9009851710335824
15/18,1586,0.8915523266552544
15/18,1587,0.9016368254200003
15/18,1588,0.893883866436461
15/18,1589,0.903662296418015
15/18,1590,0.8970732516823006
15/18,1591,0.8911443986148513
15/18,1592,0.901577931368401
15/18,1593,0.9057278787684532
15/18,1594,0.9030443892013249
15/18,1595,0.899749039885408
15/18,1596,0.898430829863605
15/18,1597,0.9051245641342225
15/18,1598,0.9015525760896378
15/18,1599,0.8939824741836043
15/18,1600,0.9030572398789982
15/18,1601,0.9009757075663707
15/18,1602,0.8945325345325175
15/18,1603,0.8995162632356754
15/18,1604,0.896187615220634
15/18,1605,0.8959852878947562
15/18,1606,0.8989604172071896
15/18,1607,0.9037968131345842
15/18,1608,0.9011174355933722
15/18,1609,0.9030867048543757
15/18,1610,0.9009564390774271
15/18,1611,0.9030836346063007
15/18,1612,0.8953515077079164
15/18,1613,0.9041245732953581
15/18,1614,0.8987444280632484
15/18,1615,0.8993889654667283
15/18,1616,0.907779118747019
15/18,1617,0.9024370928983325
15/18,1618,0.9054225519337161
15/18,1619,0.8914177566943928
15/18,1620,0.9029652134175692
15/18,1621,0.9000208765497283
15/18,1622,0.9043745452358399
15/18,1623,0.8949880828208338
15/18,1624,0.8950468284389747
15/18,1625,0.9042091943702312
15/18,1626,0.8987983696908864
15/18,1627,0.8958190248840981
15/18,1628,0.8968977892843738
15/18,1629,0.9051528554093173
15/18,1630,0.8984353633673154
15/18,1631,0.9044801130624379
15/18,1632,0.9027848385937006
15/18,1633,0.8984582118836189
15/18,1634,0.8989934527875795
15/18,1635,0.8943174726073491
15/18,1636,0.8980335441154444
15/18,1637,0.900955218717923
15/18,1638,0.9012359105571078
15/18,1639,0.9073226824769206
15/18,1640,0.9021788162822583
15/18,1641,0.8979344565230333
15/18,1642,0.8966716289673696
15/18,1643,0.8941757175795626
15/18,1644,0.8984229142764196
15/18,1645,0.911823208493801
15/18,1646,0.9084679171131204
15/18,1647,0.9015527663980727
15/18,1648,0.9060953319958363
15/18,1649,0.903488887701119
15/18,1650,0.8953079240325841
15/18,1651,0.9051749101801974
15/18,1652,0.8984284965908601
15/18,1653,0.8946609412776694
15/18,1654,0.90083127515053
15/18,1655,0.9065183404418393
15/18,1656,0.9009370902172662
15/18,1657,0.8997606167763061
15/18,1658,0.897877072714252
15/18,1659,0.9053559460521023
15/18,1660,0.8921866699153731
15/18,1661,0.8976489280252978
15/18,1662,0.9023925376691176
15/18,1663,0.8996805039740736
15/18,1664,0.9007249579411762
15/18,1665,0.8964966788149749
15/18,1666,0.9022819047133034
15/18,1667,0.8994905347057619
15/18,1668,0.9046969941109528
15/18,1669,0.8961528478788817
15/18,1670,0.901087839193143
15/18,1671,0.8967748185488591
15/18,1672,0.8932297700489794
15/18,1673,0.8962231924734664
15/18,1674,0.8942998525906187
15/18,1675,0.8977513448235164
15/18,1676,0.9068283629364365
15/18,1677,0.9013092434491919
15/18,1678,0.8947722080806767
15/18,1679,0.9018307622792056
15/18,1680,0.891708422970094
15/18,1681,0.9018292624594503
15/18,1682,0.895096821454156
15/18,1683,0.9006766965010992
15/18,1684,0.9008301078905805
15/18,1685,0.8914620264094248
15/18,1686,0.9053211488155056
15/18,1687,0.9043664820054993
15/18,1688,0.8986733097514148
15/18,1689,0.9075805530271807
15/18,1690,0.9035080444546006
15/18,1691,0.9041949908515452
15/18,1692,0.8959534784910852
15/18,1693,0.898540966686726
15/18,1694,0.8981445216609089
15/18,1695,0.895448489656121
15/18,1696,0.9015637846948306
15/18,1697,0.8918003818728895
15/18,1698,0.8991362175209041
15/18,1699,0.9012825263803323
15/18,1700,0.8904085452313678
15/18,1701,0.9049548620207537
15/18,1702,0.902360536520968
15/18,1703,0.8991435753097776
15/18,1704,0.9048550822780935
15/18,1705,0.897899657831652
15/18,1706,0.9067297810999517
15/18,1707,0.9003800433940419
15/18,1708,0.8999749104097354
15/18,1709,0.9016192262454129
15/18,1710,0.9057520664661081
15/18,1711,0.9041475489571265
15/18,1712,0.9031275876396104
15/18,1713,0.9059498812026303
15/18,1714,0.9066339590753626
15/18,1715,0.9057423794293331
15/18,1716,0.8986953269128058
15/18,1717,0.9021529491020364
15/18,1718,0.9027460411118406
15/18,1719,0.8968667184090292
15/18,1720,0.8943332256167207
15/18,1721,0.8964350945212152
15/18,1722,0.901090915624714
15/18,1723,0.8951896238791349
15/18,1724,0.8976063043156101
15/18,1725,0.9049830455636354
15/18,1726,0.901416465972503
15/18,1727,0.8972888179277227
15/18,1728,0.8993079419506241
15/18,1729,0.9013375315597967
15/18,1730,0.8927989308860147
15/18,1731,0.8942452809803623
15/18,1732,0.8940954827197793
15/18,1733,0.9012635423888524
15/18,1734,0.9015066904513238
15/18,1735,0.9018273851397177
15/18,1736,0.888801764219264
15/18,1737,0.894692143207886
15/18,1738,0.905553688157938
15/18,1739,0.8943429639515939
15/18,1740,0.895735357214418
15/18,1741,0.897634431963628
15/18,1742,0.9044841805840419
15/18,1743,0.8939078548293711
15/18,1744,0.9000132271055397
15/18,1745,0.8991529684667681
15/18,1746,0.9114951313130624
15/18,1747,0.8979331619301965
15/18,1748,0.898663894476981
15/18,1749,0.895845267158965
15/18,1750,0.898770106420709
15/18,1751,0.8999424701212745
15/18,1752,0.8905869118081435
15/18,1753,0.9012134921053196
15/18,1754,0.8950700239794863
15/18,1755,0.8958828845882407
15/18,1756,0.9034013177931024
15/18,1757,0.8999147967819795
15/18,1758,0.8974822116043617
15/18,1759,0.8974578005784819
15/18,1760,0.8960222913955178
15/18,1761,0.8973125426119322
15/18,1762,0.9027767756446745
15/18,1763,0.9003155407359259
15/18,1764,0.9019456246587562
15/18,1765,0.8984149245119464
15/18,1766,0.9046715836400737
15/18,1767,0.9108268667627618
15/18,1768,0.9012359808068712
15/18,1769,0.8972164558282374
15/18,1770,0.9009619715739475
15/18,1771,0.8961091503427838
15/18,1772,0.8915222499096992
15/18,1773,0.9006933692382453
15/18,1774,0.8982569453611751
15/18,1775,0.9029067409875982
15/18,1776,0.9016030527801411
15/18,1777,0.8965432470603435
15/18,1778,0.8953584512128021
15/18,1779,0.9042309753965219
15/18,1780,0.8925983514822163
15/18,1781,0.8974178570553242
15/18,1782,0.9008503484406775
15/18,1783,0.8907033545970919
15/18,1784,0.9054180804552113
15/18,1785,0.9056037316142289
15/18,1786,0.8980584498214562
15/18,1787,0.9005145196832407
15/18,1788,0.8930664407685565
15/18,1789,0.8914574191282351
15/18,1790,0.9111051517492885
15/18,1791,0.9013690991026083
15/18,1792,0.9040466045192324
15/18,1793,0.9025731174947866
15/18,1794,0.9031624811489622
15/18,1795,0.9039119557680819
15/18,1796,0.8989757396091947
15/18,1797,0.8991507082372729
15/18,1798,0.9017341546812843
15/18,1799,0.8978269166356315
15/18,1800,0.8960201832311112
15/18,1801,0.8985655829009997
15/18,1802,0.9037832322847296
15/18,1803,0.8983816125158915
15/18,1804,0.9006557294769928
15/18,1805,0.8918105274624569
15/18,1806,0.8942754663878419
15/18,1807,0.8981970802847524
15/18,1808,0.9024752148358917
15/18,1809,0.8903744079449426
15/18,1810,0.8968357536143199
15/18,1811,0.9056583035645924
15/18,1812,0.9048746221526791
15/18,1813,0.9078288945977633
15/18,1814,0.8945834516364553
15/18,1815,0.9079111579238311
15/18,1816,0.8986797528483721
15/18,1817,0.8985332865150165
15/18,1818,0.8964164746838656
15/18,1819,0.8973613457175629
15/18,1820,0.8994376309658305
15/18,1821,0.8994441826561071
15/18,1822,0.9028451173402477
15/18,1823,0.8972856967456653
15/18,1824,0.8967252632550601
15/18,1825,0.9006594810727307
15/18,1826,0.900736555142567
15/18,1827,0.9029491414063752
15/18,1828,0.9003770554547661
15/18,1829,0.9023229308829539
15/18,1830,0.8951763168237583
15/18,1831,0.9011908307199187
15/18,1832,0.9049203947612404
15/18,1833,0.9004078343365314
15/18,1834,0.897435063109779
15/18,1835,0.8981659725635616
15/18,1836,0.9020238835619173
15/18,1837,0.8987061148250794
15/18,1838,0.8917661249309289
15/18,1839,0.8913485274789442
15/18,1840,0.8963355782319887
15/18,1841,0.8970338769340324
15/18,1842,0.8981319543449131
15/18,1843,0.9029910437548127
15/18,1844,0.9008230820882019
15/18,1845,0.8969136225960647
15/18,1846,0.9008988913456206
15/18,1847,0.8952158425799893
15/18,1848,0.9035499273634612
15/18,1849,0.9012232074808104
15/18,1850,0.9002036020927561
15/18,1851,0.9064027365646359
15/18,1852,0.8855353314735731
15/18,1853,0.8990559504313802
15/18,1854,0.9056358548629357
15/18,1855,0.9035383867383161
15/18,1856,0.9036742925265471
15/18,1857,0.9004273545896336
15/18,1858,0.9045036026188382
15/18,1859,0.9025788750736997
15/18,1860,0.8998214051185738
15/18,1861,0.899656618987829
15/18,1862,0.9006858222488521
15/18,1863,0.9063453208733454
15/18,1864,0.8921991377699544
15/18,1865,0.9068440571468924
15/18,1866,0.9057438831217817
15/18,1867,0.8949787597157063
15/18,1868,0.8957465518965291
15/18,1869,0.9011322902828469
15/18,1870,0.9020059433384112
15/18,1871,0.8943863080116256
15/18,1872,0.8920792433738901
15/18,1873,0.8971643982054973
15/18,1874,0.8953048967768111
15/18,1875,0.9044386192523005
15/18,1876,0.8978309404494851
15/18,1877,0.9035893944874077
15/18,1878,0.9077740653067121
15/18,1879,0.9013320805170031
15/18,1880,0.8927247024668777
15/18,1881,0.903340471202666
15/18,1882,0.9014842407314141
15/18,1883,0.9016768214087567
15/18,1884,0.9016856693045138
15/18,1885,0.900455025303321
15/18,1886,0.8980666128872197
15/18,1887,0.896521218849101
15/18,1888,0.9019137612665238
15/18,1889,0.909104306905653
15/18,1890,0.9015111171516932
15/18,1891,0.9064811573073264
15/18,1892,0.8987359150737729
15/18,1893,0.8941283398722784
15/18,1894,0.9028698627482388
15/18,1895,0.8956577477522173
15/18,1896,0.8880125422010786
15/18,1897,0.9023387337602449
15/18,1898,0.8954699013611443
15/18,1899,0.8975238062259157
15/18,1900,0.897210178296121
15/18,1901,0.9081773042515856
15/18,1902,0.9027068347923786
15/18,1903,0.904856829223453
15/18,1904,0.9029628942880187
15/18,1905,0.8980732314947
15/18,1906,0.9030908274635351
15/18,1907,0.8982956811444796
15/18,1908,0.8950898411792262
15/18,1909,0.9004968894716209
15/18,1910,0.9037387963677411
15/18,1911,0.9001134726929334
15/18,1912,0.8900573841402369
15/18,1913,0.8954166022256455
15/18,1914,0.901186792089397
15/18,1915,0.8942905876186295
15/18,1916,0.8981083930144951
15/18,1917,0.9037512082976387
15/18,1918,0.8975381785171415
15/18,1919,0.9057665128663008
15/18,1920,0.894711052442793
15/18,1921,0.9011310014633601
15/18,1922,0.8936658314698924
15/18,1923,0.8988919129187906
15/18,1924,0.896701874757449
15/18,1925,0.899973273425587
15/18,1926,0.8921881938002676
15/18,1927,0.8980156192869019
15/18,1928,0.9038488570885083
15/18,1929,0.9016729857484784
15/18,1930,0.9024803930125992
15/18,1931,0.8891863528262518
15/18,1932,0.9001519188161297
15/18,1933,0.901575010906536
15/18,1934,0.887670464811906
15/18,1935,0.9009757002254788
15/18,1936,0.9052030399269464
15/18,1937,0.9056176956569344
15/18,1938,0.8927549518793546
15/18,1939,0.9012410233726091
15/18,1940,0.8987800988093959
15/18,1941,0.8999797416049828
15/18,1942,0.9016912622304917
15/18,1943,0.9036045586814249
15/18,1944,0.8972915430276421
15/18,1945,0.899750067688715
15/18,1946,0.8997745797855646
15/18,1947,0.9053314350004711
15/18,1948,0.8945508065806217
15/18,1949,0.9036952807887252
15/18,1950,0.8974462354549525
15/18,1951,0.9025229791373772
15/18,1952,0.901620836777452
15/18,1953,0.9030346471201682
15/18,1954,0.89802614912989
15/18,1955,0.9046018032652454
15/18,1956,0.9063992240986922
15/18,1957,0.9027347880634055
15/18,1958,0.9043082576854635
15/18,1959,0.8894672224485826
15/18,1960,0.9003835249373879
15/18,1961,0.9059465300022218
15/18,1962,0.9012218249462592
15/18,1963,0.9052820191575359
15/18,1964,0.9009012119030652
15/18,1965,0.8961730120629376
15/18,1966,0.8914589803426295
15/18,1967,0.8998526193597779
15/18,1968,0.9003938369194143
15/18,1969,0.8981060923850591
15/18,1970,0.9021998911969645
15/18,1971,0.8961812266065642
15/18,1972,0.8942134712913911
15/18,1973,0.9059915357763385
15/18,1974,0.895624833359773
15/18,1975,0.8999467468021147
15/18,1976,0.9063664527195461
15/18,1977,0.9006298576658
15/18,1978,0.8971818168307857
15/18,1979,0.89463296185945
15/18,1980,0.9010920275015795
15/18,1981,0.8989891304620243
15/18,1982,0.8954439682547706
15/18,1983,0.9023147303784295
15/18,1984,0.9025727963753474
15/18,1985,0.8984951429098085
15/18,1986,0.9009775101393185
15/18,1987,0.8936512657493357
15/18,1988,0.9084740439559986
15/18,1989,0.9025268861510536
15/18,1990,0.8959390745834
15/18,1991,0.8960816184826803
15/18,1992,0.903405623469706
15/18,1993,0.89642375528898
15/18,1994,0.8968978261173585
15/18,1995,0.9010774097010782
15/18,1996,0.900310757652481
15/18,1997,0.9052344153086261
15/18,1998,0.8976555169948401
15/18,1999,0.9083200739285882
15/18,2000,0.9009759425698717
15/18,2001,0.8984680196880394
15/18,2002,0.905703135678805
15/18,2003,0.8980498718658719
15/18,2004,0.9035682355528081
15/18,2005,0.9025377832377129
15/18,2006,0.9066446694086105
15/18,2007,0.9014369274354183
15/18,2008,0.9011971896207098
15/18,2009,0.9010325374333598
15/18,2010,0.9007394560531203
15/18,2011,0.8944412115572726
15/18,2012,0.8997932299011673
15/18,2013,0.8958290615589046
15/18,2014,0.8982063597639024
15/18,2015,0.899825798058163
15/18,2016,0.9035443996069302
15/18,2017,0.8959067938241785
15/18,2018,0.8960635623074232
15/18,2019,0.897680838827369
15/18,2020,0.8994507712032618
15/18,2021,0.9011138463331116
15/18,2022,0.9001351307383302
15/18,2023,0.899608786207611
15/18,2024,0.8894196507593267
15/18,2025,0.901893886638082
15/18,2026,0.8999729292185529
15/18,2027,0.9063226445729055
15/18,2028,0.8985310319243482
15/18,2029,0.8956993355799846
15/18,2030,0.8969815889598397
15/18,2031,0.9050754155879465
15/18,2032,0.9001854332555188
15/18,2033,0.9057864457802649
15/18,2034,0.9050005670434693
15/18,2035,0.896009802349185
15/18,2036,0.899887978238039
15/18,2037,0.8999074575173891
15/18,2038,0.8986203512828618
15/18,2039,0.9035306543809261
15/18,2040,0.8936439285679191
15/18,2041,0.8961004484263566
15/18,2042,0.896172247787502
15/18,2043,0.893357819343322
15/18,2044,0.8998835732684842
15/18,2045,0.8968825929827399
15/18,2046,0.8942923163450582
15/18,2047,0.9019902990006802
15/18,2048,0.8907630399747174
15/18,2049,0.9072342849232174
15/18,2050,0.9041605365455181
15/18,2051,0.9046473866241315
15/18,2052,0.8972289128129569
15/18,2053,0.9012789927172294
15/18,2054,0.8972398800713167
15/18,2055,0.9103442824956535
15/18,2056,0.894763751007841
15/18,2057,0.8930465984831821
15/18,2058,0.9078324833155152
15/18,2059,0.8968645351631327
15/18,2060,0.9042237709180045
15/18,2061,0.8911121390183542
15/18,2062,0.8998440340447632
15/18,2063,0.8973038309314263
15/18,2064,0.9008297686225741
15/18,2065,0.8990981711936266
15/18,2066,0.9023099394509688
15/18,2067,0.9010289580742601
15/18,2068,0.9042068272790388
15/18,2069,0.9021625372177111
15/18,2070,0.8978616669177818
15/18,2071,0.8994927108005122
15/18,2072,0.9024185266534471
15/18,2073,0.9050454541255836
15/18,2074,0.900085419206842
15/18,2075,0.8984756742842485
15/18,2076,0.8918567486740199
15/18,2077,0.8983156650083588
15/18,2078,0.9001082077367606
15/18,2079,0.9005797539706196
15/18,2080,0.9046227818993964
15/18,2081,0.9003906074615378
15/18,2082,0.8964787444476615
15/18,2083,0.9066917386958997
15/18,2084,0.8994122019188213
15/18,2085,0.9004390002300138
15/18,2086,0.8954161608473716
15/18,2087,0.8967724259087476
15/18,2088,0.900936347842927
15/18,2089,0.9019318417235762
15/18,2090,0.8918603627134093
15/18,2091,0.8892471067076038
15/18,2092,0.9008099409375573
15/18,2093,0.8926766468303907
15/18,2094,0.9059459224519731
15/18,2095,0.8991765729927378
15/18,2096,0.8969549075378941
15/18,2097,0.9049102366685307
15/18,2098,0.9053407815620439
15/18,2099,0.9022190063166671
15/18,2100,0.90872886903717
15/18,2101,0.9024525706113397
15/18,2102,0.9034905760041392
15/18,2103,0.8865328469446877
15/18,2104,0.8977710822846867
15/18,2105,0.9027950266319058
15/18,2106,0.8993827306565196
15/18,2107,0.8955184949829061
15/18,2108,0.8918918481878239
15/18,2109,0.8956180806403542
15/18,2110,0.9009720575063351
15/18,2111,0.9071002642324272
15/18,2112,0.8962252664703101
15/18,2113,0.8978026562207289
15/18,2114,0.8962848140191192
15/18,2115,0.9042951514535285
15/18,2116,0.8992842880228606
15/18,2117,0.8994320661926013
15/18,2118,0.9008343400270988
15/18,2119,0.9041810783961031
15/18,2120,0.8984617173145077
15/18,2121,0.8982357954020753
15/18,2122,0.9038910756134225
15/18,2123,0.9037561156223067
15/18,2124,0.9020363939540289
15/18,2125,0.9021975471541813
15/18,2126,0.898752158294356
15/18,2127,0.899022065245833
15/18,2128,0.8956455129141091
15/18,2129,0.9052264814711188
15/18,2130,0.9029672252497724
15/18,2131,0.8974009102398682
15/18,2132,0.895028318341494
15/18,2133,0.8821378426522325
15/18,2134,0.9043015685314552
15/18,2135,0.9020591435478266
15/18,2136,0.8943614828696062
15/18,2137,0.8941389549429529
15/18,2138,0.9050031646272111
15/18,2139,0.8977847628814214
15/18,2140,0.9008277162452998
15/18,2141,0.9032949392241024
15/18,2142,0.8926812697831735
15/18,2143,0.8934295834739274
15/18,2144,0.8920703597694665
15/18,2145,0.8987336010800905
15/18,2146,0.8953490258185691
15/18,2147,0.8954240803124409
15/18,2148,0.8957122261534137
15/18,2149,0.9025250201727322
15/18,2150,0.8907587092589978
15/18,2151,0.9021947623513153
15/18,2152,0.898796468725885
15/18,2153,0.9027117933416455
15/18,2154,0.8989590466839181
15/18,2155,0.8992223879740632
15/18,2156,0.900568330672054
15/18,2157,0.8978782960549592
15/18,2158,0.8967167258645792
15/18,2159,0.901991724122712
15/18,2160,0.8940619797293952
15/18,2161,0.8924385550295206
15/18,2162,0.900303534139133
15/18,2163,0.8969714544377454
15/18,2164,0.8956925292260371
15/18,2165,0.8979289414887413
15/18,2166,0.90643024123059
15/18,2167,0.8917954383915114
15/18,2168,0.8925546355198694
15/18,2169,0.8989969029037745
15/18,2170,0.8932878903257331
15/18,2171,0.8981352987009678
15/18,2172,0.902148637210715
15/18,2173,0.902910003828389
15/18,2174,0.8993078705680779
15/18,2175,0.9028988662657599
15/18,2176,0.8929297667427029
15/18,2177,0.9024270880296902
15/18,2178,0.9039768308388795
15/18,2179,0.9015166723004802
15/18,2180,0.9038863822872458
15/18,2181,0.902474090274305
15/18,2182,0.9020044526405212
15/18,2183,0.8917951285769691
15/18,2184,0.90313656029873
15/18,2185,0.8947841949193248
15/18,2186,0.9083415723165399
15/18,2187,0.8966061532070662
15/18,2188,0.9007814976488109
15/18,2189,0.8972660586010359
15/18,2190,0.8971709440298513
15/18,2191,0.8947251940974476
15/18,2192,0.899680183380947
15/18,2193,0.9047401489460932
15/18,2194,0.8983374203305747
15/18,2195,0.9024950059169855
15/18,2196,0.905927935554305
15/18,2197,0.9017616721749768
15/18,2198,0.8992206864883343
15/18,2199,0.9019261163403584
15/18,2200,0.8997710697561853
15/18,2201,0.9036864551762201
15/18,2202,0.9024379760526386
15/18,2203,0.9074950713277077
15/18,2204,0.9016681145444637
15/18,2205,0.9007312150047666
15/18,2206,0.8997050099945834
15/18,2207,0.9027111088178161
15/18,2208,0.9007615691520697
15/18,2209,0.9034481372157572
15/18,2210,0.9033734970469138
15/18,2211,0.9040504621859343
15/18,2212,0.905305099879317
15/18,2213,0.9041949111357931
15/18,2214,0.9009131595350286
15/18,2215,0.9001151190091096
15/18,2216,0.8937788570067418
15/18,2217,0.9051850146102641
15/18,2218,0.8999090293854421
15/18,2219,0.8927771906085857
15/18,2220,0.8995193178920382
15/18,2221,0.9060387247228291
15/18,2222,0.9023439512877105
15/18,2223,0.8973245453318501
15/18,2224,0.8910286701069321
15/18,2225,0.9035654510320809
15/18,2226,0.8971188204478412
15/18,2227,0.8970252516066187
15/18,2228,0.8932698535452979
15/18,2229,0.9041253033875859
15/18,2230,0.9003904328107554
15/18,2231,0.9040952454297206
15/18,2232,0.8931530457104053
15/18,2233,0.9010583331343972
15/18,2234,0.9073293531582538
15/18,2235,0.898047422885523
15/18,2236,0.8931934530014736
15/18,2237,0.9009206798642899
15/18,2238,0.9059918782974986
15/18,2239,0.9001926123952882
15/18,2240,0.9029951114628254
15/18,2241,0.8970733766295106
15/18,2242,0.8977700592396473
15/18,2243,0.9009264775710751
15/18,2244,0.9000488252898812
15/18,2245,0.9021296105221038
15/18,2246,0.894777478207044
15/18,2247,0.8970507755563951
15/18,2248,0.8994888558284436
15/18,2249,0.9040695359416205
15/18,2250,0.8905081407379619
15/18,2251,0.8975573296406171
15/18,2252,0.9023563199265087
15/18,2253,0.8932148064968686
15/18,2254,0.9029751109423225
15/18,2255,0.9007476075038144
15/18,2256,0.9004669256049211
15/18,2257,0.8954434225783507
15/18,2258,0.8975714337413463
15/18,2259,0.897268703062081
15/18,2260,0.8955527821863853
15/18,2261,0.9020281546388036
15/18,2262,0.9067940902740095
15/18,2263,0.8961864998838314
15/18,2264,0.8942700809100327
15/18,2265,0.8940986561131857
15/18,2266,0.9049802526107714
15/18,2267,0.9011246043694099
15/18,2268,0.895689110524335
15/18,2269,0.8973271021625018
15/18,2270,0.9034703521047633
15/18,2271,0.8996079901275607
15/18,2272,0.8959703973266158
15/18,2273,0.8998168498611585
15/18,2274,0.8973815265077779
15/18,2275,0.9017757727251022
15/18,2276,0.9056581501147449
15/18,2277,0.8991971142326162
15/18,2278,0.9001220284705248
15/18,2279,0.9037165998128698
15/18,2280,0.9019853784893422
15/18,2281,0.8958358584786997
15/18,2282,0.8997850962166477
15/18,2283,0.9066167014680248
15/18,2284,0.9008263358269782
15/18,2285,0.895034221957076
15/18,2286,0.9055255992012894
15/18,2287,0.894213730217983
15/18,2288,0.8952716604104796
15/18,2289,0.9013440232796482
15/18,2290,0.9038074674541196
15/18,2291,0.9009876639166915
15/18,2292,0.8970888854258052
15/18,2293,0.9056485772271602
15/18,2294,0.8928272576726483
15/18,2295,0.8942641007188202
15/18,2296,0.9016085307354051
15/18,2297,0.8951036200866749
15/18,2298,0.8980028556979088
15/18,2299,0.8957151863486701
15/18,2300,0.8979422330744623
15/18,2301,0.8964020543884947
15/18,2302,0.8973747421133235
15/18,2303,0.9030152832446264
15/18,2304,0.8999574250295512
15/18,2305,0.8977209583712461
15/18,2306,0.9027323197328185
15/18,2307,0.8934763236644697
15/18,2308,0.9085668662087555
15/18,2309,0.8961267324771741
15/18,2310,0.8956427430954804
15/18,2311,0.9047374592765424
15/18,2312,0.896690874926995
15/18,2313,0.9012045749275751
15/18,2314,0.906385460889606
15/18,2315,0.8921700512817684
15/18,2316,0.9005357861229061
15/18,2317,0.8921638493081211
15/18,2318,0.8988200937775741
15/18,2319,0.8941882161925436
15/18,2320,0.8998135769553512
15/18,2321,0.9041005970677499
15/18,2322,0.9042277319341634
15/18,2323,0.8996483252506925
15/18,2324,0.8993151677118604
15/18,2325,0.8941459444509197
15/18,2326,0.9073788280754391
15/18,2327,0.9004546903989349
15/18,2328,0.897966880626757
15/18,2329,0.8970625123188696
15/18,2330,0.9023984540538957
15/18,2331,0.8947178658144411
15/18,2332,0.8999499923050003
15/18,2333,0.8939105062517263
15/18,2334,0.8984679464501918
15/18,2335,0.896468511178597
15/18,2336,0.9027887931008575
15/18,2337,0.8984818007511277
15/18,2338,0.9022115382967909
15/18,2339,0.9024631668418279
15/18,2340,0.9001348502278903
15/18,2341,0.9030782002171366
15/18,2342,0.9016156735630123
15/18,2343,0.8957061931310188
15/18,2344,0.8961933616116606
15/18,2345,0.9010059041102302
15/18,2346,0.8982074986782325
15/18,2347,0.9016374006548213
15/18,2348,0.9088402467132255
15/18,2349,0.9011319432668052
15/18,2350,0.9021267488651132
15/18,2351,0.8983087679774252
15/18,2352,0.9014667254321158
15/18,2353,0.8906879474185144
15/18,2354,0.8965354661903736
15/18,2355,0.8929390322698806
15/18,2356,0.9022163218952733
15/18,2357,0.8934462464227666
15/18,2358,0.895845650310433
15/18,2359,0.901391566945311
15/18,2360,0.8954407253197195
15/18,2361,0.9104243972196258
15/18,2362,0.8965448793184572
15/18,2363,0.8986621566143717
15/18,2364,0.9020148751577748
15/18,2365,0.9036595442118369
15/18,2366,0.9038018483855162
15/18,2367,0.9002810634774828
15/18,2368,0.8984944332499858
15/18,2369,0.8975789347500613
15/18,2370,0.9029628814084566
15/18,2371,0.9040348514895079
15/18,2372,0.8987246505700087
15/18,2373,0.9041718089664323
15/18,2374,0.9005504006339282
15/18,2375,0.9034704496677595
15/18,2376,0.9053089469822387
15/18,2377,0.8996135652045141
15/18,2378,0.8968620561760099
15/18,2379,0.9090177796107322
15/18,2380,0.8998873578827451
15/18,2381,0.9024956691127928
15/18,2382,0.9030322533931538
15/18,2383,0.8966862704081618
15/18,2384,0.9018458066252587
15/18,2385,0.8998914375074614
15/18,2386,0.8994430565104982
15/18,2387,0.8924823077781355
15/18,2388,0.9006587868627619
15/18,2389,0.8994650758077481
15/18,2390,0.9042870158283969
15/18,2391,0.9000409517301188
15/18,2392,0.906518772339948
15/18,2393,0.8971692182060591
15/18,2394,0.9029446346655399
15/18,2395,0.8987591643614194
15/18,2396,0.8995628098744984
15/18,2397,0.902057545071238
15/18,2398,0.9024180549531154
15/18,2399,0.9008698371490885
15/18,2400,0.8990587896745262
15/18,2401,0.9043043769607689
15/18,2402,0.892893091244387
15/18,2403,0.9047073540529267
15/18,2404,0.8953930244883843
15/18,2405,0.8953516638242051
15/18,2406,0.9017482186446844
15/18,2407,0.8973186525714414
15/18,2408,0.8947402703415277
15/18,2409,0.9000148516720988
15/18,2410,0.8991497413681155
15/18,2411,0.899870755571755
15/18,2412,0.8950210552673934
15/18,2413,0.8975692494069758
15/18,2414,0.8993964315751125
15/18,2415,0.9001354015094652
15/18,2416,0.9036237181886859
15/18,2417,0.900843549227271
15/18,2418,0.9007699429038964
15/18,2419,0.9014147944350429
15/18,2420,0.8916119498261945
15/18,2421,0.9024763177373042
15/18,2422,0.9037562422909742
15/18,2423,0.896734809438015
15/18,2424,0.8987389207341678
15/18,2425,0.8987975426035052
15/18,2426,0.9071739395356735
15/18,2427,0.8965041144245096
15/18,2428,0.9025520290738082
15/18,2429,0.9021559024443654
15/18,2430,0.8993584168533265
15/18,2431,0.8992601963347436
15/18,2432,0.8953645891088948
15/18,2433,0.8977013682978711
15/18,2434,0.8992548665984641
15/18,2435,0.9063583352410498
15/18,2436,0.8998642761453887
15/18,2437,0.900805292876093
15/18,2438,0.8974634150420298
15/18,2439,0.902347070190359
15/18,2440,0.9023056223410968
15/18,2441,0.9065470992730869
15/18,2442,0.9044094056335635
15/18,2443,0.8975328475039773
15/18,2444,0.9038684170070385
15/18,2445,0.8962772392767459
15/18,2446,0.8939713849862938
15/18,2447,0.9009751127516553
15/18,2448,0.8954956550209102
15/18,2449,0.9009919300517172
15/18,2450,0.9050754243434893
15/18,2451,0.9003334381160081
15/18,2452,0.8990930487557544
15/18,2453,0.9028820025220247
15/18,2454,0.9005834587542116
15/18,2455,0.8993100236050422
15/18,2456,0.8958138636737484
15/18,2457,0.9030856885366211
15/18,2458,0.9039587024385208
15/18,2459,0.8988383682494516
15/18,2460,0.8989253358102968
15/18,2461,0.8951824025021617
15/18,2462,0.8929606723156721
15/18,2463,0.9015838626765807
15/18,2464,0.8978554885652045
15/18,2465,0.9035554324438398
15/18,2466,0.8989232366891187
15/18,2467,0.9018882154572296
15/18,2468,0.9031984881853778
15/18,2469,0.8977325258418822
15/18,2470,0.8978383400338708
15/18,2471,0.9001863023233927
15/18,2472,0.8972299619682513
15/18,2473,0.8944543394034054
15/18,2474,0.9026042697282819
15/18,2475,0.8988197187952952
15/18,2476,0.8986768632826508
15/18,2477,0.8949209202796471
15/18,2478,0.8937658956368651
15/18,2479,0.8947759436756861
15/18,2480,0.8979629441417702
15/18,2481,0.9078017372536502
15/18,2482,0.9001180384561218
15/18,2483,0.8980671095572683
15/18,2484,0.89920991131781
15/18,2485,0.9041650918039731
15/18,2486,0.9038105091611033
15/18,2487,0.9050539162150288
15/18,2488,0.8961276483185366
15/18,2489,0.8979573536875062
15/18,2490,0.9056174451541696
15/18,2491,0.8991828751762286
15/18,2492,0.9027273219300385
15/18,2493,0.9029634730481187
15/18,2494,0.9004960150936335
15/18,2495,0.9055351586474206
15/18,2496,0.8929580474882414
15/18,2497,0.9034544465487677
15/18,2498,0.9006723287060213
15/18,2499,0.9020318584773316
15/18,2500,0.8966627872939239
15/18,2501,0.8949070910205891
15/18,2502,0.8994456283360756
15/18,2503,0.9024119556361695
15/18,2504,0.9027310552701074
15/18,2505,0.8998473395635381
15/18,2506,0.9018201588535751
15/18,2507,0.907692063929642
15/18,2508,0.8990599018196415
15/18,2509,0.9044727180907246
15/18,2510,0.9014467184782238
15/18,2511,0.9010414691000231
15/18,2512,0.9064967240719534
15/18,2513,0.904467991102337
15/18,2514,0.8899014845139664
15/18,2515,0.9023943237063871
15/18,2516,0.8923580589105572
15/18,2517,0.8941598694001902
15/18,2518,0.9053424012373849
15/18,2519,0.8987708475705115
15/18,2520,0.9031005962114633
15/18,2521,0.9060095322427217
15/18,2522,0.892876840064804
15/18,2523,0.902409739934201
15/18,2524,0.8988078688594539
15/18,2525,0.897299377873878
15/18,2526,0.896031931540239
15/18,2527,0.901839781186053
15/18,2528,0.8990794356328546
15/18,2529,0.8915737062954491
15/18,2530,0.9031885405069567
15/18,2531,0.8998374709980479
15/18,2532,0.8884361300168924
15/18,2533,0.9042193520487827
15/18,2534,0.907854012210187
15/18,2535,0.9061414165807363
15/18,2536,0.9032060073767015
15/18,2537,0.8932140044919267
15/18,2538,0.901124128236391
15/18,2539,0.9070874422584329
15/18,2540,0.9054751126942394
15/18,2541,0.8993390351914201
15/18,2542,0.9057479694253617
15/18,2543,0.8973640317723606
15/18,2544,0.9024228480929521
15/18,2545,0.8994961240968633
15/18,2546,0.9009375444416944
15/18,2547,0.9059990318463848
15/18,2548,0.9013507904973028
15/18,2549,0.8991406864114885
15/18,2550,0.9013141206229286
15/18,2551,0.8986000411836825
15/18,2552,0.9019253478450181
15/18,2553,0.9113269785354743
15/18,2554,0.8878377902865107
15/18,2555,0.8969052970714871
15/18,2556,0.8947681799747133
15/18,2557,0.9003339671451591
15/18,2558,0.901853241017158
15/18,2559,0.9015802352824643
15/18,2560,0.8961404620844062
15/18,2561,0.9057078884766866
15/18,2562,0.8903856515106632
15/18,2563,0.901565913983607
15/18,2564,0.9031668293154294
15/18,2565,0.9028723800448439
15/18,2566,0.8990387482744157
15/18,2567,0.9005981632774855
15/18,2568,0.9002654744084161
15/18,2569,0.9026928408400591
15/18,2570,0.9087115608822807
15/18,2571,0.8938131497290477
15/18,2572,0.901062812241296
15/18,2573,0.8959729247827184
15/18,2574,0.8943319921106494
15/18,2575,0.9010496094213866
15/18,2576,0.8988657405095711
15/18,2577,0.9007733245517813
15/18,2578,0.8993075552361673
15/18,2579,0.9022250264853029
15/18,2580,0.9075712339856821
15/18,2581,0.9028536535057262
15/18,2582,0.9068168617505828
15/18,2583,0.9052349324353939
15/18,2584,0.8967957547074761
15/18,2585,0.9030804820294227
15/18,2586,0.8990918664858071
15/18,2587,0.8889329042203145
15/18,2588,0.90193873640368
15/18,2589,0.9037720269487617
15/18,2590,0.9013370247040244
15/18,2591,0.9088553828344735
15/18,2592,0.9025501449247236
15/18,2593,0.8978013887025572
15/18,2594,0.9010029890543156
15/18,2595,0.9029818103305767
15/18,2596,0.9028249373917696
15/18,2597,0.8891449514950249
15/18,2598,0.8984234879249646
15/18,2599,0.8939018481559118
15/18,2600,0.9021016476591839
15/18,2601,0.8960742876827589
15/18,2602,0.8987214627761189
15/18,2603,0.8997445975403888
15/18,2604,0.8956461485056078
15/18,2605,0.8974631757696527
15/18,2606,0.8960325755902635
15/18,2607,0.902738134460423
15/18,2608,0.8930594808833778
15/18,2609,0.9075235018251007
15/18,2610,0.8975271619262001
15/18,2611,0.9031148098523223
15/18,2612,0.902247772850221
15/18,2613,0.8947987849196616
15/18,2614,0.8956100796830849
15/18,2615,0.9035835931044125
15/18,2616,0.9001336292539486
15/18,2617,0.8980698978140892
15/18,2618,0.8993899413148364
15/18,2619,0.9004239204077146
15/18,2620,0.8983465875106719
15/18,2621,0.8996130360910104
15/18,2622,0.9019491035359564
15/18,2623,0.8972345280102307
15/18,2624,0.8959348388999439
15/18,2625,0.8989875849582141
15/18,2626,0.9022773335146017
15/18,2627,0.9020980186513785
15/18,2628,0.90602742656875
15/18,2629,0.8947647441323419
15/18,2630,0.9032749957046121
15/18,2631,0.9002339726960962
15/18,2632,0.8973642607461433
15/18,2633,0.8953410625839215
15/18,2634,0.904154596557835
15/18,2635,0.8963195486858911
15/18,2636,0.8995757694787907
15/18,2637,0.90587954827735
15/18,2638,0.8941804500434449
15/18,2639,0.8983006866463752
15/18,2640,0.8990404321842751
15/18,2641,0.9029914170981763
15/18,2642,0.8910358614626909
15/18,2643,0.902824983684703
15/18,2644,0.8984559748504147
15/18,2645,0.9039020498365778
15/18,2646,0.9023750241429734
15/18,2647,0.9003707162185094
15/18,2648,0.9018899133612681
15/18,2649,0.9026380855036178
15/18,2650,0.8917964245206144
15/18,2651,0.8941390275984449
15/18,2652,0.8978726868217289
15/18,2653,0.8946687318795649
15/18,2654,0.8939454869078549
15/18,2655,0.8983879828331732
15/18,2656,0.9019003147139171
15/18,2657,0.9044041365953582
15/18,2658,0.8988045343542558
15/18,2659,0.8985626571403277
15/18,2660,0.8995981666463182
15/18,2661,0.9061957481449181
15/18,2662,0.8978307029013334
15/18,2663,0.8940552700524431
15/18,2664,0.9012981739179916
15/18,2665,0.9013235487595798
15/18,2666,0.9033439175797751
15/18,2667,0.9071409825332588
15/18,2668,0.8988508518974453
15/18,2669,0.9092315908311542
15/18,2670,0.8955236141441792
15/18,2671,0.8940161617455441
15/18,2672,0.901270933546596
15/18,2673,0.897727883035779
15/18,2674,0.9001477729400856
15/18,2675,0.9031742845962707
15/18,2676,0.8942826152652471
15/18,2677,0.8973098786037206
15/18,2678,0.9002962233911557
15/18,2679,0.9021961295724039
15/18,2680,0.9060466742915565
15/18,2681,0.892221287719685
15/18,2682,0.8985009856890447
15/18,2683,0.903876173076943
15/18,2684,0.9037181193496852
15/18,2685,0.9075007227739497
15/18,2686,0.8925484394031132
15/18,2687,0.8952965688901133
15/18,2688,0.8908132972596542
15/18,2689,0.897156806238993
15/18,2690,0.8998732256767656
15/18,2691,0.8966734412919407
15/18,2692,0.9051446425514784
15/18,2693,0.893235697166145
15/18,2694,0.9030491863972425
15/18,2695,0.8980324709177564
15/18,2696,0.89941390073394
15/18,2697,0.8972382442587291
15/18,2698,0.9014285101205706
15/18,2699,0.8991225042041178
15/18,2700,0.9043360837863693
15/18,2701,0.8990426548724563
15/18,2702,0.9029246843390998
15/18,2703,0.9006756263253054
15/18,2704,0.9089239830900296
15/18,2705,0.9019672537510844
15/18,2706,0.9032585168684739
15/18,2707,0.902848011925466
15/18,2708,0.9060446676662991
15/18,2709,0.8949502741712216
15/18,2710,0.9004132868150156
15/18,2711,0.9030404344543916
15/18,2712,0.89969660862429
15/18,2713,0.9023303930424275
15/18,2714,0.9017957583725139
15/18,2715,0.8979797588458879
15/18,2716,0.8989573229835407
15/18,2717,0.9084632710667752
15/18,2718,0.9025738775655698
15/18,2719,0.8951212572640376
15/18,2720,0.905758074887384
15/18,2721,0.9079194609275417
15/18,2722,0.9015290014271843
15/18,2723,0.8985095551247742
15/18,2724,0.904831484652908
15/18,2725,0.9017505066894386
15/18,2726,0.9011792103664175
15/18,2727,0.9059603265248884
15/18,2728,0.9005861012807659
15/18,2729,0.8974974973686461
15/18,2730,0.8963406367073427
15/18,2731,0.8961133571551297
15/18,2732,0.8971075530308011
15/18,2733,0.89553393190161
15/18,2734,0.9006823266336921
15/18,2735,0.9009406947679331
15/18,2736,0.8963384918524305
15/18,2737,0.9016554055324695
15/18,2738,0.906740513472633
15/18,2739,0.9010847016490159
15/18,2740,0.9051096202213578
15/18,2741,0.8958827706519439
15/18,2742,0.9036534941143098
15/18,2743,0.907658381229547
15/18,2744,0.8972901530667697
15/18,2745,0.9054783450499583
15/18,2746,0.9066754660388221
15/18,2747,0.8998362237914092
15/18,2748,0.8978429748947309
15/18,2749,0.897243071830965
15/18,2750,0.9016434341636864
15/18,2751,0.8948456583373656
15/18,2752,0.8981734334293892
15/18,2753,0.9018119966518262
15/18,2754,0.9010243127425674
15/18,2755,0.9042260747801949
15/18,2756,0.9066563866731503
15/18,2757,0.8940983557064575
15/18,2758,0.8958372473787264
15/18,2759,0.8961898883962339
15/18,2760,0.9085502777410317
15/18,2761,0.9049162278435815
15/18,2762,0.9051216995529947
15/18,2763,0.9047096036609105
15/18,2764,0.8940808567728876
15/18,2765,0.8974678053853922
15/18,2766,0.8939078932055629
15/18,2767,0.8984971761100302
15/18,2768,0.9007156253182794
15/18,2769,0.9093806471530508
15/18,2770,0.9073052395198052
15/18,2771,0.9045510374499031
15/18,2772,0.8936273894955822
15/18,2773,0.9035192268612429
15/18,2774,0.9044546479508714
15/18,2775,0.8969530984620472
15/18,2776,0.8952461235251161
15/18,2777,0.9017433276219785
15/18,2778,0.9014221620032838
15/18,2779,0.8957189690086279
15/18,2780,0.903590327041987
15/18,2781,0.8961504740053153
15/18,2782,0.8942883837753225
15/18,2783,0.9034581532096623
15/18,2784,0.8982834819245713
15/18,2785,0.9003915763371064
15/18,2786,0.9056208633025815
15/18,2787,0.9017220605769708
15/18,2788,0.8983185202311093
15/18,2789,0.8913130968997802
15/18,2790,0.8957639733023746
15/18,2791,0.9048843743960766
15/18,2792,0.898777619040929
15/18,2793,0.89631753376908
15/18,2794,0.8997881810346405
15/18,2795,0.8986096184236732
15/18,2796,0.9030991831411389
15/18,2797,0.9007723670951318
15/18,2798,0.9062912535786019
15/18,2799,0.8994400844377909
15/18,2800,0.8971834996637892
15/18,2801,0.9061557185050888
15/18,2802,0.9038361221475404
15/18,2803,0.8995666237358243
15/18,2804,0.9032384203260627
15/18,2805,0.9073920334279889
15/18,2806,0.901948337719749
15/18,2807,0.8962986835841277
15/18,2808,0.9007560727428059
15/18,2809,0.897499222595488
15/18,2810,0.9026682937388399
15/18,2811,0.8971789498828617
15/18,2812,0.9065458499570842
15/18,2813,0.9010162570096379
15/18,2814,0.9004938733748866
15/18,2815,0.9047780605095262
15/18,2816,0.8993797003227921
15/18,2817,0.8997378774519302
15/18,2818,0.895771246689816
15/18,2819,0.8951249386065651
15/18,2820,0.8985642775225412
15/18,2821,0.8991150933559626
15/18,2822,0.9059954151358733
15/18,2823,0.8963357582169514
15/18,2824,0.9025579329022366
15/18,2825,0.9023271798863408
15/18,2826,0.8992549968647386
15/18,2827,0.904411221890104
15/18,2828,0.8954882151664711
15/18,2829,0.9005089056995045
15/18,2830,0.9011596195538621
15/18,2831,0.9015935365944017
15/18,2832,0.8984880829642565
15/18,2833,0.8954888431860583
15/18,2834,0.898329925543998
15/18,2835,0.8980062225755456
15/18,2836,0.9014315483278696
15/18,2837,0.9116165875063396
15/18,2838,0.8963752408407987
15/18,2839,0.8959563800622542
15/18,2840,0.8999246959979681
15/18,2841,0.9046977863333958
15/18,2842,0.9063563374469241
15/18,2843,0.9020810916170786
15/18,2844,0.9035470916183906
15/18,2845,0.896590753116808
15/18,2846,0.9076057579453822
15/18,2847,0.9020644264815092
15/18,2848,0.8984533541355223
15/18,2849,0.8952756195677762
15/18,2850,0.9073297024580392
15/18,2851,0.9032291768731001
15/18,2852,0.8997133547866657
15/18,2853,0.8989707332926695
15/18,2854,0.8981605389920613
15/18,2855,0.9022047310340469
15/18,2856,0.8998064555592217
15/18,2857,0.8999159923762787
15/18,2858,0.8981210595230802
15/18,2859,0.9024851537590476
15/18,2860,0.9031907455369924
15/18,2861,0.8995577192018805
15/18,2862,0.9103069088657983
15/18,2863,0.8996671191834231
15/18,2864,0.9036804976925702
15/18,2865,0.903778257501438
15/18,2866,0.8936135081982759
15/18,2867,0.9026289666093549
15/18,2868,0.9038992460938822
15/18,2869,0.9007826920420271
15/18,2870,0.9062584214684526
15/18,2871,0.8983716303038656
15/18,2872,0.9039510013955798
15/18,2873,0.8922387037918746
15/18,2874,0.9049175973645007
15/18,2875,0.8958327244355972
15/18,2876,0.9061382515408818
15/18,2877,0.901947513456259
15/18,2878,0.9013224573210439
15/18,2879,0.8963817664383014
15/18,2880,0.90077663578221
15/18,2881,0.9027820192091764
15/18,2882,0.893784118051361
15/18,2883,0.9017004562297382
15/18,2884,0.9039814698498402
15/18,2885,0.8945230706022816
15/18,2886,0.8973274033955349
15/18,2887,0.8964402864385027
15/18,2888,0.8943421733453711
15/18,2889,0.9046218102668464
15/18,2890,0.9053353717004053
15/18,2891,0.8954724766909038
15/18,2892,0.9007285361622807
15/18,2893,0.9023921620957732
15/18,2894,0.8987480285154719
15/18,2895,0.8973558814909819
15/18,2896,0.9059701640372383
15/18,2897,0.9083331209513199
15/18,2898,0.8890914425636067
15/18,2899,0.9013932667429726
15/18,2900,0.8986394504326932
15/18,2901,0.894623568812983
15/18,2902,0.894791694229655
15/18,2903,0.9000111964053975
15/18,2904,0.9021701363724162
15/18,2905,0.899522444349608
15/18,2906,0.8964335024128174
15/18,2907,0.9047522973318624
15/18,2908,0.8990866835258068
15/18,2909,0.8976432226995418
15/18,2910,0.9026607739372898
15/18,2911,0.9003010515065665
15/18,2912,0.907803784605445
15/18,2913,0.8957052797486649
15/18,2914,0.8974042012411936
15/18,2915,0.9010126073937412
15/18,2916,0.8926319842230664
15/18,2917,0.8971323064573147
15/18,2918,0.9012056884346243
15/18,2919,0.9029405278893754
15/18,2920,0.8963873092863672
15/18,2921,0.9039043226211741
15/18,2922,0.9034118352189852
15/18,2923,0.9039590945346031
15/18,2924,0.8946867202650015
15/18,2925,0.8888964452309799
15/18,2926,0.9008620364787124
15/18,2927,0.898612328699513
15/18,2928,0.8977780840324289
15/18,2929,0.9069926317807513
15/18,2930,0.9044534985030724
15/18,2931,0.9038005508667403
15/18,2932,0.8937847745735409
15/18,2933,0.8995259179960168
15/18,2934,0.900619767111547
15/18,2935,0.8979562299248746
15/18,2936,0.8945846449326705
15/18,2937,0.8911199834565569
15/18,2938,0.9020513031922477
15/18,2939,0.9008714767229485
15/18,2940,0.8955653249724657
15/18,2941,0.900811075535361
15/18,2942,0.8994538733232483
15/18,2943,0.8878472318990189
15/18,2944,0.8958947508148795
15/18,2945,0.9014277121788561
15/18,2946,0.8951961751489024
15/18,2947,0.8982362570918194
15/18,2948,0.910299777532857
15/18,2949,0.904458371858533
15/18,2950,0.9075314029473068
15/18,2951,0.9036468262239641
15/18,2952,0.9017045016661842
15/18,2953,0.8972351643568517
15/18,2954,0.8995026519793782
15/18,2955,0.9005771779418972
15/18,2956,0.8976503763549819
15/18,2957,0.8953897313597288
15/18,2958,0.8988767662778058
15/18,2959,0.8989285704701236
15/18,2960,0.9026191556605576
15/18,2961,0.9039142681255531
15/18,2962,0.8943515466495675
15/18,2963,0.9007114736484572
15/18,2964,0.9024837266844367
15/18,2965,0.903484730314169
15/18,2966,0.9032370222113608
15/18,2967,0.9024670161563743
15/18,2968,0.903043522231692
15/18,2969,0.9072905881370896
15/18,2970,0.8960458768849751
15/18,2971,0.9069591643213729
15/18,2972,0.9012948426184767
15/18,2973,0.8943129432662684
15/18,2974,0.9021319100384109
15/18,2975,0.9080695389724183
15/18,2976,0.8972462024205196
15/18,2977,0.8988407504234202
15/18,2978,0.901280720169901
15/18,2979,0.8958877523463407
15/18,2980,0.8929080582196386
15/18,2981,0.900513788895777
15/18,2982,0.8977493142379349
15/18,2983,0.9045624446964019
15/18,2984,0.8985081111658623
15/18,2985,0.9052355187410447
15/18,2986,0.8978154220147737
15/18,2987,0.8945640530523565
15/18,2988,0.897479632498269
15/18,2989,0.9083293230656969
15/18,2990,0.8983127738071486
15/18,2991,0.9011716621082071
15/18,2992,0.896690926057272
15/18,2993,0.9014787163063761
15/18,2994,0.9006622826574959
15/18,2995,0.8926669677014273
15/18,2996,0.8971209876793296
15/18,2997,0.9026723268342736
15/18,2998,0.8966615353857221
15/18,2999,0.8976653377776269
15/18,3000,0.8985899320484844
15/18,3001,0.8992874636709555
15/18,3002,0.9014378050724989
15/18,3003,0.9023688762821989
15/18,3004,0.9029060755459701
15/18,3005,0.8977998990246675
15/18,3006,0.8926242396157539
15/18,3007,0.9006197714279558
15/18,3008,0.8939070754244947
15/18,3009,0.9065495613986265
15/18,3010,0.903574233675153
15/18,3011,0.9002995757778121
15/18,3012,0.8985752652583969
15/18,3013,0.9001492098395756
15/18,3014,0.9001472079532783
15/18,3015,0.9029031371787621
15/18,3016,0.8915188725541108
15/18,3017,0.8927025847168721
15/18,3018,0.8934650514608158
15/18,3019,0.9049989695302147
15/18,3020,0.8978122967349095
15/18,3021,0.8962779355956776
15/18,3022,0.9021777151121998
15/18,3023,0.8971337510725402
15/18,3024,0.8968784905304353
15/18,3025,0.8991376045941402
15/18,3026,0.8990166155222467
15/18,3027,0.9027087397164811
15/18,3028,0.897234581127283
15/18,3029,0.9004822888411317
15/18,3030,0.9048351867396115
15/18,3031,0.8853737358519198
15/18,3032,0.9037783698355165
15/18,3033,0.9069952119295172
15/18,3034,0.9003780827423279
15/18,3035,0.8904589188291329
15/18,3036,0.896246343614478
15/18,3037,0.8938966824766161
15/18,3038,0.9043748408409594
15/18,3039,0.9035226169233078
15/18,3040,0.899764656880526
15/18,3041,0.8912353178367993
15/18,3042,0.8977666741093342
15/18,3043,0.9050851923660677
15/18,3044,0.8959974035207464
15/18,3045,0.9035755824417403
15/18,3046,0.9010819163144177
15/18,3047,0.9014903061461209
15/18,3048,0.8961215085375179
15/18,3049,0.8965829108709412
15/18,3050,0.9027214775170389
15/18,3051,0.8894494708488613
15/18,3052,0.8988773366701623
15/18,3053,0.897575806896053
15/18,3054,0.9003141806386908
15/18,3055,0.9019656916006932
15/18,3056,0.8978174719592064
15/18,3057,0.899531586370767
15/18,3058,0.9025443792866642
15/18,3059,0.8983307740670268
15/18,3060,0.9004916674731258
15/18,3061,0.8950782540473825
15/18,3062,0.9025461483926286
15/18,3063,0.8958105249546456
15/18,3064,0.8998575902931133
15/18,3065,0.902784577761858
15/18,3066,0.9001823929139755
15/18,3067,0.8994127761660577
15/18,3068,0.9111637430998454
15/18,3069,0.9018049320673422
15/18,3070,0.8966444923184972
15/18,3071,0.8995913358543406
15/18,3072,0.9006493985387017
15/18,3073,0.8970219609495681
15/18,3074,0.8997501688159303
15/18,3075,0.902595689626817
15/18,3076,0.9034246493326952
15/18,3077,0.8964944100135268
15/18,3078,0.9037756972495125
15/18,3079,0.9027788702740965
15/18,3080,0.887077096060318
15/18,3081,0.900244878476943
15/18,3082,0.9020126772651562
15/18,3083,0.9022544572967175
15/18,3084,0.8995607635301013
15/18,3085,0.9031897007533528
15/18,3086,0.9058536212749992
15/18,3087,0.897335683594939
15/18,3088,0.9041505433401749
15/18,3089,0.8973336937945048
15/18,3090,0.9064522940681398
15/18,3091,0.901286174686274
15/18,3092,0.898942152643903
15/18,3093,0.9064212149515468
15/18,3094,0.8909762011183343
15/18,3095,0.9053885007233697
15/18,3096,0.8959647576300065
15/18,3097,0.8966803878875153
15/18,3098,0.9012013079782706
15/18,3099,0.8952518334297047
15/18,3100,0.9004883160839472
15/18,3101,0.902971741620985
15/18,3102,0.9013418061923967
15/18,3103,0.9003812512870727
15/18,3104,0.9041086077368702
15/18,3105,0.9025003402432624
15/18,3106,0.9034045833754587
15/18,3107,0.9022735846754084
15/18,3108,0.9014268087583516
15/18,3109,0.9011455548296423
15/18,3110,0.9055138989930828
15/18,3111,0.896634710659506
15/18,3112,0.9000741640655462
15/18,3113,0.9051895510718126
15/18,3114,0.9066790402771931
15/18,3115,0.8918106653044375
15/18,3116,0.8922431270942706
15/18,3117,0.8955387371010014
15/18,3118,0.9063889461768593
15/18,3119,0.8991589189956208
15/18,3120,0.8982447282564873
15/18,3121,0.8999163544764327
15/18,3122,0.8994424693775211
15/18,3123,0.9006871415800002
15/18,3124,0.8955234289760993
15/18,3125,0.8988688911661513
15/18,3126,0.8946528887269453
15/18,3127,0.8917546060214596
15/18,3128,0.9043263286987901
15/18,3129,0.902195637005376
15/18,3130,0.8993119306815861
15/18,3131,0.8953536910868028
15/18,3132,0.9019307887193028
15/18,3133,0.9024112812375581
15/18,3134,0.9039223479597398
15/18,3135,0.9003617396987068
15/18,3136,0.900605322711675
15/18,3137,0.8959713889327641
15/18,3138,0.9053449755245297
15/18,3139,0.9009396212510198
15/18,3140,0.8991593315465133
15/18,3141,0.9024276817217117
15/18,3142,0.9015103774333837
15/18,3143,0.9092819054853035
15/18,3144,0.8960335212543761
15/18,3145,0.8988299724457038
15/18,3146,0.8979463590980944
15/18,3147,0.9050676567717598
15/18,3148,0.90130895047742
15/18,3149,0.8949571143110986
15/18,3150,0.9050335694064602
15/18,3151,0.8961084489319214
15/18,3152,0.9040818903513818
15/18,3153,0.8991028428006871
15/18,3154,0.8961171953712858
15/18,3155,0.9012565129045897
15/18,3156,0.894330619038174
15/18,3157,0.903929527191469
15/18,3158,0.9045060431256176
15/18,3159,0.8984567271703557
15/18,3160,0.9000063732766405
15/18,3161,0.9005082595223397
15/18,3162,0.8977307800886859
15/18,3163,0.9017768226588141
15/18,3164,0.8921287198003102
15/18,3165,0.888819552565647
15/18,3166,0.8943435044964476
15/18,3167,0.9076985727240579
15/18,3168,0.9002890474545308
15/18,3169,0.9013537374534615
15/18,3170,0.8949589411014839
15/18,3171,0.8974518762713091
15/18,3172,0.9032635064551121
15/18,3173,0.8993547315215298
15/18,3174,0.9064593892340855
15/18,3175,0.9062778981237991
15/18,3176,0.8927408303450622
15/18,3177,0.8965108804586527
15/18,3178,0.892384937071274
15/18,3179,0.9051760931512389
15/18,3180,0.895969364507639
15/18,3181,0.9083899468738003
15/18,3182,0.8967179906043447
15/18,3183,0.9038536745801925
15/18,3184,0.9032319786824786
15/18,3185,0.89949399210214
15/18,3186,0.8916244380569408
15/18,3187,0.8974073009066631
15/18,3188,0.903321073170843
15/18,3189,0.89932387303809
15/18,3190,0.8969042912191388
15/18,3191,0.8993489330480329
15/18,3192,0.8979703748377623
15/18,3193,0.9018081018571243
15/18,3194,0.9006586465123986
15/18,3195,0.9042754652300954
15/18,3196,0.8956504346908583
15/18,3197,0.9005732726371759
15/18,3198,0.9018562213259845
15/18,3199,0.8947996310444637
15/18,3200,0.9021981500753248
15/18,3201,0.8960585804387429
15/18,3202,0.8954984590758214
15/18,3203,0.8918288410154965
15/18,3204,0.8994639656930579
15/18,3205,0.8951805148863026
15/18,3206,0.9059750455800804
15/18,3207,0.9009872999218879
15/18,3208,0.9006361560960686
15/18,3209,0.896611929065258
15/18,3210,0.9014362136600044
15/18,3211,0.8981967191690197
15/18,3212,0.8939509100926893
15/18,3213,0.8951343689600987
15/18,3214,0.9007072599834097
15/18,3215,0.9007039698805206
15/18,3216,0.9044269579622535
15/18,3217,0.8939672299434318
15/18,3218,0.8992545756532321
15/18,3219,0.9021172740387384
15/18,3220,0.9066587742635643
15/18,3221,0.8971023846703304
15/18,3222,0.9001940626468486
15/18,3223,0.8909874178640994
15/18,3224,0.8989463045216622
15/18,3225,0.9007469626976824
15/18,3226,0.9016518418297033
15/18,3227,0.9036768813109072
15/18,3228,0.9011251166359856
15/18,3229,0.893924355232316
15/18,3230,0.9017765704047247
15/18,3231,0.9015233543018659
15/18,3232,0.8996504670268429
15/18,3233,0.9069936606100554
15/18,3234,0.8976296334461342
15/18,3235,0.8949530265661323
15/18,3236,0.8986108203314476
15/18,3237,0.9015122426694059
15/18,3238,0.9015933639112885
15/18,3239,0.8978237968424345
15/18,3240,0.8977765616655607
15/18,3241,0.8937393949970523
15/18,3242,0.8954778872779515
15/18,3243,0.9013196348727276
15/18,3244,0.8996263868197685
15/18,3245,0.8878390038545598
15/18,3246,0.8899975689924752
15/18,3247,0.8961635185593805
15/18,3248,0.8979664224071194
15/18,3249,0.9007947614818043
15/18,3250,0.9023519997389754
15/18,3251,0.9022331056166693
15/18,3252,0.9043359171630212
15/18,3253,0.9026550814215993
15/18,3254,0.899985609913771
15/18,3255,0.9046615042103295
15/18,3256,0.8953075847627863
15/18,3257,0.9032778574353756
15/18,3258,0.9036185401857321
15/18,3259,0.9065370171724525
15/18,3260,0.8957131355353315
15/18,3261,0.8911151745617996
15/18,3262,0.898729706777839
15/18,3263,0.9044698958377665
15/18,3264,0.9025181142136872
15/18,3265,0.9015470409313698
15/18,3266,0.8990453434689866
15/18,3267,0.8930918420435586
15/18,3268,0.8978908101446303
15/18,3269,0.9042292708515353
15/18,3270,0.9047157308574373
15/18,3271,0.9087576223085531
15/18,3272,0.8939995924399419
15/18,3273,0.8971883238596317
15/18,3274,0.9033611433453452
15/18,3275,0.9013441729875392
15/18,3276,0.8941224971468164
15/18,3277,0.8912340208146498
15/18,3278,0.9021837108746672
15/18,3279,0.8968027717982237
15/18,3280,0.9005239234229339
15/18,3281,0.9003568114882667
15/18,3282,0.8948292030337759
15/18,3283,0.904493351326221
15/18,3284,0.8994460550310382
15/18,3285,0.898764843229965
15/18,3286,0.9028368712546646
15/18,3287,0.8904942917535178
15/18,3288,0.898828463060632
15/18,3289,0.9057203942928849
15/18,3290,0.9093347034497842
15/18,3291,0.9012255130101445
15/18,3292,0.903085509910296
15/18,3293,0.9010335853501177
15/18,3294,0.8996839426407129
15/18,3295,0.9023308515384112
15/18,3296,0.8963840684418147
15/18,3297,0.910513929940193
15/18,3298,0.9021431635873087
15/18,3299,0.9087343729829227
15/18,3300,0.906518882739546
15/18,3301,0.8977664524708941
15/18,3302,0.8990236660266431
15/18,3303,0.902952350582944
15/18,3304,0.8972321759866106
15/18,3305,0.88999812611974
15/18,3306,0.8989718522078152
15/18,3307,0.9019317208924648
15/18,3308,0.8921472776546071
15/18,3309,0.9005974942549373
15/18,3310,0.9022051522267595
15/18,3311,0.897821667200679
15/18,3312,0.9010988500479167
15/18,3313,0.8983287288960476
15/18,3314,0.9056973448286344
15/18,3315,0.9008559264506069
15/18,3316,0.9045306849878012
15/18,3317,0.8994170578693961
15/18,3318,0.9011434199269898
15/18,3319,0.8982512246778176
15/18,3320,0.9045901666226489
15/18,3321,0.9020899639745121
15/18,3322,0.9033176918254181
15/18,3323,0.8993470079415823
15/18,3324,0.9036166010055864
15/18,3325,0.8882122696484694
15/18,3326,0.9018533802894418
15/18,3327,0.9023945729037788
15/18,3328,0.8952337140444704
15/18,3329,0.8962275826511781
15/18,3330,0.9053401340826986
15/18,3331,0.894904098780905
15/18,3332,0.9059099004658927
15/18,3333,0.8994900279616689
15/18,3334,0.9060364862370741
15/18,3335,0.8919838156191423
15/18,3336,0.897571938262729
15/18,3337,0.9015418459476917
15/18,3338,0.8887751039344335
15/18,3339,0.8974532542098765
15/18,3340,0.8991911289857614
15/18,3341,0.8988406629224813
15/18,3342,0.8996905031104384
15/18,3343,0.9005567201180257
15/18,3344,0.8998612784756868
15/18,3345,0.9002695461407973
15/18,3346,0.9065478389023501
15/18,3347,0.8975677076675286
15/18,3348,0.9008253501185417
15/18,3349,0.8961332312794978
15/18,3350,0.9062063348784248
15/18,3351,0.9009126189538887
15/18,3352,0.8942443021077323
15/18,3353,0.9010389431496265
15/18,3354,0.9053631485838252
15/18,3355,0.9014360210646568
15/18,3356,0.903443094034533
15/18,3357,0.9095295305210913
15/18,3358,0.8985423135810978
15/18,3359,0.9014300520305877
15/18,3360,0.9028714025998744
15/18,3361,0.8977353860999249
15/18,3362,0.9077220085488874
15/18,3363,0.8993300087223719
15/18,3364,0.8952480572945475
15/18,3365,0.8917168485269696
15/18,3366,0.9011907076889039
15/18,3367,0.9017707118303018
15/18,3368,0.8944358769172127
15/18,3369,0.898686368643081
15/18,3370,0.903144932869071
15/18,3371,0.8996010953164162
15/18,3372,0.894990459249385
15/18,3373,0.8988305978734251
15/18,3374,0.9045599753550214
15/18,3375,0.8985174879138431
15/18,3376,0.9010111118670956
15/18,3377,0.9028989021031689
15/18,3378,0.8993842780421862
15/18,3379,0.9031822283655432
15/18,3380,0.905746337287154
15/18,3381,0.8992723926371404
15/18,3382,0.8931773869402054
15/18,3383,0.8993508720935869
15/18,3384,0.8944157398783694
15/18,3385,0.8952800677650705
15/18,3386,0.8980535595105082
15/18,3387,0.9002542408260115
15/18,3388,0.89432914158932
15/18,3389,0.8973396286275555
15/18,3390,0.9099806344404762
15/18,3391,0.8968969525472543
15/18,3392,0.899822614598823
15/18,3393,0.9008756573063086
15/18,3394,0.9033930117641084
15/18,3395,0.8970630862211816
15/18,3396,0.8968622995979603
15/18,3397,0.8981202333962716
15/18,3398,0.8947810617427482
15/18,3399,0.9068195723611612
15/18,3400,0.8995898752909017
15/18,3401,0.9017341235695563
15/18,3402,0.9064354363546444
15/18,3403,0.9009963927254955
15/18,3404,0.9037285888518206
15/18,3405,0.8962260576512971
15/18,3406,0.9024089737924604
15/18,3407,0.8972957373661741
15/18,3408,0.896266266586561
15/18,3409,0.8980360115574245
15/18,3410,0.8980190838974089
15/18,3411,0.8941779492498189
15/18,3412,0.9044751155335321
15/18,3413,0.8980135164646186
15/18,3414,0.8988651430187288
15/18,3415,0.9010085562984795
15/18,3416,0.8995195601434923
15/18,3417,0.8928745661367608
15/18,3418,0.9047640636188521
15/18,3419,0.8996347183342889
15/18,3420,0.8991150739784053
15/18,3421,0.8949072855881807
15/18,3422,0.8995903911784046
15/18,3423,0.9001487772008997
15/18,3424,0.9014803056242495
15/18,3425,0.9030795739055045
15/18,3426,0.8978726724346359
15/18,3427,0.9042590601029246
15/18,3428,0.9058055939900524
15/18,3429,0.8993462589331758
15/18,3430,0.8931110894738339
15/18,3431,0.9006726625339947
15/18,3432,0.9115111842650184
15/18,3433,0.8939141632315633
15/18,3434,0.8920867311698107
15/18,3435,0.90276009011269
15/18,3436,0.8976700886103489
15/18,3437,0.9034138022104683
15/18,3438,0.9007547648903422
15/18,3439,0.8987175796805351
15/18,3440,0.8921057097064454
15/18,3441,0.9010640837975491
15/18,3442,0.8986369438544758
15/18,3443,0.9009193579330182
15/18,3444,0.9014270679781691
15/18,3445,0.8942791656396533
15/18,3446,0.901934121922947
15/18,3447,0.8953550508279131
15/18,3448,0.9058263796658235
15/18,3449,0.8997170137371325
15/18,3450,0.8993944192709427
15/18,3451,0.9083014109726504
15/18,3452,0.8897202298482066
15/18,3453,0.8969423900875362
15/18,3454,0.8938680740880183
15/18,3455,0.9036160145971175
15/18,3456,0.9038754437424014
15/18,3457,0.8973841340515448
15/18,3458,0.9044419446078683
15/18,3459,0.9024581296388255
15/18,3460,0.8993449408828468
15/18,3461,0.9012545900990259
15/18,3462,0.8938657970610416
15/18,3463,0.90215672971871
15/18,3464,0.8996257968421347
15/18,3465,0.9038126553823861
15/18,3466,0.9019540804005133
15/18,3467,0.9014307260237076
15/18,3468,0.9015652519116374
15/18,3469,0.8966042190837141
15/18,3470,0.9068147191632042
15/18,3471,0.9007091348597323
15/18,3472,0.9013638106010028
15/18,3473,0.9033980598574329
15/18,3474,0.8941916790468439
15/18,3475,0.8974909798344549
15/18,3476,0.8977139050085648
15/18,3477,0.899734687427823
15/18,3478,0.903937322338704
15/18,3479,0.8971931883833189
15/18,3480,0.9003876150731931
15/18,3481,0.8951507378613073
15/18,3482,0.89803415108226
15/18,3483,0.888164289674817
15/18,3484,0.9006457452341666
15/18,3485,0.8968207952754248
15/18,3486,0.9030785143796941
15/18,3487,0.9010294571946204
15/18,3488,0.9009747274504086
15/18,3489,0.9029499633883944
15/18,3490,0.9007782276009356
15/18,3491,0.8934545832822819
15/18,3492,0.9027429815820176
15/18,3493,0.9000572290564921
15/18,3494,0.9042543748767842
15/18,3495,0.8995753324679302
15/18,3496,0.8970976921314495
15/18,3497,0.8968916812656821
15/18,3498,0.8993641612291913
15/18,3499,0.8962148675253195
15/18,3500,0.8865971219858539
15/18,3501,0.9020420340362874
15/18,3502,0.889518384677163
15/18,3503,0.8972719683434315
15/18,3504,0.9033620973932024
15/18,3505,0.8992612012098984
15/18,3506,0.8930664394349204
15/18,3507,0.8953500302300704
15/18,3508,0.9014964828423314
15/18,3509,0.8980136938444123
15/18,3510,0.891300215492845
15/18,3511,0.9050468050063468
15/18,3512,0.8979485658560744
15/18,3513,0.8956169279740563
15/18,3514,0.8991551822459876
15/18,3515,0.8946533384066194
15/18,3516,0.9008801593661222
15/18,3517,0.904233024759928
15/18,3518,0.9022765204895395
15/18,3519,0.8971397114261597
15/18,3520,0.9020968627102234
15/18,3521,0.9010989388637132
15/18,3522,0.8942750706107211
15/18,3523,0.8957592355357284
15/18,3524,0.9058035292820842
15/18,3525,0.8913963952927377
15/18,3526,0.9020097350435735
15/18,3527,0.9004826798490695
15/18,3528,0.9014042091214073
15/18,3529,0.9009366396306349
15/18,3530,0.8933330443713086
15/18,3531,0.9012146533173097
15/18,3532,0.8998397910502047
15/18,3533,0.9021759862021786
15/18,3534,0.8989885240013736
15/18,3535,0.8985143879729046
15/18,3536,0.9064705924687932
15/18,3537,0.8976062644786607
15/18,3538,0.892162219657505
15/18,3539,0.9030421309408906
15/18,3540,0.899856288883421
15/18,3541,0.9067562088044571
15/18,3542,0.9001413264993686
15/18,3543,0.8935248012247048
15/18,3544,0.8997020312571342
15/18,3545,0.8996465894711717
15/18,3546,0.8967520228759741
15/18,3547,0.8971698745153291
15/18,3548,0.9010346859342577
15/18,3549,0.9005861876510699
15/18,3550,0.8940668176098017
15/18,3551,0.9038039382271829
15/18,3552,0.9034563665869453
15/18,3553,0.8995706467418977
15/18,3554,0.8960147945028936
15/18,3555,0.9028697076638563
15/18,3556,0.901908653826222
15/18,3557,0.9000777272071854
15/18,3558,0.891377101938318
15/18,3559,0.9014761450165285
15/18,3560,0.9007837579659768
15/18,3561,0.8964662196283715
15/18,3562,0.9012542074814538
15/18,3563,0.8978080320189908
15/18,3564,0.8914813175795591
15/18,3565,0.8970309397538128
15/18,3566,0.8969824953545426
15/18,3567,0.9009409837537501
15/18,3568,0.9040525599760298
15/18,3569,0.9006706657202291
15/18,3570,0.8982613742593479
15/18,3571,0.9044009245849755
15/18,3572,0.8913931925820224
15/18,3573,0.902323983801302
15/18,3574,0.9018979032959599
15/18,3575,0.9047872190062646
15/18,3576,0.9022133241795438
15/18,3577,0.9027723475855766
15/18,3578,0.9008555540651695
15/18,3579,0.9095217569420126
15/18,3580,0.8993141780661225
15/18,3581,0.8969166074969964
15/18,3582,0.9007018248343892
15/18,3583,0.9029377384269581
15/18,3584,0.9003245102971968
15/18,3585,0.9047250833347801
15/18,3586,0.8981797780644908
15/18,3587,0.898558505665498
15/18,3588,0.8986756348625318
15/18,3589,0.8982517500045518
15/18,3590,0.8987731438585416
15/18,3591,0.8978733788396568
15/18,3592,0.8995833477264074
15/18,3593,0.9037612471622117
15/18,3594,0.9020032084393015
15/18,3595,0.8934556239472211
15/18,3596,0.8892036543713587
15/18,3597,0.906062386640875
15/18,3598,0.8998825532525737
15/18,3599,0.8962249953360607
15/18,3600,0.8936289462463816
15/18,3601,0.8957416625788895
15/18,3602,0.9060328968982857
15/18,3603,0.8995610171001142
15/18,3604,0.8990260223333779
15/18,3605,0.8978103049421463
15/18,3606,0.8967099561331401
15/18,3607,0.9003084422852066
15/18,3608,0.9001642918954398
15/18,3609,0.8921698728039464
15/18,3610,0.90221218027223
15/18,3611,0.9015737204221684
15/18,3612,0.9013535712268752
15/18,3613,0.9006765095871564
15/18,3614,0.9021391083342317
15/18,3615,0.9037236257717258
15/18,3616,0.8983804480824643
15/18,3617,0.8897064073147212
15/18,3618,0.9040754971854756
15/18,3619,0.9009212924148023
15/18,3620,0.8961952102549555
15/18,3621,0.8981629348032034
15/18,3622,0.9015070997995399
15/18,3623,0.8986820368242053
15/18,3624,0.901594285491969
15/18,3625,0.8983600107775978
15/18,3626,0.9009431263445102
15/18,3627,0.9043508508266023
15/18,3628,0.8958871790786594
15/18,3629,0.8997738616411277
15/18,3630,0.9095432667649317
15/18,3631,0.8939748789418576
15/18,3632,0.8917304162172096
15/18,3633,0.8998124726459392
15/18,3634,0.9042800204056345
15/18,3635,0.9072516411528729
15/18,3636,0.8994683219810005
15/18,3637,0.9075754930378392
15/18,3638,0.903299505809442
15/18,3639,0.8954351552243022
15/18,3640,0.8966793026834482
15/18,3641,0.8976268825686071
15/18,3642,0.8924741215673816
15/18,3643,0.9013198834878128
15/18,3644,0.9021627873098683
15/18,3645,0.9021567555197817
15/18,3646,0.8983760851549871
15/18,3647,0.9062388127138545
15/18,3648,0.9028466545225555
15/18,3649,0.8958035265603442
15/18,3650,0.9004601935586254
15/18,3651,0.8991200648333847
15/18,3652,0.9033495811678163
15/18,3653,0.9024760143149504
15/18,3654,0.8990681859892461
15/18,3655,0.8990811042611205
15/18,3656,0.8956241216597506
15/18,3657,0.905589823276811
15/18,3658,0.9036124058687068
15/18,3659,0.8973438771982168
15/18,3660,0.8959912388832239
15/18,3661,0.8972463407386847
15/18,3662,0.907887271269339
15/18,3663,0.8971542954802497
15/18,3664,0.9012705432006132
15/18,3665,0.9023519924533469
15/18,3666,0.9022838968258514
15/18,3667,0.8995442927443561
15/18,3668,0.9008499871490617
15/18,3669,0.897484030805335
15/18,3670,0.8949017373687411
15/18,3671,0.9011261881010374
15/18,3672,0.903476688722409
15/18,3673,0.9043304042257262
15/18,3674,0.903864708197952
15/18,3675,0.9005355007179611
15/18,3676,0.8980966465609341
15/18,3677,0.9041018278223455
15/18,3678,0.8943187031948833
15/18,3679,0.8991327730409461
15/18,3680,0.9005252430495844
15/18,3681,0.9035621747355072
15/18,3682,0.9039741070409927
15/18,3683,0.9029230701185453
15/18,3684,0.9011051810672805
15/18,3685,0.9001186425075836
15/18,3686,0.8939816833555589
15/18,3687,0.9128947983591894
15/18,3688,0.9007031958197688
15/18,3689,0.894721809200193
15/18,3690,0.9015939396921047
15/18,3691,0.9032541525569351
15/18,3692,0.9069911434375681
15/18,3693,0.903986868346859
15/18,3694,0.8982348963061768
15/18,3695,0.8980722633932438
15/18,3696,0.900718561547579
15/18,3697,0.8994055374383739
15/18,3698,0.8948796940664878
15/18,3699,0.901111726796501
15/18,3700,0.9029697570981928
15/18,3701,0.8962861405572087
15/18,3702,0.8997075952798651
15/18,3703,0.904461290601561
15/18,3704,0.9011521083120633
15/18,3705,0.8955967122633136
15/18,3706,0.8986455183871397
15/18,3707,0.8959603460650928
15/18,3708,0.9022008585196682
15/18,3709,0.8950676263367957
15/18,3710,0.899640090930495
15/18,3711,0.9087333005355352
15/18,3712,0.9005437239281913
15/18,3713,0.902590600323863
15/18,3714,0.9069154366915635
15/18,3715,0.9041742577510447
15/18,3716,0.8954780322975356
15/18,3717,0.8989404786462288
15/18,3718,0.8935736252937484
15/18,3719,0.896897033537063
15/18,3720,0.9011275054091245
15/18,3721,0.8985747896929999
15/18,3722,0.902103166941133
15/18,3723,0.9054306308373632
15/18,3724,0.8991255374367596
15/18,3725,0.9067582066252771
15/18,3726,0.9016445066512571
15/18,3727,0.9032403524777115
15/18,3728,0.9024303404000382
15/18,3729,0.9026857119591775
15/18,3730,0.8985612499803652
15/18,3731,0.9067934202542247
15/18,3732,0.9025609651846253
15/18,3733,0.8994455949328408
15/18,3734,0.9002766938601332
15/18,3735,0.8967472185992248
15/18,3736,0.9043671346336507
15/18,3737,0.9030609069560532
15/18,3738,0.9108882862278698
15/18,3739,0.907475169384868
15/18,3740,0.8978428134171141
15/18,3741,0.8975571291113212
15/18,3742,0.8922246918115622
15/18,3743,0.9039139166229929
15/18,3744,0.8966097625277524
15/18,3745,0.9043531346682369
15/18,3746,0.8983578281577074
15/18,3747,0.8975731279935469
15/18,3748,0.9107391087983718
15/18,3749,0.8959169092411062
15/18,3750,0.905132895744662
15/18,3751,0.89420706832238
15/18,3752,0.9065015297975506
15/18,3753,0.9042666974141808
15/18,3754,0.9070271953796947
15/18,3755,0.8981223258310496
15/18,3756,0.8999144181471261
15/18,3757,0.9021903302235214
15/18,3758,0.9012104900768295
15/18,3759,0.9021843423450016
15/18,3760,0.9041911378585352
15/18,3761,0.9020539038927932
15/18,3762,0.8961490135000046
15/18,3763,0.9039887789696586
15/18,3764,0.8983266678944775
15/18,3765,0.8977607693108737
15/18,3766,0.8983488734800527
15/18,3767,0.9061839778920583
15/18,3768,0.9096976008459822
15/18,3769,0.9036404334494339
15/18,3770,0.9018670405928593
15/18,3771,0.9040083956056824
15/18,3772,0.896328992364985
15/18,3773,0.895360681609573
15/18,3774,0.8967832366549224
15/18,3775,0.8971330608697694
15/18,3776,0.898147096346578
15/18,3777,0.8986841795044094
15/18,3778,0.8993866120221589
15/18,3779,0.8988400705579396
15/18,3780,0.8983929080122854
15/18,3781,0.8894920304892663
15/18,3782,0.9085225899494493
15/18,3783,0.9069815126096948
15/18,3784,0.9008248244400262
15/18,3785,0.9022503649940457
15/18,3786,0.8986127373926065
15/18,3787,0.8956239342754947
15/18,3788,0.8940960936669101
15/18,3789,0.9017134094820359
15/18,3790,0.8870729160309285
15/18,3791,0.8967041321870967
15/18,3792,0.8936963182145233
15/18,3793,0.9022672683856913
15/18,3794,0.8981346283331012
15/18,3795,0.8974572739075876
15/18,3796,0.9024795885460644
15/18,3797,0.8929539859200153
15/18,3798,0.9023140124805402
15/18,3799,0.8976607424244626
15/18,3800,0.9000646288875419
15/18,3801,0.9058943207411966
15/18,3802,0.9017469179179105
15/18,3803,0.8947702155133397
15/18,3804,0.9003568097145702
15/18,3805,0.8961794056863451
15/18,3806,0.9026160534856826
15/18,3807,0.8978141719284907
15/18,3808,0.901438141617831
15/18,3809,0.895496839357504
15/18,3810,0.8998049291592287
15/18,3811,0.8980150557604437
15/18,3812,0.895707151868082
15/18,3813,0.9033415229205031
15/18,3814,0.9026015062031937
15/18,3815,0.9053134635540155
15/18,3816,0.9000836888843463
15/18,3817,0.9035341956803203
15/18,3818,0.9036340506897294
15/18,3819,0.8999142111888703
15/18,3820,0.9056339087923783
15/18,3821,0.8952931474528837
15/18,3822,0.8995845367126576
15/18,3823,0.9038348725327454
15/18,3824,0.8993743534611934
15/18,3825,0.9014446111145688
15/18,3826,0.9020340576766556
15/18,3827,0.9012227148910747
15/18,3828,0.9040920004260028
15/18,3829,0.9045897580854828
15/18,3830,0.9005421408077002
15/18,3831,0.8996226375139988
15/18,3832,0.9000781561548518
15/18,3833,0.8971350575041674
15/18,3834,0.8951651195741588
15/18,3835,0.9007142412112168
15/18,3836,0.904810196967146
15/18,3837,0.8860883717033664
15/18,3838,0.9045595240831611
15/18,3839,0.8948063560321537
15/18,3840,0.8982229232166064
15/18,3841,0.9012096142584053
15/18,3842,0.89562893625432
15/18,3843,0.8974516639132788
15/18,3844,0.9024971487642762
15/18,3845,0.900385468126666
15/18,3846,0.8983918890411348
15/18,3847,0.8950290242880755
15/18,3848,0.8984711195752974
15/18,3849,0.8935929519554724
15/18,3850,0.8971658095929106
15/18,3851,0.8993330755459934
15/18,3852,0.9032792390402121
15/18,3853,0.9086294644009761
15/18,3854,0.9037523533308285
15/18,3855,0.9011516245064013
15/18,3856,0.9017286591583595
15/18,3857,0.9004153751611055
15/18,3858,0.8961373639333927
15/18,3859,0.8951235759633765
15/18,3860,0.8913754431976153
15/18,3861,0.898885387290321
15/18,3862,0.8927049428330792
15/18,3863,0.8995492630488438
15/18,3864,0.9046272023994103
15/18,3865,0.9039572150128844
15/18,3866,0.9012142351325609
15/18,3867,0.8991431234181395
15/18,3868,0.8949314026747427
15/18,3869,0.9014144692717496
15/18,3870,0.8994450384986276
15/18,3871,0.8963605612632511
15/18,3872,0.8944218106052326
15/18,3873,0.8993583817593707
15/18,3874,0.8995410841617698
15/18,3875,0.8962341799151692
15/18,3876,0.9007491962396399
15/18,3877,0.8959862966002617
15/18,3878,0.9001547166350282
15/18,3879,0.8966443377132264
15/18,3880,0.8920086428664291
15/18,3881,0.8990808326311843
15/18,3882,0.8996773906853084
15/18,3883,0.8979809357409415
15/18,3884,0.899802858037596
15/18,3885,0.9047345842353829
15/18,3886,0.9038790218833842
15/18,3887,0.8974401772027344
15/18,3888,0.9008108158495763
15/18,3889,0.8985540333298007
15/18,3890,0.8887545174979534
15/18,3891,0.8950263731182709
15/18,3892,0.8997998117896867
15/18,3893,0.9006660467314498
15/18,3894,0.9005724460762211
15/18,3895,0.9060723693242416
15/18,3896,0.8977838922969629
15/18,3897,0.900286760928469
15/18,3898,0.9016785017543787
15/18,3899,0.9012563622427455
15/18,3900,0.8950269683666575
15/18,3901,0.8996522131536808
15/18,3902,0.9033839200279774
15/18,3903,0.8966337965091452
15/18,3904,0.9088391667794661
15/18,3905,0.9041816133887622
15/18,3906,0.900882675552611
15/18,3907,0.899591184461058
15/18,3908,0.8957355330469231
15/18,3909,0.9018595355377131
15/18,3910,0.8937024528995808
15/18,3911,0.8953922866193965
15/18,3912,0.8950545094968957
15/18,3913,0.9051313565451711
15/18,3914,0.897719223075786
15/18,3915,0.9037592361439698
15/18,3916,0.8943060521507247
15/18,3917,0.8935184046225657
15/18,3918,0.8963387732879433
15/18,3919,0.903714809323955
15/18,3920,0.9027592525806529
15/18,3921,0.8932416702572367
15/18,3922,0.9018182521188156
15/18,3923,0.8932837433368417
15/18,3924,0.9021749207858689
15/18,3925,0.8995759179357126
15/18,3926,0.9002509625869738
15/18,3927,0.9033476899653246
15/18,3928,0.8965880633747316
15/18,3929,0.8955074592506119
15/18,3930,0.9026162056141267
15/18,3931,0.9049209833918697
15/18,3932,0.8951085853734158
15/18,3933,0.9056773938590288
15/18,3934,0.9004643727221391
15/18,3935,0.9020891465559987
15/18,3936,0.9023142713144271
15/18,3937,0.9003797628906614
15/18,3938,0.8946966253625326
15/18,3939,0.900005855504267
15/18,3940,0.9032207865003407
15/18,3941,0.9038109749078657
15/18,3942,0.8994618147090346
15/18,3943,0.9007455522438704
15/18,3944,0.899852580604512
15/18,3945,0.9033069878274438
15/18,3946,0.8909398996279906
15/18,3947,0.9071140046631472
15/18,3948,0.9025670384935786
15/18,3949,0.8991400504125702
15/18,3950,0.8956781424658758
15/18,3951,0.9040036356183142
15/18,3952,0.9063171680791892
15/18,3953,0.8977184664158704
15/18,3954,0.901116731670068
15/18,3955,0.8926865888400654
15/18,3956,0.903755702530394
15/18,3957,0.8980485983404801
15/18,3958,0.904315109495733
15/18,3959,0.9007084076811882
15/18,3960,0.8961092891983681
15/18,3961,0.889064082990639
15/18,3962,0.8960532884655209
15/18,3963,0.9061501328955193
15/18,3964,0.8934607729830061
15/18,3965,0.905263326133231
15/18,3966,0.8960569289008519
15/18,3967,0.9019315129863288
15/18,3968,0.8970252308833991
15/18,3969,0.9003543743416135
15/18,3970,0.9061460615252229
15/18,3971,0.9047356819374599
15/18,3972,0.9043401805451301
15/18,3973,0.9035766557445561
15/18,3974,0.9082471157674751
15/18,3975,0.8960554124145058
15/18,3976,0.8981523401834562
15/18,3977,0.8959121450710118
15/18,3978,0.9014696548442508
15/18,3979,0.9014864979911358
15/18,3980,0.8895829486453073
15/18,3981,0.8884383682243693
15/18,3982,0.8996084044205399
15/18,3983,0.8996954975394819
15/18,3984,0.8899008042164885
15/18,3985,0.8989371998420606
15/18,3986,0.8980227644829963
15/18,3987,0.8999641514757143
15/18,3988,0.9040792363217522
15/18,3989,0.8961431501006039
15/18,3990,0.9029424102908502
15/18,3991,0.9033877281704328
15/18,3992,0.8937470949705028
15/18,3993,0.9022040354080729
15/18,3994,0.896717373840974
15/18,3995,0.8960389390234206
15/18,3996,0.9010173423280134
15/18,3997,0.8990041119233385
15/18,3998,0.8927043835981001
15/18,3999,0.9039938557093867
15/18,4000,0.8997813327699531
15/18,4001,0.8972597281848476
15/18,4002,0.9047379169381999
15/18,4003,0.9008602553623206
15/18,4004,0.9009978020607113
15/18,4005,0.9045927061353766
15/18,4006,0.903364983070138
15/18,4007,0.8957444355053987
15/18,4008,0.9036002652615057
15/18,4009,0.9048284121643836
15/18,4010,0.8939903543368659
15/18,4011,0.9018329019737968
15/18,4012,0.9004582113521195
15/18,4013,0.9028712386376224
15/18,4014,0.9076965831911101
15/18,4015,0.8936880648118956
15/18,4016,0.8968413951136613
15/18,4017,0.9018732025427734
15/18,4018,0.896032547174729
15/18,4019,0.9032850075889819
15/18,4020,0.8971674598635401
15/18,4021,0.8895714767386915
15/18,4022,0.9045872277480498
15/18,4023,0.900055937689405
15/18,4024,0.9083044260067459
15/18,4025,0.9114647258816582
15/18,4026,0.8944216760879925
15/18,4027,0.9000061126954968
15/18,4028,0.8996856632100558
15/18,4029,0.8988514139304304
15/18,4030,0.892958688151043
15/18,4031,0.8994490530644799
15/18,4032,0.8926514280243358
15/18,4033,0.9066144498890489
15/18,4034,0.8953690545548323
15/18,4035,0.8973194836974399
15/18,4036,0.8959727488376936
15/18,4037,0.9055445533140148
15/18,4038,0.9005794008448027
15/18,4039,0.905570664241553
15/18,4040,0.8978489282192083
15/18,4041,0.9071205032308864
15/18,4042,0.9005555542045739
15/18,4043,0.8959609480382699
15/18,4044,0.8950137369878608
15/18,4045,0.9011677795437789
15/18,4046,0.9003189290820263
15/18,4047,0.8965120084335687
15/18,4048,0.9033858115866329
15/18,4049,0.9011346887462003
15/18,4050,0.9000495867050504
15/18,4051,0.9042752241911097
15/18,4052,0.9020722864152085
15/18,4053,0.9032308470027816
15/18,4054,0.9070399628633347
15/18,4055,0.9013580221346273
15/18,4056,0.891130772248243
15/18,4057,0.9031355229388781
15/18,4058,0.9106164200966702
15/18,4059,0.9028988235440247
15/18,4060,0.9037868021970225
15/18,4061,0.8980979183486069
15/18,4062,0.8970984814583298
15/18,4063,0.9043047311767616
15/18,4064,0.9026584793501288
15/18,4065,0.9038211509503223
15/18,4066,0.8968503638831702
15/18,4067,0.8968238930151803
15/18,4068,0.8980180855996835
15/18,4069,0.8952844885785479
15/18,4070,0.8907781160232775
15/18,4071,0.8959578759558734
15/18,4072,0.901413726561934
15/18,4073,0.899531368901475
15/18,4074,0.8922456283377334
15/18,4075,0.8960988465052994
15/18,4076,0.8997007898164745
15/18,4077,0.8950602320810152
15/18,4078,0.9004116281307406
15/18,4079,0.8988020814981825
15/18,4080,0.8986692612263797
15/18,4081,0.9005330980409274
15/18,4082,0.8970942757852922
15/18,4083,0.9038145952179998
15/18,4084,0.8986109919463156
15/18,4085,0.9013657238580742
15/18,4086,0.9002390139124494
15/18,4087,0.9041411968730882
15/18,4088,0.8985287035019851
15/18,4089,0.900957015293125
15/18,4090,0.902192437293662
15/18,4091,0.899292531806298
15/18,4092,0.898475802911662
15/18,4093,0.905198468967308
15/18,4094,0.9099198973412603
15/18,4095,0.9011642623285996
15/18,4096,0.8946521806520786
15/18,4097,0.9037604664837019
15/18,4098,0.8944911636925822
15/18,4099,0.8943134770463357
15/18,4100,0.8977672115321155
15/18,4101,0.9022436476949512
15/18,4102,0.9045388211773898
15/18,4103,0.8997793431499644
15/18,4104,0.9034751943566695
15/18,4105,0.9030362927323892
15/18,4106,0.9037983134304733
15/18,4107,0.903937483053264
15/18,4108,0.9056143380083418
15/18,4109,0.9004571509306245
15/18,4110,0.8954709314000694
15/18,4111,0.9047162488886547
15/18,4112,0.8981289576211898
15/18,4113,0.9024147857992573
15/18,4114,0.8995258337513399
15/18,4115,0.8955538280686709
15/18,4116,0.9045375067847047
15/18,4117,0.9072623834094967
15/18,4118,0.9013640595681793
15/18,4119,0.8939143918483974
15/18,4120,0.9076413895688139
15/18,4121,0.8988211683536664
15/18,4122,0.8989241475024882
15/18,4123,0.8995980957286263
15/18,4124,0.9003594846997443
15/18,4125,0.8931171375621515
15/18,4126,0.898631304601554
15/18,4127,0.8986467122763485
15/18,4128,0.895798114275354
15/18,4129,0.8905544248048439
15/18,4130,0.9032858593052193
15/18,4131,0.8984184639380972
15/18,4132,0.9076777874080831
15/18,4133,0.8927868663862474
15/18,4134,0.8962808069897338
15/18,4135,0.8996462619738637
15/18,4136,0.8968206885382002
15/18,4137,0.8989174861774659
15/18,4138,0.90009973116874
15/18,4139,0.9010178367970936
15/18,4140,0.9068950658027886
15/18,4141,0.9031558729412327
15/18,4142,0.8994148136597394
15/18,4143,0.9031379919577746
15/18,4144,0.8898940437048988
15/18,4145,0.8936228163367379
15/18,4146,0.8976708312857987
15/18,4147,0.8989673337577958
15/18,4148,0.906361985924306
15/18,4149,0.8998061955434591
15/18,4150,0.9040573111049057
15/18,4151,0.9016519556201259
15/18,4152,0.8879570326936888
15/18,4153,0.8993033689994315
15/18,4154,0.9014733262447022
15/18,4155,0.9020038630687135
15/18,4156,0.8992482867735946
15/18,4157,0.8992059519649548
15/18,4158,0.9021893693537414
15/18,4159,0.9002166870404027
15/18,4160,0.8930746749667181
15/18,4161,0.8984157552033827
15/18,4162,0.9038442256078391
15/18,4163,0.8919796099056513
15/18,4164,0.9051794516501404
15/18,4165,0.9006642511759869
15/18,4166,0.9027729463863402
15/18,4167,0.9001001752485243
15/18,4168,0.8977644067447819
15/18,4169,0.9043174051297452
15/18,4170,0.9030465334176941
15/18,4171,0.8965714074958354
15/18,4172,0.8982653488258898
15/18,4173,0.8996927780834688
15/18,4174,0.894655710394855
15/18,4175,0.9033646693479745
15/18,4176,0.8995343975028568
15/18,4177,0.9014410632202413
15/18,4178,0.9071094273158448
15/18,4179,0.9086374882860785
15/18,4180,0.9039376064215903
15/18,4181,0.8965898771783221
15/18,4182,0.9000136770440907
15/18,4183,0.8882188105711004
15/18,4184,0.900764815761555
15/18,4185,0.8962202464040175
15/18,4186,0.8969032174246745
15/18,4187,0.9035392984985248
15/18,4188,0.9002156314107025
15/18,4189,0.8950311287698236
15/18,4190,0.9060120554947655
15/18,4191,0.9015907229299891
15/18,4192,0.8999294863788758
15/18,4193,0.900034260487347
15/18,4194,0.9055645432921301
15/18,4195,0.8997689587564086
15/18,4196,0.89638669975152
15/18,4197,0.9017145718136776
15/18,4198,0.8992914849792055
15/18,4199,0.9043413485017504
15/18,4200,0.9100056841704453
15/18,4201,0.8956128956152424
15/18,4202,0.9007624737836343
15/18,4203,0.8988953765044266
15/18,4204,0.8971376136551661
15/18,4205,0.9048521517375451
15/18,4206,0.8981030854138898
15/18,4207,0.9018601445043984
15/18,4208,0.8955921669194457
15/18,4209,0.9004736716089301
15/18,4210,0.900283355391977
15/18,4211,0.8971024083888111
15/18,4212,0.8966253783967844
15/18,4213,0.9029282381999816
15/18,4214,0.9038978451487917
15/18,4215,0.8981926972653056
15/18,4216,0.9011598412949877
15/18,4217,0.9014487530493355
15/18,4218,0.9014603251593855
15/18,4219,0.8994997410500112
15/18,4220,0.8961055368684366
15/18,4221,0.8977040824154028
15/18,4222,0.9008473587925812
15/18,4223,0.9039288628287571
15/18,4224,0.8981703998723801
15/18,4225,0.8994618913662404
15/18,4226,0.9062518165363621
15/18,4227,0.8970356137312296
15/18,4228,0.9017843720744968
15/18,4229,0.8986239989412328
15/18,4230,0.902901462373351
15/18,4231,0.8956088396102958
15/18,4232,0.9081180598752642
15/18,4233,0.8958216312489642
15/18,4234,0.89573014744357
15/18,4235,0.8985854106742286
15/18,4236,0.8974744717442485
15/18,4237,0.8920687874957931
15/18,4238,0.9015261390646396
15/18,4239,0.8979624140020199
15/18,4240,0.8973132866181854
15/18,4241,0.8996515398041602
15/18,4242,0.9049870415987797
15/18,4243,0.8928364219547235
15/18,4244,0.9001588568237407
15/18,4245,0.9030312396257497
15/18,4246,0.9002330505034515
15/18,4247,0.8989452698962408
15/18,4248,0.8943432388361167
15/18,4249,0.9051858074768053
15/18,4250,0.894635972459573
15/18,4251,0.8975002976708658
15/18,4252,0.8987749679127411
15/18,4253,0.9017590111285143
15/18,4254,0.8941524979779121
15/18,4255,0.8979523012884042
15/18,4256,0.8996787648851079
15/18,4257,0.8941916757520918
15/18,4258,0.8998972894668515
15/18,4259,0.9045800835659719
15/18,4260,0.9037050099451853
15/18,4261,0.8967256430608165
15/18,4262,0.9015996568450872
15/18,4263,0.9042407692468598
15/18,4264,0.903733378333029
15/18,4265,0.89888828442844
15/18,4266,0.900564451757932
15/18,4267,0.9004858639314242
15/18,4268,0.902647875698071
15/18,4269,0.906817357787901
15/18,4270,0.9091915409962279
15/18,4271,0.9021673141138538
15/18,4272,0.9064317563885603
15/18,4273,0.8971486044518754
15/18,4274,0.9053864451796039
15/18,4275,0.9019837750616044
15/18,4276,0.8967453897643333
15/18,4277,0.900874085030286
15/18,4278,0.9037745757152678
15/18,4279,0.9045700273336198
15/18,4280,0.901015189285038
15/18,4281,0.8994978052766333
15/18,4282,0.896219188227787
15/18,4283,0.9005366073980147
15/18,4284,0.9014904492863384
15/18,4285,0.9062301959760307
15/18,4286,0.9011405982845951
15/18,4287,0.9054718046669378
15/18,4288,0.8931639741699162
15/18,4289,0.9031650902744768
15/18,4290,0.9103979821475838
15/18,4291,0.9032429816409785
15/18,4292,0.9055926758350458
15/18,4293,0.8963626181536706
15/18,4294,0.8987361130597654
15/18,4295,0.8973805265645115
15/18,4296,0.8988713143281493
15/18,4297,0.9028380346205662
15/18,4298,0.8949326350594549
15/18,4299,0.8966139673156511
15/18,4300,0.9041220483019586
15/18,4301,0.9021189675702802
15/18,4302,0.8899189136725354
15/18,4303,0.9040555552408991
15/18,4304,0.9003990930604555
15/18,4305,0.8965842744302817
15/18,4306,0.8984663379883558
15/18,4307,0.8943823291383084
15/18,4308,0.9020381905465285
15/18,4309,0.8964440783441863
15/18,4310,0.8976209942936804
15/18,4311,0.9010462066145896
15/18,4312,0.901609100112775
15/18,4313,0.9003007569936882
15/18,4314,0.9053035120063501
15/18,4315,0.8965571101639781
15/18,4316,0.9035529618184983
15/18,4317,0.8976380005746408
15/18,4318,0.9019887550235653
15/18,4319,0.8984688072677112
15/18,4320,0.8968784493120193
15/18,4321,0.9007134858463752
15/18,4322,0.8959996230988663
15/18,4323,0.9001027920401284
15/18,4324,0.8942458106052057
15/18,4325,0.9054444110347365
15/18,4326,0.9031069355975362
15/18,4327,0.8948132210828007
15/18,4328,0.8981309425983068
15/18,4329,0.9027591931717752
15/18,4330,0.9004058663660294
15/18,4331,0.9030051859730284
15/18,4332,0.904028523813837
15/18,4333,0.8977216732050606
15/18,4334,0.9001291166541608
15/18,4335,0.8986609989444152
15/18,4336,0.9051578059011213
15/18,4337,0.895769272503582
15/18,4338,0.8965483742357878
15/18,4339,0.9041328781060881
15/18,4340,0.8976968138095173
15/18,4341,0.9029206925381604
15/18,4342,0.8893950342056706
15/18,4343,0.896181641319673
15/18,4344,0.8850839647131931
15/18,4345,0.8947029757083728
15/18,4346,0.8839410205133729
15/18,4347,0.9027651684300128
15/18,4348,0.9005719043395423
15/18,4349,0.9008182317351124
15/18,4350,0.8953634235509859
15/18,4351,0.8981900461833441
15/18,4352,0.8991180808802646
15/18,4353,0.8976155879375831
15/18,4354,0.9032401609270125
15/18,4355,0.901000410961351
15/18,4356,0.9003537836721219
15/18,4357,0.8999957870458722
15/18,4358,0.8929930654497771
15/18,4359,0.8993637148154948
15/18,4360,0.9069244973497452
15/18,4361,0.8946944174242691
15/18,4362,0.8989565052797179
15/18,4363,0.9033215452495513
15/18,4364,0.8999029687325737
15/18,4365,0.9001854810575133
15/18,4366,0.8931700455776126
15/18,4367,0.9005572236926846
15/18,4368,0.8983323874034795
15/18,4369,0.8944604339319774
15/18,4370,0.9060050209775808
15/18,4371,0.8996435806629369
15/18,4372,0.9084257962842126
15/18,4373,0.9056570619379263
15/18,4374,0.8979513120820943
15/18,4375,0.9006096367999858
15/18,4376,0.8958009088176107
15/18,4377,0.9044397109037382
15/18,4378,0.8985409688346493
15/18,4379,0.8974510870055291
15/18,4380,0.9029606118401419
15/18,4381,0.8926482439866209
15/18,4382,0.9026888597060216
15/18,4383,0.8987053218434949
15/18,4384,0.8938647791148843
15/18,4385,0.9017472215270309
15/18,4386,0.8997499257577344
15/18,4387,0.9050190139560131
15/18,4388,0.8968580569932146
15/18,4389,0.9006814212981248
15/18,4390,0.8965220296346947
15/18,4391,0.9002097838528569
15/18,4392,0.8953188979343263
15/18,4393,0.8961245631589903
15/18,4394,0.903059585359562
15/18,4395,0.8954282627837418
15/18,4396,0.8969041308321337
15/18,4397,0.8976170982049987
15/18,4398,0.9013799357688403
15/18,4399,0.8993097526722127
15/18,4400,0.9006808003937046
15/18,4401,0.9051071416890868
15/18,4402,0.9071901043067152
15/18,4403,0.8900673677465734
15/18,4404,0.8962463591718223
15/18,4405,0.8998392614460771
15/18,4406,0.9068788841977362
15/18,4407,0.9053072082625637
15/18,4408,0.9013405682295211
15/18,4409,0.9024171590893197
15/18,4410,0.9021248297225775
15/18,4411,0.9080150011907285
15/18,4412,0.9031428386457583
15/18,4413,0.8994468929493051
15/18,4414,0.8940244733507946
15/18,4415,0.907204119361171
15/18,4416,0.9022291140597227
15/18,4417,0.9022682119359855
15/18,4418,0.906655246260145
15/18,4419,0.9002153678052018
15/18,4420,0.9006777024199043
15/18,4421,0.8951444158589664
15/18,4422,0.8958680759259425
15/18,4423,0.9011736257749914
15/18,4424,0.898032160945046
15/18,4425,0.8946209038322576
15/18,4426,0.9049367141398384
15/18,4427,0.8987377536473649
15/18,4428,0.8976285075519238
15/18,4429,0.904791720664855
15/18,4430,0.9010287945117877
15/18,4431,0.9037607947260518
15/18,4432,0.9023972716343949
15/18,4433,0.8963830089055976
15/18,4434,0.8965966407449579
15/18,4435,0.9018592873380767
15/18,4436,0.9028339450619601
15/18,4437,0.9037056138864479
15/18,4438,0.8974619403558627
15/18,4439,0.9065252870729292
15/18,4440,0.9085227192450542
15/18,4441,0.8977387999205444
15/18,4442,0.9028897184244357
15/18,4443,0.8918076849690524
15/18,4444,0.9038873029697747
15/18,4445,0.8833924489917753
15/18,4446,0.8998751477941727
15/18,4447,0.8943982354824804
15/18,4448,0.9064906516746964
15/18,4449,0.8998292264358134
15/18,4450,0.8981749909354121
15/18,4451,0.9002230387306367
15/18,4452,0.9013035187863787
15/18,4453,0.8970348285855687
15/18,4454,0.8988071567476814
15/18,4455,0.8983305131907662
15/18,4456,0.8980703475987754
15/18,4457,0.8967592026370645
15/18,4458,0.8985122763594585
15/18,4459,0.8985465241469318
15/18,4460,0.9018716015759619
15/18,4461,0.9039131672248307
15/18,4462,0.8980264422775497
15/18,4463,0.8944422974453693
15/18,4464,0.8964719670407171
15/18,4465,0.9037930666288605
15/18,4466,0.9013137572838386
15/18,4467,0.8942910765263464
15/18,4468,0.9031404534951878
15/18,4469,0.9060799869901022
15/18,4470,0.9023361135923583
15/18,4471,0.8977707004315938
15/18,4472,0.8986796595761587
15/18,4473,0.895095364777598
15/18,4474,0.9064908373100787
15/18,4475,0.9077091005159967
15/18,4476,0.9018351466988089
15/18,4477,0.8974577543508104
15/18,4478,0.8952489789288886
15/18,4479,0.900648195207761
15/18,4480,0.9002309650747097
15/18,4481,0.9061000783907875
15/18,4482,0.9095146994132156
15/18,4483,0.8918993526748162
15/18,4484,0.9040205174411621
15/18,4485,0.89556756416983
15/18,4486,0.8994039390133755
15/18,4487,0.8954679540010911
15/18,4488,0.9000084484701248
15/18,4489,0.9072319893218304
15/18,4490,0.90524198826012
15/18,4491,0.9049100880783139
15/18,4492,0.8910019419186559
15/18,4493,0.8996485158412549
15/18,4494,0.902068663448624
15/18,4495,0.8975687348623662
15/18,4496,0.8927797552240979
15/18,4497,0.9043890149680116
15/18,4498,0.9029645980876897
15/18,4499,0.8935261319556136
15/18,4500,0.8944610975212435
15/18,4501,0.8970637149357273
15/18,4502,0.9050368337265781
15/18,4503,0.8970934757657586
15/18,4504,0.9031119393842947
15/18,4505,0.8928377040307742
15/18,4506,0.9002975342900967
15/18,4507,0.8983530189508843
15/18,4508,0.8994939790420892
15/18,4509,0.9003208128753248
15/18,4510,0.9041563612661807
15/18,4511,0.9043361898342241
15/18,4512,0.8966588899252826
15/18,4513,0.9036305165903096
15/18,4514,0.9095671956213514
15/18,4515,0.898402301021026
15/18,4516,0.8942550826814756
15/18,4517,0.9003651007158566
15/18,4518,0.9034736095927458
15/18,4519,0.9053921794525491
15/18,4520,0.9040622302188784
15/18,4521,0.9021846930633277
15/18,4522,0.9040055326899497
15/18,4523,0.9009397955011847
15/18,4524,0.8952378312762147
15/18,4525,0.9016749764891827
15/18,4526,0.8922743177203497
15/18,4527,0.9021711494816289
15/18,4528,0.9004907722348324
15/18,4529,0.9042912238047844
15/18,4530,0.8984126271737387
15/18,4531,0.9022625974174536
15/18,4532,0.8976241867748195
15/18,4533,0.9002796428993607
15/18,4534,0.9010627510425572
15/18,4535,0.8970000129216184
15/18,4536,0.8972888853567244
15/18,4537,0.8925275118226041
15/18,4538,0.8985114106964187
15/18,4539,0.9029124948865304
15/18,4540,0.9057125846961849
15/18,4541,0.8962681591389664
15/18,4542,0.8978475745352169
15/18,4543,0.899924527023569
15/18,4544,0.9006734308172389
15/18,4545,0.8917054941094924
15/18,4546,0.9009347594146666
15/18,4547,0.8950338711911989
15/18,4548,0.9065933019551254
15/18,4549,0.9009154601747548
15/18,4550,0.8937083865701383
15/18,4551,0.9029978046798778
15/18,4552,0.9019903810790557
15/18,4553,0.899294686513195
15/18,4554,0.902263226809876
15/18,4555,0.901932416903985
15/18,4556,0.9026780539176087
15/18,4557,0.900575663213026
15/18,4558,0.9054695269218532
15/18,4559,0.9056280288992453
15/18,4560,0.8990919192268142
15/18,4561,0.8971477043843203
15/18,4562,0.8981879823653904
15/18,4563,0.9045968733897088
15/18,4564,0.9028066663851153
15/18,4565,0.8933858029340903
15/18,4566,0.8880231251840667
15/18,4567,0.9003664182950114
15/18,4568,0.8951209208831588
15/18,4569,0.9063272365811975
15/18,4570,0.899995225133203
15/18,4571,0.9028834102445845
15/18,4572,0.8969170171668396
15/18,4573,0.8954500927335948
15/18,4574,0.9023826212632953
15/18,4575,0.8994488383247395
15/18,4576,0.9004650524102529
15/18,4577,0.9014446104385424
15/18,4578,0.9042177354003456
15/18,4579,0.899976474399361
15/18,4580,0.9044132331454683
15/18,4581,0.9078857779436893
15/18,4582,0.9002187536312546
15/18,4583,0.9048771335192896
15/18,4584,0.8937509581280512
15/18,4585,0.8941880844236337
15/18,4586,0.9033094344370612
15/18,4587,0.8939284626008243
15/18,4588,0.9076313813277902
15/18,4589,0.8965753425137415
15/18,4590,0.896502084291719
15/18,4591,0.9083819602453778
15/18,4592,0.8949243916952304
15/18,4593,0.901501600268761
15/18,4594,0.8954415658176067
15/18,4595,0.9032441852699972
15/18,4596,0.9058022995555071
15/18,4597,0.8966549218087225
15/18,4598,0.8917648521365843
15/18,4599,0.9012481016464565
15/18,4600,0.8971358767551444
15/18,4601,0.8976881434284999
15/18,4602,0.8963305810485402
15/18,4603,0.9009136584850571
15/18,4604,0.9064640911399836
15/18,4605,0.9000653627443918
15/18,4606,0.9028454741967917
15/18,4607,0.8934402800022347
15/18,4608,0.8965835559980291
15/18,4609,0.9042338085260452
15/18,4610,0.8971774510079799
15/18,4611,0.8960022026820402
15/18,4612,0.8949187281500914
15/18,4613,0.9011193894569043
15/18,4614,0.9011531097289406
15/18,4615,0.9017148906431814
15/18,4616,0.8930599267524769
15/18,4617,0.8988881565783028
15/18,4618,0.8914997030309225
15/18,4619,0.9047363577024312
15/18,4620,0.8987232512497921
15/18,4621,0.9007513939722891
15/18,4622,0.893445589043731
15/18,4623,0.9067725262648725
15/18,4624,0.8974240650404641
15/18,4625,0.9014252825600358
15/18,4626,0.8972612174657322
15/18,4627,0.8950871035700115
15/18,4628,0.8962498369300408
15/18,4629,0.8997504233363237
15/18,4630,0.8953017795135708
15/18,4631,0.9010352701718701
15/18,4632,0.8961614738123972
15/18,4633,0.9041199800103421
15/18,4634,0.9009435940080868
15/18,4635,0.8963249008618651
15/18,4636,0.9041118364573779
15/18,4637,0.8963176387858263
15/18,4638,0.8990228453469394
15/18,4639,0.896680163263941
15/18,4640,0.8946680770243791
15/18,4641,0.8991019115129985
15/18,4642,0.9027653024308353
15/18,4643,0.9037357515177918
15/18,4644,0.9074596110220786
15/18,4645,0.8971939690399521
15/18,4646,0.8953132694369771
15/18,4647,0.9078784118369136
15/18,4648,0.8936374197290761
15/18,4649,0.9030324852808014
15/18,4650,0.8949591493560426
15/18,4651,0.8964678555714256
15/18,4652,0.9013839440853739
15/18,4653,0.8958933486829235
15/18,4654,0.912285551821715
15/18,4655,0.8963023626568614
15/18,4656,0.896214445914258
15/18,4657,0.8984617738670365
15/18,4658,0.8989423683192579
15/18,4659,0.9028781630590539
15/18,4660,0.9052988759145887
15/18,4661,0.8939556389642306
15/18,4662,0.9015476704317636
15/18,4663,0.8974504314829702
15/18,4664,0.8988753402199195
15/18,4665,0.9044146607004774
15/18,4666,0.9008821880358946
15/18,4667,0.9036253925833697
15/18,4668,0.8970750617758827
15/18,4669,0.8998467770026893
15/18,4670,0.8959071709316714
15/18,4671,0.8979448441990792
15/18,4672,0.9048800656406272
15/18,4673,0.8968034672281081
15/18,4674,0.8994944262970898
15/18,4675,0.8960509024639856
15/18,4676,0.8989018105008745
15/18,4677,0.9042188845076837
15/18,4678,0.8981067785804494
15/18,4679,0.8984535286415825
15/18,4680,0.8994643256099842
15/18,4681,0.8916448746014403
15/18,4682,0.8945910132704266
15/18,4683,0.9017851411876769
15/18,4684,0.9056504074915681
15/18,4685,0.9017306911520387
15/18,4686,0.903472455655303
15/18,4687,0.8999811888930037
15/18,4688,0.9070455709274174
15/18,4689,0.9046023988759303
15/18,4690,0.9006079012062639
15/18,4691,0.8963927812145042
15/18,4692,0.8960529592620681
15/18,4693,0.8977658587790295
15/18,4694,0.895334159652167
15/18,4695,0.8963558420344625
15/18,4696,0.9046617607829909
15/18,4697,0.8932825692569326
15/18,4698,0.8903397627671651
15/18,4699,0.900688019036434
15/18,4700,0.8940750286673017
15/18,4701,0.9015422966592784
15/18,4702,0.8980524568265207
15/18,4703,0.9059072650146351
15/18,4704,0.9061276939493283
15/18,4705,0.9030252244309694
15/18,4706,0.8976354208720594
15/18,4707,0.8990877260283784
15/18,4708,0.9027909430693578
15/18,4709,0.9006442960241507
15/18,4710,0.9106203081112447
15/18,4711,0.9011018417285668
15/18,4712,0.8950372463396221
15/18,4713,0.8982954668019816
15/18,4714,0.9082599544911102
15/18,4715,0.9023198066155287
15/18,4716,0.9023225610488709
15/18,4717,0.9015330867407924
15/18,4718,0.8933959266984762
15/18,4719,0.8996402935330758
15/18,4720,0.8919474157649344
15/18,4721,0.8998607752320863
15/18,4722,0.9039115543776414
15/18,4723,0.8946638961247119
15/18,4724,0.9020602539200128
15/18,4725,0.9004964392078246
15/18,4726,0.9050106958403606
15/18,4727,0.897452234009193
15/18,4728,0.9017157956169193
15/18,4729,0.9026475155526128
15/18,4730,0.9029175487532214
15/18,4731,0.8878571755874383
15/18,4732,0.9078519127148885
15/18,4733,0.8927231674240704
15/18,4734,0.8958542637576862
15/18,4735,0.8980416619905048
15/18,4736,0.8954853663616142
15/18,4737,0.9027323734658557
15/18,4738,0.9008969453660044
15/18,4739,0.9042915194197826
15/18,4740,0.8970454254148248
15/18,4741,0.8997406121179142
15/18,4742,0.9039602373650467
15/18,4743,0.8999265444869379
15/18,4744,0.8947965815433804
15/18,4745,0.8997439361215416
15/18,4746,0.890541184712215
15/18,4747,0.8986867768465994
15/18,4748,0.9066566013585226
15/18,4749,0.9016984634431243
15/18,4750,0.896823036551725
15/18,4751,0.8991459808216816
15/18,4752,0.8960443223543934
15/18,4753,0.9033671023104581
15/18,4754,0.8960478372684348
15/18,4755,0.8900717047008615
15/18,4756,0.9043575368634936
15/18,4757,0.896874811728491
15/18,4758,0.903752990408497
15/18,4759,0.8984976854743913
15/18,4760,0.8992463442411165
15/18,4761,0.8946535372421947
15/18,4762,0.9049492626537337
15/18,4763,0.9026572314588679
15/18,4764,0.9039715209935525
15/18,4765,0.9009338645402043
15/18,4766,0.9042637219469469
15/18,4767,0.9000800224782404
15/18,4768,0.8915805780046148
15/18,4769,0.9051980029586502
15/18,4770,0.9048870072522172
15/18,4771,0.898720406616255
15/18,4772,0.8925284841839847
15/18,4773,0.8957525380309523
15/18,4774,0.9006080640857729
15/18,4775,0.8909287600402116
15/18,4776,0.9018331322508906
15/18,4777,0.8984435708699213
15/18,4778,0.8931357104004587
15/18,4779,0.9063999518624082
15/18,4780,0.9084018632002717
15/18,4781,0.8935956160667053
15/18,4782,0.8913736972211087
15/18,4783,0.896018515808477
15/18,4784,0.8958841981798956
15/18,4785,0.9077886373021995
15/18,4786,0.8940546234402459
15/18,4787,0.8959499999903278
15/18,4788,0.8988225452485756
15/18,4789,0.8933055310475175
15/18,4790,0.9004547029899634
15/18,4791,0.9009311816826325
15/18,4792,0.901768665730701
15/18,4793,0.8989538227685391
15/18,4794,0.9013076929154668
15/18,4795,0.8971412968368788
15/18,4796,0.9019637608490515
15/18,4797,0.9030498515934395
15/18,4798,0.8988174222263112
15/18,4799,0.8961928002953938
15/18,4800,0.9038592953652783
15/18,4801,0.9098577653912409
15/18,4802,0.8990075737604242
15/18,4803,0.8941094674495004
15/18,4804,0.8944987635010615
15/18,4805,0.903798609287204
15/18,4806,0.8997350566328499
15/18,4807,0.8982192683490496
15/18,4808,0.9066937061383034
15/18,4809,0.9034422108810016
15/18,4810,0.8921331897177466
15/18,4811,0.8987914898017025
15/18,4812,0.8984065737128495
15/18,4813,0.8979474458343292
15/18,4814,0.89526707914115
15/18,4815,0.8939074059027058
15/18,4816,0.895010452343606
15/18,4817,0.9001497662131013
15/18,4818,0.8984676411712674
15/18,4819,0.9074957957391808
15/18,4820,0.8945066007471378
15/18,4821,0.9023734738594319
15/18,4822,0.9057904034528426
15/18,4823,0.9016467937506619
15/18,4824,0.9058084492576326
15/18,4825,0.9000402793210173
15/18,4826,0.9028842573342889
15/18,4827,0.901592237179271
15/18,4828,0.9002766516248465
15/18,4829,0.896571086620923
15/18,4830,0.8961714910725016
15/18,4831,0.898222243144685
15/18,4832,0.8999213438833942
15/18,4833,0.9037108225929297
15/18,4834,0.8960825469015441
15/18,4835,0.9054552000728482
15/18,4836,0.8888772202717188
15/18,4837,0.9011171895671798
15/18,4838,0.8931721630767482
15/18,4839,0.8936021294935285
15/18,4840,0.9001292609574323
15/18,4841,0.9024465768023741
15/18,4842,0.9006907045647916
15/18,4843,0.8961451290753119
15/18,4844,0.9008294747346527
15/18,4845,0.9023245751367719
15/18,4846,0.9004558366674792
15/18,4847,0.9020526060186744
15/18,4848,0.9042473140391031
15/18,4849,0.9048189817105942
15/18,4850,0.9011388252322257
15/18,4851,0.8979603333916305
15/18,4852,0.8980534352899903
15/18,4853,0.8971996714841802
15/18,4854,0.9010096597735258
15/18,4855,0.8980582913943419
15/18,4856,0.900084258543675
15/18,4857,0.8954114410598799
15/18,4858,0.8890772992291852
15/18,4859,0.8956641390069232
15/18,4860,0.8905037513306827
15/18,4861,0.8944422347840548
15/18,4862,0.8988455690498254
15/18,4863,0.903152998938882
15/18,4864,0.9012653486745323
15/18,4865,0.9003245494699817
15/18,4866,0.9003436896303542
15/18,4867,0.901553568569713
15/18,4868,0.9017896899267186
15/18,4869,0.8985699679035329
15/18,4870,0.9031385839696556
15/18,4871,0.8964351265373653
15/18,4872,0.8995333460954176
15/18,4873,0.9020149645771967
15/18,4874,0.8961247263875384
15/18,4875,0.9021662788566664
15/18,4876,0.8971172630289996
15/18,4877,0.9024900771106534
15/18,4878,0.9021484350046087
15/18,4879,0.8889718982336794
15/18,4880,0.9061189391894537
15/18,4881,0.8978185547673343
15/18,4882,0.9026538233824206
15/18,4883,0.9011279795281023
15/18,4884,0.9034286582068515
15/18,4885,0.9010475236250541
15/18,4886,0.8972841646623932
15/18,4887,0.9018059272905505
15/18,4888,0.9014857488967998
15/18,4889,0.8987550491699952
15/18,4890,0.900124446554937
15/18,4891,0.9008622595213944
15/18,4892,0.9062859222771598
15/18,4893,0.8970148372850321
15/18,4894,0.8966152871549347
15/18,4895,0.9006091558152288
15/18,4896,0.9025812788021366
15/18,4897,0.9047168942156062
15/18,4898,0.9067087690713772
15/18,4899,0.8966374766085082
15/18,4900,0.8916215216743708
15/18,4901,0.8949911994484084
15/18,4902,0.9009054277230548
15/18,4903,0.8959039669140043
15/18,4904,0.899588585509785
15/18,4905,0.8992549748949721
15/18,4906,0.8980079388625047
15/18,4907,0.9001235970815005
15/18,4908,0.903148774610861
15/18,4909,0.903983362965097
15/18,4910,0.8978126230315967
15/18,4911,0.9014146684071455
15/18,4912,0.8994529503731257
15/18,4913,0.9011496439957528
15/18,4914,0.8879195589128084
15/18,4915,0.9023919733563123
15/18,4916,0.9115321331406349
15/18,4917,0.8961857953935337
15/18,4918,0.9025037023604899
15/18,4919,0.899508752993094
15/18,4920,0.900789932802512
15/18,4921,0.8938262562509883
15/18,4922,0.9013346109295067
15/18,4923,0.9035088479067003
15/18,4924,0.9041266147820533
15/18,4925,0.8891113734027278
15/18,4926,0.901992651387144
15/18,4927,0.9020817847174228
15/18,4928,0.8966212408716878
15/18,4929,0.8938401935612103
15/18,4930,0.892642121899343
15/18,4931,0.8930205185697725
15/18,4932,0.9017700782447854
15/18,4933,0.900343217915883
15/18,4934,0.8997168170178754
15/18,4935,0.8924665206610212
15/18,4936,0.8963147867426416
15/18,4937,0.9045187271111972
15/18,4938,0.8970660210225524
15/18,4939,0.8888783343560793
15/18,4940,0.8956595499822968
15/18,4941,0.902187752645539
15/18,4942,0.9027110214371136
15/18,4943,0.8956104704980489
15/18,4944,0.9030553507755217
15/18,4945,0.9044879298628679
15/18,4946,0.8964473825756444
15/18,4947,0.8916428008543528
15/18,4948,0.8997996514765106
15/18,4949,0.90826779322945
15/18,4950,0.9047587797625327
15/18,4951,0.8932308310095284
15/18,4952,0.9050622116851299
15/18,4953,0.894448398774466
15/18,4954,0.8963056459602076
15/18,4955,0.9059664465818378
15/18,4956,0.9034266356769378
15/18,4957,0.9014056961638015
15/18,4958,0.8904344465694211
15/18,4959,0.9013882494898894
15/18,4960,0.9019293344225886
15/18,4961,0.8974585619615774
15/18,4962,0.8953153253460245
15/18,4963,0.9044346969523389
15/18,4964,0.9054687125723773
15/18,4965,0.8938673898763836
15/18,4966,0.9053861775382892
15/18,4967,0.8994880642657083
15/18,4968,0.9029731441196732
15/18,4969,0.9029122495295769
15/18,4970,0.8957769098214305
15/18,4971,0.8984200882976603
15/18,4972,0.8994214513573651
15/18,4973,0.9000023504966124
15/18,4974,0.8979326241692557
15/18,4975,0.899410396928269
15/18,4976,0.9047586598113894
15/18,4977,0.9044784484917344
15/18,4978,0.9042331560363434
15/18,4979,0.8959599743312144
15/18,4980,0.9039383170090655
15/18,4981,0.9037479565241614
15/18,4982,0.9012117227782636
15/18,4983,0.9042080643574435
15/18,4984,0.9061111828003864
15/18,4985,0.894396571776489
15/18,4986,0.903149510979558
15/18,4987,0.8968952431605409
15/18,4988,0.9011589021613037
15/18,4989,0.9031948307898553
15/18,4990,0.9036076638206201
15/18,4991,0.8945056785841188
15/18,4992,0.904477226763071
15/18,4993,0.8922664986507434
15/18,4994,0.9065412166060416
15/18,4995,0.9004177578045532
15/18,4996,0.8970636136578147
15/18,4997,0.8944006785093759
15/18,4998,0.8960212620026224
15/18,4999,0.9026020140219273
16/18,0,0.9046686233917157
16/18,1,0.9093197333484784
16/18,2,0.9039802970077653
16/18,3,0.9033488122514058
16/18,4,0.9022004310143585
16/18,5,0.9155613990289815
16/18,6,0.9015926343179825
16/18,7,0.9004421940638615
16/18,8,0.9016374453417911
16/18,9,0.8934738289724004
16/18,10,0.9097781749309395
16/18,11,0.9021636467785419
16/18,12,0.9042783446154407
16/18,13,0.9075390771036008
16/18,14,0.908766714599828
16/18,15,0.9131959632197292
16/18,16,0.9080435610178332
16/18,17,0.908273467059899
16/18,18,0.9053195178576415
16/18,19,0.9016412778057056
16/18,20,0.9030023071233252
16/18,21,0.9112496528393075
16/18,22,0.9012625617767345
16/18,23,0.902064354813892
16/18,24,0.8941020823848141
16/18,25,0.9112754335219423
16/18,26,0.9040032335758336
16/18,27,0.8983365857355075
16/18,28,0.9164781871037997
16/18,29,0.9025714492383566
16/18,30,0.9035996308681058
16/18,31,0.9086567345517674
16/18,32,0.9011290999079088
16/18,33,0.9040987422704528
16/18,34,0.9022121594213263
16/18,35,0.9045683603429081
16/18,36,0.9045031386398573
16/18,37,0.9105772410498415
16/18,38,0.9020832413486571
16/18,39,0.9041514155661398
16/18,40,0.9052446906916256
16/18,41,0.9049708786103311
16/18,42,0.9016518792359233
16/18,43,0.9082608453099953
16/18,44,0.9069457982208745
16/18,45,0.8982866286969068
16/18,46,0.9043341805265411
16/18,47,0.9130939748253718
16/18,48,0.909158087793251
16/18,49,0.8999902899942822
16/18,50,0.9084494815834052
16/18,51,0.9082340349426209
16/18,52,0.9073752914979392
16/18,53,0.8944946920646895
16/18,54,0.9118440942271935
16/18,55,0.9025697445621532
16/18,56,0.9032092698130108
16/18,57,0.9057761503247057
16/18,58,0.903520644702321
16/18,59,0.9028269386846821
16/18,60,0.908150013200577
16/18,61,0.9129127849673621
16/18,62,0.9102646064009037
16/18,63,0.9030926025548183
16/18,64,0.906803379646098
16/18,65,0.908067576536173
16/18,66,0.9128955919468882
16/18,67,0.9027588127877552
16/18,68,0.9064705281609566
16/18,69,0.9140401293052237
16/18,70,0.908967785600717
16/18,71,0.9042552568588698
16/18,72,0.9132529325327651
16/18,73,0.8993297457747245
16/18,74,0.9055105789895626
16/18,75,0.8987622941016294
16/18,76,0.9166915194223315
16/18,77,0.9095689961449802
16/18,78,0.9096313183454001
16/18,79,0.907518238855971
16/18,80,0.9058342360337691
16/18,81,0.8999738768959665
16/18,82,0.9073010145500149
16/18,83,0.915964930005535
16/18,84,0.8954698499392281
16/18,85,0.9021742002978294
16/18,86,0.9060585384062887
16/18,87,0.9040695557355839
16/18,88,0.9050835847041896
16/18,89,0.8980681053186685
16/18,90,0.9040039617155208
16/18,91,0.9122251316822232
16/18,92,0.8905897727475085
16/18,93,0.9050734526881622
16/18,94,0.9016941277685762
16/18,95,0.9147352152981114
16/18,96,0.9016444856947917
16/18,97,0.9074336460469571
16/18,98,0.9102738805916555
16/18,99,0.9020900851612196
16/18,100,0.9058984037342432
16/18,101,0.9096235323708196
16/18,102,0.9029564821356607
16/18,103,0.9161485198020791
16/18,104,0.9078149069683006
16/18,105,0.89651203453359
16/18,106,0.9059593548928078
16/18,107,0.9066350898594513
16/18,108,0.9059164576956623
16/18,109,0.9063892193536726
16/18,110,0.8987196461683267
16/18,111,0.9085489634500926
16/18,112,0.9083112872565547
16/18,113,0.9031856072060525
16/18,114,0.8963571718196087
16/18,115,0.909750947177583
16/18,116,0.9056193474812108
16/18,117,0.9089037394367329
16/18,118,0.9082586826128861
16/18,119,0.899332526623893
16/18,120,0.9065257352919758
16/18,121,0.9035817545336486
16/18,122,0.8991422756649001
16/18,123,0.9050498524551327
16/18,124,0.9008639256686175
16/18,125,0.9127458969420692
16/18,126,0.9071061885584241
16/18,127,0.9124895711568157
16/18,128,0.898744404132183
16/18,129,0.9082009132029972
16/18,130,0.8952003370140115
16/18,131,0.905772785590853
16/18,132,0.8933735347469605
16/18,133,0.9053363797576554
16/18,134,0.9052719758831679
16/18,135,0.9026895504719749
16/18,136,0.906029043528585
16/18,137,0.9083778351302157
16/18,138,0.9117624301069354
16/18,139,0.9080217943031486
16/18,140,0.9098412348433234
16/18,141,0.9009524462835367
16/18,142,0.8990159991987574
16/18,143,0.9081283720900727
16/18,144,0.906896328337605
16/18,145,0.9067718117992372
16/18,146,0.9030891496894148
16/18,147,0.9137130914743987
16/18,148,0.9040377174036829
16/18,149,0.9048542372576768
16/18,150,0.9107568834307425
16/18,151,0.9054924874401888
16/18,152,0.911495432108949
16/18,153,0.9040320689050337
16/18,154,0.8979031816338593
16/18,155,0.9097221051393513
16/18,156,0.9024653516902251
16/18,157,0.9048367203829351
16/18,158,0.9067598667603921
16/18,159,0.8960909691384754
16/18,160,0.9106427019955994
16/18,161,0.9017979912574534
16/18,162,0.9112230023886279
16/18,163,0.9050998075535115
16/18,164,0.9019284209245053
16/18,165,0.9106435884958081
16/18,166,0.914456484552814
16/18,167,0.8999253054521911
16/18,168,0.900879576780227
16/18,169,0.9044999375967206
16/18,170,0.9113371322234538
16/18,171,0.9100560887908157
16/18,172,0.8995556603204613
16/18,173,0.9039584360803228
16/18,174,0.9034703754217961
16/18,175,0.9040535406336206
16/18,176,0.914640864240231
16/18,177,0.9015667803484068
16/18,178,0.902754203093644
16/18,179,0.9248764599108411
16/18,180,0.8992514805948597
16/18,181,0.8993336245021099
16/18,182,0.8989498784932555
16/18,183,0.9000132081253075
16/18,184,0.9026022162094904
16/18,185,0.9153950776802495
16/18,186,0.9105538345888623
16/18,187,0.9011385655999589
16/18,188,0.9161382918617298
16/18,189,0.8990362298669297
16/18,190,0.9051611269178218
16/18,191,0.9091778639933377
16/18,192,0.9123309719127147
16/18,193,0.9032986265136661
16/18,194,0.914805018599783
16/18,195,0.9093765658134564
16/18,196,0.9018342776761477
16/18,197,0.9007682335158618
16/18,198,0.914701265697327
16/18,199,0.9039795009574149
16/18,200,0.9028900571060915
16/18,201,0.9055980747680232
16/18,202,0.9036337603059275
16/18,203,0.9106355784431666
16/18,204,0.8904517252686489
16/18,205,0.9050858329970581
16/18,206,0.9001317467291161
16/18,207,0.908083250749474
16/18,208,0.9028897128632504
16/18,209,0.9052244443044433
16/18,210,0.906710117747472
16/18,211,0.8958168723436191
16/18,212,0.9124172931440198
16/18,213,0.9031277298512936
16/18,214,0.897632613605562
16/18,215,0.9031452900138925
16/18,216,0.911175517724553
16/18,217,0.910003480117152
16/18,218,0.897094028441404
16/18,219,0.9044034449154822
16/18,220,0.909788113511594
16/18,221,0.9084898511375915
16/18,222,0.9064653388751224
16/18,223,0.8982618290972115
16/18,224,0.9072872732640715
16/18,225,0.9096337565735395
16/18,226,0.9127630395410588
16/18,227,0.9130658488101855
16/18,228,0.9043185177246245
16/18,229,0.9171590807686993
16/18,230,0.9128642634893757
16/18,231,0.9028430219631586
16/18,232,0.904136848082229
16/18,233,0.900668327686414
16/18,234,0.8989809478369818
16/18,235,0.9077457904609455
16/18,236,0.9034751422800652
16/18,237,0.903880699870701
16/18,238,0.9100714558953267
16/18,239,0.9094055720275341
16/18,240,0.9083525958411239
16/18,241,0.9007946201404414
16/18,242,0.8961314403152141
16/18,243,0.9094038272766022
16/18,244,0.9032649258030566
16/18,245,0.9036379667654278
16/18,246,0.9129564797176959
16/18,247,0.9094405735181773
16/18,248,0.9049381055740284
16/18,249,0.9160420481494469
16/18,250,0.9042200107742118
16/18,251,0.8975762300421573
16/18,252,0.9071980595667695
16/18,253,0.9012100970729845
16/18,254,0.9047371150519391
16/18,255,0.9013339335824568
16/18,256,0.9125433790439927
16/18,257,0.9135772492807641
16/18,258,0.9058955546707601
16/18,259,0.9017293093143106
16/18,260,0.9001406896183975
16/18,261,0.8994581232134439
16/18,262,0.9047536203852902
16/18,263,0.9131843647604603
16/18,264,0.8998323534064793
16/18,265,0.9033417256355111
16/18,266,0.9049691152657381
16/18,267,0.9041926269511699
16/18,268,0.9021540616454661
16/18,269,0.904679533129998
16/18,270,0.9157362962042849
16/18,271,0.9021625082138683
16/18,272,0.9110265837678108
16/18,273,0.9052498505275103
16/18,274,0.9129619203174237
16/18,275,0.9054562383022519
16/18,276,0.9065880904341128
16/18,277,0.9115133347040528
16/18,278,0.897649856921555
16/18,279,0.9108710344468308
16/18,280,0.9008214150364945
16/18,281,0.9182957149783189
16/18,282,0.9039173087478307
16/18,283,0.9164216526412031
16/18,284,0.9005569455938103
16/18,285,0.9028235872686649
16/18,286,0.8953668621325072
16/18,287,0.9084241729056448
16/18,288,0.9119379170704576
16/18,289,0.8969190016291457
16/18,290,0.9073343386452498
16/18,291,0.9053534148083319
16/18,292,0.9025769047634962
16/18,293,0.9056597522513798
16/18,294,0.8986255605041459
16/18,295,0.9065259029195931
16/18,296,0.9048186065764269
16/18,297,0.9103059303063231
16/18,298,0.8978026919377455
16/18,299,0.911811716418585
16/18,300,0.9096871160084137
16/18,301,0.9101814828359521
16/18,302,0.9029494770093995
16/18,303,0.8988152338595211
16/18,304,0.9063053442538905
16/18,305,0.9115131096278418
16/18,306,0.905867261997874
16/18,307,0.9027793614417285
16/18,308,0.9152574143977553
16/18,309,0.9064061250070596
16/18,310,0.9047619453989897
16/18,311,0.9043254677258711
16/18,312,0.909922652964846
16/18,313,0.9099775856173609
16/18,314,0.9150639632628209
16/18,315,0.9039414591321016
16/18,316,0.9053782132094426
16/18,317,0.9118586911555313
16/18,318,0.9112810142767408
16/18,319,0.9076243155152565
16/18,320,0.9013763957207919
16/18,321,0.9087668892831526
16/18,322,0.9036591974604413
16/18,323,0.9034257510648113
16/18,324,0.9160451991136578
16/18,325,0.9090357435977126
16/18,326,0.9119293237612311
16/18,327,0.9068077250702385
16/18,328,0.9053087502601591
16/18,329,0.9085702636588044
16/18,330,0.9155156613482309
16/18,331,0.9055915620434865
16/18,332,0.9024770895476776
16/18,333,0.9120984733114963
16/18,334,0.9061641970594386
16/18,335,0.910826729261401
16/18,336,0.914612615355292
16/18,337,0.9096716109174701
16/18,338,0.9081415912549508
16/18,339,0.9016205658933476
16/18,340,0.9066340353917741
16/18,341,0.9137616228939015
16/18,342,0.9123271843522268
16/18,343,0.9021799545368664
16/18,344,0.9077458839698826
16/18,345,0.9053466280316265
16/18,346,0.9045659939340543
16/18,347,0.909627746774949
16/18,348,0.9029750086502458
16/18,349,0.9079663600256473
16/18,350,0.908029159081122
16/18,351,0.9067501534577502
16/18,352,0.8988603609842615
16/18,353,0.9005934102461498
16/18,354,0.9034694592391653
16/18,355,0.9106988465503568
16/18,356,0.9126438020532647
16/18,357,0.9120230456992822
16/18,358,0.9055704044845808
16/18,359,0.9137779642799145
16/18,360,0.9129480684053597
16/18,361,0.9035161307275026
16/18,362,0.8993727429391337
16/18,363,0.9081702569561797
16/18,364,0.9058402214524112
16/18,365,0.8979781668606159
16/18,366,0.912629696005604
16/18,367,0.9034760436766467
16/18,368,0.9057375967044944
16/18,369,0.9017432939775247
16/18,370,0.9027947046416317
16/18,371,0.9126020818590738
16/18,372,0.9076678108111517
16/18,373,0.9101407776502856
16/18,374,0.9067290499480106
16/18,375,0.9009906830362134
16/18,376,0.9110903300172892
16/18,377,0.8997647040688345
16/18,378,0.9142662084956348
16/18,379,0.9049077770162359
16/18,380,0.8977280246808086
16/18,381,0.9068892721146511
16/18,382,0.9134187274290345
16/18,383,0.9040961017224334
16/18,384,0.9025874104332731
16/18,385,0.9036911382901366
16/18,386,0.9027323090214187
16/18,387,0.9137411142283121
16/18,388,0.9198850815709716
16/18,389,0.9062305413735791
16/18,390,0.9079962622369987
16/18,391,0.9109565364887063
16/18,392,0.9089708788115793
16/18,393,0.9123959239853491
16/18,394,0.9166599323748867
16/18,395,0.9183639509278054
16/18,396,0.9003081001464683
16/18,397,0.9023264982062881
16/18,398,0.9032858309292768
16/18,399,0.8915111003653237
16/18,400,0.9050707467674551
16/18,401,0.8964345363678943
16/18,402,0.9086029211725469
16/18,403,0.9083210744852825
16/18,404,0.9141429895492305
16/18,405,0.9072515201875042
16/18,406,0.8996234638461771
16/18,407,0.9137280809424054
16/18,408,0.9071083808471581
16/18,409,0.9067139935010243
16/18,410,0.9142582107770133
16/18,411,0.9110974123541549
16/18,412,0.8988203074992859
16/18,413,0.904484930366103
16/18,414,0.9065970805193361
16/18,415,0.9110815407884049
16/18,416,0.9072146557250436
16/18,417,0.9052549430348814
16/18,418,0.9004521066806722
16/18,419,0.9128699543615718
16/18,420,0.9020659394882178
16/18,421,0.9061515837773825
16/18,422,0.9068621678124582
16/18,423,0.9022158433831466
16/18,424,0.9066452920107336
16/18,425,0.9105236231018197
16/18,426,0.9118566145788157
16/18,427,0.9040286271251872
16/18,428,0.9002597923735517
16/18,429,0.8993091177246081
16/18,430,0.9000328328438724
16/18,431,0.8994379414181772
16/18,432,0.9077720812424331
16/18,433,0.9020620945288345
16/18,434,0.9017980706038693
16/18,435,0.9136566675916832
16/18,436,0.9072662021730529
16/18,437,0.9016612278217542
16/18,438,0.9202681587541153
16/18,439,0.8965691591263214
16/18,440,0.9070619437545734
16/18,441,0.9087124538612925
16/18,442,0.9054686244375413
16/18,443,0.9033875873911201
16/18,444,0.9094573192577603
16/18,445,0.9047986423778807
16/18,446,0.9104978702966839
16/18,447,0.9064406086905524
16/18,448,0.899474910048996
16/18,449,0.8966314254988274
16/18,450,0.9045814968715655
16/18,451,0.903380597654983
16/18,452,0.9064703712839972
16/18,453,0.9141446948983823
16/18,454,0.9064432678222766
16/18,455,0.9054795282553463
16/18,456,0.9076220766491503
16/18,457,0.9039535474036992
16/18,458,0.905101416751457
16/18,459,0.9091939383408937
16/18,460,0.898830213898516
16/18,461,0.902672530131819
16/18,462,0.9088314609023525
16/18,463,0.9095056301574456
16/18,464,0.9132101265576599
16/18,465,0.90651229911306
16/18,466,0.912739743047614
16/18,467,0.9052011786397003
16/18,468,0.910564926077671
16/18,469,0.9042978055780692
16/18,470,0.9199770510940022
16/18,471,0.914918254913318
16/18,472,0.8996435241116163
16/18,473,0.9025674222511859
16/18,474,0.9055916125643935
16/18,475,0.9005589473628481
16/18,476,0.9089758849898656
16/18,477,0.9025659914578256
16/18,478,0.9034474177530217
16/18,479,0.9056889776576978
16/18,480,0.9025943942953171
16/18,481,0.9115657522232442
16/18,482,0.9039562035480689
16/18,483,0.8984738588570562
16/18,484,0.901792469832402
16/18,485,0.9023488360985057
16/18,486,0.90359879409422
16/18,487,0.9069498066910732
16/18,488,0.9065858927821283
16/18,489,0.9024519204644008
16/18,490,0.8973316658577856
16/18,491,0.9128580245647974
16/18,492,0.9069417137742368
16/18,493,0.9028370886591107
16/18,494,0.9022717016650779
16/18,495,0.8953738535119437
16/18,496,0.8992196687731548
16/18,497,0.8986422729440681
16/18,498,0.9206765805149087
16/18,499,0.900456345750428
16/18,500,0.8995697152662517
16/18,501,0.905885761861527
16/18,502,0.9068887920500571
16/18,503,0.9088935958291465
16/18,504,0.9093513837421163
16/18,505,0.9078598736403769
16/18,506,0.8963504411683533
16/18,507,0.9093923581558112
16/18,508,0.9010639993078057
16/18,509,0.914129871013717
16/18,510,0.908485957442567
16/18,511,0.9002871898191099
16/18,512,0.9032768877871071
16/18,513,0.9091675093267989
16/18,514,0.9030501247541355
16/18,515,0.9048229514192606
16/18,516,0.9077887621654875
16/18,517,0.8976833612965639
16/18,518,0.9106084161145823
16/18,519,0.9025010305737466
16/18,520,0.9109012984474381
16/18,521,0.9076984077046646
16/18,522,0.8998036053207962
16/18,523,0.9040832432101839
16/18,524,0.9030764958300005
16/18,525,0.9027017446641853
16/18,526,0.9100004287667327
16/18,527,0.9073578643437338
16/18,528,0.9044061040936386
16/18,529,0.9117304151319219
16/18,530,0.8979208026392512
16/18,531,0.8992501954897913
16/18,532,0.8995576914144945
16/18,533,0.9052536202850289
16/18,534,0.9038095045013055
16/18,535,0.9023085724967147
16/18,536,0.9097707539650873
16/18,537,0.912021820156399
16/18,538,0.9140719310026545
16/18,539,0.9058639155876183
16/18,540,0.8926047215273724
16/18,541,0.9036920893013028
16/18,542,0.9059551592646137
16/18,543,0.903125212238936
16/18,544,0.8992898530640017
16/18,545,0.8846543222557833
16/18,546,0.9049370452954003
16/18,547,0.8996652361400829
16/18,548,0.9013385915049618
16/18,549,0.9047013572653192
16/18,550,0.9136344585411811
16/18,551,0.9120329449487143
16/18,552,0.8988690561368141
16/18,553,0.910697115718259
16/18,554,0.9084778531060469
16/18,555,0.9024033447475718
16/18,556,0.8970062694435808
16/18,557,0.9140362961377998
16/18,558,0.9037591139420241
16/18,559,0.9017480272440552
16/18,560,0.9038696922547087
16/18,561,0.9172166394479986
16/18,562,0.8992515527707996
16/18,563,0.907040658321215
16/18,564,0.9025052401985701
16/18,565,0.9122240977153382
16/18,566,0.9082460406991076
16/18,567,0.9094886701862128
16/18,568,0.9096731943917079
16/18,569,0.9095122284960682
16/18,570,0.9121940657306442
16/18,571,0.8933994282602586
16/18,572,0.9076851615674746
16/18,573,0.905054996400493
16/18,574,0.913815704290648
16/18,575,0.9129224550793303
16/18,576,0.9089628407482245
16/18,577,0.905348477565242
16/18,578,0.9101175730050851
16/18,579,0.9077852507025658
16/18,580,0.9124415621002582
16/18,581,0.9129732711494096
16/18,582,0.8975955154557012
16/18,583,0.909621378915802
16/18,584,0.9034860708543949
16/18,585,0.9098051848217577
16/18,586,0.9105646240245282
16/18,587,0.9080757517842564
16/18,588,0.9085466089693716
16/18,589,0.9070409477932309
16/18,590,0.9073383724889592
16/18,591,0.9009942906499359
16/18,592,0.9135633032437964
16/18,593,0.910485450805277
16/18,594,0.9005269010697161
16/18,595,0.899246121554305
16/18,596,0.9104980223168154
16/18,597,0.8991886063085672
16/18,598,0.9022335129228944
16/18,599,0.9023137997289328
16/18,600,0.9022424426514284
16/18,601,0.8972213063601386
16/18,602,0.9001546467081958
16/18,603,0.9043916070284385
16/18,604,0.9120932033052733
16/18,605,0.9077337918211049
16/18,606,0.9079313026464082
16/18,607,0.9038273961460725
16/18,608,0.9068939535357807
16/18,609,0.905142785261828
16/18,610,0.8985513843110061
16/18,611,0.9032471689345652
16/18,612,0.902274225436194
16/18,613,0.9083083798475123
16/18,614,0.8974681231124729
16/18,615,0.9065218505371306
16/18,616,0.8965769960442169
16/18,617,0.9032314047043798
16/18,618,0.9035775357986456
16/18,619,0.9099294255057397
16/18,620,0.9082109078645416
16/18,621,0.9024580933933967
16/18,622,0.9028025256987665
16/18,623,0.9155429724398317
16/18,624,0.9020476935614086
16/18,625,0.902158842657362
16/18,626,0.9063392546142337
16/18,627,0.9134030556899028
16/18,628,0.9075424447308565
16/18,629,0.9074654809150594
16/18,630,0.890621370309726
16/18,631,0.9223716776082383
16/18,632,0.9088840973423807
16/18,633,0.8979389155039357
16/18,634,0.9119283001204617
16/18,635,0.914029485028051
16/18,636,0.9000713969780882
16/18,637,0.9023536128562419
16/18,638,0.9037309331825856
16/18,639,0.9034080046864894
16/18,640,0.9054862752522499
16/18,641,0.899379196906468
16/18,642,0.8983866442924711
16/18,643,0.9037908235907854
16/18,644,0.9129977211276585
16/18,645,0.8975169654461512
16/18,646,0.9062991748032196
16/18,647,0.9128219464489811
16/18,648,0.9112429493654671
16/18,649,0.8990586424505438
16/18,650,0.9135650295183594
16/18,651,0.9048613742888628
16/18,652,0.9055625752197406
16/18,653,0.8950911085161504
16/18,654,0.9034987412992056
16/18,655,0.911337135574299
16/18,656,0.9109717502522248
16/18,657,0.9005860885484749
16/18,658,0.9037973396825468
16/18,659,0.9067988572160738
16/18,660,0.9089732073164144
16/18,661,0.9083701823430773
16/18,662,0.9039136210070855
16/18,663,0.9009219220284345
16/18,664,0.8984865035404873
16/18,665,0.9135444377934202
16/18,666,0.9107557990072653
16/18,667,0.9012546830720873
16/18,668,0.9119874842464766
16/18,669,0.9010662730276282
16/18,670,0.9104437068096878
16/18,671,0.9007570765398805
16/18,672,0.9039358983974799
16/18,673,0.90903108052175
16/18,674,0.9014765221751007
16/18,675,0.9064041608001784
16/18,676,0.9076324146493376
16/18,677,0.9021349552359349
16/18,678,0.9142358800003301
16/18,679,0.9064192360945172
16/18,680,0.9061127928146727
16/18,681,0.9076042460709128
16/18,682,0.9056021334495162
16/18,683,0.9010696676052492
16/18,684,0.9032021050266577
16/18,685,0.9038796015964958
16/18,686,0.9074600383058543
16/18,687,0.904986561623657
16/18,688,0.9063072046038702
16/18,689,0.912847370029007
16/18,690,0.9149346253108429
16/18,691,0.9007546977160054
16/18,692,0.9015872206798421
16/18,693,0.8929312534873303
16/18,694,0.900199377887109
16/18,695,0.9055955014183297
16/18,696,0.9144521565782255
16/18,697,0.9027180919584042
16/18,698,0.9051333186473155
16/18,699,0.8935400930482612
16/18,700,0.9020676644265513
16/18,701,0.9066483494038005
16/18,702,0.8956592208873361
16/18,703,0.9028067811575253
16/18,704,0.9105275368158859
16/18,705,0.8967044191661558
16/18,706,0.9061635104276522
16/18,707,0.9052073344074846
16/18,708,0.8975412208466899
16/18,709,0.9053433953606674
16/18,710,0.9103288098256263
16/18,711,0.8999492745900549
16/18,712,0.9164100249517034
16/18,713,0.9054783076264791
16/18,714,0.9071635180598022
16/18,715,0.9057665649526168
16/18,716,0.9114956037447022
16/18,717,0.9165945140006775
16/18,718,0.9092804450822649
16/18,719,0.912361857373402
16/18,720,0.903238803850247
16/18,721,0.9059465869673058
16/18,722,0.9064290560473727
16/18,723,0.9050440106653552
16/18,724,0.916941164330901
16/18,725,0.914275465690076
16/18,726,0.9050478135440303
16/18,727,0.9012073047377834
16/18,728,0.9131786321562122
16/18,729,0.8998622620128843
16/18,730,0.9059754466014205
16/18,731,0.9100523827931035
16/18,732,0.906064899196138
16/18,733,0.9034936384713169
16/18,734,0.9112115426642445
16/18,735,0.9060566603054893
16/18,736,0.9038608774207468
16/18,737,0.9079379223083861
16/18,738,0.9089538858342293
16/18,739,0.9118878995539913
16/18,740,0.9130523492476372
16/18,741,0.9061602239695966
16/18,742,0.90157977762622
16/18,743,0.9085120834729135
16/18,744,0.91777479569818
16/18,745,0.9085180770714428
16/18,746,0.9041214122391563
16/18,747,0.893377874440125
16/18,748,0.9065794647271355
16/18,749,0.9066061353265692
16/18,750,0.910900719745425
16/18,751,0.9092337933439296
16/18,752,0.8978969156698151
16/18,753,0.90278103566002
16/18,754,0.9102284472208607
16/18,755,0.9125771043592569
16/18,756,0.9033153443313998
16/18,757,0.9050063127424158
16/18,758,0.9110116946734059
16/18,759,0.9051091789962615
16/18,760,0.9114521861782403
16/18,761,0.9036461588019243
16/18,762,0.9029971966119159
16/18,763,0.9008545576357935
16/18,764,0.8962192579885894
16/18,765,0.9126716330069609
16/18,766,0.900239702704175
16/18,767,0.905288198294226
16/18,768,0.9069077167273866
16/18,769,0.900604732796795
16/18,770,0.9081185889431003
16/18,771,0.9096984083238371
16/18,772,0.9056429964628131
16/18,773,0.8986554272020525
16/18,774,0.8982706377885095
16/18,775,0.9132239398587434
16/18,776,0.9055584781847325
16/18,777,0.902896179758404
16/18,778,0.9013023990112631
16/18,779,0.903654048022708
16/18,780,0.9089902898308603
16/18,781,0.9075938780099383
16/18,782,0.9062068353073185
16/18,783,0.9012290655505206
16/18,784,0.9039903447722019
16/18,785,0.9115245237071957
16/18,786,0.9027290188744149
16/18,787,0.8925578196625408
16/18,788,0.9143184627263473
16/18,789,0.9056728105700813
16/18,790,0.9050414436099081
16/18,791,0.9014302826447566
16/18,792,0.9047393686298015
16/18,793,0.9019883663360165
16/18,794,0.9056836667835024
16/18,795,0.9010186688208205
16/18,796,0.9025708713205373
16/18,797,0.9003562183013842
16/18,798,0.9072250607878479
16/18,799,0.9104698729753852
16/18,800,0.905576286641412
16/18,801,0.9096755929957433
16/18,802,0.89853773736422
16/18,803,0.9098679184277544
16/18,804,0.9052956260148681
16/18,805,0.9042101292021495
16/18,806,0.9094363329605288
16/18,807,0.904758800867114
16/18,808,0.9040553936628323
16/18,809,0.9029089492615174
16/18,810,0.9051790417802786
16/18,811,0.9004344631571115
16/18,812,0.9081866215349178
16/18,813,0.904101036149538
16/18,814,0.9045751374422272
16/18,815,0.9042055697647564
16/18,816,0.9028303165020967
16/18,817,0.8979576568716319
16/18,818,0.9024587203209298
16/18,819,0.9113632233293963
16/18,820,0.9046274998828007
16/18,821,0.9044602687917234
16/18,822,0.900131052722886
16/18,823,0.907234831592149
16/18,824,0.9076841734576655
16/18,825,0.9075610031071619
16/18,826,0.9047170655933895
16/18,827,0.8981873232292159
16/18,828,0.900055469764906
16/18,829,0.9055734323908129
16/18,830,0.9018510475752445
16/18,831,0.9019562710264509
16/18,832,0.8988638316062983
16/18,833,0.9027482551517158
16/18,834,0.9071756739509308
16/18,835,0.907346423420483
16/18,836,0.9056692885354013
16/18,837,0.898844650542696
16/18,838,0.9052788066517344
16/18,839,0.9004298149781312
16/18,840,0.901430822100151
16/18,841,0.9055365843665852
16/18,842,0.9035167596950754
16/18,843,0.9053099976509599
16/18,844,0.8995154846892117
16/18,845,0.9097119688674634
16/18,846,0.9007471361370429
16/18,847,0.9137761285699217
16/18,848,0.9033783191343415
16/18,849,0.9095479462217079
16/18,850,0.9121139167796748
16/18,851,0.9113440386434847
16/18,852,0.9090410601946961
16/18,853,0.9051586249046819
16/18,854,0.9057783091399009
16/18,855,0.9023534508986197
16/18,856,0.915029396714659
16/18,857,0.9118942490390392
16/18,858,0.9042071483262147
16/18,859,0.9049239999437749
16/18,860,0.9079333725762793
16/18,861,0.8933473269531924
16/18,862,0.9049308557675083
16/18,863,0.8960886651981363
16/18,864,0.9092312413175871
16/18,865,0.9039074136124402
16/18,866,0.9041484329296229
16/18,867,0.9016437871385413
16/18,868,0.9079631868695359
16/18,869,0.9001432292027481
16/18,870,0.9006131724417605
16/18,871,0.904691270274151
16/18,872,0.9075318543598048
16/18,873,0.9001432972271735
16/18,874,0.8993223302272629
16/18,875,0.9007243083307616
16/18,876,0.8954096956135318
16/18,877,0.9030127001112463
16/18,878,0.9006804038809642
16/18,879,0.9167820217594729
16/18,880,0.9073002543471029
16/18,881,0.9017655139640678
16/18,882,0.8920739084345602
16/18,883,0.9080433754008056
16/18,884,0.9104089731311138
16/18,885,0.9073108791258461
16/18,886,0.9021673334706012
16/18,887,0.9071375890554609
16/18,888,0.90360065510552
16/18,889,0.9040884689009548
16/18,890,0.898551608746914
16/18,891,0.9003091111814634
16/18,892,0.8948330667977963
16/18,893,0.9082840734037926
16/18,894,0.9110861101117594
16/18,895,0.9152844012520266
16/18,896,0.9084107837309348
16/18,897,0.9092441933184144
16/18,898,0.9107782377513667
16/18,899,0.8977202277238949
16/18,900,0.9096336238358728
16/18,901,0.9111227651039323
16/18,902,0.9089285601292155
16/18,903,0.9013971131974556
16/18,904,0.9074707779203207
16/18,905,0.8996069135140599
16/18,906,0.9102363072261125
16/18,907,0.9061423381202074
16/18,908,0.9045873791504586
16/18,909,0.8984146342628393
16/18,910,0.9103911279177769
16/18,911,0.9072240245696986
16/18,912,0.9075905262778011
16/18,913,0.903282455750548
16/18,914,0.9034414800272053
16/18,915,0.908569903533724
16/18,916,0.8997263819401491
16/18,917,0.907910290743613
16/18,918,0.9062477204030288
16/18,919,0.8955296457451286
16/18,920,0.912919478321062
16/18,921,0.9008492783361621
16/18,922,0.909723398602241
16/18,923,0.9079425334470631
16/18,924,0.9106338745148465
16/18,925,0.9081478034713262
16/18,926,0.9006395914754689
16/18,927,0.895390841709894
16/18,928,0.9067149257308582
16/18,929,0.9140826837646348
16/18,930,0.9151920290275869
16/18,931,0.8945224061981099
16/18,932,0.9117132576756958
16/18,933,0.9026429775705607
16/18,934,0.9023933902634778
16/18,935,0.9096404057189272
16/18,936,0.9054175709371387
16/18,937,0.9194606906851792
16/18,938,0.9104111148074914
16/18,939,0.9061261061127024
16/18,940,0.9037664678136336
16/18,941,0.9094555329469328
16/18,942,0.9070253560143859
16/18,943,0.9051991526164649
16/18,944,0.9075429838768676
16/18,945,0.8983195871629522
16/18,946,0.9044122467701358
16/18,947,0.9001185906415565
16/18,948,0.8989747162186305
16/18,949,0.9111854805073957
16/18,950,0.9082990698243394
16/18,951,0.9024928450926445
16/18,952,0.9041239364282446
16/18,953,0.9082374281375987
16/18,954,0.9026162396130021
16/18,955,0.9054529938010965
16/18,956,0.9099910095669882
16/18,957,0.9096114581822267
16/18,958,0.9133403352742515
16/18,959,0.9050972443555522
16/18,960,0.9026097154812563
16/18,961,0.9035375402896082
16/18,962,0.9068721946968211
16/18,963,0.9048616849812235
16/18,964,0.912735872662212
16/18,965,0.9001001699730447
16/18,966,0.9014996223006658
16/18,967,0.9085245968313037
16/18,968,0.9068934868964114
16/18,969,0.9122327998394961
16/18,970,0.9069978310123691
16/18,971,0.9020358160630052
16/18,972,0.9039260936085634
16/18,973,0.8953520358406434
16/18,974,0.904297054389475
16/18,975,0.9086846956880177
16/18,976,0.9079220814254072
16/18,977,0.9013897399022309
16/18,978,0.9057678259772522
16/18,979,0.8985743441119172
16/18,980,0.9069148630356703
16/18,981,0.9018618286308699
16/18,982,0.9053780525826582
16/18,983,0.9004232907960602
16/18,984,0.9081309235696456
16/18,985,0.9019680454037079
16/18,986,0.8938989880189777
16/18,987,0.91295551933015
16/18,988,0.9074995912464434
16/18,989,0.9095058770191617
16/18,990,0.9100778289777013
16/18,991,0.9099218049959192
16/18,992,0.9096929688306429
16/18,993,0.9032247254399691
16/18,994,0.9007987223202014
16/18,995,0.8998938474008462
16/18,996,0.9020397997535885
16/18,997,0.9046677437715537
16/18,998,0.8980123610338577
16/18,999,0.9029559846330869
16/18,1000,0.9134475816776385
16/18,1001,0.9072950237970274
16/18,1002,0.9057106688029976
16/18,1003,0.8984448634931972
16/18,1004,0.9031547922572348
16/18,1005,0.9120945346171903
16/18,1006,0.9029081963005802
16/18,1007,0.90014589982147
16/18,1008,0.901142163585868
16/18,1009,0.9138926570638681
16/18,1010,0.90904625951652
16/18,1011,0.9000574121791698
16/18,1012,0.9028756257442893
16/18,1013,0.908241122074583
16/18,1014,0.9099425387524768
16/18,1015,0.9098602239970944
16/18,1016,0.9022093576021534
16/18,1017,0.9110047913245838
16/18,1018,0.9007312485361973
16/18,1019,0.9052091681762923
16/18,1020,0.9030874934203308
16/18,1021,0.902091033744982
16/18,1022,0.8984844326683998
16/18,1023,0.912831003675341
16/18,1024,0.9000957935083578
16/18,1025,0.906451686717543
16/18,1026,0.9048431597641508
16/18,1027,0.9044493992176186
16/18,1028,0.9098763584811032
16/18,1029,0.9064056139975061
16/18,1030,0.9125693228866777
16/18,1031,0.9054452998506263
16/18,1032,0.9063763643775818
16/18,1033,0.8978684595777054
16/18,1034,0.9063662336678373
16/18,1035,0.9106860058788301
16/18,1036,0.9059512430313982
16/18,1037,0.8967169612571707
16/18,1038,0.8994207249565676
16/18,1039,0.904501066583128
16/18,1040,0.9103459254361004
16/18,1041,0.9060172188205105
16/18,1042,0.8972375279704027
16/18,1043,0.9105527102802297
16/18,1044,0.9048882299453376
16/18,1045,0.9125134430048087
16/18,1046,0.9048081009094187
16/18,1047,0.9074325831489607
16/18,1048,0.9039506823420466
16/18,1049,0.9019044902146958
16/18,1050,0.903371677600819
16/18,1051,0.8905294308047746
16/18,1052,0.9088251798997943
16/18,1053,0.9082935207603875
16/18,1054,0.8967733654337577
16/18,1055,0.8904533294639924
16/18,1056,0.9159409518673974
16/18,1057,0.9076585819761934
16/18,1058,0.9028898887315318
16/18,1059,0.9117270241402811
16/18,1060,0.9067076374521682
16/18,1061,0.9115092785374986
16/18,1062,0.8994472826117962
16/18,1063,0.9081456443445207
16/18,1064,0.9044402633412418
16/18,1065,0.9010887488608555
16/18,1066,0.9041056119773608
16/18,1067,0.9013141422167207
16/18,1068,0.9190364641567695
16/18,1069,0.9075609434905494
16/18,1070,0.905318174240779
16/18,1071,0.8979941382243454
16/18,1072,0.9042346747778757
16/18,1073,0.9016008274112075
16/18,1074,0.9073080622602177
16/18,1075,0.9069046714066251
16/18,1076,0.9022753303029121
16/18,1077,0.9069781364447224
16/18,1078,0.9149858341826473
16/18,1079,0.9027266370049573
16/18,1080,0.905142259040453
16/18,1081,0.9060358892433875
16/18,1082,0.9045537949606558
16/18,1083,0.9096272581782333
16/18,1084,0.9104827202650382
16/18,1085,0.902943356289364
16/18,1086,0.9045366527393347
16/18,1087,0.9041787378593055
16/18,1088,0.909320920235857
16/18,1089,0.9150162653390941
16/18,1090,0.913939066135685
16/18,1091,0.9111649882524712
16/18,1092,0.9054788887978686
16/18,1093,0.8986602994613833
16/18,1094,0.9109626013639593
16/18,1095,0.9168750742737563
16/18,1096,0.9060321401766871
16/18,1097,0.9041025620133882
16/18,1098,0.9163237734835958
16/18,1099,0.9072979866766322
16/18,1100,0.9075179755609264
16/18,1101,0.9122910599512233
16/18,1102,0.9077077912349888
16/18,1103,0.9053112106888187
16/18,1104,0.8937968279678429
16/18,1105,0.9052310333825568
16/18,1106,0.9087989931030557
16/18,1107,0.9083175036140057
16/18,1108,0.8957481759920656
16/18,1109,0.9033874596468003
16/18,1110,0.9042723369140095
16/18,1111,0.893862569083764
16/18,1112,0.9044831389051345
16/18,1113,0.9022827278011034
16/18,1114,0.8998810281281615
16/18,1115,0.9025020253621008
16/18,1116,0.9129457516756304
16/18,1117,0.9054193701195513
16/18,1118,0.9023424956846021
16/18,1119,0.8973955859545802
16/18,1120,0.901818947552047
16/18,1121,0.9070761284515528
16/18,1122,0.8984857574162768
16/18,1123,0.8990656946824243
16/18,1124,0.906163878634102
16/18,1125,0.9022641893654662
16/18,1126,0.9104753406063884
16/18,1127,0.9031525469959762
16/18,1128,0.9057660965146411
16/18,1129,0.9034091673137856
16/18,1130,0.9106100234226895
16/18,1131,0.9132172066470323
16/18,1132,0.908762562629061
16/18,1133,0.9108423189147785
16/18,1134,0.9075630185188039
16/18,1135,0.910582909983299
16/18,1136,0.9136197257500858
16/18,1137,0.9019609087372907
16/18,1138,0.9129634863357398
16/18,1139,0.9022772258270937
16/18,1140,0.9092822292817795
16/18,1141,0.9107777490691684
16/18,1142,0.9151038847679113
16/18,1143,0.8978484957681658
16/18,1144,0.8943801067428933
16/18,1145,0.9010133954483422
16/18,1146,0.9030085258110503
16/18,1147,0.9023546732194908
16/18,1148,0.9108686015523079
16/18,1149,0.9111284353042387
16/18,1150,0.9014019954310225
16/18,1151,0.9125954604628088
16/18,1152,0.9012159508741401
16/18,1153,0.9062710540728245
16/18,1154,0.9072131928663515
16/18,1155,0.900100248362192
16/18,1156,0.910393924025037
16/18,1157,0.915439922018401
16/18,1158,0.9028067581628247
16/18,1159,0.9088987620841219
16/18,1160,0.9036033450194572
16/18,1161,0.9163458322532844
16/18,1162,0.9033367475952462
16/18,1163,0.9153144190631087
16/18,1164,0.8995796883905582
16/18,1165,0.9070228554075711
16/18,1166,0.9131488388015143
16/18,1167,0.906317708937453
16/18,1168,0.9049687816738344
16/18,1169,0.9053600623222776
16/18,1170,0.9110540281359689
16/18,1171,0.9112935811600144
16/18,1172,0.9084365207477101
16/18,1173,0.899785511117465
16/18,1174,0.9050164572317592
16/18,1175,0.9118519777713757
16/18,1176,0.908594313377729
16/18,1177,0.9069420706194684
16/18,1178,0.9088998876474115
16/18,1179,0.9120852023214602
16/18,1180,0.9149265583316025
16/18,1181,0.8997003813993112
16/18,1182,0.906854635402654
16/18,1183,0.9019594027804088
16/18,1184,0.8958110614049402
16/18,1185,0.8946023147999006
16/18,1186,0.9014376278301469
16/18,1187,0.9029845312670538
16/18,1188,0.909834355843694
16/18,1189,0.8997927686466829
16/18,1190,0.9008027368722338
16/18,1191,0.9053201671879936
16/18,1192,0.9110537267857837
16/18,1193,0.9046397402728413
16/18,1194,0.8977104310351479
16/18,1195,0.9075968027598419
16/18,1196,0.9078963053989553
16/18,1197,0.9051555014470537
16/18,1198,0.9065464291547582
16/18,1199,0.9065588954112914
16/18,1200,0.9069722682807665
16/18,1201,0.900727265589386
16/18,1202,0.9019711392489257
16/18,1203,0.9038803283851262
16/18,1204,0.9114660505168636
16/18,1205,0.9049910934166621
16/18,1206,0.9059461050388067
16/18,1207,0.8967001028704455
16/18,1208,0.9032593881590834
16/18,1209,0.9107255542372067
16/18,1210,0.8929311706157202
16/18,1211,0.89745737160857
16/18,1212,0.9034021740081346
16/18,1213,0.9100368170282979
16/18,1214,0.9055185271358641
16/18,1215,0.9111779903824325
16/18,1216,0.9129671973218294
16/18,1217,0.9063147123452789
16/18,1218,0.9013179565902684
16/18,1219,0.9149356592488656
16/18,1220,0.9049840484991029
16/18,1221,0.9098929565994437
16/18,1222,0.8929587915280198
16/18,1223,0.9120834563505512
16/18,1224,0.9049469924016397
16/18,1225,0.8946179950592688
16/18,1226,0.90477748322887
16/18,1227,0.9071407515479823
16/18,1228,0.9124218122514337
16/18,1229,0.9164739997715838
16/18,1230,0.9045882403958139
16/18,1231,0.9150147802249171
16/18,1232,0.9023727194988577
16/18,1233,0.9057036664390186
16/18,1234,0.899937803340407
16/18,1235,0.9030397910257101
16/18,1236,0.906631620201377
16/18,1237,0.9029322553074226
16/18,1238,0.8983054390596321
16/18,1239,0.9037832219435744
16/18,1240,0.9100142335159314
16/18,1241,0.9058957907990917
16/18,1242,0.9097397749862164
16/18,1243,0.9029120570701501
16/18,1244,0.9021992215815932
16/18,1245,0.9103603545608222
16/18,1246,0.9099468256104963
16/18,1247,0.9151640900661757
16/18,1248,0.9001951339875759
16/18,1249,0.9057531267774412
16/18,1250,0.8989690415464634
16/18,1251,0.9133074532293425
16/18,1252,0.9169082037411784
16/18,1253,0.9063322687942017
16/18,1254,0.9103097069598806
16/18,1255,0.901411497004571
16/18,1256,0.898648916388103
16/18,1257,0.9123341384403626
16/18,1258,0.9058966154054349
16/18,1259,0.8992338283644971
16/18,1260,0.9144178150209236
16/18,1261,0.903492426686775
16/18,1262,0.9021466391529727
16/18,1263,0.9101172450243006
16/18,1264,0.9094768256612207
16/18,1265,0.8992727965068991
16/18,1266,0.9036715534337832
16/18,1267,0.9085152843317346
16/18,1268,0.9108931186134752
16/18,1269,0.9063097184597038
16/18,1270,0.9053425265325696
16/18,1271,0.912477014812514
16/18,1272,0.911364980199483
16/18,1273,0.9017364395612937
16/18,1274,0.9102483142172714
16/18,1275,0.906585732096854
16/18,1276,0.9091637495351652
16/18,1277,0.9097145646610141
16/18,1278,0.8966624277158485
16/18,1279,0.9173004643007634
16/18,1280,0.9110158419002664
16/18,1281,0.9050849752094783
16/18,1282,0.905318962758046
16/18,1283,0.9108500931095723
16/18,1284,0.9090892637038447
16/18,1285,0.9037266229218613
16/18,1286,0.9047985329334917
16/18,1287,0.9128126130937203
16/18,1288,0.9037541770205336
16/18,1289,0.9122490004741806
16/18,1290,0.9097720248802967
16/18,1291,0.9041547010493635
16/18,1292,0.8959480142420713
16/18,1293,0.9042234000632838
16/18,1294,0.9032167582671805
16/18,1295,0.8962528242546929
16/18,1296,0.9020039064256647
16/18,1297,0.9093362468281031
16/18,1298,0.9027930730811423
16/18,1299,0.907092868247921
16/18,1300,0.9076594184964532
16/18,1301,0.9025969955589304
16/18,1302,0.9074598695710042
16/18,1303,0.8940908323240485
16/18,1304,0.9032576139981352
16/18,1305,0.9117529343985701
16/18,1306,0.8951432923201667
16/18,1307,0.9089621809028704
16/18,1308,0.8994345280277413
16/18,1309,0.9070852060515718
16/18,1310,0.907401511583726
16/18,1311,0.9088132758322812
16/18,1312,0.9031256346371459
16/18,1313,0.917854795778788
16/18,1314,0.8975198848277602
16/18,1315,0.914379079468491
16/18,1316,0.9105290590665736
16/18,1317,0.9105763025064273
16/18,1318,0.9082054046164413
16/18,1319,0.9065933739786426
16/18,1320,0.9035434846304445
16/18,1321,0.9071806518326468
16/18,1322,0.9051756632176898
16/18,1323,0.9100382545076346
16/18,1324,0.9049007126524944
16/18,1325,0.9133226928146961
16/18,1326,0.9125240181373031
16/18,1327,0.9163238376239613
16/18,1328,0.9038566894514708
16/18,1329,0.9124979969475355
16/18,1330,0.9058022666602776
16/18,1331,0.898288829336686
16/18,1332,0.9052672122181873
16/18,1333,0.9064290730922043
16/18,1334,0.9201349295828447
16/18,1335,0.9065114722750013
16/18,1336,0.9028324007842599
16/18,1337,0.9010566495543914
16/18,1338,0.9159051214542286
16/18,1339,0.9087615065920722
16/18,1340,0.9084337837015605
16/18,1341,0.9067762497431714
16/18,1342,0.9006062821852446
16/18,1343,0.8895454207854275
16/18,1344,0.9075045019968996
16/18,1345,0.9136441766695076
16/18,1346,0.9132572126029597
16/18,1347,0.9050515036702419
16/18,1348,0.912478381030656
16/18,1349,0.9023837269760124
16/18,1350,0.9022072601310238
16/18,1351,0.9065848416756821
16/18,1352,0.9005110871949544
16/18,1353,0.9101599880788002
16/18,1354,0.9141632697250321
16/18,1355,0.9015619900714261
16/18,1356,0.8967773689585414
16/18,1357,0.9072940043091586
16/18,1358,0.9135588306549515
16/18,1359,0.9016039590746218
16/18,1360,0.9034785509544927
16/18,1361,0.8928724060288206
16/18,1362,0.9096034422122243
16/18,1363,0.9001338691924494
16/18,1364,0.8972139921448057
16/18,1365,0.9078221466901721
16/18,1366,0.9090782456536434
16/18,1367,0.9033470921424273
16/18,1368,0.9071047489275587
16/18,1369,0.9039027369119224
16/18,1370,0.9043834179944173
16/18,1371,0.913644313866214
16/18,1372,0.9152641546140036
16/18,1373,0.9104429314678917
16/18,1374,0.9037723720879036
16/18,1375,0.8994670010895828
16/18,1376,0.9100183670100014
16/18,1377,0.9134791878128267
16/18,1378,0.9129051762692093
16/18,1379,0.8968881953600604
16/18,1380,0.9060981254686039
16/18,1381,0.8982285084203825
16/18,1382,0.8981237013992016
16/18,1383,0.8991918826958829
16/18,1384,0.8965423339736096
16/18,1385,0.9111172054509762
16/18,1386,0.9085319678557179
16/18,1387,0.9015175999252669
16/18,1388,0.9072860194428455
16/18,1389,0.9071013572441259
16/18,1390,0.9145408133163844
16/18,1391,0.8970013082100158
16/18,1392,0.9138071393014503
16/18,1393,0.9004980855916055
16/18,1394,0.9010467847976433
16/18,1395,0.9143206685107912
16/18,1396,0.8985235248149271
16/18,1397,0.9225056195528266
16/18,1398,0.9015352741732287
16/18,1399,0.9113387336391516
16/18,1400,0.9014720361375719
16/18,1401,0.9014905225056612
16/18,1402,0.9061576569924156
16/18,1403,0.9173607562078965
16/18,1404,0.9147642837297351
16/18,1405,0.890500574693055
16/18,1406,0.9078215426558826
16/18,1407,0.901251907537348
16/18,1408,0.9043432353911367
16/18,1409,0.9123352381648128
16/18,1410,0.9002122817050642
16/18,1411,0.9123101042586257
16/18,1412,0.904569116628047
16/18,1413,0.9032888701181658
16/18,1414,0.906007349031295
16/18,1415,0.9116721855797858
16/18,1416,0.9121595006942229
16/18,1417,0.908498488002155
16/18,1418,0.9010027986129199
16/18,1419,0.8970634825244476
16/18,1420,0.9139471753440631
16/18,1421,0.8950528653862163
16/18,1422,0.9036306570782514
16/18,1423,0.8924537829659631
16/18,1424,0.9047773270579897
16/18,1425,0.9019251094480962
16/18,1426,0.8972556801004875
16/18,1427,0.8969539188688692
16/18,1428,0.9075137759549997
16/18,1429,0.9030261070446695
16/18,1430,0.9070093136725718
16/18,1431,0.9167502720921932
16/18,1432,0.9000415116179089
16/18,1433,0.9117217166249031
16/18,1434,0.8949565991887094
16/18,1435,0.9016767429292175
16/18,1436,0.9049311827585992
16/18,1437,0.9137041545008796
16/18,1438,0.9052134882398428
16/18,1439,0.9091518353978758
16/18,1440,0.9067065447125837
16/18,1441,0.9075560233139768
16/18,1442,0.9076797077541493
16/18,1443,0.9141663266051178
16/18,1444,0.9069019623126604
16/18,1445,0.9078059924920503
16/18,1446,0.9005038987169154
16/18,1447,0.9078188347030617
16/18,1448,0.8993934895440111
16/18,1449,0.9059602869739147
16/18,1450,0.9099267002464272
16/18,1451,0.9107008326934691
16/18,1452,0.8962266394167313
16/18,1453,0.9014916019709036
16/18,1454,0.9080084757918992
16/18,1455,0.9090205218074855
16/18,1456,0.9037512533220012
16/18,1457,0.9031825713425088
16/18,1458,0.896582325422215
16/18,1459,0.8995331049569851
16/18,1460,0.9037743915268924
16/18,1461,0.9122687528925624
16/18,1462,0.8978815454627694
16/18,1463,0.9075172401229851
16/18,1464,0.9000543196994738
16/18,1465,0.9102100780996166
16/18,1466,0.9131001419797848
16/18,1467,0.9021637048279949
16/18,1468,0.9116975163030017
16/18,1469,0.9144806439827126
16/18,1470,0.9045865628518814
16/18,1471,0.9050532704911212
16/18,1472,0.9008949741788821
16/18,1473,0.9013874447601814
16/18,1474,0.907453848243832
16/18,1475,0.9098395113348102
16/18,1476,0.916236955159101
16/18,1477,0.9087404012038566
16/18,1478,0.9114824026768824
16/18,1479,0.89769782572284
16/18,1480,0.9026277635086073
16/18,1481,0.9039063881228894
16/18,1482,0.9112693970870775
16/18,1483,0.9014040473136
16/18,1484,0.9124541294380467
16/18,1485,0.9106163671378783
16/18,1486,0.9079325361291095
16/18,1487,0.9055397714555391
16/18,1488,0.8924187873812702
16/18,1489,0.9040528295437877
16/18,1490,0.9117984278733469
16/18,1491,0.9037118550525094
16/18,1492,0.9068509184036261
16/18,1493,0.9064383545904933
16/18,1494,0.9067021388578727
16/18,1495,0.9079445723635735
16/18,1496,0.9072100137044952
16/18,1497,0.9142995173539299
16/18,1498,0.9055864873554975
16/18,1499,0.9083386042994026
16/18,1500,0.9025234606983789
16/18,1501,0.9028823679446019
16/18,1502,0.9056568884729278
16/18,1503,0.9056802527557045
16/18,1504,0.9013997086572348
16/18,1505,0.906296159146381
16/18,1506,0.9003148442424574
16/18,1507,0.906402510578234
16/18,1508,0.9070485286374571
16/18,1509,0.9122132939916616
16/18,1510,0.9014360836660882
16/18,1511,0.9106189911406591
16/18,1512,0.8989056568369285
16/18,1513,0.9086304671981952
16/18,1514,0.9058586562091665
16/18,1515,0.9026140363404161
16/18,1516,0.9040980307533252
16/18,1517,0.9138937553818568
16/18,1518,0.9140316240212545
16/18,1519,0.913709785415747
16/18,1520,0.9071889227387739
16/18,1521,0.8977905323222627
16/18,1522,0.8971542051481988
16/18,1523,0.90751115955579
16/18,1524,0.9044255582094661
16/18,1525,0.9071176631496454
16/18,1526,0.9040662354666192
16/18,1527,0.9076983234867123
16/18,1528,0.9033420111410083
16/18,1529,0.9040862850934682
16/18,1530,0.9048990091729585
16/18,1531,0.9052159840804999
16/18,1532,0.9123915234920809
16/18,1533,0.9035977686603712
16/18,1534,0.8990474514551304
16/18,1535,0.9108559080914567
16/18,1536,0.9088519505105024
16/18,1537,0.9049639850245592
16/18,1538,0.8992423047689397
16/18,1539,0.90575210318927
16/18,1540,0.909432081847891
16/18,1541,0.900478982478249
16/18,1542,0.8975635227792453
16/18,1543,0.9027477094117912
16/18,1544,0.9112360800368517
16/18,1545,0.9016141741212966
16/18,1546,0.8962125022187061
16/18,1547,0.9063102497473381
16/18,1548,0.9080085905348849
16/18,1549,0.9077090939943621
16/18,1550,0.9038058059796769
16/18,1551,0.9122955703643254
16/18,1552,0.9035304974821146
16/18,1553,0.8977302770777107
16/18,1554,0.9071078227073901
16/18,1555,0.9085676901229733
16/18,1556,0.9004998983452227
16/18,1557,0.8981978367130942
16/18,1558,0.9091652348736675
16/18,1559,0.9081846369567453
16/18,1560,0.8980912990219714
16/18,1561,0.9054560034143525
16/18,1562,0.9079196957180757
16/18,1563,0.9023050723051709
16/18,1564,0.9109207865510607
16/18,1565,0.9107518052226333
16/18,1566,0.8956416020023896
16/18,1567,0.9093749719254163
16/18,1568,0.9097441495072421
16/18,1569,0.9042304596600759
16/18,1570,0.9090193133132949
16/18,1571,0.9090139222983328
16/18,1572,0.9081301239891297
16/18,1573,0.9068466012596285
16/18,1574,0.9028274580256387
16/18,1575,0.9039005386216933
16/18,1576,0.9013130891796751
16/18,1577,0.9097844981252229
16/18,1578,0.9106103500344276
16/18,1579,0.897007261684701
16/18,1580,0.9112934999491143
16/18,1581,0.9061851900726001
16/18,1582,0.9053774388471157
16/18,1583,0.9111734620596879
16/18,1584,0.9166526831904862
16/18,1585,0.9124997494967614
16/18,1586,0.9056548695893251
16/18,1587,0.9041135437241649
16/18,1588,0.9058118178943841
16/18,1589,0.8961479338089515
16/18,1590,0.9101193458396357
16/18,1591,0.9017139479095403
16/18,1592,0.8957305414909555
16/18,1593,0.908966618542975
16/18,1594,0.9090533536743204
16/18,1595,0.9105427976239504
16/18,1596,0.8969139356746437
16/18,1597,0.8974692320137575
16/18,1598,0.9076607961784727
16/18,1599,0.9065566688786022
16/18,1600,0.9158369082627603
16/18,1601,0.909200879701178
16/18,1602,0.9114486224745726
16/18,1603,0.9016842880889089
16/18,1604,0.9089028311915698
16/18,1605,0.9131447760589081
16/18,1606,0.9084328508338216
16/18,1607,0.9059959637784678
16/18,1608,0.9105592920303204
16/18,1609,0.9144112583377163
16/18,1610,0.9103568300373683
16/18,1611,0.9074456132481611
16/18,1612,0.9021504943845369
16/18,1613,0.9028723600534533
16/18,1614,0.8946606647190583
16/18,1615,0.9043114832060993
16/18,1616,0.8953023067502147
16/18,1617,0.906391315944527
16/18,1618,0.9060458662088594
16/18,1619,0.9030374693860906
16/18,1620,0.9052186619734819
16/18,1621,0.9072968876334644
16/18,1622,0.9012477798668218
16/18,1623,0.9069407784429225
16/18,1624,0.9116923549525718
16/18,1625,0.903860855927683
16/18,1626,0.9136430937040663
16/18,1627,0.9015327444446796
16/18,1628,0.9129033317537489
16/18,1629,0.9099687919137488
16/18,1630,0.9102706153671982
16/18,1631,0.907981039714807
16/18,1632,0.9084022832102777
16/18,1633,0.9027761534857567
16/18,1634,0.8935725253238961
16/18,1635,0.8985464153322744
16/18,1636,0.9078804306592357
16/18,1637,0.8997070232540129
16/18,1638,0.9040409634613618
16/18,1639,0.9126713497773618
16/18,1640,0.9054338297127639
16/18,1641,0.9023096161120371
16/18,1642,0.9080061302554465
16/18,1643,0.9007828187450332
16/18,1644,0.9065191470619501
16/18,1645,0.9091738451889945
16/18,1646,0.9049733285879111
16/18,1647,0.9123755116030251
16/18,1648,0.9035328548075041
16/18,1649,0.9041712298606123
16/18,1650,0.9113999323674568
16/18,1651,0.9082828755283701
16/18,1652,0.9003596000574499
16/18,1653,0.9074882482685251
16/18,1654,0.9101651606638428
16/18,1655,0.9062574292109811
16/18,1656,0.8929532165401685
16/18,1657,0.906385990552922
16/18,1658,0.9102328976839
16/18,1659,0.9033198990634119
16/18,1660,0.9114706200630152
16/18,1661,0.9001538763943124
16/18,1662,0.8998466124131862
16/18,1663,0.9218599609346992
16/18,1664,0.8942183683825734
16/18,1665,0.9098981612019567
16/18,1666,0.9089009340917601
16/18,1667,0.9051679069148628
16/18,1668,0.9116967664316489
16/18,1669,0.9200247080656792
16/18,1670,0.908433146625156
16/18,1671,0.9178853590354438
16/18,1672,0.9053318784896014
16/18,1673,0.9032024838137995
16/18,1674,0.9045699056759281
16/18,1675,0.9021485376967711
16/18,1676,0.9161401258192723
16/18,1677,0.9104216790558087
16/18,1678,0.9110224514129939
16/18,1679,0.9039797352966031
16/18,1680,0.8916858129537667
16/18,1681,0.9043242563748274
16/18,1682,0.8938080820890597
16/18,1683,0.9117500541264625
16/18,1684,0.8976811208212372
16/18,1685,0.8909416748054302
16/18,1686,0.9038397702551293
16/18,1687,0.9024757210324762
16/18,1688,0.9089580208037089
16/18,1689,0.9071632361487426
16/18,1690,0.909761426012003
16/18,1691,0.9004092055121935
16/18,1692,0.9096337138133936
16/18,1693,0.9022348551901823
16/18,1694,0.9044344465645124
16/18,1695,0.9025019802387533
16/18,1696,0.9074601658440801
16/18,1697,0.9060051693646113
16/18,1698,0.898520990531271
16/18,1699,0.9024355518378013
16/18,1700,0.9005699116584026
16/18,1701,0.9030932708999011
16/18,1702,0.9065234582770926
16/18,1703,0.9092685407808448
16/18,1704,0.9137829144414594
16/18,1705,0.9120810213903577
16/18,1706,0.9039996264117431
16/18,1707,0.9004587697382475
16/18,1708,0.9090999744537577
16/18,1709,0.9092260891486186
16/18,1710,0.8966140430063625
16/18,1711,0.8990511202679384
16/18,1712,0.902809556275357
16/18,1713,0.9130929809985501
16/18,1714,0.9012809275052535
16/18,1715,0.9020314786177072
16/18,1716,0.8978961033766935
16/18,1717,0.8981040603543425
16/18,1718,0.909190724346587
16/18,1719,0.9051534160434487
16/18,1720,0.9183116927073698
16/18,1721,0.9093800178290274
16/18,1722,0.909485783053904
16/18,1723,0.9052464065836159
16/18,1724,0.9059387342523458
16/18,1725,0.9014552366315531
16/18,1726,0.9012621394158581
16/18,1727,0.9085001135971287
16/18,1728,0.9046338962630429
16/18,1729,0.9047506177368568
16/18,1730,0.9071337797993353
16/18,1731,0.9089734832620827
16/18,1732,0.9098286016791123
16/18,1733,0.9090988869631309
16/18,1734,0.9019290225721592
16/18,1735,0.9123245948378594
16/18,1736,0.9049431341282405
16/18,1737,0.9022156514956865
16/18,1738,0.9092220405265065
16/18,1739,0.9108535404711595
16/18,1740,0.9081729515376735
16/18,1741,0.8965985868778844
16/18,1742,0.8993400798748176
16/18,1743,0.911009966969732
16/18,1744,0.8993591604523911
16/18,1745,0.9054808482346974
16/18,1746,0.9087776446321909
16/18,1747,0.9014502879779773
16/18,1748,0.908445150587005
16/18,1749,0.9029076845915482
16/18,1750,0.906895931073472
16/18,1751,0.9068906341484183
16/18,1752,0.9078247699747481
16/18,1753,0.9161921235193605
16/18,1754,0.9164499615996271
16/18,1755,0.9015777377380633
16/18,1756,0.8928304378608667
16/18,1757,0.9015382298135665
16/18,1758,0.9048062136064272
16/18,1759,0.9006703298734646
16/18,1760,0.9107217388015135
16/18,1761,0.8993772675025197
16/18,1762,0.9076727414215194
16/18,1763,0.9010995064460463
16/18,1764,0.8961964874832362
16/18,1765,0.8958769458697432
16/18,1766,0.9011590716853076
16/18,1767,0.9031483736617056
16/18,1768,0.8992574672773078
16/18,1769,0.9005275093825615
16/18,1770,0.9133706940474208
16/18,1771,0.9075937529416866
16/18,1772,0.897513513056103
16/18,1773,0.893996698903564
16/18,1774,0.9046414784483882
16/18,1775,0.9075503861925164
16/18,1776,0.9075822716278511
16/18,1777,0.9104807539533633
16/18,1778,0.9075965070908614
16/18,1779,0.9134343478762702
16/18,1780,0.8960777177229968
16/18,1781,0.9136090995900763
16/18,1782,0.9029677333252109
16/18,1783,0.9028745807378618
16/18,1784,0.9060852947012419
16/18,1785,0.9094246288047977
16/18,1786,0.9052702502030482
16/18,1787,0.9090035743439124
16/18,1788,0.9031095270487637
16/18,1789,0.894441213538613
16/18,1790,0.910983799804327
16/18,1791,0.9062129639135037
16/18,1792,0.9075327277729853
16/18,1793,0.9072405825280336
16/18,1794,0.8993764365412935
16/18,1795,0.9131302495126256
16/18,1796,0.8952108912015824
16/18,1797,0.9032585348445994
16/18,1798,0.907225321132012
16/18,1799,0.8969114395404405
16/18,1800,0.8974415494819182
16/18,1801,0.8978227016312337
16/18,1802,0.9091041797110706
16/18,1803,0.9051445922818635
16/18,1804,0.9025916942728904
16/18,1805,0.9012914283617293
16/18,1806,0.9152366612555956
16/18,1807,0.9008169637839132
16/18,1808,0.9042362157807151
16/18,1809,0.9086606934709374
16/18,1810,0.8947230904529633
16/18,1811,0.9030266830728484
16/18,1812,0.9019474380948196
16/18,1813,0.90518862828143
16/18,1814,0.9169799204924203
16/18,1815,0.915878581225848
16/18,1816,0.9119221995733735
16/18,1817,0.9071778631946242
16/18,1818,0.9069923449493172
16/18,1819,0.9145653668205431
16/18,1820,0.9022319084725716
16/18,1821,0.9065377596828077
16/18,1822,0.9107934444132386
16/18,1823,0.912472890099575
16/18,1824,0.9064079442262974
16/18,1825,0.9102855241407302
16/18,1826,0.912999020367161
16/18,1827,0.9111733304596333
16/18,1828,0.9130414477643403
16/18,1829,0.9016047151451064
16/18,1830,0.9106936330061833
16/18,1831,0.9021211171744978
16/18,1832,0.8999883152692678
16/18,1833,0.9110533311798836
16/18,1834,0.9132484964704694
16/18,1835,0.9184526698263803
16/18,1836,0.9016658899378389
16/18,1837,0.8963018203519744
16/18,1838,0.9153240889740304
16/18,1839,0.9054764564918898
16/18,1840,0.9047734259994944
16/18,1841,0.9049064256190591
16/18,1842,0.9068788537023841
16/18,1843,0.9052141203240244
16/18,1844,0.9023498332856927
16/18,1845,0.9068094274899295
16/18,1846,0.8988923552490402
16/18,1847,0.9125927237400189
16/18,1848,0.9022279724029703
16/18,1849,0.9065646828262902
16/18,1850,0.9071740442198187
16/18,1851,0.8940138722480946
16/18,1852,0.9071207718900832
16/18,1853,0.8888995635517934
16/18,1854,0.8929751511887992
16/18,1855,0.9048713959832256
16/18,1856,0.9074503071568522
16/18,1857,0.9086339415509549
16/18,1858,0.913854773663447
16/18,1859,0.8980527019596016
16/18,1860,0.9034651048037164
16/18,1861,0.9070410352755103
16/18,1862,0.9023460978269862
16/18,1863,0.9097175272772525
16/18,1864,0.9107634018643295
16/18,1865,0.9069989837933327
16/18,1866,0.9157886685300036
16/18,1867,0.8986227212143272
16/18,1868,0.9057206830003882
16/18,1869,0.9064343124119534
16/18,1870,0.9062243209262876
16/18,1871,0.9029338682052687
16/18,1872,0.9085142205687292
16/18,1873,0.9107776850578908
16/18,1874,0.9054569691231023
16/18,1875,0.903910829446492
16/18,1876,0.9062528256632016
16/18,1877,0.9080737163486985
16/18,1878,0.9098596865252034
16/18,1879,0.9072666477067107
16/18,1880,0.909576175137665
16/18,1881,0.8994112277313508
16/18,1882,0.9005388304726862
16/18,1883,0.9002455660743757
16/18,1884,0.9056869603913866
16/18,1885,0.9080492657386975
16/18,1886,0.9040855734312874
16/18,1887,0.8974983064191743
16/18,1888,0.9185143076985017
16/18,1889,0.9094532393792644
16/18,1890,0.9132100605004515
16/18,1891,0.9028792962435496
16/18,1892,0.904869877440381
16/18,1893,0.8999988099664117
16/18,1894,0.9072082201595345
16/18,1895,0.9137362023021924
16/18,1896,0.8985710585970881
16/18,1897,0.9090193004293041
16/18,1898,0.906294461430864
16/18,1899,0.9072086584486629
16/18,1900,0.9083509227637954
16/18,1901,0.9103569798384276
16/18,1902,0.9135354082116542
16/18,1903,0.9085966138257955
16/18,1904,0.9058721236741986
16/18,1905,0.8956299121604383
16/18,1906,0.9093516824245113
16/18,1907,0.8957552081792386
16/18,1908,0.8957023660666169
16/18,1909,0.910131952738248
16/18,1910,0.9031334128060485
16/18,1911,0.9028168811018225
16/18,1912,0.911596267450009
16/18,1913,0.9015502291689326
16/18,1914,0.9023891574781268
16/18,1915,0.905948094948311
16/18,1916,0.9080315000261968
16/18,1917,0.9055622690906253
16/18,1918,0.901619468780479
16/18,1919,0.9075226776875019
16/18,1920,0.9053670333712838
16/18,1921,0.9027561299576504
16/18,1922,0.903006361140148
16/18,1923,0.9016688338698777
16/18,1924,0.8994890958513373
16/18,1925,0.9039431532831764
16/18,1926,0.9185409249268105
16/18,1927,0.9068919041749121
16/18,1928,0.9079844466232713
16/18,1929,0.89830817780148
16/18,1930,0.9029106064173319
16/18,1931,0.9136611229738495
16/18,1932,0.9078757569215471
16/18,1933,0.901696103825435
16/18,1934,0.9030228714874258
16/18,1935,0.9065802857814419
16/18,1936,0.909848243427872
16/18,1937,0.9081481333868945
16/18,1938,0.8965642048875326
16/18,1939,0.9125418827026999
16/18,1940,0.9018606053786258
16/18,1941,0.9070125850648918
16/18,1942,0.9011312622148555
16/18,1943,0.9014197582676875
16/18,1944,0.9089487095820062
16/18,1945,0.910932106923339
16/18,1946,0.9044212723385958
16/18,1947,0.9052286745480925
16/18,1948,0.9079326333000888
16/18,1949,0.8935447106030958
16/18,1950,0.9069823348665959
16/18,1951,0.912212213331647
16/18,1952,0.9027084579629265
16/18,1953,0.9080747207847625
16/18,1954,0.9020577041264418
16/18,1955,0.9161793752628572
16/18,1956,0.8992258201614096
16/18,1957,0.8988972378521756
16/18,1958,0.9009309573481296
16/18,1959,0.8990528235344568
16/18,1960,0.9037608219953138
16/18,1961,0.9028480950427219
16/18,1962,0.9009607217142133
16/18,1963,0.9085200392641433
16/18,1964,0.9007238643824307
16/18,1965,0.9038524307666691
16/18,1966,0.8953807958714142
16/18,1967,0.9055520540171466
16/18,1968,0.9093771940835275
16/18,1969,0.9016068089157177
16/18,1970,0.9048711222340833
16/18,1971,0.9094577010408524
16/18,1972,0.9008032921251323
16/18,1973,0.9054700726137661
16/18,1974,0.909274188818189
16/18,1975,0.9129783525975306
16/18,1976,0.90510906877539
16/18,1977,0.9095957835714846
16/18,1978,0.8997816548541762
16/18,1979,0.9096830617605592
16/18,1980,0.9055189755285945
16/18,1981,0.9052351359679826
16/18,1982,0.8899814028881207
16/18,1983,0.9014964629626124
16/18,1984,0.9026281498711455
16/18,1985,0.9000975804550642
16/18,1986,0.899288263291319
16/18,1987,0.9071142497519588
16/18,1988,0.9044045629931351
16/18,1989,0.9059242697325817
16/18,1990,0.9045953058806233
16/18,1991,0.9205622157533218
16/18,1992,0.897059349080829
16/18,1993,0.8985701320143138
16/18,1994,0.9030255431107266
16/18,1995,0.9084034565378784
16/18,1996,0.9100380852794205
16/18,1997,0.9098874165853779
16/18,1998,0.9084035127075762
16/18,1999,0.903823220066284
16/18,2000,0.9153616872264619
16/18,2001,0.9052223241135721
16/18,2002,0.919249163771645
16/18,2003,0.9092965487375814
16/18,2004,0.9009194798402286
16/18,2005,0.9105819571370516
16/18,2006,0.8973737625987259
16/18,2007,0.9083980737206815
16/18,2008,0.908055645693916
16/18,2009,0.9049755952409396
16/18,2010,0.9073071548006699
16/18,2011,0.90200160165465
16/18,2012,0.9021106773381025
16/18,2013,0.9081889426654939
16/18,2014,0.9018846041473038
16/18,2015,0.8988285348601898
16/18,2016,0.9061128325840182
16/18,2017,0.8989464664954081
16/18,2018,0.9021284691324012
16/18,2019,0.8969236674105566
16/18,2020,0.9039869897497833
16/18,2021,0.9054245269243234
16/18,2022,0.9028469362916561
16/18,2023,0.9021430914167612
16/18,2024,0.9018945886723585
16/18,2025,0.9090669658959618
16/18,2026,0.8993555649359101
16/18,2027,0.9018877267224962
16/18,2028,0.9065229195537046
16/18,2029,0.9061782502057022
16/18,2030,0.9064230076630848
16/18,2031,0.9015996461714241
16/18,2032,0.9144659447641851
16/18,2033,0.9063640569365693
16/18,2034,0.9075658315216595
16/18,2035,0.9018814887120118
16/18,2036,0.9068425491593474
16/18,2037,0.9065664488788736
16/18,2038,0.910153883163877
16/18,2039,0.9203637529769862
16/18,2040,0.9176795472231821
16/18,2041,0.9153038225889436
16/18,2042,0.9049693682558948
16/18,2043,0.9061415267426786
16/18,2044,0.9126757704169666
16/18,2045,0.9026570099126896
16/18,2046,0.9023485638999305
16/18,2047,0.9167264338048691
16/18,2048,0.9070482562280735
16/18,2049,0.9089057759481357
16/18,2050,0.9105128476803502
16/18,2051,0.9065131403186972
16/18,2052,0.9027848477004496
16/18,2053,0.9117198616106197
16/18,2054,0.8990189305214189
16/18,2055,0.9014754833002772
16/18,2056,0.9015926267523612
16/18,2057,0.9041818699370506
16/18,2058,0.9093103369810694
16/18,2059,0.9014356695388427
16/18,2060,0.9019553552296107
16/18,2061,0.9039404916072671
16/18,2062,0.9115460936052237
16/18,2063,0.9093673660349264
16/18,2064,0.9034875165949346
16/18,2065,0.9144131914831921
16/18,2066,0.9107825627291153
16/18,2067,0.9171304884133975
16/18,2068,0.9039652636561963
16/18,2069,0.9042894296955456
16/18,2070,0.9050791435222263
16/18,2071,0.9059154456549857
16/18,2072,0.9055984120933571
16/18,2073,0.9109125935990726
16/18,2074,0.9078837348938475
16/18,2075,0.9193153431594504
16/18,2076,0.918722786064632
16/18,2077,0.9071090969445527
16/18,2078,0.9076797411276523
16/18,2079,0.9102680618309028
16/18,2080,0.9133534110063761
16/18,2081,0.9134253498243318
16/18,2082,0.9159898422140341
16/18,2083,0.9132772346195569
16/18,2084,0.9041236598451112
16/18,2085,0.9029596373100204
16/18,2086,0.9102695771905557
16/18,2087,0.9076398932127678
16/18,2088,0.905906333306367
16/18,2089,0.8933681588030725
16/18,2090,0.9070942765697922
16/18,2091,0.9041718442408048
16/18,2092,0.9068784313176641
16/18,2093,0.8978466862388762
16/18,2094,0.903553383349854
16/18,2095,0.9065624380632482
16/18,2096,0.8895802141291235
16/18,2097,0.9010151227745369
16/18,2098,0.8961301122861729
16/18,2099,0.9139357586957425
16/18,2100,0.9047127185951106
16/18,2101,0.9031309254357243
16/18,2102,0.9051978864292424
16/18,2103,0.913762391808727
16/18,2104,0.9005155128193743
16/18,2105,0.9048414538779432
16/18,2106,0.9050088379591122
16/18,2107,0.9094335910005364
16/18,2108,0.9023447216896413
16/18,2109,0.9017633124762715
16/18,2110,0.9036526082078482
16/18,2111,0.9030798028919154
16/18,2112,0.8999525313017398
16/18,2113,0.9099344170115078
16/18,2114,0.9155139589576029
16/18,2115,0.9054662724190654
16/18,2116,0.8979082097374308
16/18,2117,0.9008066974124047
16/18,2118,0.9068632130876543
16/18,2119,0.9095519237239966
16/18,2120,0.9062893407916436
16/18,2121,0.9104900842139773
16/18,2122,0.9018361619577632
16/18,2123,0.9039817406062068
16/18,2124,0.892611280016052
16/18,2125,0.9116433896697721
16/18,2126,0.898009002128234
16/18,2127,0.9067141266991499
16/18,2128,0.9081214730739096
16/18,2129,0.9081779038867318
16/18,2130,0.9004278783556291
16/18,2131,0.9040899306665345
16/18,2132,0.9011603894720532
16/18,2133,0.9073203467487001
16/18,2134,0.8991639878627808
16/18,2135,0.9100375000229247
16/18,2136,0.9099487583940368
16/18,2137,0.9048757887589581
16/18,2138,0.9080457105343086
16/18,2139,0.9072515374638869
16/18,2140,0.9132960886316167
16/18,2141,0.8966427029640983
16/18,2142,0.9014209955341013
16/18,2143,0.9025658951406313
16/18,2144,0.8985027066175523
16/18,2145,0.9095298462540771
16/18,2146,0.9160622974087651
16/18,2147,0.9077959312663086
16/18,2148,0.9105363101059409
16/18,2149,0.9031049166876362
16/18,2150,0.9069504525076028
16/18,2151,0.9034123041419435
16/18,2152,0.91105198697458
16/18,2153,0.9078779526474846
16/18,2154,0.9155916905323849
16/18,2155,0.9067071527087596
16/18,2156,0.9006587460260368
16/18,2157,0.9041186623272275
16/18,2158,0.9094717104181119
16/18,2159,0.9033140831586417
16/18,2160,0.9053474740998705
16/18,2161,0.9048909919789803
16/18,2162,0.9030912266003964
16/18,2163,0.9042665924246962
16/18,2164,0.9032760810713922
16/18,2165,0.9074346753023687
16/18,2166,0.9008986844520793
16/18,2167,0.9087591010960058
16/18,2168,0.9045228427676768
16/18,2169,0.9097322644072655
16/18,2170,0.9052985679179579
16/18,2171,0.8994918591251212
16/18,2172,0.9106182093312228
16/18,2173,0.9034897478532696
16/18,2174,0.91122664189219
16/18,2175,0.9073398787007887
16/18,2176,0.9066655265332662
16/18,2177,0.9048155654344328
16/18,2178,0.9057100925527267
16/18,2179,0.904518819670355
16/18,2180,0.9113577034405793
16/18,2181,0.9156680640218535
16/18,2182,0.9076764665902163
16/18,2183,0.9075260709393433
16/18,2184,0.9080284217271285
16/18,2185,0.9154922158819948
16/18,2186,0.9062665709170331
16/18,2187,0.9060113738082511
16/18,2188,0.8971585989531377
16/18,2189,0.9046756701412216
16/18,2190,0.9061636853225913
16/18,2191,0.9020776482723979
16/18,2192,0.9084026948616718
16/18,2193,0.9011672647357627
16/18,2194,0.9108793807911271
16/18,2195,0.8982535653843753
16/18,2196,0.9019195515844495
16/18,2197,0.9051050573781642
16/18,2198,0.9087429181967944
16/18,2199,0.9015058451673545
16/18,2200,0.8985295948660014
16/18,2201,0.8980172210930576
16/18,2202,0.9008402610148254
16/18,2203,0.896756086257299
16/18,2204,0.8943395795256804
16/18,2205,0.9058431605857452
16/18,2206,0.9048027884582128
16/18,2207,0.9124393683107709
16/18,2208,0.9041074272023265
16/18,2209,0.8999422279076571
16/18,2210,0.9052222320835641
16/18,2211,0.9002819696909679
16/18,2212,0.9074795613924334
16/18,2213,0.9091650003241221
16/18,2214,0.912152465734719
16/18,2215,0.9023050982007992
16/18,2216,0.9023233972388722
16/18,2217,0.907700244404503
16/18,2218,0.9107190407038486
16/18,2219,0.9098047650797529
16/18,2220,0.9119049915139726
16/18,2221,0.9045089822956639
16/18,2222,0.893291622677158
16/18,2223,0.9030047422894203
16/18,2224,0.8930386931873203
16/18,2225,0.9075277583819111
16/18,2226,0.9056279405577722
16/18,2227,0.9034372848997937
16/18,2228,0.9149843320662896
16/18,2229,0.9076408099915758
16/18,2230,0.9133122595673885
16/18,2231,0.9047826797421725
16/18,2232,0.9017974261493285
16/18,2233,0.9076608747762285
16/18,2234,0.9025334488516378
16/18,2235,0.9177167183524853
16/18,2236,0.9027467469232573
16/18,2237,0.8966357663230341
16/18,2238,0.9093391202817854
16/18,2239,0.9078867717350004
16/18,2240,0.9081073432631501
16/18,2241,0.906123116738775
16/18,2242,0.9056667941660974
16/18,2243,0.9052071195070385
16/18,2244,0.903727273872151
16/18,2245,0.9084297662894428
16/18,2246,0.8981636726834349
16/18,2247,0.9070047391132463
16/18,2248,0.9044346793653183
16/18,2249,0.9115147205538826
16/18,2250,0.9076060109582526
16/18,2251,0.8999146398094422
16/18,2252,0.9022061101022447
16/18,2253,0.9071932733033825
16/18,2254,0.9039726807182722
16/18,2255,0.902665326102027
16/18,2256,0.9059293187313853
16/18,2257,0.9026987289697925
16/18,2258,0.9076199357269447
16/18,2259,0.8981496880511798
16/18,2260,0.9037382748261625
16/18,2261,0.9052289123215804
16/18,2262,0.9106681819751538
16/18,2263,0.903700577651731
16/18,2264,0.8994297141259419
16/18,2265,0.9075676239192706
16/18,2266,0.913359879758371
16/18,2267,0.9093368040198464
16/18,2268,0.9131348183702903
16/18,2269,0.9036267523771074
16/18,2270,0.9044751945337662
16/18,2271,0.9167968650840056
16/18,2272,0.8993492527802918
16/18,2273,0.899208467017789
16/18,2274,0.907134470525422
16/18,2275,0.9024537739531511
16/18,2276,0.910444793053466
16/18,2277,0.914520771621997
16/18,2278,0.9166222170137776
16/18,2279,0.8952272164094487
16/18,2280,0.9064027925385044
16/18,2281,0.916918518335531
16/18,2282,0.9045972079298777
16/18,2283,0.9024427920326316
16/18,2284,0.8987965323388545
16/18,2285,0.9033195440390929
16/18,2286,0.9033974638524142
16/18,2287,0.9016787114955515
16/18,2288,0.9069802018988409
16/18,2289,0.9002949382298279
16/18,2290,0.895525515072655
16/18,2291,0.904666276029749
16/18,2292,0.9123043392934014
16/18,2293,0.8995470516334635
16/18,2294,0.8985966624975821
16/18,2295,0.8931589602375971
16/18,2296,0.902531784414143
16/18,2297,0.9043699039129701
16/18,2298,0.9038073512759593
16/18,2299,0.9052603294680859
16/18,2300,0.9018000826255266
16/18,2301,0.9033836639109816
16/18,2302,0.9202215922863026
16/18,2303,0.9056905918648551
16/18,2304,0.9015504453960264
16/18,2305,0.9060526953793472
16/18,2306,0.9052803636624046
16/18,2307,0.9012855500013092
16/18,2308,0.9082231154679867
16/18,2309,0.905997537125204
16/18,2310,0.9096638865198334
16/18,2311,0.8988976070520794
16/18,2312,0.9065535665502891
16/18,2313,0.8957566666935438
16/18,2314,0.9049435416220296
16/18,2315,0.9003565987803692
16/18,2316,0.9071069754235969
16/18,2317,0.9139353180615372
16/18,2318,0.9077594866273292
16/18,2319,0.9084519894053031
16/18,2320,0.9001166245414626
16/18,2321,0.9051033850021952
16/18,2322,0.9093977360073803
16/18,2323,0.8990018954262646
16/18,2324,0.9096515343071955
16/18,2325,0.906893799444718
16/18,2326,0.904474533630344
16/18,2327,0.9040318173572508
16/18,2328,0.9087193921065778
16/18,2329,0.9043451304531575
16/18,2330,0.8948209204222674
16/18,2331,0.9001644918378828
16/18,2332,0.9108732444359885
16/18,2333,0.9123859986598793
16/18,2334,0.9076048600875462
16/18,2335,0.8983548527493832
16/18,2336,0.9104429450844708
16/18,2337,0.9030609845044844
16/18,2338,0.9011225928412699
16/18,2339,0.9040431650541971
16/18,2340,0.8976059581751766
16/18,2341,0.9077898294106482
16/18,2342,0.9026981568698862
16/18,2343,0.8999323056468668
16/18,2344,0.9129796011496346
16/18,2345,0.9093233485165584
16/18,2346,0.9021744710517177
16/18,2347,0.9034507909792312
16/18,2348,0.9088043540699666
16/18,2349,0.9050359380169235
16/18,2350,0.8988264966113442
16/18,2351,0.908261703317428
16/18,2352,0.8988212147415372
16/18,2353,0.8988979510604848
16/18,2354,0.9080615092448687
16/18,2355,0.9070621690675523
16/18,2356,0.9089598250078977
16/18,2357,0.9088163276419984
16/18,2358,0.8942380197204958
16/18,2359,0.8969805641818425
16/18,2360,0.9033417690139428
16/18,2361,0.9122516072357486
16/18,2362,0.9066487095870154
16/18,2363,0.9015381860536338
16/18,2364,0.894424668022911
16/18,2365,0.9120110936460373
16/18,2366,0.9102491389219042
16/18,2367,0.9091295560346483
16/18,2368,0.8976806058600281
16/18,2369,0.909862632180199
16/18,2370,0.9129411221706165
16/18,2371,0.9114973879177095
16/18,2372,0.9012952694193261
16/18,2373,0.8977659224626403
16/18,2374,0.894576994702942
16/18,2375,0.9062915533933235
16/18,2376,0.90077517262525
16/18,2377,0.9008540313364505
16/18,2378,0.914677948755744
16/18,2379,0.9120375876742911
16/18,2380,0.9178529318931427
16/18,2381,0.8985857481009819
16/18,2382,0.9046395316030547
16/18,2383,0.9055299170297585
16/18,2384,0.9007544456352213
16/18,2385,0.8999061043559016
16/18,2386,0.9101260250585929
16/18,2387,0.9022460799104336
16/18,2388,0.9090452743755043
16/18,2389,0.9076544048700455
16/18,2390,0.9052691739004629
16/18,2391,0.9097395169824287
16/18,2392,0.9069169831605263
16/18,2393,0.9162513338769771
16/18,2394,0.911029069929608
16/18,2395,0.9037086171499225
16/18,2396,0.9028372059486406
16/18,2397,0.9054571620979305
16/18,2398,0.900064270851949
16/18,2399,0.9091516958394562
16/18,2400,0.9129890757657485
16/18,2401,0.8997719632154032
16/18,2402,0.9109393341403146
16/18,2403,0.9127271616299354
16/18,2404,0.9077148426596953
16/18,2405,0.9116633811352934
16/18,2406,0.8970643558839385
16/18,2407,0.911079763251979
16/18,2408,0.9095114930455561
16/18,2409,0.9044358386710215
16/18,2410,0.8906832601305397
16/18,2411,0.9048329909955056
16/18,2412,0.9103867557606955
16/18,2413,0.9071909481354457
16/18,2414,0.9042671649109797
16/18,2415,0.9038651685186877
16/18,2416,0.9062672123542664
16/18,2417,0.8999514199362074
16/18,2418,0.9155018746803197
16/18,2419,0.9058304973109745
16/18,2420,0.9066995831316713
16/18,2421,0.9085445190645463
16/18,2422,0.9037319001655854
16/18,2423,0.9099469959826776
16/18,2424,0.9040336431516861
16/18,2425,0.9025977718770046
16/18,2426,0.9065472368825325
16/18,2427,0.9079041230200975
16/18,2428,0.9026202938128238
16/18,2429,0.8956033204184685
16/18,2430,0.8929020082926578
16/18,2431,0.9094521411961657
16/18,2432,0.9135206929512538
16/18,2433,0.9059390261347682
16/18,2434,0.9046641378953264
16/18,2435,0.9122382704314451
16/18,2436,0.9000852246917984
16/18,2437,0.9013672601317868
16/18,2438,0.9030424887973854
16/18,2439,0.9005469454046142
16/18,2440,0.9018676634424831
16/18,2441,0.9059455307922959
16/18,2442,0.9041039176634545
16/18,2443,0.9116947320417577
16/18,2444,0.9050807758418777
16/18,2445,0.9033415502514653
16/18,2446,0.9041115306405245
16/18,2447,0.9092139533330039
16/18,2448,0.9098969365711835
16/18,2449,0.8977982876915641
16/18,2450,0.8972739720425803
16/18,2451,0.9108708572592615
16/18,2452,0.9039424899515671
16/18,2453,0.9117974663989591
16/18,2454,0.9094830291673274
16/18,2455,0.8961864119005338
16/18,2456,0.9053967796633682
16/18,2457,0.9053948262878615
16/18,2458,0.898722513522134
16/18,2459,0.8974027101769965
16/18,2460,0.9036089120914428
16/18,2461,0.9098944064853983
16/18,2462,0.9141706000707143
16/18,2463,0.9056451759789357
16/18,2464,0.8927592174154212
16/18,2465,0.9180502349755048
16/18,2466,0.9065910695612551
16/18,2467,0.8996827751846965
16/18,2468,0.8997586391887026
16/18,2469,0.9067324749577116
16/18,2470,0.9089353376826222
16/18,2471,0.9032923111920059
16/18,2472,0.9116316034330987
16/18,2473,0.8980776968077794
16/18,2474,0.8999053487175694
16/18,2475,0.903549413120334
16/18,2476,0.905528314305263
16/18,2477,0.9120572319445189
16/18,2478,0.9004675590399696
16/18,2479,0.9029352995911719
16/18,2480,0.9125494441292148
16/18,2481,0.9043094513342028
16/18,2482,0.9112129384538067
16/18,2483,0.905973214259192
16/18,2484,0.9040811576068594
16/18,2485,0.8970518346934383
16/18,2486,0.9062745649682782
16/18,2487,0.9023779145003394
16/18,2488,0.9058796306940258
16/18,2489,0.8939940611470644
16/18,2490,0.9143657578939569
16/18,2491,0.9024789945703445
16/18,2492,0.9020537081072972
16/18,2493,0.9100106128070306
16/18,2494,0.9016989868728787
16/18,2495,0.905715003150588
16/18,2496,0.9037767647179654
16/18,2497,0.9120012932691886
16/18,2498,0.900551983479911
16/18,2499,0.8962277561646717
16/18,2500,0.902710204186854
16/18,2501,0.9072802396269755
16/18,2502,0.9051045308265641
16/18,2503,0.8982382741803991
16/18,2504,0.9095693782118403
16/18,2505,0.9035419113654701
16/18,2506,0.8993946130413503
16/18,2507,0.8901149310654345
16/18,2508,0.9130048475847787
16/18,2509,0.9047629468990839
16/18,2510,0.9049515975833498
16/18,2511,0.9129501650075589
16/18,2512,0.9033029123564192
16/18,2513,0.904314600477969
16/18,2514,0.9075821687543507
16/18,2515,0.9178095415896859
16/18,2516,0.9000348158915986
16/18,2517,0.9024342477431849
16/18,2518,0.8965594526944057
16/18,2519,0.9130702086468786
16/18,2520,0.9191142806088558
16/18,2521,0.9110460752201613
16/18,2522,0.8990182436983156
16/18,2523,0.9057922214956238
16/18,2524,0.8992482732324243
16/18,2525,0.9150293537655274
16/18,2526,0.9113027368174901
16/18,2527,0.9100609572971228
16/18,2528,0.9080318259952456
16/18,2529,0.9039957613460204
16/18,2530,0.9068589183796009
16/18,2531,0.901625840881823
16/18,2532,0.9057739029966259
16/18,2533,0.9034597982699152
16/18,2534,0.9023908738292358
16/18,2535,0.9039359488647233
16/18,2536,0.9030016280337828
16/18,2537,0.8939523251039639
16/18,2538,0.9024220768546763
16/18,2539,0.901834790155633
16/18,2540,0.9097566229339522
16/18,2541,0.9033416875492228
16/18,2542,0.901845581318919
16/18,2543,0.9022963489328552
16/18,2544,0.9019076727628734
16/18,2545,0.9064027181023803
16/18,2546,0.90604985623505
16/18,2547,0.8979331965944609
16/18,2548,0.8986814002096241
16/18,2549,0.9112936702580428
16/18,2550,0.9077896419115398
16/18,2551,0.9055451413409408
16/18,2552,0.910859430699773
16/18,2553,0.8997623851495185
16/18,2554,0.9080000996003477
16/18,2555,0.8968255593256628
16/18,2556,0.9089990845277564
16/18,2557,0.9075937241384765
16/18,2558,0.9033436204160941
16/18,2559,0.9050844917186699
16/18,2560,0.9121595985964001
16/18,2561,0.9032462841626505
16/18,2562,0.9035789344930707
16/18,2563,0.9063538569550367
16/18,2564,0.9140144341640747
16/18,2565,0.9091984610422087
16/18,2566,0.910047671410348
16/18,2567,0.9029608752814614
16/18,2568,0.9075226472041044
16/18,2569,0.9173721857585068
16/18,2570,0.9116510135753413
16/18,2571,0.9036636693992255
16/18,2572,0.9114001402934331
16/18,2573,0.9029834500674646
16/18,2574,0.8998250668634226
16/18,2575,0.8931927958921942
16/18,2576,0.9114348625092877
16/18,2577,0.9073880984182179
16/18,2578,0.9178089806959296
16/18,2579,0.9096584016073838
16/18,2580,0.9090149167407433
16/18,2581,0.9088638869440234
16/18,2582,0.8993960565056648
16/18,2583,0.8914204876217137
16/18,2584,0.888172932778587
16/18,2585,0.8988579735961013
16/18,2586,0.9043978273151875
16/18,2587,0.9052510574634628
16/18,2588,0.900915536757305
16/18,2589,0.9129438184071683
16/18,2590,0.9049449408372608
16/18,2591,0.893170981354182
16/18,2592,0.9051633463281938
16/18,2593,0.9106417537283633
16/18,2594,0.905069977057637
16/18,2595,0.9147854033887194
16/18,2596,0.8963480422448153
16/18,2597,0.9052746842958268
16/18,2598,0.9117575198686181
16/18,2599,0.9037342067865208
16/18,2600,0.9063728061405584
16/18,2601,0.9098766228939593
16/18,2602,0.9012418415236563
16/18,2603,0.9078640064478019
16/18,2604,0.9087563850535827
16/18,2605,0.9080618490144455
16/18,2606,0.9104765144711834
16/18,2607,0.9025041194248281
16/18,2608,0.9089660630261134
16/18,2609,0.9026999551236742
16/18,2610,0.9037737431264393
16/18,2611,0.9076128088687723
16/18,2612,0.9066212692838289
16/18,2613,0.9024909865965007
16/18,2614,0.8974582232902417
16/18,2615,0.9048270875458284
16/18,2616,0.9199569695038897
16/18,2617,0.8985072455652131
16/18,2618,0.9020580684491278
16/18,2619,0.9058321558125287
16/18,2620,0.8987710500857731
16/18,2621,0.9143127187061368
16/18,2622,0.9016565643153601
16/18,2623,0.906733763335004
16/18,2624,0.8999090193458531
16/18,2625,0.9081935552865179
16/18,2626,0.9137791206856541
16/18,2627,0.9092171377847903
16/18,2628,0.8973649178344864
16/18,2629,0.8975324615482863
16/18,2630,0.9142768380322948
16/18,2631,0.9071590644156234
16/18,2632,0.9027841244344116
16/18,2633,0.9078288294695612
16/18,2634,0.9099684811531977
16/18,2635,0.9072606389256597
16/18,2636,0.9065077561520859
16/18,2637,0.9093003745662466
16/18,2638,0.9160767712783376
16/18,2639,0.9164177677244043
16/18,2640,0.9068270306813678
16/18,2641,0.9109637343255913
16/18,2642,0.9053857765924074
16/18,2643,0.9075377597133222
16/18,2644,0.9052130123415703
16/18,2645,0.9108565898749686
16/18,2646,0.9052080885144514
16/18,2647,0.9040275472756071
16/18,2648,0.9064191340415865
16/18,2649,0.9012671684454746
16/18,2650,0.9021301860828294
16/18,2651,0.8992351637291072
16/18,2652,0.8977778366854692
16/18,2653,0.9122427293589586
16/18,2654,0.9068367046574278
16/18,2655,0.898595421829773
16/18,2656,0.9072654900015998
16/18,2657,0.9074021094979345
16/18,2658,0.9028121138604044
16/18,2659,0.9060325640699033
16/18,2660,0.9002478888572261
16/18,2661,0.902314597735546
16/18,2662,0.9056169043377357
16/18,2663,0.9088821596740715
16/18,2664,0.9005442020204512
16/18,2665,0.90880238262789
16/18,2666,0.9120926346947598
16/18,2667,0.9131334504061736
16/18,2668,0.90691721816701
16/18,2669,0.8928223837323817
16/18,2670,0.901986479456383
16/18,2671,0.9042610266550359
16/18,2672,0.9063905696400133
16/18,2673,0.8957997159368553
16/18,2674,0.9141862097877049
16/18,2675,0.9056516068995507
16/18,2676,0.9141675149086244
16/18,2677,0.9023226222270347
16/18,2678,0.9128622780783341
16/18,2679,0.9113364534879057
16/18,2680,0.8961239164173435
16/18,2681,0.909736224762569
16/18,2682,0.9046957640378782
16/18,2683,0.9060655422702897
16/18,2684,0.9177582730561732
16/18,2685,0.9064378322076984
16/18,2686,0.9065867366720627
16/18,2687,0.9055982377347189
16/18,2688,0.9077723719677048
16/18,2689,0.8933648395839178
16/18,2690,0.9124946860309113
16/18,2691,0.9013725204308206
16/18,2692,0.9068856409772964
16/18,2693,0.8981702060695345
16/18,2694,0.9057573527117126
16/18,2695,0.9090274097548539
16/18,2696,0.9119901533408818
16/18,2697,0.900765589593496
16/18,2698,0.894559059421835
16/18,2699,0.8981593608563614
16/18,2700,0.9003928265596536
16/18,2701,0.9005680290792798
16/18,2702,0.8964274276919495
16/18,2703,0.9083961079367221
16/18,2704,0.9147979888136358
16/18,2705,0.9077475880637819
16/18,2706,0.9092395056998414
16/18,2707,0.9002261726142603
16/18,2708,0.9016359103939318
16/18,2709,0.8972955237034747
16/18,2710,0.9002766574131391
16/18,2711,0.9004364906438165
16/18,2712,0.9052357297555601
16/18,2713,0.9084649626982287
16/18,2714,0.9021357770150609
16/18,2715,0.9143056271159679
16/18,2716,0.9016496999189354
16/18,2717,0.9084885185699473
16/18,2718,0.9051413335254533
16/18,2719,0.9020265950951284
16/18,2720,0.8982690618648075
16/18,2721,0.9113533654540882
16/18,2722,0.9005994928609549
16/18,2723,0.9091650953264807
16/18,2724,0.9054437791294312
16/18,2725,0.9065882087678128
16/18,2726,0.8983476388403926
16/18,2727,0.9057297059050865
16/18,2728,0.8915458019145414
16/18,2729,0.9014050190108819
16/18,2730,0.9009885310004252
16/18,2731,0.9083673998587154
16/18,2732,0.9079349618754418
16/18,2733,0.8994904904894846
16/18,2734,0.9116655751253508
16/18,2735,0.9029204821355356
16/18,2736,0.9076850951114526
16/18,2737,0.921691299544446
16/18,2738,0.9023222262052721
16/18,2739,0.9109835056754909
16/18,2740,0.9013351048815272
16/18,2741,0.9143810436382471
16/18,2742,0.9112186664988847
16/18,2743,0.9129691375469614
16/18,2744,0.9039550126413541
16/18,2745,0.9025861122883809
16/18,2746,0.9045518090839634
16/18,2747,0.9081785751394643
16/18,2748,0.9075110709507319
16/18,2749,0.9066252610577292
16/18,2750,0.9049997975486148
16/18,2751,0.9035637981967993
16/18,2752,0.8987132899511482
16/18,2753,0.9012993678835928
16/18,2754,0.9023749625678724
16/18,2755,0.914966928524169
16/18,2756,0.9022749065313765
16/18,2757,0.8987288415477505
16/18,2758,0.9094299949625595
16/18,2759,0.9035550179777244
16/18,2760,0.9059209702466782
16/18,2761,0.9039386630894385
16/18,2762,0.908906243353909
16/18,2763,0.91188339623204
16/18,2764,0.9124030285886042
16/18,2765,0.9020428531722384
16/18,2766,0.908718190790051
16/18,2767,0.9004099241603918
16/18,2768,0.9055468067267824
16/18,2769,0.9054381300993964
16/18,2770,0.9049212125294535
16/18,2771,0.9090421225892148
16/18,2772,0.905062282130048
16/18,2773,0.9065546089773022
16/18,2774,0.913497485694468
16/18,2775,0.9049401822026489
16/18,2776,0.9121796334291947
16/18,2777,0.9022794553074308
16/18,2778,0.8989453639560389
16/18,2779,0.9093973279224098
16/18,2780,0.9029849988140479
16/18,2781,0.8988683786359827
16/18,2782,0.9063239802162106
16/18,2783,0.9085113633306153
16/18,2784,0.8912368705912563
16/18,2785,0.9094557035615738
16/18,2786,0.9064294670610529
16/18,2787,0.9040595318018039
16/18,2788,0.9085176138133326
16/18,2789,0.904647477067737
16/18,2790,0.9091406148637166
16/18,2791,0.898219510077982
16/18,2792,0.9101761185455673
16/18,2793,0.9027641437416849
16/18,2794,0.8993309090098165
16/18,2795,0.8963065691114928
16/18,2796,0.9074905381017174
16/18,2797,0.9124677883509236
16/18,2798,0.9102393440662587
16/18,2799,0.8981346390467099
16/18,2800,0.9042245429666473
16/18,2801,0.9113753428472299
16/18,2802,0.894887599600432
16/18,2803,0.9038789510510422
16/18,2804,0.9154320328292077
16/18,2805,0.9054910173740506
16/18,2806,0.9144471132770237
16/18,2807,0.906670471778306
16/18,2808,0.9087217539998338
16/18,2809,0.910402293935523
16/18,2810,0.907609237456773
16/18,2811,0.9090488002866088
16/18,2812,0.9084887458716528
16/18,2813,0.9108686992342864
16/18,2814,0.9076655832456955
16/18,2815,0.9046134263041664
16/18,2816,0.8962517073780905
16/18,2817,0.8959216047976605
16/18,2818,0.9126524831750169
16/18,2819,0.8951130434797336
16/18,2820,0.8996824005549625
16/18,2821,0.8954807591280076
16/18,2822,0.905245518860236
16/18,2823,0.9037314399059603
16/18,2824,0.9006439050576127
16/18,2825,0.8980049459499437
16/18,2826,0.904718436668539
16/18,2827,0.9093134001059723
16/18,2828,0.9045865620646735
16/18,2829,0.9012260754353124
16/18,2830,0.9114252027597838
16/18,2831,0.9069253235132247
16/18,2832,0.9118006306153612
16/18,2833,0.9060400919911391
16/18,2834,0.9125649048626922
16/18,2835,0.9033685042687873
16/18,2836,0.9037156530977413
16/18,2837,0.9015916479674297
16/18,2838,0.9050898081731622
16/18,2839,0.8962949626235895
16/18,2840,0.9011241726895013
16/18,2841,0.907437551626436
16/18,2842,0.9123711512283927
16/18,2843,0.9039119420773042
16/18,2844,0.9125803402513788
16/18,2845,0.9021619978066266
16/18,2846,0.9049575967392047
16/18,2847,0.8992231641630006
16/18,2848,0.9041259208766219
16/18,2849,0.8933918664331907
16/18,2850,0.9031909599196588
16/18,2851,0.8933930324966511
16/18,2852,0.9085798269231469
16/18,2853,0.9035375468592826
16/18,2854,0.9075914241642045
16/18,2855,0.9008252236956898
16/18,2856,0.9035510652237069
16/18,2857,0.9035112458465526
16/18,2858,0.9072613134455119
16/18,2859,0.9066932521332887
16/18,2860,0.8891626873060581
16/18,2861,0.904026430315345
16/18,2862,0.9121911166502318
16/18,2863,0.9122484259563721
16/18,2864,0.895219172039751
16/18,2865,0.9058770130298688
16/18,2866,0.9009055040253837
16/18,2867,0.9214057171845823
16/18,2868,0.9009766392344771
16/18,2869,0.9110241301851162
16/18,2870,0.9145687819069573
16/18,2871,0.9047292185314978
16/18,2872,0.9068648285764791
16/18,2873,0.9060155882669576
16/18,2874,0.9124806812435572
16/18,2875,0.89905780541923
16/18,2876,0.9020262512774456
16/18,2877,0.906464907008
16/18,2878,0.9077831325999727
16/18,2879,0.9120129089527836
16/18,2880,0.9031014726674556
16/18,2881,0.9124547712746397
16/18,2882,0.8996462157608891
16/18,2883,0.9036251339303829
16/18,2884,0.9101511965362662
16/18,2885,0.896753172470994
16/18,2886,0.9033276246468863
16/18,2887,0.9108888726877488
16/18,2888,0.9043088244734719
16/18,2889,0.8969748184672347
16/18,2890,0.9022556594987974
16/18,2891,0.9047511037122035
16/18,2892,0.9164805100317157
16/18,2893,0.9109562822766913
16/18,2894,0.9089485555758782
16/18,2895,0.9084929169922978
16/18,2896,0.9062081507339015
16/18,2897,0.9127427754449559
16/18,2898,0.9019323477826695
16/18,2899,0.9175219460735953
16/18,2900,0.9072153288443937
16/18,2901,0.9004511572197127
16/18,2902,0.9039472810567091
16/18,2903,0.9076372987304712
16/18,2904,0.9037922823168861
16/18,2905,0.90481948176046
16/18,2906,0.9014558548485123
16/18,2907,0.9018322058583281
16/18,2908,0.9144644918853216
16/18,2909,0.9139115072157451
16/18,2910,0.9026986563719863
16/18,2911,0.9051692328094013
16/18,2912,0.8988654094749269
16/18,2913,0.9064003771229887
16/18,2914,0.9013040192550601
16/18,2915,0.9070131162890468
16/18,2916,0.9057329850647133
16/18,2917,0.9086121586969754
16/18,2918,0.9077559295993289
16/18,2919,0.9003222504758677
16/18,2920,0.9082918307077535
16/18,2921,0.914387916162728
16/18,2922,0.8961462386397905
16/18,2923,0.9120947747532803
16/18,2924,0.916171738581619
16/18,2925,0.9041901274879057
16/18,2926,0.9068950187662485
16/18,2927,0.9058925694177349
16/18,2928,0.8954556715808514
16/18,2929,0.9070567285948672
16/18,2930,0.9032508060476325
16/18,2931,0.9118359436780175
16/18,2932,0.9068065042441356
16/18,2933,0.9085972547965184
16/18,2934,0.9092901618391681
16/18,2935,0.8999497530005269
16/18,2936,0.9021818806278824
16/18,2937,0.9002270971827707
16/18,2938,0.9054327054195385
16/18,2939,0.9093461896798407
16/18,2940,0.9070196560562522
16/18,2941,0.903850014658357
16/18,2942,0.9006565778094318
16/18,2943,0.9004477106134517
16/18,2944,0.909361006179307
16/18,2945,0.904268886826839
16/18,2946,0.9075241217207936
16/18,2947,0.9032401162903062
16/18,2948,0.9047016060242402
16/18,2949,0.9117551589220905
16/18,2950,0.8968869739872521
16/18,2951,0.9023149138430733
16/18,2952,0.9106931508937826
16/18,2953,0.9100523184001434
16/18,2954,0.9087479397986027
16/18,2955,0.9038151223720177
16/18,2956,0.9029058701513133
16/18,2957,0.9094283908361986
16/18,2958,0.9119573727970164
16/18,2959,0.9069586876774375
16/18,2960,0.9107162777552353
16/18,2961,0.907336853007681
16/18,2962,0.8990150423722675
16/18,2963,0.9131908675680641
16/18,2964,0.8997818779060074
16/18,2965,0.9014872108227565
16/18,2966,0.8932802763083086
16/18,2967,0.8905281131059541
16/18,2968,0.9032765117070998
16/18,2969,0.8994422420324023
16/18,2970,0.9086861699673452
16/18,2971,0.9037869839287762
16/18,2972,0.9044476853295736
16/18,2973,0.9034663735757095
16/18,2974,0.9063399512531596
16/18,2975,0.8982138492271986
16/18,2976,0.9070178747515067
16/18,2977,0.9108916149482377
16/18,2978,0.9087760231817954
16/18,2979,0.9032441751067926
16/18,2980,0.9057622903614188
16/18,2981,0.9130261605966785
16/18,2982,0.905106903694028
16/18,2983,0.9059947767903866
16/18,2984,0.8993076502718444
16/18,2985,0.9018347431819022
16/18,2986,0.9110410797070626
16/18,2987,0.9108438572685175
16/18,2988,0.8947110195211857
16/18,2989,0.91428051199196
16/18,2990,0.903824820504802
16/18,2991,0.8989511577832515
16/18,2992,0.9087927659898549
16/18,2993,0.9087652568040617
16/18,2994,0.8968267321385938
16/18,2995,0.9141765556206268
16/18,2996,0.9048177103191518
16/18,2997,0.9024323610440297
16/18,2998,0.9049818259837511
16/18,2999,0.8965904540520926
16/18,3000,0.8993181384536372
16/18,3001,0.9014333628526668
16/18,3002,0.9123528884244936
16/18,3003,0.9071142745829397
16/18,3004,0.8956730941359542
16/18,3005,0.9065699348630698
16/18,3006,0.9168140307092842
16/18,3007,0.9031658033678712
16/18,3008,0.9108105537843332
16/18,3009,0.913844172524612
16/18,3010,0.9090430774933358
16/18,3011,0.9073091848091284
16/18,3012,0.909495096062992
16/18,3013,0.9097817508418093
16/18,3014,0.8972201988092703
16/18,3015,0.9105008757799661
16/18,3016,0.9084103276202855
16/18,3017,0.9029347983336817
16/18,3018,0.9010378078579502
16/18,3019,0.8958209027507691
16/18,3020,0.903635528201368
16/18,3021,0.905731579665215
16/18,3022,0.8970167764713228
16/18,3023,0.9043345439193484
16/18,3024,0.9007661012764234
16/18,3025,0.9139874172655094
16/18,3026,0.9044772490071542
16/18,3027,0.902996143598749
16/18,3028,0.9072633043764121
16/18,3029,0.9010290930451361
16/18,3030,0.8974873433047638
16/18,3031,0.9059982643335792
16/18,3032,0.9093780252343014
16/18,3033,0.9050059253436592
16/18,3034,0.9027638451864778
16/18,3035,0.9006519173059333
16/18,3036,0.9119254727447211
16/18,3037,0.9072066937428956
16/18,3038,0.9134146126410453
16/18,3039,0.9010791749885854
16/18,3040,0.9026906532325271
16/18,3041,0.907098038962845
16/18,3042,0.9058657471031784
16/18,3043,0.9118076822982828
16/18,3044,0.9037114720842087
16/18,3045,0.9047738894486473
16/18,3046,0.9084502590484043
16/18,3047,0.8993375275565579
16/18,3048,0.8962360124723627
16/18,3049,0.900867551626197
16/18,3050,0.9045350049802854
16/18,3051,0.901000813926044
16/18,3052,0.902150712196094
16/18,3053,0.9039557216766857
16/18,3054,0.8918691995407423
16/18,3055,0.9042324469770797
16/18,3056,0.8969113232908403
16/18,3057,0.9055229168842124
16/18,3058,0.9098665940823136
16/18,3059,0.9043876336182727
16/18,3060,0.9055609991553515
16/18,3061,0.9040130107133475
16/18,3062,0.9118159564155225
16/18,3063,0.9094762990314775
16/18,3064,0.9025484469899231
16/18,3065,0.9062808567190596
16/18,3066,0.8990674459193085
16/18,3067,0.9106906620951309
16/18,3068,0.900253118570467
16/18,3069,0.8962624475732738
16/18,3070,0.8999230528655773
16/18,3071,0.9116527938891354
16/18,3072,0.9123328417435038
16/18,3073,0.907466528731631
16/18,3074,0.9109021707404535
16/18,3075,0.9072503141160349
16/18,3076,0.9103773384445178
16/18,3077,0.9044653267642969
16/18,3078,0.9072510175138024
16/18,3079,0.906140073430561
16/18,3080,0.9030324511948886
16/18,3081,0.8993264514587169
16/18,3082,0.9169307369146735
16/18,3083,0.9047884984660597
16/18,3084,0.910410536707407
16/18,3085,0.9012861260621223
16/18,3086,0.9001370458374457
16/18,3087,0.8971073409181116
16/18,3088,0.9078186907208514
16/18,3089,0.9094472612719992
16/18,3090,0.9048609588029072
16/18,3091,0.9145227191380316
16/18,3092,0.902608385145612
16/18,3093,0.9007337795059649
16/18,3094,0.9156991926169069
16/18,3095,0.9100601499827884
16/18,3096,0.9102705562889438
16/18,3097,0.898794197456341
16/18,3098,0.9070271152935123
16/18,3099,0.9143631088533786
16/18,3100,0.9053291412146195
16/18,3101,0.9181841897457176
16/18,3102,0.910240168544531
16/18,3103,0.8978178850849646
16/18,3104,0.9066142993039437
16/18,3105,0.9079427313502544
16/18,3106,0.898331210094504
16/18,3107,0.9030826613192987
16/18,3108,0.90277932311962
16/18,3109,0.9053915614573093
16/18,3110,0.909890765857165
16/18,3111,0.9080767253838169
16/18,3112,0.9070964814604418
16/18,3113,0.9063113900889553
16/18,3114,0.9035950520989351
16/18,3115,0.909485147640243
16/18,3116,0.8983728404884183
16/18,3117,0.9076321781542844
16/18,3118,0.9025276274080367
16/18,3119,0.9074208503696155
16/18,3120,0.9001522682192956
16/18,3121,0.9051941213427782
16/18,3122,0.9004645470559913
16/18,3123,0.9093996979242375
16/18,3124,0.8970537285983899
16/18,3125,0.905007565589562
16/18,3126,0.9131529030238025
16/18,3127,0.90736289317864
16/18,3128,0.9042274726337522
16/18,3129,0.9061709066830494
16/18,3130,0.9099053127903172
16/18,3131,0.9034026095865731
16/18,3132,0.9155428009809902
16/18,3133,0.9036752076432901
16/18,3134,0.905559252175752
16/18,3135,0.8996918140851407
16/18,3136,0.8979054409895278
16/18,3137,0.9038554492701282
16/18,3138,0.9073768809319647
16/18,3139,0.9059883248364788
16/18,3140,0.9100221350211558
16/18,3141,0.9062030640630011
16/18,3142,0.9126973542512967
16/18,3143,0.9074601263787688
16/18,3144,0.9035706422179786
16/18,3145,0.889543883935281
16/18,3146,0.9050491449781406
16/18,3147,0.9081125478860911
16/18,3148,0.911740015616882
16/18,3149,0.8979304290174678
16/18,3150,0.9092734801328404
16/18,3151,0.9011067286224275
16/18,3152,0.9093314640258957
16/18,3153,0.9107443097027839
16/18,3154,0.9009559484671488
16/18,3155,0.8954367583693348
16/18,3156,0.9093341324278006
16/18,3157,0.9106323776629424
16/18,3158,0.9134741338394655
16/18,3159,0.9042108320720499
16/18,3160,0.9120535348331377
16/18,3161,0.8955752542863247
16/18,3162,0.9069364863814183
16/18,3163,0.9086040515394906
16/18,3164,0.9084186316597629
16/18,3165,0.9015906160799467
16/18,3166,0.8993382965682932
16/18,3167,0.901230649134922
16/18,3168,0.9140462329624597
16/18,3169,0.8977949600381249
16/18,3170,0.9054902460228451
16/18,3171,0.9017613639421383
16/18,3172,0.8960641178913469
16/18,3173,0.9168130076712571
16/18,3174,0.9043682233745504
16/18,3175,0.9134592914128861
16/18,3176,0.9101984639242023
16/18,3177,0.9076952677706999
16/18,3178,0.9057241241762827
16/18,3179,0.9012844626631802
16/18,3180,0.9009964782844695
16/18,3181,0.8988653673969419
16/18,3182,0.9037517870254355
16/18,3183,0.9027420554004173
16/18,3184,0.9005547144812822
16/18,3185,0.9024562877180777
16/18,3186,0.9097079830142638
16/18,3187,0.9077371679167235
16/18,3188,0.9043862654230765
16/18,3189,0.9062738612459871
16/18,3190,0.9098348284275335
16/18,3191,0.8961842368279127
16/18,3192,0.9090583911534521
16/18,3193,0.9073179639640481
16/18,3194,0.9130331142501666
16/18,3195,0.9066194108636966
16/18,3196,0.904913593512982
16/18,3197,0.9084909232594454
16/18,3198,0.9010836361114003
16/18,3199,0.9033607176843884
16/18,3200,0.9173198223077377
16/18,3201,0.9102861941125249
16/18,3202,0.9093575452979927
16/18,3203,0.9010558819867924
16/18,3204,0.903858228523782
16/18,3205,0.8997541996865099
16/18,3206,0.9080160216536797
16/18,3207,0.9122557399067662
16/18,3208,0.9087755227007985
16/18,3209,0.8953472868213972
16/18,3210,0.9051496203025422
16/18,3211,0.9092376054966333
16/18,3212,0.8941241442503041
16/18,3213,0.9102266659213648
16/18,3214,0.9017871400524359
16/18,3215,0.9047248886952617
16/18,3216,0.9022246846731612
16/18,3217,0.9050786438917111
16/18,3218,0.8953611938120348
16/18,3219,0.9094175955801755
16/18,3220,0.9116087568123743
16/18,3221,0.9128725049146267
16/18,3222,0.8983252175250013
16/18,3223,0.9027641725961333
16/18,3224,0.9023605002176112
16/18,3225,0.9096138345471897
16/18,3226,0.9118434034282619
16/18,3227,0.9068091211842962
16/18,3228,0.9090474334801449
16/18,3229,0.9010043045000864
16/18,3230,0.9027282827937767
16/18,3231,0.898634973099469
16/18,3232,0.909064539177139
16/18,3233,0.8963704741037061
16/18,3234,0.9053713685992199
16/18,3235,0.90354634243819
16/18,3236,0.9012112821066629
16/18,3237,0.9040528944318119
16/18,3238,0.9019057599659491
16/18,3239,0.899872030630305
16/18,3240,0.9054570689884763
16/18,3241,0.910945624446653
16/18,3242,0.9081131616383947
16/18,3243,0.8967469452169197
16/18,3244,0.9079215880118043
16/18,3245,0.9073677811904576
16/18,3246,0.9102234509273655
16/18,3247,0.9038567874114144
16/18,3248,0.9090842541807497
16/18,3249,0.9057660608235759
16/18,3250,0.910046239412445
16/18,3251,0.9068904399259786
16/18,3252,0.9111100764452326
16/18,3253,0.9048844884790368
16/18,3254,0.9099781014367343
16/18,3255,0.9022606717221084
16/18,3256,0.903458906815431
16/18,3257,0.9053156713326383
16/18,3258,0.8994010014176089
16/18,3259,0.9063109198370555
16/18,3260,0.9004223494139604
16/18,3261,0.9003924921371547
16/18,3262,0.8962170354134259
16/18,3263,0.9111119654212292
16/18,3264,0.9145317606384705
16/18,3265,0.9092416284892871
16/18,3266,0.9027404464739783
16/18,3267,0.9046856825997852
16/18,3268,0.917220467670408
16/18,3269,0.9092337676601533
16/18,3270,0.9077463456360055
16/18,3271,0.9083607968773483
16/18,3272,0.9069388759801617
16/18,3273,0.9059044035199526
16/18,3274,0.904722491009898
16/18,3275,0.9069790824045031
16/18,3276,0.909618049097383
16/18,3277,0.9057661813322845
16/18,3278,0.8983068252406285
16/18,3279,0.91483161286545
16/18,3280,0.9019792346366619
16/18,3281,0.9126638736930772
16/18,3282,0.9060244065824745
16/18,3283,0.9112824359406623
16/18,3284,0.8936191481942156
16/18,3285,0.9007954598673841
16/18,3286,0.9018473761164696
16/18,3287,0.9064774364788197
16/18,3288,0.899815301335338
16/18,3289,0.8981503256089974
16/18,3290,0.9050201168788629
16/18,3291,0.9125500913519429
16/18,3292,0.9055369994982001
16/18,3293,0.9085468726744956
16/18,3294,0.909050913471533
16/18,3295,0.9015101284334159
16/18,3296,0.9112981963301127
16/18,3297,0.9130199814316858
16/18,3298,0.903453740160223
16/18,3299,0.899958200456888
16/18,3300,0.9083409661276656
16/18,3301,0.9054041602578157
16/18,3302,0.9025833723302225
16/18,3303,0.902241968262355
16/18,3304,0.9122937036610077
16/18,3305,0.9015938362480433
16/18,3306,0.9042849200814548
16/18,3307,0.9111913037009595
16/18,3308,0.8946342246485025
16/18,3309,0.9025351840807311
16/18,3310,0.8993991387317767
16/18,3311,0.9023172816493843
16/18,3312,0.9041004085096633
16/18,3313,0.9071265083862282
16/18,3314,0.914564991422862
16/18,3315,0.9072825269194643
16/18,3316,0.9084286637098986
16/18,3317,0.8937721695971261
16/18,3318,0.908858513757675
16/18,3319,0.908185659814584
16/18,3320,0.9092669036385089
16/18,3321,0.9055186632231716
16/18,3322,0.9174090893135824
16/18,3323,0.901199291356652
16/18,3324,0.9013069565302485
16/18,3325,0.8986664948031071
16/18,3326,0.9032411013107676
16/18,3327,0.9003760644751635
16/18,3328,0.9157721434680429
16/18,3329,0.8962445946570855
16/18,3330,0.9139993536599123
16/18,3331,0.900431052968499
16/18,3332,0.9067382606985454
16/18,3333,0.8975413045249182
16/18,3334,0.9056884372777149
16/18,3335,0.9152369432712764
16/18,3336,0.9081218044272542
16/18,3337,0.9181168814022459
16/18,3338,0.8991940918820218
16/18,3339,0.906216673243729
16/18,3340,0.901079730199057
16/18,3341,0.9030056740160828
16/18,3342,0.8988381673301435
16/18,3343,0.9156182206468216
16/18,3344,0.9055615752284996
16/18,3345,0.899687260884869
16/18,3346,0.9022987924537215
16/18,3347,0.9045188818945565
16/18,3348,0.9083780001769433
16/18,3349,0.901381080276893
16/18,3350,0.9076941532583914
16/18,3351,0.9066844558263097
16/18,3352,0.9095278176915798
16/18,3353,0.9017092557148355
16/18,3354,0.9017286476462706
16/18,3355,0.9023978520376872
16/18,3356,0.9077387363521611
16/18,3357,0.9087512038753129
16/18,3358,0.8999081544089755
16/18,3359,0.9093322634885073
16/18,3360,0.9082012844449876
16/18,3361,0.9032291749066869
16/18,3362,0.9092540483824857
16/18,3363,0.9122454036120518
16/18,3364,0.9225519439252864
16/18,3365,0.9089756513498594
16/18,3366,0.9002796116926914
16/18,3367,0.9088234513502796
16/18,3368,0.903481076444725
16/18,3369,0.9182842657653112
16/18,3370,0.9157377170679873
16/18,3371,0.9042888701763613
16/18,3372,0.9073752294808743
16/18,3373,0.9082153444978817
16/18,3374,0.904948439231353
16/18,3375,0.9068506699035632
16/18,3376,0.9004230370376162
16/18,3377,0.9126803820082651
16/18,3378,0.9081194378334698
16/18,3379,0.9118342538427329
16/18,3380,0.9058420546168897
16/18,3381,0.9006059649144599
16/18,3382,0.9044535305457835
16/18,3383,0.8971794293056284
16/18,3384,0.9041616007032534
16/18,3385,0.9024030271390608
16/18,3386,0.904555579554673
16/18,3387,0.9093584085690201
16/18,3388,0.9231545558582551
16/18,3389,0.8974585039374647
16/18,3390,0.9047735344615231
16/18,3391,0.900059952474868
16/18,3392,0.9011986717047884
16/18,3393,0.9035593530311334
16/18,3394,0.9007327300757447
16/18,3395,0.9065524633416268
16/18,3396,0.9171129651615819
16/18,3397,0.9008719566685437
16/18,3398,0.9114534355867704
16/18,3399,0.9033317377712449
16/18,3400,0.9087341626484294
16/18,3401,0.9034974928877767
16/18,3402,0.9102324267648072
16/18,3403,0.9103076844911406
16/18,3404,0.9065501929034917
16/18,3405,0.9128528573087098
16/18,3406,0.9029366813756079
16/18,3407,0.9008786106016782
16/18,3408,0.91587997201624
16/18,3409,0.9093883944763084
16/18,3410,0.9103209912603469
16/18,3411,0.9049132526042099
16/18,3412,0.9067597830223156
16/18,3413,0.90529260537432
16/18,3414,0.9059783380013151
16/18,3415,0.8994922489690088
16/18,3416,0.9021757009058836
16/18,3417,0.8911273971499026
16/18,3418,0.9117529423402215
16/18,3419,0.9051512641332967
16/18,3420,0.9055925818548508
16/18,3421,0.9074225161022615
16/18,3422,0.9187755946633156
16/18,3423,0.9088719053951574
16/18,3424,0.9113084945023869
16/18,3425,0.9100024709019334
16/18,3426,0.9060605182470718
16/18,3427,0.9064232956849638
16/18,3428,0.9035016358459527
16/18,3429,0.9044590759407675
16/18,3430,0.9128162508336175
16/18,3431,0.9046603621268966
16/18,3432,0.9086827576312582
16/18,3433,0.908603795619524
16/18,3434,0.8995433311500353
16/18,3435,0.9057297023226955
16/18,3436,0.9006330512081371
16/18,3437,0.8994600207218387
16/18,3438,0.9058839937071901
16/18,3439,0.9088516039313953
16/18,3440,0.8986432772781207
16/18,3441,0.9025542504070094
16/18,3442,0.9167644097191521
16/18,3443,0.9037614684922695
16/18,3444,0.9116802206324071
16/18,3445,0.9128136033454147
16/18,3446,0.903699965597611
16/18,3447,0.9007245467259
16/18,3448,0.9007077417404719
16/18,3449,0.9036485967010576
16/18,3450,0.9098727859913043
16/18,3451,0.90878002869096
16/18,3452,0.9084104242605368
16/18,3453,0.905250086607919
16/18,3454,0.9077447961112104
16/18,3455,0.9026277162233367
16/18,3456,0.8956518467964386
16/18,3457,0.9037195696357797
16/18,3458,0.9057052222056162
16/18,3459,0.9068709859769689
16/18,3460,0.9085199363011477
16/18,3461,0.9069192887146127
16/18,3462,0.903883607389159
16/18,3463,0.9018577109863555
16/18,3464,0.8977709783817377
16/18,3465,0.909794558965662
16/18,3466,0.9015492894686604
16/18,3467,0.9042225606242494
16/18,3468,0.8958702209716639
16/18,3469,0.9036899067174398
16/18,3470,0.9015624531467388
16/18,3471,0.9040234247889583
16/18,3472,0.9054271715541221
16/18,3473,0.9026882553063543
16/18,3474,0.8948744133294385
16/18,3475,0.911434569991761
16/18,3476,0.9056671814084177
16/18,3477,0.9081074923694784
16/18,3478,0.9069330871341605
16/18,3479,0.9113617578980064
16/18,3480,0.9061246748166373
16/18,3481,0.9130922135931293
16/18,3482,0.9020626268371827
16/18,3483,0.896055942811707
16/18,3484,0.9061506266268546
16/18,3485,0.9077810658628583
16/18,3486,0.9090151298941482
16/18,3487,0.9018188884963562
16/18,3488,0.9078079592075057
16/18,3489,0.9045678696043443
16/18,3490,0.9024206337023317
16/18,3491,0.8983340591809934
16/18,3492,0.9113116911594984
16/18,3493,0.9074563734117677
16/18,3494,0.9098418512854693
16/18,3495,0.9081844412734987
16/18,3496,0.9033510194898329
16/18,3497,0.9010644924339267
16/18,3498,0.9044209372385461
16/18,3499,0.9044995306015942
16/18,3500,0.912145542262587
16/18,3501,0.9053223028550768
16/18,3502,0.9027256663608187
16/18,3503,0.9063671713065389
16/18,3504,0.9025732480231276
16/18,3505,0.9013794428172064
16/18,3506,0.9106419391882671
16/18,3507,0.9108524133671079
16/18,3508,0.9061517271850161
16/18,3509,0.9084194728346788
16/18,3510,0.9134294918691176
16/18,3511,0.9041062229238771
16/18,3512,0.9039824588946178
16/18,3513,0.9065623467051637
16/18,3514,0.9059264617756153
16/18,3515,0.901567207017397
16/18,3516,0.9050123158707755
16/18,3517,0.904427200294913
16/18,3518,0.9093478763722891
16/18,3519,0.9013994305257592
16/18,3520,0.9107019954052117
16/18,3521,0.9099504021309353
16/18,3522,0.9145522460731789
16/18,3523,0.9009919817839377
16/18,3524,0.8981839655144163
16/18,3525,0.9098677894879993
16/18,3526,0.9060984860057487
16/18,3527,0.9083376021917547
16/18,3528,0.9032991871503949
16/18,3529,0.9016598834832462
16/18,3530,0.9091143768061195
16/18,3531,0.9104513810523112
16/18,3532,0.9030305025912485
16/18,3533,0.9038504189344017
16/18,3534,0.9141147495540238
16/18,3535,0.9075789675228295
16/18,3536,0.9146959097091028
16/18,3537,0.9131848863212302
16/18,3538,0.917329113164501
16/18,3539,0.9081172384404288
16/18,3540,0.9074969426726895
16/18,3541,0.9035624192344511
16/18,3542,0.9017108470304962
16/18,3543,0.9111252336219429
16/18,3544,0.8989208072449263
16/18,3545,0.900947410053986
16/18,3546,0.8964392636093549
16/18,3547,0.9089011752190759
16/18,3548,0.9077314928814713
16/18,3549,0.911147765389695
16/18,3550,0.9142257746782612
16/18,3551,0.9058855159004969
16/18,3552,0.8985300164777434
16/18,3553,0.9096187670178224
16/18,3554,0.9105131862779575
16/18,3555,0.8976390985887348
16/18,3556,0.910840900321104
16/18,3557,0.9090010272232548
16/18,3558,0.9012225504390299
16/18,3559,0.8956296223810384
16/18,3560,0.9123754591234189
16/18,3561,0.9058847372456524
16/18,3562,0.9056909151188524
16/18,3563,0.8962828565905071
16/18,3564,0.890358578392492
16/18,3565,0.9069988515207733
16/18,3566,0.901400952888495
16/18,3567,0.9021424166767569
16/18,3568,0.908264249405748
16/18,3569,0.9128282570762162
16/18,3570,0.9111462897526469
16/18,3571,0.912332762690761
16/18,3572,0.9191059745220151
16/18,3573,0.901450200231613
16/18,3574,0.8996573549050246
16/18,3575,0.9054279845490538
16/18,3576,0.9058936498131764
16/18,3577,0.8973879328839917
16/18,3578,0.9085830660057296
16/18,3579,0.9140761013231333
16/18,3580,0.9014279913317845
16/18,3581,0.8988734708054498
16/18,3582,0.9050569233717675
16/18,3583,0.8999830591680524
16/18,3584,0.9028678446191816
16/18,3585,0.9021971018470136
16/18,3586,0.9043771192770471
16/18,3587,0.9149826045220388
16/18,3588,0.915624628365301
16/18,3589,0.9054068950967775
16/18,3590,0.9046751060228525
16/18,3591,0.90820286274128
16/18,3592,0.8898332355080641
16/18,3593,0.9044886543534872
16/18,3594,0.9060103376799679
16/18,3595,0.9149743984096781
16/18,3596,0.8984347026855486
16/18,3597,0.9053455525283128
16/18,3598,0.8980942365494923
16/18,3599,0.8988006220837617
16/18,3600,0.910793854726473
16/18,3601,0.901694985623551
16/18,3602,0.9043870170000019
16/18,3603,0.9052151637978512
16/18,3604,0.9099173314274007
16/18,3605,0.9045807656982686
16/18,3606,0.9124882989397809
16/18,3607,0.9051516875352723
16/18,3608,0.9051652944769288
16/18,3609,0.9001425048129021
16/18,3610,0.9096792552092833
16/18,3611,0.8955171712137184
16/18,3612,0.9072428589756789
16/18,3613,0.8970143234647963
16/18,3614,0.9105885797992852
16/18,3615,0.9063082283036975
16/18,3616,0.9084112991717864
16/18,3617,0.9070933972054203
16/18,3618,0.9062966198651695
16/18,3619,0.8952178638676191
16/18,3620,0.9222110740028601
16/18,3621,0.9127448065875525
16/18,3622,0.9053841602609962
16/18,3623,0.8990989727788289
16/18,3624,0.9002045887425135
16/18,3625,0.9046534152963234
16/18,3626,0.9019484867035154
16/18,3627,0.8958002878049937
16/18,3628,0.8907186848527842
16/18,3629,0.9089896166275674
16/18,3630,0.9163392742563291
16/18,3631,0.9027161860107241
16/18,3632,0.9093175064171618
16/18,3633,0.9043014197126195
16/18,3634,0.8965508024447333
16/18,3635,0.905534318036353
16/18,3636,0.9135122115859869
16/18,3637,0.9067091240922457
16/18,3638,0.9106827573920527
16/18,3639,0.8985646258958558
16/18,3640,0.9041056472534664
16/18,3641,0.8974741309166636
16/18,3642,0.9003800140485596
16/18,3643,0.8963129525972711
16/18,3644,0.9060125910870667
16/18,3645,0.9017455722505956
16/18,3646,0.9036106622406731
16/18,3647,0.9019143568553903
16/18,3648,0.9082321312682237
16/18,3649,0.9156050815312318
16/18,3650,0.9059507297986324
16/18,3651,0.9029720668605284
16/18,3652,0.9053404170509065
16/18,3653,0.9036954298954556
16/18,3654,0.9027167410762482
16/18,3655,0.901952796134839
16/18,3656,0.9058248167466042
16/18,3657,0.9077514893510111
16/18,3658,0.8913210559976726
16/18,3659,0.9094708769183362
16/18,3660,0.920246999198619
16/18,3661,0.9114705196521241
16/18,3662,0.9069060497130934
16/18,3663,0.9161774787946468
16/18,3664,0.9104783931051436
16/18,3665,0.8986529146907933
16/18,3666,0.909984430903414
16/18,3667,0.9066250070323233
16/18,3668,0.9082202233015496
16/18,3669,0.910446952811056
16/18,3670,0.9004282131815264
16/18,3671,0.8956628810417432
16/18,3672,0.9030401100374769
16/18,3673,0.9035556078820418
16/18,3674,0.9005593559214434
16/18,3675,0.8975971933854319
16/18,3676,0.9099173652508579
16/18,3677,0.9018959060000604
16/18,3678,0.9160314035701749
16/18,3679,0.9056654391616129
16/18,3680,0.9061194374121971
16/18,3681,0.9068377983223098
16/18,3682,0.9102009887810077
16/18,3683,0.9056160089636214
16/18,3684,0.9135584823212537
16/18,3685,0.9042680928202332
16/18,3686,0.9120836592745518
16/18,3687,0.9090696558004935
16/18,3688,0.9090203917963803
16/18,3689,0.9076071506804586
16/18,3690,0.9058516219295705
16/18,3691,0.9079540552850369
16/18,3692,0.9076957623752137
16/18,3693,0.913509105752001
16/18,3694,0.9044741830844253
16/18,3695,0.9014471284583907
16/18,3696,0.8993868420074378
16/18,3697,0.9056198060444162
16/18,3698,0.9010104514711229
16/18,3699,0.8992591634048364
16/18,3700,0.9083184801847795
16/18,3701,0.9080330520443393
16/18,3702,0.89769931653914
16/18,3703,0.9031975662266682
16/18,3704,0.9106715620773421
16/18,3705,0.9112152333528089
16/18,3706,0.8976506248964933
16/18,3707,0.9180581083512869
16/18,3708,0.9052725777820064
16/18,3709,0.9076219116066899
16/18,3710,0.9027756524821746
16/18,3711,0.8969352411407753
16/18,3712,0.8997767150690539
16/18,3713,0.9132611007907473
16/18,3714,0.9085631877406399
16/18,3715,0.8974510446226225
16/18,3716,0.9091882851163949
16/18,3717,0.9004494335868528
16/18,3718,0.9025595315976848
16/18,3719,0.9155436210942676
16/18,3720,0.9127797528740536
16/18,3721,0.8998111375994611
16/18,3722,0.9070969151336856
16/18,3723,0.8983145618207179
16/18,3724,0.896382121408593
16/18,3725,0.9006576440127921
16/18,3726,0.9126508613875475
16/18,3727,0.903435660994748
16/18,3728,0.9175546411939679
16/18,3729,0.9156814030790231
16/18,3730,0.9030813044115426
16/18,3731,0.8983397080886395
16/18,3732,0.895908954896008
16/18,3733,0.9061440788585136
16/18,3734,0.9064322738550461
16/18,3735,0.9157551863869571
16/18,3736,0.9066675871031958
16/18,3737,0.9055775475908775
16/18,3738,0.9117727738603324
16/18,3739,0.9137891862195793
16/18,3740,0.9081072075329365
16/18,3741,0.9008767818145564
16/18,3742,0.9049877531969338
16/18,3743,0.910799119910969
16/18,3744,0.9178289853834715
16/18,3745,0.9011455663239424
16/18,3746,0.8980938266393725
16/18,3747,0.9050818196388212
16/18,3748,0.8996222760071875
16/18,3749,0.903688418824884
16/18,3750,0.9017388903163206
16/18,3751,0.9141229256213266
16/18,3752,0.9024438274248492
16/18,3753,0.903479108835926
16/18,3754,0.9029521487084441
16/18,3755,0.9082605914406573
16/18,3756,0.8974789052483668
16/18,3757,0.908029728469765
16/18,3758,0.9009250443565201
16/18,3759,0.9072896729243222
16/18,3760,0.9009144989851294
16/18,3761,0.907414028282678
16/18,3762,0.9068251326320796
16/18,3763,0.9049672639155506
16/18,3764,0.9030929804327235
16/18,3765,0.9146241614161643
16/18,3766,0.9038888387213465
16/18,3767,0.9141603836537165
16/18,3768,0.9020616388259428
16/18,3769,0.9073638802495786
16/18,3770,0.9132215853274027
16/18,3771,0.8955312821216697
16/18,3772,0.9077766274785938
16/18,3773,0.8983483205765161
16/18,3774,0.8979809788632485
16/18,3775,0.8994574896061317
16/18,3776,0.9075614131935588
16/18,3777,0.8918254717974519
16/18,3778,0.9051935923696917
16/18,3779,0.910990678499808
16/18,3780,0.9086969918262636
16/18,3781,0.9100922013155944
16/18,3782,0.9126459956536275
16/18,3783,0.9090151605867509
16/18,3784,0.9021857406946616
16/18,3785,0.9045433874711182
16/18,3786,0.8996803367146974
16/18,3787,0.908324244747339
16/18,3788,0.9103708220230785
16/18,3789,0.9004696669164846
16/18,3790,0.9083984792016249
16/18,3791,0.906813624169049
16/18,3792,0.902963739929666
16/18,3793,0.9008217569872308
16/18,3794,0.9034065594068061
16/18,3795,0.9047137308015272
16/18,3796,0.9081729178795773
16/18,3797,0.902564829933614
16/18,3798,0.9019576687393119
16/18,3799,0.9037478627172009
16/18,3800,0.9001133202735832
16/18,3801,0.9089888284509827
16/18,3802,0.9111283702562053
16/18,3803,0.917121156583212
16/18,3804,0.9048528061732464
16/18,3805,0.8964242479899778
16/18,3806,0.9031277581653925
16/18,3807,0.9048396604772546
16/18,3808,0.9118073047507375
16/18,3809,0.912221501217045
16/18,3810,0.9170600743315035
16/18,3811,0.8971403951919211
16/18,3812,0.9062264835203955
16/18,3813,0.9110693157427374
16/18,3814,0.9095788856270136
16/18,3815,0.9012861137732356
16/18,3816,0.9058643996146668
16/18,3817,0.9042256316360162
16/18,3818,0.9071572430232993
16/18,3819,0.9050769364144587
16/18,3820,0.8901523878272486
16/18,3821,0.9075037522759709
16/18,3822,0.9101203585342653
16/18,3823,0.9061313496578844
16/18,3824,0.8930432555957153
16/18,3825,0.9058822154895276
16/18,3826,0.905590492597854
16/18,3827,0.9089958360563011
16/18,3828,0.9034698039517807
16/18,3829,0.9057180874751282
16/18,3830,0.9117142289844973
16/18,3831,0.9075189468261509
16/18,3832,0.9135594358051704
16/18,3833,0.9039182975312325
16/18,3834,0.9037210504093587
16/18,3835,0.9011344506720861
16/18,3836,0.9097270567308037
16/18,3837,0.9074710330557356
16/18,3838,0.9149928685938514
16/18,3839,0.9101013150325863
16/18,3840,0.9037109427353046
16/18,3841,0.9100337377206155
16/18,3842,0.9037152289968209
16/18,3843,0.8957685196092685
16/18,3844,0.9034322883947397
16/18,3845,0.8999063917269225
16/18,3846,0.9106279470621541
16/18,3847,0.9002770669233849
16/18,3848,0.9040750976398788
16/18,3849,0.9079143153258047
16/18,3850,0.9037095614071716
16/18,3851,0.9030022066133976
16/18,3852,0.9039459371173877
16/18,3853,0.9028631658593221
16/18,3854,0.9084556243974117
16/18,3855,0.9106480604617792
16/18,3856,0.9006956234729738
16/18,3857,0.9152645147746773
16/18,3858,0.9055983487785999
16/18,3859,0.9029226389161306
16/18,3860,0.8999443212604459
16/18,3861,0.9120213376417325
16/18,3862,0.9045194102904476
16/18,3863,0.9105760378369687
16/18,3864,0.9130104825008147
16/18,3865,0.9039861349642571
16/18,3866,0.9107694331160857
16/18,3867,0.9022152654721302
16/18,3868,0.902366870952762
16/18,3869,0.901792829782534
16/18,3870,0.9144311935836955
16/18,3871,0.914041204217703
16/18,3872,0.9077655407901473
16/18,3873,0.9109647269518997
16/18,3874,0.9117265772594315
16/18,3875,0.9037598521089538
16/18,3876,0.9021253448797815
16/18,3877,0.9049263361498917
16/18,3878,0.8957368246325405
16/18,3879,0.9055038090363344
16/18,3880,0.9061277925419505
16/18,3881,0.9022836305497869
16/18,3882,0.9026748585240632
16/18,3883,0.9057117462575196
16/18,3884,0.9040712234854359
16/18,3885,0.9083710780141777
16/18,3886,0.913252366256064
16/18,3887,0.8936563911882729
16/18,3888,0.9130381302426199
16/18,3889,0.9034330844338053
16/18,3890,0.8996030417071268
16/18,3891,0.9019133484346218
16/18,3892,0.9045272811683533
16/18,3893,0.9136727488873464
16/18,3894,0.9033036261961142
16/18,3895,0.9049389412936076
16/18,3896,0.9017662982388002
16/18,3897,0.8988693241365788
16/18,3898,0.9113277275913728
16/18,3899,0.9078038263743016
16/18,3900,0.8994760338457767
16/18,3901,0.9062705117619994
16/18,3902,0.9084675070330184
16/18,3903,0.9077719654321171
16/18,3904,0.9044446084687542
16/18,3905,0.9042279673676253
16/18,3906,0.9069206853911895
16/18,3907,0.9126079258198747
16/18,3908,0.9032684523393246
16/18,3909,0.9077881117018097
16/18,3910,0.9130856632202643
16/18,3911,0.9060304535072586
16/18,3912,0.8995889340418073
16/18,3913,0.901162114637235
16/18,3914,0.9102276551862225
16/18,3915,0.8995371643010921
16/18,3916,0.8987878512324214
16/18,3917,0.9114405699836361
16/18,3918,0.8947411059489783
16/18,3919,0.9090933693585013
16/18,3920,0.9036524611244436
16/18,3921,0.9128088581975156
16/18,3922,0.9041619406199844
16/18,3923,0.9162662361208265
16/18,3924,0.9150912583684521
16/18,3925,0.9051802567111066
16/18,3926,0.907569015362389
16/18,3927,0.9083973379134292
16/18,3928,0.9087125333811862
16/18,3929,0.9072809615303034
16/18,3930,0.902811867774159
16/18,3931,0.8990350000653051
16/18,3932,0.9015209686026915
16/18,3933,0.9035251621815263
16/18,3934,0.9052826331864716
16/18,3935,0.9085288823866275
16/18,3936,0.9111024572850842
16/18,3937,0.9107614112989002
16/18,3938,0.9018623788991765
16/18,3939,0.9023664500821615
16/18,3940,0.9053642298531009
16/18,3941,0.9129474768091876
16/18,3942,0.9042076284160702
16/18,3943,0.9050769763700218
16/18,3944,0.908581004934338
16/18,3945,0.9071605114893609
16/18,3946,0.9091989665061615
16/18,3947,0.901289798134053
16/18,3948,0.9067400321819186
16/18,3949,0.9030649097900098
16/18,3950,0.9115715769232448
16/18,3951,0.9121074168431645
16/18,3952,0.8961780478339222
16/18,3953,0.9055102076604536
16/18,3954,0.9139795024569173
16/18,3955,0.9025051355056378
16/18,3956,0.9056930002427972
16/18,3957,0.9097078953096119
16/18,3958,0.9024658957688534
16/18,3959,0.9129094756198087
16/18,3960,0.9109169032183373
16/18,3961,0.9047912527094504
16/18,3962,0.9031224523858138
16/18,3963,0.9142727379155596
16/18,3964,0.9063036675285057
16/18,3965,0.9033381554632867
16/18,3966,0.9048883005684328
16/18,3967,0.9013340295305705
16/18,3968,0.8978150683237317
16/18,3969,0.9126145117951863
16/18,3970,0.9047053910890883
16/18,3971,0.8945044618622141
16/18,3972,0.9029950373922496
16/18,3973,0.910688061244276
16/18,3974,0.9050552466748353
16/18,3975,0.9121682671253076
16/18,3976,0.9080285627214529
16/18,3977,0.9005411742154483
16/18,3978,0.9019270039409152
16/18,3979,0.899405187983552
16/18,3980,0.9036310462740349
16/18,3981,0.9032283628628558
16/18,3982,0.9047822162264372
16/18,3983,0.8943846026083931
16/18,3984,0.9133701346740114
16/18,3985,0.9030068190962934
16/18,3986,0.9053827821609411
16/18,3987,0.910453416846915
16/18,3988,0.8996047235205255
16/18,3989,0.9109518235504116
16/18,3990,0.8987386132308868
16/18,3991,0.9057805281072284
16/18,3992,0.9029764620530362
16/18,3993,0.9117988472599237
16/18,3994,0.8953006799872395
16/18,3995,0.9050093999917067
16/18,3996,0.9055335324968897
16/18,3997,0.9046205334585906
16/18,3998,0.8944555967128975
16/18,3999,0.900904782134923
16/18,4000,0.9074537831592696
16/18,4001,0.8981152642546979
16/18,4002,0.8921278638834534
16/18,4003,0.9175507451110367
16/18,4004,0.8984743066224686
16/18,4005,0.9066258065249586
16/18,4006,0.9093707043988684
16/18,4007,0.9138760546315655
16/18,4008,0.9079886079668581
16/18,4009,0.8993085051407106
16/18,4010,0.9049302080429387
16/18,4011,0.9083189068582315
16/18,4012,0.9012738528132294
16/18,4013,0.9083832770294491
16/18,4014,0.9025768087126522
16/18,4015,0.9091134855585272
16/18,4016,0.9012163277361387
16/18,4017,0.9130412042433006
16/18,4018,0.9133379595566407
16/18,4019,0.9063690614791954
16/18,4020,0.9020650948669292
16/18,4021,0.9092600170228773
16/18,4022,0.9040803091705246
16/18,4023,0.8994013764736492
16/18,4024,0.9135459603278132
16/18,4025,0.9080647774284527
16/18,4026,0.8984915751316214
16/18,4027,0.9070734116350516
16/18,4028,0.9101252923951264
16/18,4029,0.892046380960918
16/18,4030,0.9054766511146771
16/18,4031,0.9040622064551156
16/18,4032,0.8878706198018144
16/18,4033,0.8972290108406821
16/18,4034,0.9039130420312957
16/18,4035,0.9094785306033779
16/18,4036,0.9125970981864019
16/18,4037,0.9107311347520166
16/18,4038,0.9043060177358441
16/18,4039,0.9071391506651558
16/18,4040,0.9045248283586015
16/18,4041,0.9096309242829382
16/18,4042,0.9003163202134744
16/18,4043,0.9095879659715621
16/18,4044,0.9080338749259086
16/18,4045,0.904048015306322
16/18,4046,0.9003395732942201
16/18,4047,0.9032016717362314
16/18,4048,0.9092367115060283
16/18,4049,0.905606452418058
16/18,4050,0.9040896448930615
16/18,4051,0.9060863658460775
16/18,4052,0.9040573760653888
16/18,4053,0.8977337877480868
16/18,4054,0.913334322876825
16/18,4055,0.9066802138045598
16/18,4056,0.8989751275064178
16/18,4057,0.9146467410913848
16/18,4058,0.8954239774010713
16/18,4059,0.9025264475447677
16/18,4060,0.9010037938592801
16/18,4061,0.9009518068964296
16/18,4062,0.8976561884271018
16/18,4063,0.9025981653927841
16/18,4064,0.9011573087960133
16/18,4065,0.9029893258725774
16/18,4066,0.9026794887513905
16/18,4067,0.909262561567302
16/18,4068,0.905088010891421
16/18,4069,0.9060002125022774
16/18,4070,0.9159995442271771
16/18,4071,0.9049055211363808
16/18,4072,0.9048008996642871
16/18,4073,0.90088406972346
16/18,4074,0.903845867494698
16/18,4075,0.9107680768461344
16/18,4076,0.9136823896316896
16/18,4077,0.9012098704128854
16/18,4078,0.9151953842998333
16/18,4079,0.905346669396834
16/18,4080,0.9001825570431565
16/18,4081,0.9108462785072924
16/18,4082,0.9084921987969746
16/18,4083,0.9160430148301816
16/18,4084,0.894856336521109
16/18,4085,0.8993405626840393
16/18,4086,0.9065489830024395
16/18,4087,0.9103737698687256
16/18,4088,0.9067098402629764
16/18,4089,0.904886650082731
16/18,4090,0.896889493646336
16/18,4091,0.918067971102463
16/18,4092,0.9082601335821974
16/18,4093,0.9066348439100095
16/18,4094,0.9041960890719046
16/18,4095,0.9085077498737899
16/18,4096,0.9120807917179489
16/18,4097,0.8969850479859464
16/18,4098,0.9023380270857789
16/18,4099,0.9090140587506046
16/18,4100,0.9081757485872467
16/18,4101,0.9058088787657447
16/18,4102,0.9067148361020485
16/18,4103,0.9055717261061509
16/18,4104,0.9061736901180196
16/18,4105,0.9067436774953463
16/18,4106,0.9091921412994491
16/18,4107,0.9220443399197128
16/18,4108,0.9121517644945587
16/18,4109,0.9112780134110339
16/18,4110,0.9073907265799651
16/18,4111,0.9124505860241786
16/18,4112,0.9085066525270913
16/18,4113,0.9081938629497798
16/18,4114,0.9084934179370935
16/18,4115,0.9092846246063748
16/18,4116,0.8998337139864097
16/18,4117,0.9049811627365197
16/18,4118,0.8967661570344988
16/18,4119,0.9031038312170815
16/18,4120,0.9055442483789393
16/18,4121,0.9062381619496721
16/18,4122,0.915191059138726
16/18,4123,0.9111256132501054
16/18,4124,0.9091191562147849
16/18,4125,0.9129580835645639
16/18,4126,0.9085709485636796
16/18,4127,0.8990402547798918
16/18,4128,0.9083440018094376
16/18,4129,0.9142370901848325
16/18,4130,0.9093427400710437
16/18,4131,0.904040609434267
16/18,4132,0.9071763189464852
16/18,4133,0.9075791349838903
16/18,4134,0.9128752792057742
16/18,4135,0.9079338904273448
16/18,4136,0.9046580013977952
16/18,4137,0.9042209963174082
16/18,4138,0.9011195949770863
16/18,4139,0.9025035496019426
16/18,4140,0.9097173593956203
16/18,4141,0.9038503314971171
16/18,4142,0.9055148794781299
16/18,4143,0.911328295707576
16/18,4144,0.905114858744932
16/18,4145,0.9070978495788729
16/18,4146,0.913717135913346
16/18,4147,0.8987204893139188
16/18,4148,0.897315245090277
16/18,4149,0.917809032948703
16/18,4150,0.9001730073088663
16/18,4151,0.9080682076011922
16/18,4152,0.905627469897645
16/18,4153,0.9023701663034491
16/18,4154,0.9050864776031342
16/18,4155,0.904517392762304
16/18,4156,0.913930472227567
16/18,4157,0.9051858802029775
16/18,4158,0.8971370756603578
16/18,4159,0.9099798527530629
16/18,4160,0.9133495335133864
16/18,4161,0.8972986099774231
16/18,4162,0.9078631546888528
16/18,4163,0.9049955187024622
16/18,4164,0.913774409994655
16/18,4165,0.900819953411345
16/18,4166,0.8991680282964956
16/18,4167,0.9083827688781637
16/18,4168,0.918441012132808
16/18,4169,0.915477564834675
16/18,4170,0.9160539102874642
16/18,4171,0.9043964160678193
16/18,4172,0.9060544885131012
16/18,4173,0.9058843438764015
16/18,4174,0.9078495245169262
16/18,4175,0.8945955479388764
16/18,4176,0.906692742399905
16/18,4177,0.8958214593028202
16/18,4178,0.8961299116097227
16/18,4179,0.8997814644824637
16/18,4180,0.9059888610021932
16/18,4181,0.8982558183363585
16/18,4182,0.8985529998171119
16/18,4183,0.9144328048095997
16/18,4184,0.9102226799032588
16/18,4185,0.8980562074092208
16/18,4186,0.903990247436122
16/18,4187,0.9086680768388125
16/18,4188,0.9042647944685233
16/18,4189,0.9004301309111697
16/18,4190,0.9020242670788712
16/18,4191,0.9089948748831239
16/18,4192,0.9041154170343417
16/18,4193,0.9042546403953797
16/18,4194,0.8996516555290682
16/18,4195,0.9100518782535959
16/18,4196,0.9119138570898782
16/18,4197,0.908067345042801
16/18,4198,0.9076921234259194
16/18,4199,0.9031846299637997
16/18,4200,0.9061932111325876
16/18,4201,0.9046797321223489
16/18,4202,0.9046299031565797
16/18,4203,0.9067658169437803
16/18,4204,0.902334697081566
16/18,4205,0.9089464413383563
16/18,4206,0.9139107972348064
16/18,4207,0.9062383587258359
16/18,4208,0.8979484627955289
16/18,4209,0.90086677665962
16/18,4210,0.8993204390861322
16/18,4211,0.9068998105990739
16/18,4212,0.9026561232994158
16/18,4213,0.902795879527773
16/18,4214,0.9055171336413537
16/18,4215,0.898935119820037
16/18,4216,0.9078505119836268
16/18,4217,0.9108761763363946
16/18,4218,0.9035950930353303
16/18,4219,0.9003121074015066
16/18,4220,0.9061257662336318
16/18,4221,0.9031107691219318
16/18,4222,0.891719386752509
16/18,4223,0.9094812411431041
16/18,4224,0.9118808402976661
16/18,4225,0.9147931948280399
16/18,4226,0.9003961238496324
16/18,4227,0.915096393321541
16/18,4228,0.9069898558319535
16/18,4229,0.9026575318755872
16/18,4230,0.9041511946942702
16/18,4231,0.9088454854194337
16/18,4232,0.8995223133194762
16/18,4233,0.9068277075205758
16/18,4234,0.9012371763504127
16/18,4235,0.9053460401616129
16/18,4236,0.9044000826732134
16/18,4237,0.9016338242732495
16/18,4238,0.8888147643548515
16/18,4239,0.9002447639038207
16/18,4240,0.9046830105226638
16/18,4241,0.9038836457306376
16/18,4242,0.8935918726195237
16/18,4243,0.9059826712805565
16/18,4244,0.9041438270415467
16/18,4245,0.9137879070266907
16/18,4246,0.9088253608378656
16/18,4247,0.9123385001932655
16/18,4248,0.9205573716281784
16/18,4249,0.9153207994152327
16/18,4250,0.8964561620956817
16/18,4251,0.9130207326245917
16/18,4252,0.9100537439788712
16/18,4253,0.9070097551028407
16/18,4254,0.9062118484472315
16/18,4255,0.8972708873172838
16/18,4256,0.9101303553160464
16/18,4257,0.9094508640309716
16/18,4258,0.8975948773513207
16/18,4259,0.9053369398402497
16/18,4260,0.8995810799482669
16/18,4261,0.901174766611884
16/18,4262,0.9040270321378423
16/18,4263,0.9071732789889131
16/18,4264,0.9079559770635051
16/18,4265,0.9018918336656071
16/18,4266,0.9079129574239826
16/18,4267,0.907750796053292
16/18,4268,0.9000850602459883
16/18,4269,0.9134823027909941
16/18,4270,0.9067296860189609
16/18,4271,0.908870772776735
16/18,4272,0.9176923197892638
16/18,4273,0.9018258069849744
16/18,4274,0.9116233115946463
16/18,4275,0.904497955512556
16/18,4276,0.8999562443687943
16/18,4277,0.916021667359037
16/18,4278,0.900025447789394
16/18,4279,0.8999840589201076
16/18,4280,0.9079413031632187
16/18,4281,0.9047819642445566
16/18,4282,0.9029447097894046
16/18,4283,0.910280518797025
16/18,4284,0.908861383585017
16/18,4285,0.8973637294935973
16/18,4286,0.8991812509479374
16/18,4287,0.9067000652079504
16/18,4288,0.9085192051334369
16/18,4289,0.9086528383098236
16/18,4290,0.901361177031305
16/18,4291,0.8974534862035369
16/18,4292,0.893883440643825
16/18,4293,0.9097907384750982
16/18,4294,0.9075762856351285
16/18,4295,0.9006524881843744
16/18,4296,0.9122333746441116
16/18,4297,0.9014094755040851
16/18,4298,0.9131970916406975
16/18,4299,0.9098688277138995
16/18,4300,0.9016451682379084
16/18,4301,0.9126100061671857
16/18,4302,0.9026552129130797
16/18,4303,0.9113370944894092
16/18,4304,0.8998866735936192
16/18,4305,0.906130370939501
16/18,4306,0.8961523462027626
16/18,4307,0.9018165910142988
16/18,4308,0.8983985683347532
16/18,4309,0.9019648533097527
16/18,4310,0.9091782510268152
16/18,4311,0.8999926377928792
16/18,4312,0.8985385311301229
16/18,4313,0.9078902149306924
16/18,4314,0.9055309368634763
16/18,4315,0.906161872707089
16/18,4316,0.9007264700898409
16/18,4317,0.8979711280092999
16/18,4318,0.9079340211519598
16/18,4319,0.9046422006957708
16/18,4320,0.901152925464303
16/18,4321,0.908658228948516
16/18,4322,0.9030266550798643
16/18,4323,0.9071535434844069
16/18,4324,0.9058126370584468
16/18,4325,0.913240249904644
16/18,4326,0.9035954713246578
16/18,4327,0.9008647438622912
16/18,4328,0.9086221326233754
16/18,4329,0.9164587473262612
16/18,4330,0.9085741178381823
16/18,4331,0.9049584861003356
16/18,4332,0.9146681626201935
16/18,4333,0.9044532256524431
16/18,4334,0.9048567635583069
16/18,4335,0.8977449044287735
16/18,4336,0.9050818329691187
16/18,4337,0.9178112808069212
16/18,4338,0.9003005699070578
16/18,4339,0.8960972044400325
16/18,4340,0.9125557106379736
16/18,4341,0.9162363341333765
16/18,4342,0.905069527901602
16/18,4343,0.9101761596547041
16/18,4344,0.90281344035014
16/18,4345,0.9094237210019062
16/18,4346,0.9115568225852277
16/18,4347,0.9105605803783506
16/18,4348,0.9043815420315027
16/18,4349,0.9077823093765218
16/18,4350,0.9059426529876009
16/18,4351,0.9091598514968785
16/18,4352,0.9108979407761234
16/18,4353,0.9038579152465835
16/18,4354,0.9053641025426553
16/18,4355,0.9050267218687529
16/18,4356,0.9103821710840979
16/18,4357,0.9054983068526485
16/18,4358,0.9056604780856177
16/18,4359,0.9085176158847773
16/18,4360,0.9040351985849698
16/18,4361,0.903713496088257
16/18,4362,0.9045566847902109
16/18,4363,0.9044703546869125
16/18,4364,0.9029539823119598
16/18,4365,0.9055431083256172
16/18,4366,0.9086420719764944
16/18,4367,0.9073753491998665
16/18,4368,0.90966677463856
16/18,4369,0.9078610651294727
16/18,4370,0.9043815815883636
16/18,4371,0.9022292753606382
16/18,4372,0.9148030497547877
16/18,4373,0.9060830953381885
16/18,4374,0.911712569470033
16/18,4375,0.8991011364614728
16/18,4376,0.9007748579889115
16/18,4377,0.8937507046983273
16/18,4378,0.909757641507346
16/18,4379,0.9060919043076713
16/18,4380,0.9074198069331286
16/18,4381,0.9050484508527583
16/18,4382,0.9048715944155327
16/18,4383,0.9121849563271228
16/18,4384,0.9104606377243369
16/18,4385,0.9189104066289859
16/18,4386,0.9064343952304751
16/18,4387,0.9047241192212051
16/18,4388,0.9104115155331304
16/18,4389,0.9029635266467422
16/18,4390,0.9107234591823369
16/18,4391,0.9046540742036885
16/18,4392,0.9075792168434743
16/18,4393,0.8978696045721964
16/18,4394,0.9145628308780773
16/18,4395,0.9038196387642163
16/18,4396,0.9070906364402036
16/18,4397,0.9050737494682681
16/18,4398,0.9153290850293828
16/18,4399,0.9065263503134884
16/18,4400,0.9182868631387524
16/18,4401,0.9104627297137887
16/18,4402,0.8974870717244549
16/18,4403,0.903720401812425
16/18,4404,0.9073503907463101
16/18,4405,0.9062263168209057
16/18,4406,0.9064157019428132
16/18,4407,0.9171491348231791
16/18,4408,0.9014656926458843
16/18,4409,0.8999186212567718
16/18,4410,0.9055365474886031
16/18,4411,0.905894906724397
16/18,4412,0.9045355024872969
16/18,4413,0.9001819891167241
16/18,4414,0.9077999949233521
16/18,4415,0.9136866585488077
16/18,4416,0.9014935208348267
16/18,4417,0.9008453700249516
16/18,4418,0.9002696549752989
16/18,4419,0.9059617478550896
16/18,4420,0.9075932302137661
16/18,4421,0.8936822272331972
16/18,4422,0.8981351809663352
16/18,4423,0.9043555670272614
16/18,4424,0.8991214125605443
16/18,4425,0.9031512154408006
16/18,4426,0.901613209768873
16/18,4427,0.9061346597262994
16/18,4428,0.9101330032287075
16/18,4429,0.8936566964898904
16/18,4430,0.9074849101047064
16/18,4431,0.9051498341154363
16/18,4432,0.9060165559740752
16/18,4433,0.9062768740275625
16/18,4434,0.9102079644934994
16/18,4435,0.9063594787059905
16/18,4436,0.8984622092365379
16/18,4437,0.9155778680996831
16/18,4438,0.9008747213693024
16/18,4439,0.9001306890474484
16/18,4440,0.9043173336512087
16/18,4441,0.9136456698095792
16/18,4442,0.9119338669945357
16/18,4443,0.912665415824382
16/18,4444,0.9100302525063582
16/18,4445,0.8973036687288491
16/18,4446,0.9000191613668258
16/18,4447,0.9129342602991988
16/18,4448,0.9051622392909282
16/18,4449,0.913239726023096
16/18,4450,0.9071490286214566
16/18,4451,0.9006489851932991
16/18,4452,0.9059591688609667
16/18,4453,0.9012379059905923
16/18,4454,0.906583175977214
16/18,4455,0.9002769766352591
16/18,4456,0.9095520543568949
16/18,4457,0.906739354117353
16/18,4458,0.9058887698089212
16/18,4459,0.9029837966978183
16/18,4460,0.9034032069499018
16/18,4461,0.9076741891104813
16/18,4462,0.9101850213313132
16/18,4463,0.8986877941373729
16/18,4464,0.90633248897651
16/18,4465,0.9125012063410889
16/18,4466,0.9026433397565614
16/18,4467,0.9075270939933449
16/18,4468,0.9052851248003568
16/18,4469,0.9048771503385111
16/18,4470,0.9080744064122422
16/18,4471,0.8965828087606017
16/18,4472,0.9162159490129561
16/18,4473,0.9061835915704773
16/18,4474,0.8984850134036729
16/18,4475,0.8964122815847348
16/18,4476,0.9184114559088058
16/18,4477,0.9189080241543887
16/18,4478,0.9102071890074155
16/18,4479,0.9078404729692231
16/18,4480,0.9006962852847237
16/18,4481,0.907179610823071
16/18,4482,0.905791587871215
16/18,4483,0.9097938602515958
16/18,4484,0.9078852866645066
16/18,4485,0.9097055996859815
16/18,4486,0.9013910220966888
16/18,4487,0.910253055099023
16/18,4488,0.9090576851038067
16/18,4489,0.9120298602109825
16/18,4490,0.9107868950999878
16/18,4491,0.8954786696352705
16/18,4492,0.909098895066856
16/18,4493,0.9103529219964411
16/18,4494,0.9104603138425507
16/18,4495,0.9004144171886751
16/18,4496,0.916698018470273
16/18,4497,0.9050487015820512
16/18,4498,0.9020686971933968
16/18,4499,0.8934492183667073
16/18,4500,0.9037620107937644
16/18,4501,0.9027934457143552
16/18,4502,0.8972974638531702
16/18,4503,0.8911933215912058
16/18,4504,0.9058386696042159
16/18,4505,0.9066291658196796
16/18,4506,0.8978408918823901
16/18,4507,0.9121645563880426
16/18,4508,0.9165752504133639
16/18,4509,0.8976450071845649
16/18,4510,0.9068403487268782
16/18,4511,0.9076687442528126
16/18,4512,0.9087758267478033
16/18,4513,0.9145295848438465
16/18,4514,0.9129337979726784
16/18,4515,0.911969646867277
16/18,4516,0.9141194831060213
16/18,4517,0.906475551677618
16/18,4518,0.904283527391641
16/18,4519,0.9019944363973148
16/18,4520,0.9128584136308912
16/18,4521,0.9083867787356088
16/18,4522,0.8962896327275919
16/18,4523,0.9026036025375633
16/18,4524,0.9023492169658773
16/18,4525,0.90282317564799
16/18,4526,0.9101608838721746
16/18,4527,0.904343491836839
16/18,4528,0.9051077417282029
16/18,4529,0.9026180450929491
16/18,4530,0.9094810734605931
16/18,4531,0.9090294415769277
16/18,4532,0.912958828705976
16/18,4533,0.903737728452928
16/18,4534,0.9064539639790826
16/18,4535,0.9038190694395465
16/18,4536,0.8995118091452179
16/18,4537,0.9024783275177358
16/18,4538,0.8991981302340891
16/18,4539,0.9040371759465293
16/18,4540,0.9008265874938123
16/18,4541,0.9051053883452957
16/18,4542,0.9036946224064196
16/18,4543,0.9022016717772829
16/18,4544,0.8970589863878651
16/18,4545,0.911066197637026
16/18,4546,0.9063202608713787
16/18,4547,0.9004691939210695
16/18,4548,0.9045233900612345
16/18,4549,0.9044397664567423
16/18,4550,0.9142118809215493
16/18,4551,0.8995621597651138
16/18,4552,0.9009995022620685
16/18,4553,0.8997141436158346
16/18,4554,0.9096250016345767
16/18,4555,0.906031863609022
16/18,4556,0.899578510623617
16/18,4557,0.9028320044632704
16/18,4558,0.9038175709675688
16/18,4559,0.9130307573862068
16/18,4560,0.9040593814547809
16/18,4561,0.9112916286875556
16/18,4562,0.902224787271367
16/18,4563,0.9028375408131538
16/18,4564,0.9120303625736228
16/18,4565,0.8970058219069605
16/18,4566,0.8999769026535196
16/18,4567,0.9020663078502998
16/18,4568,0.9074678004232485
16/18,4569,0.904977950725327
16/18,4570,0.9088627186044681
16/18,4571,0.9058168577354294
16/18,4572,0.912059897688657
16/18,4573,0.899909942007319
16/18,4574,0.9040514668284871
16/18,4575,0.9170014642825565
16/18,4576,0.89817287653073
16/18,4577,0.906579814560946
16/18,4578,0.9005686417600915
16/18,4579,0.906512325122729
16/18,4580,0.9136217197773855
16/18,4581,0.9121316782293512
16/18,4582,0.9092704823842446
16/18,4583,0.9066927561788761
16/18,4584,0.906320853552242
16/18,4585,0.9134404057176531
16/18,4586,0.90367570957876
16/18,4587,0.9131902603210745
16/18,4588,0.9014916331783345
16/18,4589,0.897315714234084
16/18,4590,0.9107277302790601
16/18,4591,0.9040296048550498
16/18,4592,0.9112852167932376
16/18,4593,0.9108262216406445
16/18,4594,0.902927184685046
16/18,4595,0.908967623669884
16/18,4596,0.904733390700635
16/18,4597,0.8972867584457159
16/18,4598,0.9020803165031803
16/18,4599,0.9193587819989245
16/18,4600,0.9017126777494026
16/18,4601,0.9031400224100612
16/18,4602,0.9043394838921455
16/18,4603,0.9163776320913776
16/18,4604,0.9132657469298854
16/18,4605,0.9091663649387132
16/18,4606,0.9021485113514749
16/18,4607,0.9036915714594314
16/18,4608,0.9021802849581886
16/18,4609,0.9119321102422432
16/18,4610,0.9104171078020769
16/18,4611,0.9087803205846386
16/18,4612,0.9048655103241442
16/18,4613,0.9009368028838874
16/18,4614,0.8993717852142955
16/18,4615,0.9049808342354718
16/18,4616,0.9056252293734988
16/18,4617,0.9064969049436348
16/18,4618,0.905900021033712
16/18,4619,0.8948327650119273
16/18,4620,0.8903282016070584
16/18,4621,0.9078300571976955
16/18,4622,0.9001983763144574
16/18,4623,0.9120307056580425
16/18,4624,0.9045643889879011
16/18,4625,0.9036248378139139
16/18,4626,0.9087175772085784
16/18,4627,0.9072884923615494
16/18,4628,0.9004921652920619
16/18,4629,0.8966045289182912
16/18,4630,0.9159270354515349
16/18,4631,0.9125601126724235
16/18,4632,0.9036747049667333
16/18,4633,0.9059258078331252
16/18,4634,0.9080706054026779
16/18,4635,0.9044754839455811
16/18,4636,0.9012582007146351
16/18,4637,0.9003629163862089
16/18,4638,0.9158131227608607
16/18,4639,0.9081571213762618
16/18,4640,0.9063648182345433
16/18,4641,0.9021806783898478
16/18,4642,0.9060078140488237
16/18,4643,0.9080816545270608
16/18,4644,0.9093312049492652
16/18,4645,0.9083713466268712
16/18,4646,0.9043121854653378
16/18,4647,0.902158284944407
16/18,4648,0.9119409259230408
16/18,4649,0.9055883104708478
16/18,4650,0.9107045934490284
16/18,4651,0.9056980672129328
16/18,4652,0.903009052436591
16/18,4653,0.9097496510694971
16/18,4654,0.913988101333711
16/18,4655,0.9106757818229119
16/18,4656,0.905159229678244
16/18,4657,0.9068440743114637
16/18,4658,0.8976023400825124
16/18,4659,0.9109993068369465
16/18,4660,0.900287968052097
16/18,4661,0.9082046993048527
16/18,4662,0.899806414546085
16/18,4663,0.9043870518240847
16/18,4664,0.910671883282781
16/18,4665,0.9042650885430872
16/18,4666,0.9072070517623506
16/18,4667,0.9069149702829694
16/18,4668,0.9030827561055582
16/18,4669,0.8964728850941613
16/18,4670,0.9054562759315685
16/18,4671,0.9099396816947819
16/18,4672,0.9088553056867952
16/18,4673,0.9026015349811496
16/18,4674,0.906642483198947
16/18,4675,0.9203524097375478
16/18,4676,0.8998226019927533
16/18,4677,0.9176335858152358
16/18,4678,0.9063579326643317
16/18,4679,0.9050951922131296
16/18,4680,0.9108583458583774
16/18,4681,0.8980822184452175
16/18,4682,0.9108170922720648
16/18,4683,0.9061466121828596
16/18,4684,0.9059220796471165
16/18,4685,0.9053138022436407
16/18,4686,0.9041237725632845
16/18,4687,0.9058690477552945
16/18,4688,0.9057323871312799
16/18,4689,0.9046722176395974
16/18,4690,0.9119483848117429
16/18,4691,0.9078464125468423
16/18,4692,0.9058568541561527
16/18,4693,0.9022027640632817
16/18,4694,0.9111894488909549
16/18,4695,0.8989230964695785
16/18,4696,0.9076721143636637
16/18,4697,0.9011993816176688
16/18,4698,0.9045634097336535
16/18,4699,0.9061268533003629
16/18,4700,0.9023317097901606
16/18,4701,0.8986593720910039
16/18,4702,0.9083517719122067
16/18,4703,0.8968505021410752
16/18,4704,0.9056113537614375
16/18,4705,0.9060089839978034
16/18,4706,0.8978810717339492
16/18,4707,0.9030494109133125
16/18,4708,0.9081353269226283
16/18,4709,0.9147710678537865
16/18,4710,0.9031158739777526
16/18,4711,0.9051288863214972
16/18,4712,0.9047508324839335
16/18,4713,0.903664143968502
16/18,4714,0.9076204614006655
16/18,4715,0.9132491448540923
16/18,4716,0.9020388394875491
16/18,4717,0.9022675457913332
16/18,4718,0.9090783135962031
16/18,4719,0.903746275899463
16/18,4720,0.9048683538002446
16/18,4721,0.9144815223225228
16/18,4722,0.9020048208973642
16/18,4723,0.9058928803061119
16/18,4724,0.8987648411782325
16/18,4725,0.9052863758316478
16/18,4726,0.9050866272465755
16/18,4727,0.9006477519589625
16/18,4728,0.8970862141557807
16/18,4729,0.9021005500317316
16/18,4730,0.9042821218975391
16/18,4731,0.900494693030308
16/18,4732,0.9049778500016762
16/18,4733,0.9087475505109213
16/18,4734,0.8973588522312587
16/18,4735,0.9056220392648254
16/18,4736,0.9092322248479855
16/18,4737,0.9139413933591656
16/18,4738,0.9066684176755309
16/18,4739,0.8943067044540094
16/18,4740,0.8981445621839037
16/18,4741,0.9070308346459894
16/18,4742,0.9026530710134102
16/18,4743,0.9089479715176145
16/18,4744,0.9036557483474622
16/18,4745,0.9013281995054259
16/18,4746,0.8995473179167824
16/18,4747,0.9088264771072908
16/18,4748,0.8984733399124784
16/18,4749,0.8962822002536909
16/18,4750,0.9107796977375062
16/18,4751,0.9084568817141799
16/18,4752,0.9133681370017813
16/18,4753,0.8968512905311645
16/18,4754,0.8905518861306466
16/18,4755,0.9027332351602778
16/18,4756,0.8977660395502685
16/18,4757,0.904094936261849
16/18,4758,0.902925903464226
16/18,4759,0.901387917200917
16/18,4760,0.9010247560020315
16/18,4761,0.9039501021971772
16/18,4762,0.9121877432786611
16/18,4763,0.9053486430290987
16/18,4764,0.9009855314042623
16/18,4765,0.9082473851130309
16/18,4766,0.90551149972414
16/18,4767,0.8929947376285492
16/18,4768,0.9114779321247086
16/18,4769,0.909351656331614
16/18,4770,0.9041362593671278
16/18,4771,0.9049324142688462
16/18,4772,0.9097524704199271
16/18,4773,0.9099148601504939
16/18,4774,0.8998656129457981
16/18,4775,0.9077061363207891
16/18,4776,0.8973790922406897
16/18,4777,0.8979741391991745
16/18,4778,0.9115393636160178
16/18,4779,0.9108232837533192
16/18,4780,0.9043750616356732
16/18,4781,0.8999684246722417
16/18,4782,0.8998366954945687
16/18,4783,0.9004934012442156
16/18,4784,0.8987662537430033
16/18,4785,0.9009121952172194
16/18,4786,0.9010526178444052
16/18,4787,0.9050216818340732
16/18,4788,0.8992933837536354
16/18,4789,0.9097051583024595
16/18,4790,0.9134699464112663
16/18,4791,0.9101901548376606
16/18,4792,0.9106521185663123
16/18,4793,0.9020346697768503
16/18,4794,0.9047176719874638
16/18,4795,0.9052004514377564
16/18,4796,0.9042250499530792
16/18,4797,0.9133201295305812
16/18,4798,0.91110679386691
16/18,4799,0.9139499213295157
16/18,4800,0.9027801107131884
16/18,4801,0.9065679090716815
16/18,4802,0.9085334119626076
16/18,4803,0.8997166482845983
16/18,4804,0.9089708301339678
16/18,4805,0.8956529241919383
16/18,4806,0.9036285218174428
16/18,4807,0.9022028618790952
16/18,4808,0.9053597252671067
16/18,4809,0.8982708661942957
16/18,4810,0.901734389707478
16/18,4811,0.9143122913859478
16/18,4812,0.9058932150655925
16/18,4813,0.903974108117145
16/18,4814,0.9072311906835279
16/18,4815,0.9006973848628694
16/18,4816,0.9050988117355624
16/18,4817,0.9148475576006336
16/18,4818,0.90791128883242
16/18,4819,0.9013845589926553
16/18,4820,0.9035232728577952
16/18,4821,0.9034314710947461
16/18,4822,0.9056160177803906
16/18,4823,0.9115907525178949
16/18,4824,0.9017441464597336
16/18,4825,0.9087930186332192
16/18,4826,0.9122711433731971
16/18,4827,0.8954378721455967
16/18,4828,0.9103011288194794
16/18,4829,0.9013317857915134
16/18,4830,0.9025395072974447
16/18,4831,0.9048009715060301
16/18,4832,0.9056133094594191
16/18,4833,0.8957372410669272
16/18,4834,0.9042618633000571
16/18,4835,0.9060649570296958
16/18,4836,0.9069610041956765
16/18,4837,0.9088673149239467
16/18,4838,0.9160339961689737
16/18,4839,0.9081191465436397
16/18,4840,0.9085285607808249
16/18,4841,0.9008522376499546
16/18,4842,0.9177159021329
16/18,4843,0.903306979530825
16/18,4844,0.9040222086430693
16/18,4845,0.9043295498220862
16/18,4846,0.9106549519172024
16/18,4847,0.9026190229195479
16/18,4848,0.9014651538634209
16/18,4849,0.8882933690074506
16/18,4850,0.9146770581424147
16/18,4851,0.9031919778760885
16/18,4852,0.9110819219436762
16/18,4853,0.9126677425845074
16/18,4854,0.9102793773627256
16/18,4855,0.9057399313535708
16/18,4856,0.9072730836640919
16/18,4857,0.9031898316362366
16/18,4858,0.9030539564564
16/18,4859,0.9026133040836689
16/18,4860,0.9040470336301571
16/18,4861,0.9034794732124507
16/18,4862,0.9006580324460384
16/18,4863,0.8984879143892515
16/18,4864,0.916666708743831
16/18,4865,0.908430924864988
16/18,4866,0.9079872629484197
16/18,4867,0.9032641941291474
16/18,4868,0.8925484781246087
16/18,4869,0.9015127092237973
16/18,4870,0.8988131262490858
16/18,4871,0.9086575309355922
16/18,4872,0.9109392111517751
16/18,4873,0.9119480511135164
16/18,4874,0.9050301604888611
16/18,4875,0.9009668330395894
16/18,4876,0.9020834394385568
16/18,4877,0.9122848267144258
16/18,4878,0.9135797215277841
16/18,4879,0.9087511641256129
16/18,4880,0.9049728931621034
16/18,4881,0.9105527705621763
16/18,4882,0.9097114780341027
16/18,4883,0.9109459923288755
16/18,4884,0.9051210402778804
16/18,4885,0.8925382507998147
16/18,4886,0.9074114493834177
16/18,4887,0.9108708890590453
16/18,4888,0.9031605804127134
16/18,4889,0.9069127592387702
16/18,4890,0.9009539439158275
16/18,4891,0.9087118072911892
16/18,4892,0.9053986104685995
16/18,4893,0.9003390906309454
16/18,4894,0.9140954367448757
16/18,4895,0.9088913930568888
16/18,4896,0.9124337156484328
16/18,4897,0.9087944637827711
16/18,4898,0.9167119199652457
16/18,4899,0.896423831202478
16/18,4900,0.9149465692963316
16/18,4901,0.9119103045480591
16/18,4902,0.9026021874156067
16/18,4903,0.9138617466083557
16/18,4904,0.9084747396209505
16/18,4905,0.9057126111177229
16/18,4906,0.901720533789917
16/18,4907,0.8976215626282338
16/18,4908,0.9025435764950341
16/18,4909,0.9093170911893986
16/18,4910,0.8977425552405339
16/18,4911,0.9062471562980422
16/18,4912,0.9141293418148405
16/18,4913,0.9050124827651405
16/18,4914,0.8967669479592736
16/18,4915,0.9032897988361497
16/18,4916,0.9136164204693781
16/18,4917,0.9055614154998497
16/18,4918,0.9051588202792173
16/18,4919,0.9045566408881559
16/18,4920,0.8954356571638483
16/18,4921,0.9094165595662296
16/18,4922,0.9088232560964872
16/18,4923,0.9042891854810221
16/18,4924,0.9153687933608541
16/18,4925,0.9076324355098716
16/18,4926,0.9084446760648852
16/18,4927,0.9106160806137914
16/18,4928,0.8980203131302565
16/18,4929,0.9114959482900202
16/18,4930,0.909124879908777
16/18,4931,0.9098386683947919
16/18,4932,0.9004145102015519
16/18,4933,0.9078753864202997
16/18,4934,0.9076236873740241
16/18,4935,0.9068729858902034
16/18,4936,0.9062066868680876
16/18,4937,0.9134762797749838
16/18,4938,0.9093789225300615
16/18,4939,0.9130114236760792
16/18,4940,0.908543274722856
16/18,4941,0.9037152124989837
16/18,4942,0.9093495674921104
16/18,4943,0.9084048898920544
16/18,4944,0.9099823983292965
16/18,4945,0.9116573843713377
16/18,4946,0.9030017251185697
16/18,4947,0.899243479167185
16/18,4948,0.9007654498469018
16/18,4949,0.8998016333417072
16/18,4950,0.918855758867707
16/18,4951,0.9131968892257926
16/18,4952,0.9224119220175356
16/18,4953,0.9036482664621486
16/18,4954,0.912491938188807
16/18,4955,0.8984713095378607
16/18,4956,0.9071631144755593
16/18,4957,0.9105030920994566
16/18,4958,0.9014472926310226
16/18,4959,0.9048639111594182
16/18,4960,0.915675049178031
16/18,4961,0.8952097821658984
16/18,4962,0.9039687834803771
16/18,4963,0.9117189049245268
16/18,4964,0.900591820773596
16/18,4965,0.9086530470863208
16/18,4966,0.9155951694066516
16/18,4967,0.911783412655491
16/18,4968,0.8967241817953882
16/18,4969,0.9072128366331682
16/18,4970,0.8966893546877327
16/18,4971,0.9066636379727359
16/18,4972,0.901746961039156
16/18,4973,0.9092859468087798
16/18,4974,0.9031398782148713
16/18,4975,0.9007962890355017
16/18,4976,0.8948834431049113
16/18,4977,0.9095832173444681
16/18,4978,0.9168060873999215
16/18,4979,0.9028719183674158
16/18,4980,0.9088642554715597
16/18,4981,0.9109763476375871
16/18,4982,0.9026140161333802
16/18,4983,0.9068056535797792
16/18,4984,0.9001909381151717
16/18,4985,0.900708338249226
16/18,4986,0.9093239520408234
16/18,4987,0.8967407647124018
16/18,4988,0.9070198039514734
16/18,4989,0.9030682885747486
16/18,4990,0.9098345270547504
16/18,4991,0.9012697431021912
16/18,4992,0.9053144478084997
16/18,4993,0.9028624553487976
16/18,4994,0.9097840182528902
16/18,4995,0.9110402580111507
16/18,4996,0.9052230596915645
16/18,4997,0.9117382041711805
16/18,4998,0.9112256478780995
16/18,4999,0.9129523427160047
18/22,0,0.9527412469501724
18/22,1,0.9428905094248018
18/22,2,0.9514827042193862
18/22,3,0.9535684710608943
18/22,4,0.9527110713169129
18/22,5,0.9497105139218742
18/22,6,0.9509730611159639
18/22,7,0.9465923182794586
18/22,8,0.9532222390973814
18/22,9,0.9513496062303595
18/22,10,0.9503952830063979
18/22,11,0.9524135205428642
18/22,12,0.9511320709684413
18/22,13,0.949267448117426
18/22,14,0.9478722702869123
18/22,15,0.9459661779067743
18/22,16,0.9495630054917659
18/22,17,0.9472706843763654
18/22,18,0.9501970004537011
18/22,19,0.9528629136013481
18/22,20,0.9461000397880324
18/22,21,0.944885988182484
18/22,22,0.9468785038685753
18/22,23,0.9490114327881568
18/22,24,0.9530996435746415
18/22,25,0.9483928143818413
18/22,26,0.9516446108725614
18/22,27,0.9513544066173867
18/22,28,0.9511541457535072
18/22,29,0.9435492602183665
18/22,30,0.9509857278646695
18/22,31,0.9525397583616582
18/22,32,0.9468263129974382
18/22,33,0.9491726321901026
18/22,34,0.950093514443258
18/22,35,0.9494761802668763
18/22,36,0.9499525962681002
18/22,37,0.9494669024515269
18/22,38,0.9488862460583735
18/22,39,0.9492845947486447
18/22,40,0.9484479406993956
18/22,41,0.9466114947567981
18/22,42,0.9426350684817262
18/22,43,0.9487554094997975
18/22,44,0.9501126670856005
18/22,45,0.9503201405506781
18/22,46,0.9527796754376079
18/22,47,0.9482901011371709
18/22,48,0.94740531911199
18/22,49,0.9469919872214634
18/22,50,0.9514347894277283
18/22,51,0.9528974611965176
18/22,52,0.9501502543207108
18/22,53,0.9502888768374977
18/22,54,0.9501120786533962
18/22,55,0.9452683197485449
18/22,56,0.9497537965904993
18/22,57,0.9534351822365569
18/22,58,0.9447981813686529
18/22,59,0.9520188076463812
18/22,60,0.9481302403456716
18/22,61,0.9486046621291842
18/22,62,0.9504601028766367
18/22,63,0.9525519390745726
18/22,64,0.9523875071560253
18/22,65,0.9469661399390705
18/22,66,0.9514623476171035
18/22,67,0.9452390214368391
18/22,68,0.9470838545102457
18/22,69,0.9480784648977586
18/22,70,0.947038949073856
18/22,71,0.9481757959781354
18/22,72,0.9464234723263256
18/22,73,0.9498525186442071
18/22,74,0.9522659549409115
18/22,75,0.9468879024002492
18/22,76,0.9432875241682465
18/22,77,0.9476248274618906
18/22,78,0.9498137493547749
18/22,79,0.9464074623018388
18/22,80,0.9418415994751759
18/22,81,0.9466709876768883
18/22,82,0.9484966838059964
18/22,83,0.9491181087741645
18/22,84,0.9499721142190417
18/22,85,0.949102694451414
18/22,86,0.9461989019337381
18/22,87,0.9485697083363185
18/22,88,0.9470715021428396
18/22,89,0.947928123471641
18/22,90,0.9434673935648391
18/22,91,0.9492617074170541
18/22,92,0.9469633927214333
18/22,93,0.9433656385177954
18/22,94,0.9491217401851093
18/22,95,0.9477644336687153
18/22,96,0.9497623147186369
18/22,97,0.9482480143439084
18/22,98,0.9488722951178968
18/22,99,0.9521563064633324
18/22,100,0.9494293011186146
18/22,101,0.9481907300886543
18/22,102,0.9488204373653221
18/22,103,0.9469446527367112
18/22,104,0.948995125399121
18/22,105,0.9497578544721366
18/22,106,0.9486118228821337
18/22,107,0.9494780399611228
18/22,108,0.9458927976851675
18/22,109,0.9502791618560199
18/22,110,0.9496596933547146
18/22,111,0.9471438454268226
18/22,112,0.9481317245966463
18/22,113,0.9457436903844958
18/22,114,0.9463474752660219
18/22,115,0.9489303039017303
18/22,116,0.9509675985207019
18/22,117,0.9475917504075229
18/22,118,0.9546128162404474
18/22,119,0.9524830500389758
18/22,120,0.9455531853708699
18/22,121,0.9533215327988058
18/22,122,0.949814038349647
18/22,123,0.9494966082875335
18/22,124,0.9534454978661366
18/22,125,0.9511366321291699
18/22,126,0.9507193093333821
18/22,127,0.94790515935675
18/22,128,0.9491521465485139
18/22,129,0.947111011447037
18/22,130,0.9505555357287829
18/22,131,0.9476754309976362
18/22,132,0.9507244978328281
18/22,133,0.9512512520130753
18/22,134,0.9504931464303259
18/22,135,0.945091900674822
18/22,136,0.9481622272654479
18/22,137,0.9532087477616099
18/22,138,0.9486418521597857
18/22,139,0.9536217830516528
18/22,140,0.9496926739679018
18/22,141,0.9421836170755074
18/22,142,0.9506326159226584
18/22,143,0.9521182239115844
18/22,144,0.9484528294622592
18/22,145,0.9526222475398282
18/22,146,0.9495397537828876
18/22,147,0.947764014130265
18/22,148,0.9502434260412068
18/22,149,0.9536809109292551
18/22,150,0.9492113021689825
18/22,151,0.9455814486062768
18/22,152,0.9515108582633709
18/22,153,0.9470599276746102
18/22,154,0.9495701776308387
18/22,155,0.9468264662343783
18/22,156,0.9519261552324322
18/22,157,0.9500922956973434
18/22,158,0.9464973384319275
18/22,159,0.9500983552802877
18/22,160,0.9474800840542101
18/22,161,0.9470442024043612
18/22,162,0.949507917219317
18/22,163,0.9461619252218717
18/22,164,0.9530206716099042
18/22,165,0.9462265073269012
18/22,166,0.9492745567699494
18/22,167,0.9478460806945853
18/22,168,0.949519264758852
18/22,169,0.9502738819128927
18/22,170,0.9482647525178263
18/22,171,0.9529555955677451
18/22,172,0.9483843371069024
18/22,173,0.9549244020730809
18/22,174,0.9490397725049466
18/22,175,0.9513739286765681
18/22,176,0.9518493872831939
18/22,177,0.9458255220574988
18/22,178,0.9463659045848452
18/22,179,0.9526530161299025
18/22,180,0.9461929923661011
18/22,181,0.9482307425399119
18/22,182,0.947408689108456
18/22,183,0.9488792094941575
18/22,184,0.9478025055505521
18/22,185,0.9458377463063143
18/22,186,0.9463419455705546
18/22,187,0.949642366871931
18/22,188,0.9479429925750525
18/22,189,0.9516880238191977
18/22,190,0.9463249636928497
18/22,191,0.9479667904169929
18/22,192,0.9437624333465552
18/22,193,0.9486029600005091
18/22,194,0.9480531009496848
18/22,195,0.9555867164195452
18/22,196,0.9438664626929949
18/22,197,0.9461099055302942
18/22,198,0.9495706908264812
18/22,199,0.9460498237065922
18/22,200,0.9454763938457907
18/22,201,0.9515680706935461
18/22,202,0.9512822520951165
18/22,203,0.9439986407604736
18/22,204,0.9507512345038495
18/22,205,0.9514256556187685
18/22,206,0.9489910451912871
18/22,207,0.9471729400541418
18/22,208,0.9496190515732401
18/22,209,0.9489297614980606
18/22,210,0.9452730786942735
18/22,211,0.9492917466890521
18/22,212,0.952482615388702
18/22,213,0.9507331160493067
18/22,214,0.9465132173589017
18/22,215,0.952307980363481
18/22,216,0.9522608525181991
18/22,217,0.9534731734860322
18/22,218,0.9468907193983068
18/22,219,0.9511252071070865
18/22,220,0.9477809290291181
18/22,221,0.9517571182835564
18/22,222,0.9508279451337486
18/22,223,0.9489135528316539
18/22,224,0.9510548261614701
18/22,225,0.9513646158458252
18/22,226,0.947120282934156
18/22,227,0.9480035520727896
18/22,228,0.9539107430225657
18/22,229,0.9471948721216139
18/22,230,0.9504907867742709
18/22,231,0.947201987964438
18/22,232,0.9446852574926395
18/22,233,0.9516674145193422
18/22,234,0.9508031731263019
18/22,235,0.9458076689853373
18/22,236,0.9502992579180849
18/22,237,0.9535987212547518
18/22,238,0.9475390985385905
18/22,239,0.9515777954153476
18/22,240,0.9508989930691452
18/22,241,0.9507123920434678
18/22,242,0.9515025193221702
18/22,243,0.9478786207154033
18/22,244,0.9494367815418121
18/22,245,0.9525948356680293
18/22,246,0.9479362512786044
18/22,247,0.9497794289813486
18/22,248,0.9504795054628811
18/22,249,0.9482824445302
18/22,250,0.9487158531413247
18/22,251,0.9485133830727034
18/22,252,0.9463599300414967
18/22,253,0.9521290589670759
18/22,254,0.9513071112203981
18/22,255,0.9507664676073656
18/22,256,0.9474715488525898
18/22,257,0.9515252814298499
18/22,258,0.9533450960450771
18/22,259,0.9504288573159501
18/22,260,0.9511838096556343
18/22,261,0.9509272381452699
18/22,262,0.9493534058469133
18/22,263,0.9452122790106385
18/22,264,0.9432654823994812
18/22,265,0.9569776405481467
18/22,266,0.9531912879221927
18/22,267,0.9503288011635462
18/22,268,0.9455401534733134
18/22,269,0.9525657190836457
18/22,270,0.9484483818411222
18/22,271,0.9491829092528583
18/22,272,0.9513255982830698
18/22,273,0.953222078612723
18/22,274,0.9525526457370452
18/22,275,0.9474978073875167
18/22,276,0.9507806078473341
18/22,277,0.947568603126756
18/22,278,0.9490177496193654
18/22,279,0.9466142813061276
18/22,280,0.9509011910128716
18/22,281,0.9506079779620897
18/22,282,0.9515124552001127
18/22,283,0.95110705520841
18/22,284,0.94788120171641
18/22,285,0.9513603956772665
18/22,286,0.9483765694346602
18/22,287,0.9513935679896515
18/22,288,0.9457843439106837
18/22,289,0.9517755437930319
18/22,290,0.9512860448092696
18/22,291,0.9488708997197858
18/22,292,0.9470589996761598
18/22,293,0.9555208739530141
18/22,294,0.9525871628801484
18/22,295,0.9487199148061843
18/22,296,0.9487959604085355
18/22,297,0.9461587870111579
18/22,298,0.9526844228422998
18/22,299,0.9504591356830784
18/22,300,0.9513273128878527
18/22,301,0.9503536627098863
18/22,302,0.949768086519015
18/22,303,0.9493334318102997
18/22,304,0.9505851112403149
18/22,305,0.9506091537253966
18/22,306,0.9520756222275452
18/22,307,0.9487109966089059
18/22,308,0.9473983473501582
18/22,309,0.9504014106342524
18/22,310,0.9511511018470923
18/22,311,0.94596679559981
18/22,312,0.9521221223246293
18/22,313,0.9460663544844632
18/22,314,0.9481264447678674
18/22,315,0.9492458207746607
18/22,316,0.9462429829680055
18/22,317,0.9495309470926887
18/22,318,0.9458100145903868
18/22,319,0.9488257210636891
18/22,320,0.9508884117326215
18/22,321,0.9484761067179599
18/22,322,0.9503959790776244
18/22,323,0.9520761025883224
18/22,324,0.9531220772933717
18/22,325,0.9522952426576187
18/22,326,0.9524944823490908
18/22,327,0.9452956382717069
18/22,328,0.9523253876113817
18/22,329,0.9523196635611519
18/22,330,0.9503590780350002
18/22,331,0.9487774389189111
18/22,332,0.9509219568360338
18/22,333,0.9521285733644267
18/22,334,0.9469560750742936
18/22,335,0.9516960443988054
18/22,336,0.9474627829977005
18/22,337,0.9523220941969615
18/22,338,0.9512836538145075
18/22,339,0.9496984267635623
18/22,340,0.9488604825107059
18/22,341,0.9482189594702182
18/22,342,0.953018675571518
18/22,343,0.9530582732117062
18/22,344,0.9530162251162838
18/22,345,0.9507422122628874
18/22,346,0.9504887890858106
18/22,347,0.9496667160145406
18/22,348,0.947059725593785
18/22,349,0.957141611332562
18/22,350,0.9459291629260769
18/22,351,0.9508757588462149
18/22,352,0.9472803994031388
18/22,353,0.9516366567788938
18/22,354,0.9486950205756008
18/22,355,0.9455614515183758
18/22,356,0.9476218473001895
18/22,357,0.947561112513505
18/22,358,0.9519996919388353
18/22,359,0.9508255051874914
18/22,360,0.9471447281099435
18/22,361,0.9468980247585114
18/22,362,0.9450036379816896
18/22,363,0.9486427352883874
18/22,364,0.9518357132747285
18/22,365,0.9532818929977218
18/22,366,0.9500074749732446
18/22,367,0.9498293381101756
18/22,368,0.9494951748918227
18/22,369,0.9447401564749923
18/22,370,0.9482503229915696
18/22,371,0.9465778294812928
18/22,372,0.9529096386882436
18/22,373,0.951323870799205
18/22,374,0.9528955751185707
18/22,375,0.9494034244143662
18/22,376,0.9452271676054185
18/22,377,0.9532098336934924
18/22,378,0.9482683974365468
18/22,379,0.9522319280692159
18/22,380,0.9516892152772815
18/22,381,0.943327828570752
18/22,382,0.946177012995563
18/22,383,0.9492576727326151
18/22,384,0.9501355754929981
18/22,385,0.9497114859665471
18/22,386,0.9486903230014933
18/22,387,0.9501698500744642
18/22,388,0.9515109164071076
18/22,389,0.9469436083048888
18/22,390,0.9522346611771747
18/22,391,0.9511778537432836
18/22,392,0.9494087359659904
18/22,393,0.9546002509840044
18/22,394,0.9547530623458779
18/22,395,0.949181667717737
18/22,396,0.9488232663035236
18/22,397,0.954917814183335
18/22,398,0.9495825032716277
18/22,399,0.9484458561121769
18/22,400,0.9473783700708359
18/22,401,0.9498959092444276
18/22,402,0.9516897514962038
18/22,403,0.9521808755238717
18/22,404,0.9483284390854868
18/22,405,0.9464143845429657
18/22,406,0.9476879205463227
18/22,407,0.9492867499582104
18/22,408,0.9537275901039044
18/22,409,0.9501689282110426
18/22,410,0.9487231248978663
18/22,411,0.9508534858501979
18/22,412,0.9504984132398171
18/22,413,0.9524938249160133
18/22,414,0.9510042795090996
18/22,415,0.9481323902611234
18/22,416,0.9499542568531522
18/22,417,0.9488508089242887
18/22,418,0.9540674826215823
18/22,419,0.9475010999214122
18/22,420,0.9519427941669453
18/22,421,0.9530319793329028
18/22,422,0.9483992613675234
18/22,423,0.9506759384348353
18/22,424,0.9458982357529199
18/22,425,0.9470991246345832
18/22,426,0.9500621955140682
18/22,427,0.9494246698947217
18/22,428,0.950686776409779
18/22,429,0.9468335512007741
18/22,430,0.9485779185467195
18/22,431,0.9538373544605951
18/22,432,0.9471656389608626
18/22,433,0.9461248566839507
18/22,434,0.9519098371029137
18/22,435,0.9478038568578279
18/22,436,0.9527587912685574
18/22,437,0.9519991006650665
18/22,438,0.9482441960440103
18/22,439,0.944510789541529
18/22,440,0.9501921450891281
18/22,441,0.9527158878904025
18/22,442,0.9503337817485691
18/22,443,0.9477151411424627
18/22,444,0.9495720584347083
18/22,445,0.9498939312508518
18/22,446,0.9449302633301759
18/22,447,0.9518561663979966
18/22,448,0.950737662415033
18/22,449,0.9526067131207323
18/22,450,0.9503176826976936
18/22,451,0.9471620273616823
18/22,452,0.9522926725669577
18/22,453,0.9512933257429831
18/22,454,0.947599700984454
18/22,455,0.951066553811413
18/22,456,0.9506629959955895
18/22,457,0.9475049674907398
18/22,458,0.9495412138569871
18/22,459,0.9486018627345774
18/22,460,0.9522093230405825
18/22,461,0.9520802611524223
18/22,462,0.9511930313761634
18/22,463,0.949974466277468
18/22,464,0.9473564188299365
18/22,465,0.9477542278059391
18/22,466,0.9490271699943301
18/22,467,0.9504326513457132
18/22,468,0.9489837852692645
18/22,469,0.9527627640321624
18/22,470,0.9450140735305071
18/22,471,0.9496094827492397
18/22,472,0.9473120272940223
18/22,473,0.9493103974155166
18/22,474,0.9508177596053582
18/22,475,0.9502218797626942
18/22,476,0.9524998892779892
18/22,477,0.9488178587472168
18/22,478,0.9517733382201593
18/22,479,0.9509372650897892
18/22,480,0.954224620834133
18/22,481,0.9505484092453768
18/22,482,0.9496617236242852
18/22,483,0.954063119516819
18/22,484,0.9500762734560431
18/22,485,0.9475636448837312
18/22,486,0.9466110369291333
18/22,487,0.946226048546497
18/22,488,0.9498026451921517
18/22,489,0.9503745138323106
18/22,490,0.9514799570214983
18/22,491,0.9480135219008733
18/22,492,0.9505977127130479
18/22,493,0.9518530365577353
18/22,494,0.9462884570054854
18/22,495,0.9509175433383685
18/22,496,0.9488002190222237
18/22,497,0.947950241274018
18/22,498,0.9487334193203237
18/22,499,0.9510542237637606
18/22,500,0.9520019071546426
18/22,501,0.9478382010090566
18/22,502,0.9482295978657058
18/22,503,0.9521115458962989
18/22,504,0.9461208283779392
18/22,505,0.949864923612752
18/22,506,0.9501436119047275
18/22,507,0.9474394546912647
18/22,508,0.9496177066197038
18/22,509,0.9440564385558106
18/22,510,0.948954588988047
18/22,511,0.948517571068011
18/22,512,0.95058594420621
18/22,513,0.95041140086196
18/22,514,0.9488515559454591
18/22,515,0.9514591621569638
18/22,516,0.9473232572442596
18/22,517,0.9476246674635611
18/22,518,0.9463321707058877
18/22,519,0.9497135992249247
18/22,520,0.9494263126551358
18/22,521,0.9510615191478178
18/22,522,0.9496076502141761
18/22,523,0.95057494969721
18/22,524,0.9500474896501675
18/22,525,0.9497091502936028
18/22,526,0.9498289834125823
18/22,527,0.9501409784179294
18/22,528,0.9477161817507598
18/22,529,0.9502861414965482
18/22,530,0.9519223350417622
18/22,531,0.9478759145416344
18/22,532,0.9514016447315379
18/22,533,0.9475268395114101
18/22,534,0.9469145839920131
18/22,535,0.946903797190196
18/22,536,0.9506665069525496
18/22,537,0.9516558375728731
18/22,538,0.9501986748152715
18/22,539,0.9483226948429457
18/22,540,0.9496081438262036
18/22,541,0.9501756466898892
18/22,542,0.9485762533979365
18/22,543,0.9447997924852584
18/22,544,0.9491541898207904
18/22,545,0.946657593709577
18/22,546,0.9518776974291252
18/22,547,0.9529161006193347
18/22,548,0.9513371159409186
18/22,549,0.9505368014525885
18/22,550,0.9485794188773456
18/22,551,0.9474627222680101
18/22,552,0.950624239219518
18/22,553,0.9506209447692032
18/22,554,0.9515027472296846
18/22,555,0.9522255947080637
18/22,556,0.9521019084439644
18/22,557,0.9496464058475014
18/22,558,0.9516637341307127
18/22,559,0.9506771357705969
18/22,560,0.949110415817433
18/22,561,0.9517531860940646
18/22,562,0.9465399867460564
18/22,563,0.9488751692932589
18/22,564,0.9493291168186538
18/22,565,0.9514670753074134
18/22,566,0.94905260178624
18/22,567,0.9481030795154644
18/22,568,0.9458197229081549
18/22,569,0.9517416806506933
18/22,570,0.9518085716035235
18/22,571,0.951454317685877
18/22,572,0.9427372853452054
18/22,573,0.9538406842310425
18/22,574,0.9477041485257297
18/22,575,0.9500554492457525
18/22,576,0.9522909802965092
18/22,577,0.9482643534531185
18/22,578,0.9537079839189976
18/22,579,0.9497183329887365
18/22,580,0.9485894343118342
18/22,581,0.9474876091265378
18/22,582,0.951003820853026
18/22,583,0.9469738504387613
18/22,584,0.9432181026934349
18/22,585,0.9503061026046878
18/22,586,0.950253477078123
18/22,587,0.9467123461898542
18/22,588,0.9527260406478076
18/22,589,0.9504674129436925
18/22,590,0.9459242197326213
18/22,591,0.9508896625063451
18/22,592,0.9488132385412484
18/22,593,0.9494574476086532
18/22,594,0.9507356640777197
18/22,595,0.9481056806718777
18/22,596,0.9497389826003402
18/22,597,0.949077316482249
18/22,598,0.9496032110195047
18/22,599,0.9524230922524153
18/22,600,0.9495921914846196
18/22,601,0.9490967568086356
18/22,602,0.9436651246903189
18/22,603,0.9539407234830956
18/22,604,0.9476178713717253
18/22,605,0.951887869012616
18/22,606,0.9419927291813054
18/22,607,0.9495577126579232
18/22,608,0.9522848282697325
18/22,609,0.9477637869959293
18/22,610,0.9450988163121494
18/22,611,0.9498737856812598
18/22,612,0.9498511323056303
18/22,613,0.9486157173094694
18/22,614,0.9469404431425734
18/22,615,0.9520861219548876
18/22,616,0.9504185770516593
18/22,617,0.9456849284649799
18/22,618,0.9483612905458035
18/22,619,0.9480843016438296
18/22,620,0.9454492097288747
18/22,621,0.9478611873540013
18/22,622,0.9475104102847813
18/22,623,0.9512376076500171
18/22,624,0.9508210765335102
18/22,625,0.9496840461316509
18/22,626,0.9475336235319948
18/22,627,0.9478752020963492
18/22,628,0.9461903624372836
18/22,629,0.9509311859504921
18/22,630,0.9520809629226125
18/22,631,0.9473911483422144
18/22,632,0.9557317082195428
18/22,633,0.953592968243685
18/22,634,0.9509892234147809
18/22,635,0.9517909619183744
18/22,636,0.9482486186298239
18/22,637,0.9532000864948511
18/22,638,0.9471419701171189
18/22,639,0.9525555094199692
18/22,640,0.9536309654111466
18/22,641,0.949725589738783
18/22,642,0.945623493232008
18/22,643,0.9492711456259995
18/22,644,0.9512819276603539
18/22,645,0.9503921757087064
18/22,646,0.9486829123835173
18/22,647,0.9478949298639688
18/22,648,0.9522672937145971
18/22,649,0.9523421772928028
18/22,650,0.9514877561554701
18/22,651,0.9494080035786574
18/22,652,0.9485983224132323
18/22,653,0.9474260341101657
18/22,654,0.9469138075740396
18/22,655,0.9473135709156143
18/22,656,0.947759686624835
18/22,657,0.952048113929222
18/22,658,0.9425895186793334
18/22,659,0.9517558688695082
18/22,660,0.9525658911275751
18/22,661,0.9505753279170299
18/22,662,0.949559297325938
18/22,663,0.9503487289261753
18/22,664,0.9534658250378221
18/22,665,0.9517418048141243
18/22,666,0.947561658641509
18/22,667,0.9512278501344783
18/22,668,0.9484128552295402
18/22,669,0.948818380041228
18/22,670,0.9506595810377695
18/22,671,0.942823402443107
18/22,672,0.9519531723334611
18/22,673,0.9551853865282723
18/22,674,0.9455543123626573
18/22,675,0.9454808372982425
18/22,676,0.9494240338267412
18/22,677,0.9480147239118706
18/22,678,0.9514309931192128
18/22,679,0.9528945031159367
18/22,680,0.9487926621757647
18/22,681,0.9485680682771652
18/22,682,0.9514756162925553
18/22,683,0.9520870952753098
18/22,684,0.9522608032981872
18/22,685,0.9502304985379751
18/22,686,0.9536818089136538
18/22,687,0.9512155892791891
18/22,688,0.9524427386369461
18/22,689,0.9500646389096158
18/22,690,0.949295058870688
18/22,691,0.9534386432830895
18/22,692,0.9517465569117284
18/22,693,0.9483701234785333
18/22,694,0.9498764285388978
18/22,695,0.9494714144350438
18/22,696,0.9485168808435969
18/22,697,0.9531553944972844
18/22,698,0.9509022131030952
18/22,699,0.9498576296700013
18/22,700,0.9512955387795659
18/22,701,0.9496173862956357
18/22,702,0.9501695437597643
18/22,703,0.9480389754673018
18/22,704,0.9514526940714214
18/22,705,0.9540677495373638
18/22,706,0.9520077887551084
18/22,707,0.9472937336055486
18/22,708,0.9509541845170513
18/22,709,0.9478476603697474
18/22,710,0.9535682460879503
18/22,711,0.9547371258770991
18/22,712,0.9476784781420505
18/22,713,0.9461435975313519
18/22,714,0.9473825921791367
18/22,715,0.9478517235743937
18/22,716,0.9478895065814708
18/22,717,0.9526468537481195
18/22,718,0.9504169123702767
18/22,719,0.946211518987244
18/22,720,0.9462892817064128
18/22,721,0.9485261374519341
18/22,722,0.9510668595684685
18/22,723,0.9464026983286109
18/22,724,0.9538152052753096
18/22,725,0.9522912418840759
18/22,726,0.9526660827398916
18/22,727,0.9475649405622991
18/22,728,0.9519010877724042
18/22,729,0.9530470440262339
18/22,730,0.9498491642733102
18/22,731,0.94734170548828
18/22,732,0.9498371802258747
18/22,733,0.9494837575184211
18/22,734,0.947395068228494
18/22,735,0.9522269715216405
18/22,736,0.9493152714258547
18/22,737,0.9498876624667962
18/22,738,0.9473877985033066
18/22,739,0.9501929612221686
18/22,740,0.9536185719261977
18/22,741,0.9522867691905393
18/22,742,0.949605902341263
18/22,743,0.9507299021518621
18/22,744,0.9506706420692795
18/22,745,0.948583744704701
18/22,746,0.9502247214576082
18/22,747,0.9466841621089916
18/22,748,0.9458515616000901
18/22,749,0.9464561436423969
18/22,750,0.9526453120589782
18/22,751,0.9533702883442162
18/22,752,0.9522188692875677
18/22,753,0.9516475290777161
18/22,754,0.9461878801231318
18/22,755,0.9505856515183018
18/22,756,0.9542511764185742
18/22,757,0.9469054096084951
18/22,758,0.9476878828911809
18/22,759,0.9506851473958615
18/22,760,0.9507842966818623
18/22,761,0.9521683276773888
18/22,762,0.9490524282172884
18/22,763,0.9453535035619842
18/22,764,0.9496605160277612
18/22,765,0.9507390683483694
18/22,766,0.9491393442438032
18/22,767,0.9513903157163783
18/22,768,0.9499198596089093
18/22,769,0.9470975593680613
18/22,770,0.9541768267493516
18/22,771,0.952648255515929
18/22,772,0.949042435845301
18/22,773,0.9524948034873081
18/22,774,0.9489050595512187
18/22,775,0.9476452320800917
18/22,776,0.9474718632228403
18/22,777,0.9484865199837808
18/22,778,0.9492588885970162
18/22,779,0.9486945435844099
18/22,780,0.9510983132830266
18/22,781,0.947048327311644
18/22,782,0.9520832862971391
18/22,783,0.9518691738951941
18/22,784,0.9500760195781434
18/22,785,0.9479675161766999
18/22,786,0.9449294789411854
18/22,787,0.9530941414635421
18/22,788,0.9442103395128552
18/22,789,0.9504172969753589
18/22,790,0.9511536273322263
18/22,791,0.9527688617507665
18/22,792,0.9484951349485498
18/22,793,0.9534076449059259
18/22,794,0.9466952877795203
18/22,795,0.9472078997594446
18/22,796,0.9490693675014099
18/22,797,0.9464207463235872
18/22,798,0.9495776788202336
18/22,799,0.9486278182544123
18/22,800,0.9478897878620176
18/22,801,0.9498549123565306
18/22,802,0.9502670285712009
18/22,803,0.9546167509655685
18/22,804,0.9491639145440584
18/22,805,0.9548599488768658
18/22,806,0.952503819797599
18/22,807,0.952161424949783
18/22,808,0.9509919052474288
18/22,809,0.9450631133514837
18/22,810,0.9453540896951633
18/22,811,0.9493899742716074
18/22,812,0.9499525559582428
18/22,813,0.9512137647303284
18/22,814,0.9503358941172124
18/22,815,0.9440357749961494
18/22,816,0.9513577814076621
18/22,817,0.9483262897596878
18/22,818,0.9486147152000131
18/22,819,0.944804228247477
18/22,820,0.950524004775255
18/22,821,0.9501106400430219
18/22,822,0.9515267960929007
18/22,823,0.9480719467493931
18/22,824,0.9469911779515413
18/22,825,0.9473670763781549
18/22,826,0.9489954940732817
18/22,827,0.9485992581449272
18/22,828,0.9509431776455806
18/22,829,0.9505119539510085
18/22,830,0.9492878983653066
18/22,831,0.9518124441989242
18/22,832,0.9522294011904061
18/22,833,0.9494161650236459
18/22,834,0.9509834454941345
18/22,835,0.9525021477519678
18/22,836,0.9526127141112125
18/22,837,0.9500587406939127
18/22,838,0.9388140850087403
18/22,839,0.9471543906236631
18/22,840,0.9507829185464611
18/22,841,0.9538587653889484
18/22,842,0.9500150658552705
18/22,843,0.9496245092647635
18/22,844,0.9484508481374322
18/22,845,0.9438988668518907
18/22,846,0.9519162316194847
18/22,847,0.9482431659211814
18/22,848,0.9515057697355856
18/22,849,0.9498096369199125
18/22,850,0.9520931582756852
18/22,851,0.9497321779280062
18/22,852,0.9459812837366762
18/22,853,0.9522002368889243
18/22,854,0.9513152541707947
18/22,855,0.9502521505123313
18/22,856,0.9494622129863172
18/22,857,0.9466849066434626
18/22,858,0.9481885105603592
18/22,859,0.9459523161496852
18/22,860,0.9498026756038773
18/22,861,0.9487868019981349
18/22,862,0.9490568650353973
18/22,863,0.9459124390107871
18/22,864,0.9509319789788996
18/22,865,0.9482090001422748
18/22,866,0.9478345841794588
18/22,867,0.9491987282964627
18/22,868,0.9526644461876257
18/22,869,0.9493760878227935
18/22,870,0.9482706045985575
18/22,871,0.9466285700856801
18/22,872,0.9485254480224931
18/22,873,0.9554852692249108
18/22,874,0.9515432203481805
18/22,875,0.9469229055988942
18/22,876,0.9509744064602178
18/22,877,0.9512878917509681
18/22,878,0.9553771881553119
18/22,879,0.9496746376468728
18/22,880,0.9497873219652023
18/22,881,0.9510930360595782
18/22,882,0.9484101061544168
18/22,883,0.9488792779640461
18/22,884,0.9539627500173998
18/22,885,0.9526421618582576
18/22,886,0.9489407006305927
18/22,887,0.9479185384753585
18/22,888,0.9440486113514729
18/22,889,0.9516988287680916
18/22,890,0.952720134176549
18/22,891,0.9487426302895181
18/22,892,0.9481905726581261
18/22,893,0.9492676465160733
18/22,894,0.9474257892504648
18/22,895,0.9507346260776772
18/22,896,0.9508393639332893
18/22,897,0.9499544398450349
18/22,898,0.9468750886432017
18/22,899,0.9545203216940843
18/22,900,0.9527250654071443
18/22,901,0.9460249527890712
18/22,902,0.9500221878450121
18/22,903,0.947806440204846
18/22,904,0.9495196445846406
18/22,905,0.9471186174751328
18/22,906,0.9481484079803231
18/22,907,0.948402752116181
18/22,908,0.9501308018422007
18/22,909,0.9503006823562924
18/22,910,0.9522547266595432
18/22,911,0.9541860628958269
18/22,912,0.9507777081050224
18/22,913,0.9444752365643868
18/22,914,0.945533832359124
18/22,915,0.9470598226995179
18/22,916,0.9497695767088178
18/22,917,0.9467332984979089
18/22,918,0.9449422988269139
18/22,919,0.9460536941384508
18/22,920,0.9449579340339155
18/22,921,0.950341230765591
18/22,922,0.9529077549390996
18/22,923,0.9471034277614491
18/22,924,0.951070673682206
18/22,925,0.9527103499947038
18/22,926,0.948120699061571
18/22,927,0.9475159129339596
18/22,928,0.94308429170939
18/22,929,0.9504421886873724
18/22,930,0.9535898659192356
18/22,931,0.9505618342409463
18/22,932,0.9470693193785542
18/22,933,0.9485417424808897
18/22,934,0.9545456028882289
18/22,935,0.9540288539104185
18/22,936,0.9488243522040394
18/22,937,0.9497914866409811
18/22,938,0.9487272566383173
18/22,939,0.9490833020525732
18/22,940,0.9475453338995475
18/22,941,0.953285541999748
18/22,942,0.9512684810181845
18/22,943,0.952779923869149
18/22,944,0.955527232841898
18/22,945,0.9498029598899227
18/22,946,0.9483093793929789
18/22,947,0.9522719052092006
18/22,948,0.9498904056478461
18/22,949,0.9472068188226797
18/22,950,0.9516376706063845
18/22,951,0.9445463336711931
18/22,952,0.950636395439609
18/22,953,0.9522973355709952
18/22,954,0.9544634904203257
18/22,955,0.948832511960439
18/22,956,0.9498185448177153
18/22,957,0.9519226554034698
18/22,958,0.9490033845039367
18/22,959,0.9482341629423011
18/22,960,0.9471892089487997
18/22,961,0.9519675179344159
18/22,962,0.9470770712495771
18/22,963,0.951622884775538
18/22,964,0.9488064945930273
18/22,965,0.9515553604434478
18/22,966,0.9478325655820793
18/22,967,0.950893312997866
18/22,968,0.9473840766155258
18/22,969,0.948125277116271
18/22,970,0.9452830754814551
18/22,971,0.9520391639733324
18/22,972,0.9530148252753178
18/22,973,0.9485960171038649
18/22,974,0.948328993864763
18/22,975,0.9476682549198976
18/22,976,0.9460589588859837
18/22,977,0.9501283428292553
18/22,978,0.9480511258455296
18/22,979,0.9473471351587838
18/22,980,0.9526148220573395
18/22,981,0.9513276961048039
18/22,982,0.9479232591999548
18/22,983,0.9503897343195032
18/22,984,0.9476031018513899
18/22,985,0.9516286611454308
18/22,986,0.9488821934408472
18/22,987,0.9535511425084167
18/22,988,0.9477616194822566
18/22,989,0.9482419030990893
18/22,990,0.9517144014557815
18/22,991,0.9519737860452876
18/22,992,0.9522062178100372
18/22,993,0.9520317387039974
18/22,994,0.9477113080350553
18/22,995,0.9491142860102182
18/22,996,0.9530824324442371
18/22,997,0.950611641730307
18/22,998,0.9484099341107284
18/22,999,0.9476246939698868
18/22,1000,0.950905334888643
18/22,1001,0.9521231074706389
18/22,1002,0.950990052630127
18/22,1003,0.9497494394364233
18/22,1004,0.9504516508415876
18/22,1005,0.9485786123418247
18/22,1006,0.9509358067314841
18/22,1007,0.9479818124930652
18/22,1008,0.9482969032862929
18/22,1009,0.9498774294431287
18/22,1010,0.9551150986040798
18/22,1011,0.9468037312036806
18/22,1012,0.950994380945844
18/22,1013,0.9523814533741327
18/22,1014,0.9492272925301224
18/22,1015,0.9486601686840296
18/22,1016,0.9491352047921806
18/22,1017,0.9512893818563155
18/22,1018,0.9460736174085529
18/22,1019,0.948066109537667
18/22,1020,0.9528203242613579
18/22,1021,0.9460042705089331
18/22,1022,0.9501585092600443
18/22,1023,0.9489253736546123
18/22,1024,0.9462434523382575
18/22,1025,0.9503019068461939
18/22,1026,0.9502968738474993
18/22,1027,0.954436260849673
18/22,1028,0.9510569742217374
18/22,1029,0.9536321159181863
18/22,1030,0.9518183690869998
18/22,1031,0.9475192880815522
18/22,1032,0.9499429018074762
18/22,1033,0.9460965092630829
18/22,1034,0.9526938872741629
18/22,1035,0.9463018512708546
18/22,1036,0.9508605710178731
18/22,1037,0.9502899278159982
18/22,1038,0.9491659683226367
18/22,1039,0.9508334553215674
18/22,1040,0.9515268867285601
18/22,1041,0.9522351543948916
18/22,1042,0.947454998590126
18/22,1043,0.9500544273900039
18/22,1044,0.9534290976669478
18/22,1045,0.950333232459154
18/22,1046,0.9522585124801677
18/22,1047,0.9496754902155081
18/22,1048,0.9460310883010876
18/22,1049,0.9499414144198474
18/22,1050,0.9531681219243747
18/22,1051,0.9533619640030953
18/22,1052,0.9444939061904049
18/22,1053,0.9435146720276256
18/22,1054,0.9513117861023029
18/22,1055,0.949511507071332
18/22,1056,0.9489961928614867
18/22,1057,0.950002026056503
18/22,1058,0.9513055100222809
18/22,1059,0.943176450275721
18/22,1060,0.9519595536200929
18/22,1061,0.9503205498377028
18/22,1062,0.9519711650417133
18/22,1063,0.9463922910362971
18/22,1064,0.9513663909939263
18/22,1065,0.9488074980858587
18/22,1066,0.9531967234950579
18/22,1067,0.9448104958406234
18/22,1068,0.9507380862896547
18/22,1069,0.942159982856906
18/22,1070,0.9482042531229782
18/22,1071,0.944098996913816
18/22,1072,0.9499924341182234
18/22,1073,0.9465611123940831
18/22,1074,0.9488413844362692
18/22,1075,0.953540006565016
18/22,1076,0.9484321549684721
18/22,1077,0.9506637120310907
18/22,1078,0.9518369225671895
18/22,1079,0.9511847269268994
18/22,1080,0.9505723942499636
18/22,1081,0.9495037694111375
18/22,1082,0.9497499407610261
18/22,1083,0.9479171886831277
18/22,1084,0.9480501461999516
18/22,1085,0.9516195101344627
18/22,1086,0.9491620421090197
18/22,1087,0.9530611274597115
18/22,1088,0.9494071571625199
18/22,1089,0.9436675499621892
18/22,1090,0.9441759465607352
18/22,1091,0.951984662186447
18/22,1092,0.948316405258865
18/22,1093,0.950587011212284
18/22,1094,0.9540604712735431
18/22,1095,0.9474631174893783
18/22,1096,0.9508078099314058
18/22,1097,0.9475356223601585
18/22,1098,0.9483520431300323
18/22,1099,0.9474491070025414
18/22,1100,0.9448810264257392
18/22,1101,0.9544175969077401
18/22,1102,0.9522801212121577
18/22,1103,0.9502038775796394
18/22,1104,0.947516749924116
18/22,1105,0.9463988761038421
18/22,1106,0.9488890312428125
18/22,1107,0.9484894071890101
18/22,1108,0.9464950258537476
18/22,1109,0.9449667530147453
18/22,1110,0.9462353345760453
18/22,1111,0.9511116770435103
18/22,1112,0.948304936297977
18/22,1113,0.9539922898278277
18/22,1114,0.9495636606890999
18/22,1115,0.9489205816192398
18/22,1116,0.9515441856809274
18/22,1117,0.9478867812049492
18/22,1118,0.9520196863368807
18/22,1119,0.9480728387339227
18/22,1120,0.9511884950243638
18/22,1121,0.9472145528447596
18/22,1122,0.9488544866265791
18/22,1123,0.9503591302174889
18/22,1124,0.9492427194554044
18/22,1125,0.9481849443846114
18/22,1126,0.9491958952487352
18/22,1127,0.9538458643323684
18/22,1128,0.9445713445966056
18/22,1129,0.9491780982093606
18/22,1130,0.949458564410728
18/22,1131,0.9528547895203512
18/22,1132,0.954637054417002
18/22,1133,0.9486617959222831
18/22,1134,0.9454034819739318
18/22,1135,0.9498392413868144
18/22,1136,0.9431160189584268
18/22,1137,0.9503341828475461
18/22,1138,0.9466530245568009
18/22,1139,0.9497247046516315
18/22,1140,0.9469922052749906
18/22,1141,0.9514113568779121
18/22,1142,0.9458556649419344
18/22,1143,0.9529292430068269
18/22,1144,0.9491781221563661
18/22,1145,0.9514896391994654
18/22,1146,0.9497043938618629
18/22,1147,0.9510911860067625
18/22,1148,0.9495547278461721
18/22,1149,0.9516174359701923
18/22,1150,0.9476644341017317
18/22,1151,0.9505116795795642
18/22,1152,0.9477654615695277
18/22,1153,0.9479131123705482
18/22,1154,0.9528032351728492
18/22,1155,0.9506715772631104
18/22,1156,0.950093146944858
18/22,1157,0.9541468459316289
18/22,1158,0.9495773920723692
18/22,1159,0.9469597874560371
18/22,1160,0.9468427712344105
18/22,1161,0.9513833315186324
18/22,1162,0.9466343084345993
18/22,1163,0.9494286174272989
18/22,1164,0.9424879721649934
18/22,1165,0.9470206818874848
18/22,1166,0.9520076710126191
18/22,1167,0.9478129133117923
18/22,1168,0.9490015190530393
18/22,1169,0.9481205104054097
18/22,1170,0.9514612776824262
18/22,1171,0.9452568098343107
18/22,1172,0.9451253468161613
18/22,1173,0.952252143677828
18/22,1174,0.9521106946389452
18/22,1175,0.9512825756599774
18/22,1176,0.9553917174578074
18/22,1177,0.9512104632076848
18/22,1178,0.9473099355059946
18/22,1179,0.9502784022515122
18/22,1180,0.9521111205439549
18/22,1181,0.9488223968144014
18/22,1182,0.9471391272459776
18/22,1183,0.9515062750040976
18/22,1184,0.9541129455940701
18/22,1185,0.9470656037289072
18/22,1186,0.9529987122312804
18/22,1187,0.9426906716395107
18/22,1188,0.9480353972107601
18/22,1189,0.9463490823850156
18/22,1190,0.9480641306977614
18/22,1191,0.9511279001489018
18/22,1192,0.9530508205589876
18/22,1193,0.9505374080669915
18/22,1194,0.9516798994248348
18/22,1195,0.9516874683418396
18/22,1196,0.9502257811385307
18/22,1197,0.9510819255228924
18/22,1198,0.9514806734253844
18/22,1199,0.949768631610349
18/22,1200,0.9510180168190273
18/22,1201,0.9505290535992456
18/22,1202,0.9470074800375138
18/22,1203,0.9506271644690121
18/22,1204,0.9467984200936864
18/22,1205,0.9500045861952854
18/22,1206,0.9482996653662679
18/22,1207,0.9507498805293709
18/22,1208,0.948045490282331
18/22,1209,0.9504721319429426
18/22,1210,0.9486856718223641
18/22,1211,0.9502476896386476
18/22,1212,0.9553682438889962
18/22,1213,0.9503417385702579
18/22,1214,0.946517279343263
18/22,1215,0.9509221722838165
18/22,1216,0.9485361397034702
18/22,1217,0.9499843454385412
18/22,1218,0.9514330825272459
18/22,1219,0.950183214695832
18/22,1220,0.9466320591559104
18/22,1221,0.945062031453567
18/22,1222,0.9486633758676696
18/22,1223,0.9481958463237282
18/22,1224,0.9497546266979723
18/22,1225,0.9479171696814112
18/22,1226,0.9512608291627646
18/22,1227,0.9509328623445366
18/22,1228,0.9471567097484507
18/22,1229,0.9479083324196191
18/22,1230,0.9514788485083026
18/22,1231,0.9479804745056377
18/22,1232,0.9491670879218435
18/22,1233,0.9551818835167064
18/22,1234,0.951849013269906
18/22,1235,0.953842107720207
18/22,1236,0.9496909260318612
18/22,1237,0.9503006652108144
18/22,1238,0.9533472031006843
18/22,1239,0.9509609843616689
18/22,1240,0.9479730639207249
18/22,1241,0.9513045047135859
18/22,1242,0.9482733486966962
18/22,1243,0.953603217556614
18/22,1244,0.9479469937429104
18/22,1245,0.9480987698540825
18/22,1246,0.9546947168004604
18/22,1247,0.9461548601945631
18/22,1248,0.950602208206
18/22,1249,0.9474956121799754
18/22,1250,0.9455486484771809
18/22,1251,0.9501480116228032
18/22,1252,0.9467342945852226
18/22,1253,0.9509053616667612
18/22,1254,0.947756909618602
18/22,1255,0.9438090843754697
18/22,1256,0.9486580615076019
18/22,1257,0.9503404266925523
18/22,1258,0.9502693277787797
18/22,1259,0.9483156298347977
18/22,1260,0.9498472224303737
18/22,1261,0.9524097621518559
18/22,1262,0.9505686007941071
18/22,1263,0.947184734703083
18/22,1264,0.9501734413518497
18/22,1265,0.9488486793890927
18/22,1266,0.9497856345255056
18/22,1267,0.9517643210771716
18/22,1268,0.950641764756196
18/22,1269,0.9519702821431828
18/22,1270,0.9513608270207022
18/22,1271,0.9533790614524326
18/22,1272,0.9444277339070156
18/22,1273,0.9457423398685997
18/22,1274,0.9530117710523948
18/22,1275,0.947889077919202
18/22,1276,0.9496254678610189
18/22,1277,0.9521546389259633
18/22,1278,0.9508679055608923
18/22,1279,0.9479319254223455
18/22,1280,0.9468969772302148
18/22,1281,0.9526440336620626
18/22,1282,0.9510998203096863
18/22,1283,0.9451054964087484
18/22,1284,0.9476673018560606
18/22,1285,0.9489760905540384
18/22,1286,0.9529657573840169
18/22,1287,0.9459261766134853
18/22,1288,0.9462338108611298
18/22,1289,0.950305631688824
18/22,1290,0.9532009708709945
18/22,1291,0.9542475506980748
18/22,1292,0.9486005373742068
18/22,1293,0.9507587706478777
18/22,1294,0.9510053332738538
18/22,1295,0.9513530358455554
18/22,1296,0.944158702688143
18/22,1297,0.9478206186736295
18/22,1298,0.950946629931784
18/22,1299,0.949528194601451
18/22,1300,0.9484138365565886
18/22,1301,0.9493012255613169
18/22,1302,0.9489962287592159
18/22,1303,0.9486534912424067
18/22,1304,0.9502268016015802
18/22,1305,0.9511802882040792
18/22,1306,0.9506965715325854
18/22,1307,0.9512573082683384
18/22,1308,0.9532158944974152
18/22,1309,0.9521965994407631
18/22,1310,0.9515919330868492
18/22,1311,0.9535563360798135
18/22,1312,0.9511721853325272
18/22,1313,0.9504705728552999
18/22,1314,0.9523992743624834
18/22,1315,0.952710378943689
18/22,1316,0.9504454463542082
18/22,1317,0.9500301254368427
18/22,1318,0.947115966830094
18/22,1319,0.9506015059560182
18/22,1320,0.9506981378960451
18/22,1321,0.952236921978288
18/22,1322,0.9447744566749374
18/22,1323,0.9468263280636376
18/22,1324,0.9543422352111933
18/22,1325,0.9539257782321039
18/22,1326,0.950779433687903
18/22,1327,0.9488991103603795
18/22,1328,0.9498838255829181
18/22,1329,0.948916479033359
18/22,1330,0.946572540043495
18/22,1331,0.9497429648975432
18/22,1332,0.9503770849821299
18/22,1333,0.9455107777633552
18/22,1334,0.9518497008377357
18/22,1335,0.9510404402032859
18/22,1336,0.9455919549567667
18/22,1337,0.9508144589238386
18/22,1338,0.9479450681827499
18/22,1339,0.947507573466261
18/22,1340,0.9530275540628669
18/22,1341,0.9469934528209524
18/22,1342,0.9502546940459169
18/22,1343,0.947529856111345
18/22,1344,0.9446122985696612
18/22,1345,0.9467025095863123
18/22,1346,0.952378106180448
18/22,1347,0.9473899739659034
18/22,1348,0.9517812918216486
18/22,1349,0.9537664239427871
18/22,1350,0.9500161700233275
18/22,1351,0.9550646719082106
18/22,1352,0.9494201389335971
18/22,1353,0.9495314716740296
18/22,1354,0.9530003022072864
18/22,1355,0.94896808766447
18/22,1356,0.9514141294381309
18/22,1357,0.9498872551076184
18/22,1358,0.9515783720482663
18/22,1359,0.9460407397797305
18/22,1360,0.9526245416448424
18/22,1361,0.9495518513706863
18/22,1362,0.9485351411733771
18/22,1363,0.9472142709245771
18/22,1364,0.9481151424969376
18/22,1365,0.9504667299087356
18/22,1366,0.9504850893931064
18/22,1367,0.9509938570255717
18/22,1368,0.948712767211159
18/22,1369,0.9501481311147624
18/22,1370,0.9487534481137014
18/22,1371,0.9518784832692605
18/22,1372,0.9498146003083476
18/22,1373,0.9457860157453453
18/22,1374,0.9533347688147615
18/22,1375,0.9480955978068191
18/22,1376,0.9540363894840751
18/22,1377,0.9494255139854416
18/22,1378,0.9486501682314151
18/22,1379,0.9455940212740883
18/22,1380,0.9518548426094061
18/22,1381,0.9488923477468616
18/22,1382,0.9517711411059803
18/22,1383,0.947549317598514
18/22,1384,0.9501502554500902
18/22,1385,0.9507136698184031
18/22,1386,0.9480523681199126
18/22,1387,0.9426303934013249
18/22,1388,0.9473219057823143
18/22,1389,0.9533325361519602
18/22,1390,0.9500966358671825
18/22,1391,0.9428872143945991
18/22,1392,0.9497370872295773
18/22,1393,0.9503323205235458
18/22,1394,0.9480487878556576
18/22,1395,0.9491113512047177
18/22,1396,0.9492845833719036
18/22,1397,0.9492905256246567
18/22,1398,0.9500932254276868
18/22,1399,0.9472893868136865
18/22,1400,0.9505853510919283
18/22,1401,0.953683642373364
18/22,1402,0.9490452960031684
18/22,1403,0.952605390209315
18/22,1404,0.951210386519552
18/22,1405,0.9492153095020118
18/22,1406,0.948244721408789
18/22,1407,0.9479901667079054
18/22,1408,0.948075277308403
18/22,1409,0.9525446120710851
18/22,1410,0.9492228036790502
18/22,1411,0.9482731750180928
18/22,1412,0.9460511123756947
18/22,1413,0.9448245545892194
18/22,1414,0.9449418083014899
18/22,1415,0.9497196349316863
18/22,1416,0.9495262598047691
18/22,1417,0.953548654994249
18/22,1418,0.9530018651367345
18/22,1419,0.95077283316201
18/22,1420,0.9465497307459753
18/22,1421,0.9522970560245287
18/22,1422,0.9478517311495381
18/22,1423,0.9519451739096508
18/22,1424,0.9549461468701871
18/22,1425,0.9498136364717705
18/22,1426,0.9505745344675097
18/22,1427,0.9535893531766322
18/22,1428,0.9505408538521958
18/22,1429,0.9450223226682858
18/22,1430,0.9466310039369037
18/22,1431,0.948009521914863
18/22,1432,0.9495137647069667
18/22,1433,0.9488881237683654
18/22,1434,0.9529087296925473
18/22,1435,0.9476755448783123
18/22,1436,0.9475582597432167
18/22,1437,0.9482577734695273
18/22,1438,0.9510865514379723
18/22,1439,0.9467369326790139
18/22,1440,0.9491609258902789
18/22,1441,0.9495802499536251
18/22,1442,0.9497030822315264
18/22,1443,0.9462504782694873
18/22,1444,0.9498222341587698
18/22,1445,0.9449359738774732
18/22,1446,0.9518252310999186
18/22,1447,0.9464910989469387
18/22,1448,0.9533526841125292
18/22,1449,0.9514303905931679
18/22,1450,0.9479899138586967
18/22,1451,0.9507004795023597
18/22,1452,0.9495612221377597
18/22,1453,0.9477635942293271
18/22,1454,0.94888402746786
18/22,1455,0.9509651403239482
18/22,1456,0.95064567851366
18/22,1457,0.9429852364751322
18/22,1458,0.9531271549661875
18/22,1459,0.9499469020331311
18/22,1460,0.9471953135264497
18/22,1461,0.9505726959352125
18/22,1462,0.9542333942063734
18/22,1463,0.9469824621847062
18/22,1464,0.9487869974772883
18/22,1465,0.9484524037396834
18/22,1466,0.9538162614781702
18/22,1467,0.9481242065489114
18/22,1468,0.9491671269394225
18/22,1469,0.9515108082327903
18/22,1470,0.9452054976130698
18/22,1471,0.9462942260730275
18/22,1472,0.9505312940166929
18/22,1473,0.951326550448561
18/22,1474,0.9511498356560151
18/22,1475,0.9509309329546403
18/22,1476,0.9486279108400447
18/22,1477,0.9508200645283582
18/22,1478,0.9480507142489785
18/22,1479,0.9466625057206877
18/22,1480,0.9515104032947981
18/22,1481,0.9506512574809621
18/22,1482,0.9449700614385326
18/22,1483,0.9511412153535547
18/22,1484,0.9530817160699174
18/22,1485,0.9511806826850181
18/22,1486,0.9499211984033187
18/22,1487,0.9545471016366193
18/22,1488,0.9512650321601811
18/22,1489,0.950346611296994
18/22,1490,0.9502805212682851
18/22,1491,0.9481609846044154
18/22,1492,0.947453436091159
18/22,1493,0.9491257871888876
18/22,1494,0.9476872656987879
18/22,1495,0.9518692134743065
18/22,1496,0.9498146884248454
18/22,1497,0.9482591755918897
18/22,1498,0.9455606997377055
18/22,1499,0.9495725133331615
18/22,1500,0.9519548388940161
18/22,1501,0.951888251437785
18/22,1502,0.9497488169301892
18/22,1503,0.95196308787013
18/22,1504,0.9508073515267705
18/22,1505,0.9542450976651764
18/22,1506,0.9522201084700198
18/22,1507,0.9431302009378006
18/22,1508,0.9489324918337296
18/22,1509,0.9511305665274479
18/22,1510,0.9484031198275086
18/22,1511,0.9500648286685118
18/22,1512,0.9464600860120033
18/22,1513,0.9463511735755101
18/22,1514,0.9533853376697022
18/22,1515,0.9503073004180105
18/22,1516,0.9533059962746613
18/22,1517,0.945430908567006
18/22,1518,0.9503246784376759
18/22,1519,0.9503861864485067
18/22,1520,0.9473180221880222
18/22,1521,0.9453225176928275
18/22,1522,0.9532464991506269
18/22,1523,0.9454229766791657
18/22,1524,0.9492851667594648
18/22,1525,0.947349436848227
18/22,1526,0.9519326293013222
18/22,1527,0.9513029041894138
18/22,1528,0.942868907420982
18/22,1529,0.9522528110052352
18/22,1530,0.953426553816274
18/22,1531,0.9500239935144447
18/22,1532,0.9507545465848497
18/22,1533,0.9477364717675393
18/22,1534,0.9498083606033995
18/22,1535,0.9502474293187035
18/22,1536,0.9488561965383128
18/22,1537,0.9482600268724632
18/22,1538,0.9451171452910446
18/22,1539,0.9466890428995398
18/22,1540,0.9502708544245221
18/22,1541,0.9502734736504066
18/22,1542,0.9499707534081828
18/22,1543,0.9522636516965081
18/22,1544,0.9437922667446851
18/22,1545,0.9449131502072483
18/22,1546,0.9509669365795853
18/22,1547,0.9527929584712729
18/22,1548,0.9483355803793204
18/22,1549,0.9505430185092907
18/22,1550,0.9466626630861832
18/22,1551,0.9467056246022615
18/22,1552,0.9488642718417865
18/22,1553,0.9470429219906062
18/22,1554,0.9503571100423975
18/22,1555,0.9484486100931333
18/22,1556,0.9504364585969979
18/22,1557,0.9480260103967695
18/22,1558,0.949270966601364
18/22,1559,0.9458906266719336
18/22,1560,0.9481953779639634
18/22,1561,0.9500917592418271
18/22,1562,0.9505850338403157
18/22,1563,0.9430834543018156
18/22,1564,0.9484351892613749
18/22,1565,0.9496931047461337
18/22,1566,0.9550685041507379
18/22,1567,0.9461476946948045
18/22,1568,0.9510089535202986
18/22,1569,0.948972332826181
18/22,1570,0.9503856908969307
18/22,1571,0.9514556131867608
18/22,1572,0.9437194913234135
18/22,1573,0.9488328129678851
18/22,1574,0.951212704212496
18/22,1575,0.9497534268547895
18/22,1576,0.9454664148833469
18/22,1577,0.9459874655315827
18/22,1578,0.9453511070298738
18/22,1579,0.9512610570960166
18/22,1580,0.9484875119823702
18/22,1581,0.945764905250284
18/22,1582,0.9442324956096435
18/22,1583,0.953121354381027
18/22,1584,0.9535601133291296
18/22,1585,0.9496301505773201
18/22,1586,0.9507092025630406
18/22,1587,0.9494553669913344
18/22,1588,0.9482309476612175
18/22,1589,0.9526282375879515
18/22,1590,0.952021781321971
18/22,1591,0.9513049394750499
18/22,1592,0.9489688068248385
18/22,1593,0.9484925830849636
18/22,1594,0.9494936678554913
18/22,1595,0.9526821479294193
18/22,1596,0.9491721401954463
18/22,1597,0.9492113948515619
18/22,1598,0.9491632398351283
18/22,1599,0.946539226239997
18/22,1600,0.9492802397277694
18/22,1601,0.94613580048061
18/22,1602,0.9514161640885916
18/22,1603,0.9508062662007222
18/22,1604,0.9469374010737454
18/22,1605,0.9509605110216185
18/22,1606,0.9484720211632562
18/22,1607,0.9451793407608489
18/22,1608,0.9471985441075288
18/22,1609,0.9457096994992086
18/22,1610,0.9542446010888649
18/22,1611,0.9473652787745992
18/22,1612,0.9480444185019588
18/22,1613,0.9505963879062505
18/22,1614,0.9468587385706285
18/22,1615,0.9470211401831247
18/22,1616,0.950820844291131
18/22,1617,0.9496512756821142
18/22,1618,0.948128672933652
18/22,1619,0.9527794702717238
18/22,1620,0.9470259826692434
18/22,1621,0.9487046548881284
18/22,1622,0.9467554211576568
18/22,1623,0.9530965570466582
18/22,1624,0.9497398725530596
18/22,1625,0.9498406482171374
18/22,1626,0.950883897742348
18/22,1627,0.9522274146347566
18/22,1628,0.9456660462218429
18/22,1629,0.950676993095446
18/22,1630,0.9464738791456297
18/22,1631,0.9527825236815947
18/22,1632,0.9508554431046944
18/22,1633,0.94869851061608
18/22,1634,0.9521955945772912
18/22,1635,0.9511034496111783
18/22,1636,0.9506021605157005
18/22,1637,0.9417760318449454
18/22,1638,0.9527148348877013
18/22,1639,0.9453464130278905
18/22,1640,0.9487783603823416
18/22,1641,0.9461198363581942
18/22,1642,0.9425107888267991
18/22,1643,0.9460911408102812
18/22,1644,0.9515763008515892
18/22,1645,0.9479397834224567
18/22,1646,0.9477155464414591
18/22,1647,0.9548633015235296
18/22,1648,0.9484390308434537
18/22,1649,0.9511804134244192
18/22,1650,0.9498214799402802
18/22,1651,0.9516488014535959
18/22,1652,0.9500409564407086
18/22,1653,0.9502726202565641
18/22,1654,0.9491723969186644
18/22,1655,0.9519305990032166
18/22,1656,0.9502295077556375
18/22,1657,0.9519740523844744
18/22,1658,0.9499029846985015
18/22,1659,0.9542283016130019
18/22,1660,0.9504896434078715
18/22,1661,0.9525878375378688
18/22,1662,0.9478949670073412
18/22,1663,0.9446387556959179
18/22,1664,0.9530548062693909
18/22,1665,0.9482775046148182
18/22,1666,0.9455050122275915
18/22,1667,0.9487320701278689
18/22,1668,0.9555237291082811
18/22,1669,0.9515185343174085
18/22,1670,0.9495854204970354
18/22,1671,0.9522271755432555
18/22,1672,0.9516286310967844
18/22,1673,0.9496632360001394
18/22,1674,0.9479036537985323
18/22,1675,0.9429436569966865
18/22,1676,0.9511683186088392
18/22,1677,0.9486360335476524
18/22,1678,0.9496362095996016
18/22,1679,0.9477010091318386
18/22,1680,0.9509089631598971
18/22,1681,0.9518169976264491
18/22,1682,0.9489248037756411
18/22,1683,0.9469454262713918
18/22,1684,0.9511551738945092
18/22,1685,0.9491062958161788
18/22,1686,0.9508527310258277
18/22,1687,0.9469936653245811
18/22,1688,0.9554777600788332
18/22,1689,0.9506941408744005
18/22,1690,0.9479348132115628
18/22,1691,0.9468585000215269
18/22,1692,0.9524035736041336
18/22,1693,0.9465146368418365
18/22,1694,0.9509639930588569
18/22,1695,0.9511050320115473
18/22,1696,0.952112274201015
18/22,1697,0.9517892594152415
18/22,1698,0.9488118929760717
18/22,1699,0.9497953454271462
18/22,1700,0.9499091610576672
18/22,1701,0.9513857067116507
18/22,1702,0.9541271602122289
18/22,1703,0.9496482303294049
18/22,1704,0.9523014110009516
18/22,1705,0.9492399146124371
18/22,1706,0.9487948225240717
18/22,1707,0.9464839879631115
18/22,1708,0.9496439378556792
18/22,1709,0.948022256047566
18/22,1710,0.9505552651603976
18/22,1711,0.9530770923964144
18/22,1712,0.9533975358059792
18/22,1713,0.9454759801227789
18/22,1714,0.9511093462827117
18/22,1715,0.9555346946747559
18/22,1716,0.948228563459609
18/22,1717,0.951153521127812
18/22,1718,0.9523551827412597
18/22,1719,0.9503827998515463
18/22,1720,0.951581907970034
18/22,1721,0.9471704335358303
18/22,1722,0.9491259090465194
18/22,1723,0.9482980011903832
18/22,1724,0.9512135806185094
18/22,1725,0.9460939822214999
18/22,1726,0.9508350982692058
18/22,1727,0.947924515914873
18/22,1728,0.9492538791050382
18/22,1729,0.945888747425555
18/22,1730,0.9500697442301209
18/22,1731,0.9526392200910588
18/22,1732,0.9465518094492958
18/22,1733,0.9501410565438688
18/22,1734,0.9470689014151387
18/22,1735,0.9475558744774994
18/22,1736,0.9525016725838169
18/22,1737,0.9506766951655792
18/22,1738,0.9493319462038953
18/22,1739,0.9514705404282802
18/22,1740,0.9501066930645922
18/22,1741,0.9487933270364731
18/22,1742,0.9525149784712
18/22,1743,0.9470161263114182
18/22,1744,0.9514018351986003
18/22,1745,0.9504622279359752
18/22,1746,0.9537254107586065
18/22,1747,0.9552386734168827
18/22,1748,0.9495303067177188
18/22,1749,0.9529516772556184
18/22,1750,0.9523699537342772
18/22,1751,0.9501451015887473
18/22,1752,0.9495845368678392
18/22,1753,0.9515832306314614
18/22,1754,0.946546669259106
18/22,1755,0.9524452505164216
18/22,1756,0.951539241923242
18/22,1757,0.9510140388110658
18/22,1758,0.9497445347465981
18/22,1759,0.9511747285521549
18/22,1760,0.9495164635868347
18/22,1761,0.9547344938340672
18/22,1762,0.9519220858713924
18/22,1763,0.950501150780245
18/22,1764,0.9499270327759703
18/22,1765,0.9497611583089076
18/22,1766,0.9524795208324002
18/22,1767,0.9511002841325281
18/22,1768,0.9513464559685584
18/22,1769,0.9526864125905963
18/22,1770,0.9526062993547186
18/22,1771,0.9457472672347841
18/22,1772,0.9481170444412091
18/22,1773,0.9508549205901439
18/22,1774,0.9500840673615174
18/22,1775,0.9540716345056071
18/22,1776,0.9531210057220457
18/22,1777,0.9503562798615327
18/22,1778,0.9480073010012042
18/22,1779,0.9537891298877877
18/22,1780,0.9490835873125275
18/22,1781,0.9518487836822845
18/22,1782,0.9464934609622869
18/22,1783,0.9492177634752195
18/22,1784,0.9494584572797942
18/22,1785,0.9498323192158942
18/22,1786,0.9492586212350806
18/22,1787,0.9478222935139833
18/22,1788,0.9463602006085075
18/22,1789,0.9465240572474712
18/22,1790,0.9532356893374662
18/22,1791,0.9491335349850876
18/22,1792,0.9525841095163708
18/22,1793,0.9483755375433077
18/22,1794,0.952576135464904
18/22,1795,0.9489390575621477
18/22,1796,0.9487555300635818
18/22,1797,0.9548310632841049
18/22,1798,0.9506489133336214
18/22,1799,0.9532596110383738
18/22,1800,0.9447060677253504
18/22,1801,0.9448851897122786
18/22,1802,0.9499573126552407
18/22,1803,0.9508576546185654
18/22,1804,0.9498127862256128
18/22,1805,0.9522016120898336
18/22,1806,0.9501492341650869
18/22,1807,0.9535371565420069
18/22,1808,0.9479793660807504
18/22,1809,0.9503270860950105
18/22,1810,0.9485887263028735
18/22,1811,0.9473533403248032
18/22,1812,0.948513753743573
18/22,1813,0.9449962951268458
18/22,1814,0.9514701906300959
18/22,1815,0.9498064546054081
18/22,1816,0.9459311697867093
18/22,1817,0.9516120402838423
18/22,1818,0.9456143769188308
18/22,1819,0.9475108365390655
18/22,1820,0.9479037568426663
18/22,1821,0.9489766107830465
18/22,1822,0.952840646947422
18/22,1823,0.9500541942654704
18/22,1824,0.9560807851318299
18/22,1825,0.9474093167363394
18/22,1826,0.9534559017374549
18/22,1827,0.9508697839683732
18/22,1828,0.9484994457410743
18/22,1829,0.9539707628962425
18/22,1830,0.9521196687711156
18/22,1831,0.95018008720895
18/22,1832,0.9447434370138938
18/22,1833,0.9452200637892411
18/22,1834,0.9480872467592533
18/22,1835,0.9523533343121796
18/22,1836,0.947632823762776
18/22,1837,0.949568936913536
18/22,1838,0.9484336994661778
18/22,1839,0.9471167700095255
18/22,1840,0.9502717911192221
18/22,1841,0.9436347990425833
18/22,1842,0.9511700561689996
18/22,1843,0.9494215960897849
18/22,1844,0.9515523915748466
18/22,1845,0.9517320609747301
18/22,1846,0.9490298182352325
18/22,1847,0.9525356986952578
18/22,1848,0.9435870867771708
18/22,1849,0.9482724148409882
18/22,1850,0.9507357482826111
18/22,1851,0.9501464311587655
18/22,1852,0.952005786400042
18/22,1853,0.9497816034743579
18/22,1854,0.9525114113121316
18/22,1855,0.9509877481301053
18/22,1856,0.9487068270159343
18/22,1857,0.9524637786971051
18/22,1858,0.9519561990316535
18/22,1859,0.9520532203696952
18/22,1860,0.951113975459527
18/22,1861,0.9466323269663286
18/22,1862,0.9449800388898839
18/22,1863,0.9482383698517332
18/22,1864,0.9546488266014097
18/22,1865,0.9496852346474405
18/22,1866,0.9498136203496083
18/22,1867,0.9477041068831681
18/22,1868,0.9507827078177171
18/22,1869,0.9507196632145687
18/22,1870,0.9463526515775444
18/22,1871,0.9513881604214596
18/22,1872,0.9517659007176229
18/22,1873,0.9453381134473322
18/22,1874,0.9502855893474873
18/22,1875,0.9521684269413996
18/22,1876,0.9462263061738784
18/22,1877,0.9524316390296018
18/22,1878,0.9534032733782238
18/22,1879,0.9453575838727029
18/22,1880,0.9495165867041545
18/22,1881,0.9479106117807453
18/22,1882,0.9505537947256947
18/22,1883,0.948548090182855
18/22,1884,0.954382009696635
18/22,1885,0.949170040902704
18/22,1886,0.9479650638950882
18/22,1887,0.9487312119765068
18/22,1888,0.9502762221184469
18/22,1889,0.9451308565737001
18/22,1890,0.9493818605530722
18/22,1891,0.9482428004107727
18/22,1892,0.9485679606184461
18/22,1893,0.9510288707005015
18/22,1894,0.9510962512981158
18/22,1895,0.9512593394114018
18/22,1896,0.9485557158674365
18/22,1897,0.9491921046808665
18/22,1898,0.9541010378136842
18/22,1899,0.9497705797615281
18/22,1900,0.9473336591559016
18/22,1901,0.947371268773358
18/22,1902,0.9538176584587654
18/22,1903,0.9473745464157374
18/22,1904,0.9465066848134114
18/22,1905,0.9455020565179773
18/22,1906,0.9487236239203268
18/22,1907,0.9468837856367248
18/22,1908,0.9495153306871981
18/22,1909,0.948833219255361
18/22,1910,0.9480807986052399
18/22,1911,0.9480850067562787
18/22,1912,0.9513081663955415
18/22,1913,0.9535963586129771
18/22,1914,0.9523919982052412
18/22,1915,0.948895645066112
18/22,1916,0.9464739299394637
18/22,1917,0.9479401449077831
18/22,1918,0.9474755672385795
18/22,1919,0.946603508016803
18/22,1920,0.9497240228354872
18/22,1921,0.9503928018206207
18/22,1922,0.9440211049030854
18/22,1923,0.9518301608764923
18/22,1924,0.9484940979747298
18/22,1925,0.9481014580658452
18/22,1926,0.9504801106504221
18/22,1927,0.9463744297733191
18/22,1928,0.9481026905412632
18/22,1929,0.9462961873206585
18/22,1930,0.9468445556913481
18/22,1931,0.9513698912530287
18/22,1932,0.9547430639439783
18/22,1933,0.9466679250976239
18/22,1934,0.948957229871616
18/22,1935,0.9530199084073194
18/22,1936,0.9512329014584566
18/22,1937,0.9443354306643814
18/22,1938,0.9471830403556891
18/22,1939,0.9482689800987516
18/22,1940,0.9481378923998119
18/22,1941,0.9530939932788012
18/22,1942,0.9514976992792287
18/22,1943,0.9514488880209856
18/22,1944,0.9503906107760696
18/22,1945,0.9490327083051477
18/22,1946,0.9521950658297345
18/22,1947,0.9522305356663362
18/22,1948,0.9489885141588424
18/22,1949,0.9510906087230859
18/22,1950,0.9481818778464881
18/22,1951,0.9504110091939566
18/22,1952,0.9472775615719463
18/22,1953,0.9489052209651556
18/22,1954,0.9525293279265074
18/22,1955,0.9448789391838908
18/22,1956,0.9519328558790587
18/22,1957,0.9527453880281549
18/22,1958,0.9501475742395927
18/22,1959,0.9468073159918718
18/22,1960,0.9505489227917264
18/22,1961,0.951778090781998
18/22,1962,0.9481413260054391
18/22,1963,0.9504427796627578
18/22,1964,0.9503720130905776
18/22,1965,0.9488699897727875
18/22,1966,0.9494838382078695
18/22,1967,0.9474501344813556
18/22,1968,0.942290184355171
18/22,1969,0.953567531420104
18/22,1970,0.9503380587608292
18/22,1971,0.949179107694042
18/22,1972,0.9511546053074785
18/22,1973,0.9496559862270114
18/22,1974,0.9538450215417754
18/22,1975,0.946511882684495
18/22,1976,0.9502431891151426
18/22,1977,0.9518149785151229
18/22,1978,0.9504558952388289
18/22,1979,0.953551361975113
18/22,1980,0.9506144954520299
18/22,1981,0.9495541057767689
18/22,1982,0.9519739022906474
18/22,1983,0.948030608935917
18/22,1984,0.9476403108903336
18/22,1985,0.9494582876322246
18/22,1986,0.9533077206923867
18/22,1987,0.9471706525134579
18/22,1988,0.9518369618928297
18/22,1989,0.950855066845928
18/22,1990,0.9458441622283884
18/22,1991,0.953079976406781
18/22,1992,0.9488728748136133
18/22,1993,0.9520338616351329
18/22,1994,0.9502838631283672
18/22,1995,0.9506648001205237
18/22,1996,0.9507057906190292
18/22,1997,0.9504694426298507
18/22,1998,0.9545133926936215
18/22,1999,0.9510342076119709
18/22,2000,0.9485241140682935
18/22,2001,0.9497129484478672
18/22,2002,0.9496757406312518
18/22,2003,0.9454453051453796
18/22,2004,0.9480803242229248
18/22,2005,0.9491867109007777
18/22,2006,0.9530211956763679
18/22,2007,0.9483657975369496
18/22,2008,0.9512093641212075
18/22,2009,0.9498835836543064
18/22,2010,0.9479285869653565
18/22,2011,0.9526948392723014
18/22,2012,0.9475797720854983
18/22,2013,0.9485536347054222
18/22,2014,0.9517609976566658
18/22,2015,0.9476274081432294
18/22,2016,0.9505817262909577
18/22,2017,0.9509732735940621
18/22,2018,0.9513654875148081
18/22,2019,0.9523119755275637
18/22,2020,0.9479379109135507
18/22,2021,0.9511370619991801
18/22,2022,0.9443710556605691
18/22,2023,0.94886481904806
18/22,2024,0.9496237672116068
18/22,2025,0.9495834882452838
18/22,2026,0.9499182145532781
18/22,2027,0.9454880710419803
18/22,2028,0.9465119118213048
18/22,2029,0.9510336247924495
18/22,2030,0.9507197828057372
18/22,2031,0.9507396283172767
18/22,2032,0.9488915621998734
18/22,2033,0.9460712225701639
18/22,2034,0.9489988982039175
18/22,2035,0.951240690449336
18/22,2036,0.9508063322727969
18/22,2037,0.9447069979030309
18/22,2038,0.9482602646615184
18/22,2039,0.9447937385066463
18/22,2040,0.9476871969792595
18/22,2041,0.9475363123276667
18/22,2042,0.9430505004286104
18/22,2043,0.9495828731860116
18/22,2044,0.9532241704764484
18/22,2045,0.9499195214389659
18/22,2046,0.9493830775979498
18/22,2047,0.9506667374086945
18/22,2048,0.9498304713898285
18/22,2049,0.9484664281547517
18/22,2050,0.9520617960703716
18/22,2051,0.9486492178548074
18/22,2052,0.9488611939788414
18/22,2053,0.9516206537855316
18/22,2054,0.9548359339811227
18/22,2055,0.9471310303813061
18/22,2056,0.9479204769122982
18/22,2057,0.9488537899058441
18/22,2058,0.9464924573674304
18/22,2059,0.9437437613165329
18/22,2060,0.9462543923564782
18/22,2061,0.9470546984425257
18/22,2062,0.9448299528122587
18/22,2063,0.950610395780946
18/22,2064,0.9460203086993682
18/22,2065,0.9500735577659615
18/22,2066,0.9465620180793234
18/22,2067,0.9501635546638726
18/22,2068,0.9507831983658755
18/22,2069,0.9456984740119188
18/22,2070,0.9499429794880323
18/22,2071,0.9503150923280446
18/22,2072,0.9504440259511449
18/22,2073,0.9479546625163902
18/22,2074,0.9475924521533828
18/22,2075,0.9508876625015503
18/22,2076,0.9497283682635482
18/22,2077,0.9447464488658973
18/22,2078,0.9537887840763366
18/22,2079,0.9512680710565843
18/22,2080,0.9489285227989044
18/22,2081,0.952199325092926
18/22,2082,0.9458714012894965
18/22,2083,0.9493029493432086
18/22,2084,0.9491150583884428
18/22,2085,0.9494849591724497
18/22,2086,0.9515668738902969
18/22,2087,0.9455595790644997
18/22,2088,0.9519779995755773
18/22,2089,0.9497280832443843
18/22,2090,0.9506724145077146
18/22,2091,0.9473939936415076
18/22,2092,0.952350699189017
18/22,2093,0.9467189154893414
18/22,2094,0.949334430452633
18/22,2095,0.9480637054362672
18/22,2096,0.9498229758856672
18/22,2097,0.9506248987187942
18/22,2098,0.9539995785469583
18/22,2099,0.9501476428748336
18/22,2100,0.9544928444707697
18/22,2101,0.952842102080683
18/22,2102,0.9511993841666232
18/22,2103,0.9467625604083129
18/22,2104,0.954402059793887
18/22,2105,0.9526155239099834
18/22,2106,0.9498322475640912
18/22,2107,0.9540389034696294
18/22,2108,0.9494760326982489
18/22,2109,0.950673332783701
18/22,2110,0.9499429090184447
18/22,2111,0.9459553360904991
18/22,2112,0.9521695968027268
18/22,2113,0.9475403015790895
18/22,2114,0.9432662440872678
18/22,2115,0.9506086570178194
18/22,2116,0.9500799417705835
18/22,2117,0.952579262085373
18/22,2118,0.9474118434257509
18/22,2119,0.9407474995413595
18/22,2120,0.946953892828435
18/22,2121,0.9545216642812321
18/22,2122,0.9432860777687981
18/22,2123,0.9486911239612437
18/22,2124,0.9542633730781048
18/22,2125,0.9500653643416475
18/22,2126,0.9491243023128455
18/22,2127,0.9469240359997037
18/22,2128,0.9514909118654682
18/22,2129,0.9448827704590004
18/22,2130,0.9488758076117625
18/22,2131,0.9468702475314508
18/22,2132,0.9489581380813388
18/22,2133,0.9485455614584621
18/22,2134,0.9504456653110614
18/22,2135,0.9499761735729819
18/22,2136,0.9464883337917664
18/22,2137,0.9498773609409211
18/22,2138,0.9499199121238145
18/22,2139,0.9508292996001158
18/22,2140,0.9505297705349655
18/22,2141,0.9495406327053968
18/22,2142,0.9508468891258689
18/22,2143,0.9478996486404645
18/22,2144,0.9506722679234842
18/22,2145,0.9493561100428494
18/22,2146,0.9483587180817606
18/22,2147,0.9482737563848712
18/22,2148,0.9517911770857377
18/22,2149,0.9499468837154617
18/22,2150,0.9498765433074056
18/22,2151,0.9509675465233411
18/22,2152,0.952028653128494
18/22,2153,0.9477213693586221
18/22,2154,0.950103868865954
18/22,2155,0.9553033759077381
18/22,2156,0.950826464699313
18/22,2157,0.951228679231873
18/22,2158,0.951518321920049
18/22,2159,0.9498366412010953
18/22,2160,0.9466174252227474
18/22,2161,0.9570397989411115
18/22,2162,0.9516458155876878
18/22,2163,0.9482728251674194
18/22,2164,0.9484488031070425
18/22,2165,0.950940922374463
18/22,2166,0.9519631892787037
18/22,2167,0.9531739349604055
18/22,2168,0.9526132643583223
18/22,2169,0.9526152000626096
18/22,2170,0.9502453620840277
18/22,2171,0.9458361186953324
18/22,2172,0.9496580723606209
18/22,2173,0.9504640051386019
18/22,2174,0.9493305687705319
18/22,2175,0.9526002993000208
18/22,2176,0.9524533830379321
18/22,2177,0.9466239275369162
18/22,2178,0.9508073734928258
18/22,2179,0.9537149720620076
18/22,2180,0.9525634719577665
18/22,2181,0.952224029731575
18/22,2182,0.9509675210388245
18/22,2183,0.9465973431731072
18/22,2184,0.9489631353130806
18/22,2185,0.9490556756673245
18/22,2186,0.9530463760048526
18/22,2187,0.9487128690554981
18/22,2188,0.9504964502740392
18/22,2189,0.9530649501631188
18/22,2190,0.953025664532299
18/22,2191,0.9481175912113272
18/22,2192,0.9477962070725522
18/22,2193,0.9457340159825975
18/22,2194,0.9500107590870169
18/22,2195,0.950312346164532
18/22,2196,0.9492637668641912
18/22,2197,0.9477779001262289
18/22,2198,0.9493967519696515
18/22,2199,0.9525867519895629
18/22,2200,0.9504590991798052
18/22,2201,0.949108205075416
18/22,2202,0.9519872765690719
18/22,2203,0.9482874014523487
18/22,2204,0.9508583378369928
18/22,2205,0.9460186342453819
18/22,2206,0.946752235413473
18/22,2207,0.9444774111649848
18/22,2208,0.9443964845087933
18/22,2209,0.9458704678693379
18/22,2210,0.9485728880130662
18/22,2211,0.9452019592552832
18/22,2212,0.9515598683079534
18/22,2213,0.9521353821542407
18/22,2214,0.9494677106410606
18/22,2215,0.9484169223573586
18/22,2216,0.9518837777644068
18/22,2217,0.9483798689408012
18/22,2218,0.9468418486217582
18/22,2219,0.9526510266663953
18/22,2220,0.9506686301579129
18/22,2221,0.9466945448109487
18/22,2222,0.9477351047067429
18/22,2223,0.9509600219673603
18/22,2224,0.9512644026947062
18/22,2225,0.948864174591733
18/22,2226,0.9497998962030734
18/22,2227,0.9523791823827361
18/22,2228,0.9437601152980918
18/22,2229,0.9492721674998477
18/22,2230,0.946756540145556
18/22,2231,0.9479029719840721
18/22,2232,0.9473213228917976
18/22,2233,0.9472494945801059
18/22,2234,0.9519191446877107
18/22,2235,0.9515606893013315
18/22,2236,0.9487036548555222
18/22,2237,0.9490748983778186
18/22,2238,0.9448716182227896
18/22,2239,0.9468397611584096
18/22,2240,0.9468431323907059
18/22,2241,0.9522345792994091
18/22,2242,0.950082535176092
18/22,2243,0.9502082837430783
18/22,2244,0.9554130478781323
18/22,2245,0.9498013933679204
18/22,2246,0.9421780976683631
18/22,2247,0.9547514594594553
18/22,2248,0.9534324311303882
18/22,2249,0.9475185396959278
18/22,2250,0.9515277725752781
18/22,2251,0.9503391414327022
18/22,2252,0.9450122472282494
18/22,2253,0.9480318662668354
18/22,2254,0.9512539640836479
18/22,2255,0.9502271605610537
18/22,2256,0.9494286483826497
18/22,2257,0.9484340533859155
18/22,2258,0.9506852277390834
18/22,2259,0.9477413649868234
18/22,2260,0.95183341996967
18/22,2261,0.9524524670573662
18/22,2262,0.9492191322089742
18/22,2263,0.952628662557534
18/22,2264,0.9510737361524455
18/22,2265,0.9475135777081759
18/22,2266,0.9459581042701956
18/22,2267,0.950323551789001
18/22,2268,0.9471163296101062
18/22,2269,0.950277183588736
18/22,2270,0.9463632758265952
18/22,2271,0.9496885804466224
18/22,2272,0.9476594046429181
18/22,2273,0.9510141687107676
18/22,2274,0.9525443747030607
18/22,2275,0.9493677662427069
18/22,2276,0.948898043440831
18/22,2277,0.9488209166227698
18/22,2278,0.954141426118929
18/22,2279,0.9449371217278297
18/22,2280,0.9493337613259994
18/22,2281,0.9500361313181055
18/22,2282,0.9491320537370432
18/22,2283,0.9443883348158706
18/22,2284,0.9467219183634864
18/22,2285,0.9490546556918206
18/22,2286,0.9488299748644503
18/22,2287,0.9457563051346396
18/22,2288,0.9510815195501037
18/22,2289,0.9454697180708904
18/22,2290,0.9475407928602537
18/22,2291,0.9453704168603222
18/22,2292,0.9537370256860984
18/22,2293,0.9431670360145405
18/22,2294,0.947256112007415
18/22,2295,0.94873920672182
18/22,2296,0.950323940321597
18/22,2297,0.94869604063892
18/22,2298,0.9489319382583252
18/22,2299,0.9496892152955821
18/22,2300,0.9456454770075254
18/22,2301,0.9504997731920656
18/22,2302,0.9478367890085782
18/22,2303,0.9476823167232351
18/22,2304,0.9518769098857367
18/22,2305,0.946233899044455
18/22,2306,0.9459551187235474
18/22,2307,0.9501032885987377
18/22,2308,0.9535560389699003
18/22,2309,0.950243175519701
18/22,2310,0.9505510309271106
18/22,2311,0.9462895743079102
18/22,2312,0.9488196388290437
18/22,2313,0.9475008920112531
18/22,2314,0.9500841357698075
18/22,2315,0.947969976687926
18/22,2316,0.9515321672907087
18/22,2317,0.9486871026218398
18/22,2318,0.9503774334781031
18/22,2319,0.9510077096481288
18/22,2320,0.9510095805013601
18/22,2321,0.9496982504413836
18/22,2322,0.9461170928395773
18/22,2323,0.9511492134652412
18/22,2324,0.9535628819808939
18/22,2325,0.9475361804872435
18/22,2326,0.9485171011886186
18/22,2327,0.9469204964209954
18/22,2328,0.9469303284100267
18/22,2329,0.947278937741185
18/22,2330,0.9502310906036824
18/22,2331,0.9490559365278176
18/22,2332,0.9488818700246878
18/22,2333,0.9469130860857182
18/22,2334,0.9510534136346945
18/22,2335,0.9490017797923135
18/22,2336,0.9439537297766257
18/22,2337,0.9485962321514331
18/22,2338,0.9492185742629486
18/22,2339,0.9521498010774676
18/22,2340,0.9486639715728212
18/22,2341,0.9462582948910465
18/22,2342,0.9546897392635931
18/22,2343,0.9523591052750556
18/22,2344,0.9477043990567088
18/22,2345,0.9492291862531235
18/22,2346,0.9477657486310948
18/22,2347,0.9506085853682467
18/22,2348,0.9498167035090108
18/22,2349,0.9503003992556208
18/22,2350,0.9516564949508712
18/22,2351,0.951113607204156
18/22,2352,0.9529827162542714
18/22,2353,0.9461476633186078
18/22,2354,0.9475221091318455
18/22,2355,0.9455337286515493
18/22,2356,0.9484341671358083
18/22,2357,0.9481650751687942
18/22,2358,0.9516702709853979
18/22,2359,0.9501935953050052
18/22,2360,0.9492526883869997
18/22,2361,0.9453223362450943
18/22,2362,0.9472186441943323
18/22,2363,0.9414612461683938
18/22,2364,0.9483262045288883
18/22,2365,0.947438964996231
18/22,2366,0.9487063649527333
18/22,2367,0.9480580368545558
18/22,2368,0.9469528724801243
18/22,2369,0.948537234121303
18/22,2370,0.9548391827974784
18/22,2371,0.9512350057703056
18/22,2372,0.9463588742935365
18/22,2373,0.9518432449967668
18/22,2374,0.9458119303639877
18/22,2375,0.9487474887778714
18/22,2376,0.9504428636560249
18/22,2377,0.9514409363604419
18/22,2378,0.9469247996900101
18/22,2379,0.9491397067183626
18/22,2380,0.9468224692982738
18/22,2381,0.9512099738843958
18/22,2382,0.949664310416774
18/22,2383,0.9477444088522368
18/22,2384,0.950666308708501
18/22,2385,0.948734274735752
18/22,2386,0.9532038829617919
18/22,2387,0.952412403543926
18/22,2388,0.9462488365584664
18/22,2389,0.946632344097466
18/22,2390,0.9506170731769082
18/22,2391,0.952847371394013
18/22,2392,0.941475873947721
18/22,2393,0.9441775978445589
18/22,2394,0.9478706084019547
18/22,2395,0.95351126209243
18/22,2396,0.9516635538195767
18/22,2397,0.9500185619693267
18/22,2398,0.9475362039515859
18/22,2399,0.9517540274020466
18/22,2400,0.9495560443033448
18/22,2401,0.9446361747337475
18/22,2402,0.9494300652673424
18/22,2403,0.9501979051425739
18/22,2404,0.9460864258048941
18/22,2405,0.9502804211903831
18/22,2406,0.9494489044809629
18/22,2407,0.949567726129688
18/22,2408,0.9508072800719788
18/22,2409,0.9478957778181522
18/22,2410,0.9454444613928046
18/22,2411,0.9512922408414002
18/22,2412,0.9490563391170106
18/22,2413,0.9493769305362232
18/22,2414,0.948857890524539
18/22,2415,0.9520960769437588
18/22,2416,0.9526262869682427
18/22,2417,0.9480193750730331
18/22,2418,0.9491445954983095
18/22,2419,0.9547684212647253
18/22,2420,0.9507878234187168
18/22,2421,0.949164815834736
18/22,2422,0.9451594167107832
18/22,2423,0.9514865638791362
18/22,2424,0.9528506264356764
18/22,2425,0.9470242539807346
18/22,2426,0.9531799430255041
18/22,2427,0.9494513893677204
18/22,2428,0.9471821454507462
18/22,2429,0.9524411685110369
18/22,2430,0.9506507121211059
18/22,2431,0.9520139639211396
18/22,2432,0.9450432105351637
18/22,2433,0.9499537724615907
18/22,2434,0.9517747456020967
18/22,2435,0.9510525340216781
18/22,2436,0.947529497163921
18/22,2437,0.9529274609843236
18/22,2438,0.9531275478752089
18/22,2439,0.9477581160166645
18/22,2440,0.9491266471115952
18/22,2441,0.9496586022636255
18/22,2442,0.9490438526191108
18/22,2443,0.9515491763384298
18/22,2444,0.9499373774637243
18/22,2445,0.954450974969351
18/22,2446,0.9457966271566113
18/22,2447,0.9491913114248186
18/22,2448,0.9537295892134123
18/22,2449,0.9493378567783234
18/22,2450,0.9479294509352014
18/22,2451,0.9485813881287418
18/22,2452,0.9461477118892767
18/22,2453,0.9483518813697512
18/22,2454,0.9500993132624712
18/22,2455,0.9468588780030031
18/22,2456,0.9519838243452474
18/22,2457,0.9499599456168245
18/22,2458,0.9423685391976103
18/22,2459,0.9503500028314599
18/22,2460,0.95443361379282
18/22,2461,0.9505413566409291
18/22,2462,0.9488547621088527
18/22,2463,0.9503405881533641
18/22,2464,0.9481341506508666
18/22,2465,0.9526083924826457
18/22,2466,0.9527198985000679
18/22,2467,0.9516611936020666
18/22,2468,0.9458321769378383
18/22,2469,0.9512797857783086
18/22,2470,0.9533654795137282
18/22,2471,0.9512931406538774
18/22,2472,0.9516886662341525
18/22,2473,0.9497128519454179
18/22,2474,0.9487040146856065
18/22,2475,0.946251646783927
18/22,2476,0.9544583300380742
18/22,2477,0.9543718389520383
18/22,2478,0.9502556049616512
18/22,2479,0.9527931867344378
18/22,2480,0.9513805732464686
18/22,2481,0.9467958146979604
18/22,2482,0.9492106402233773
18/22,2483,0.949734558267035
18/22,2484,0.9510194385120007
18/22,2485,0.9475117778499236
18/22,2486,0.9441197341138313
18/22,2487,0.9483023395526702
18/22,2488,0.9486908795949194
18/22,2489,0.9474848780880802
18/22,2490,0.9480162784604939
18/22,2491,0.9490317867023086
18/22,2492,0.9495504702635306
18/22,2493,0.9502824149694346
18/22,2494,0.9508888673188288
18/22,2495,0.951585497531135
18/22,2496,0.948140661151919
18/22,2497,0.9478093161442885
18/22,2498,0.9474536868452702
18/22,2499,0.9450621537535937
18/22,2500,0.9485039075765206
18/22,2501,0.9506319086988475
18/22,2502,0.9473764374470441
18/22,2503,0.9401418720537701
18/22,2504,0.9486270396356953
18/22,2505,0.9479792075040426
18/22,2506,0.9464415741205559
18/22,2507,0.9469289775436439
18/22,2508,0.9475676232493699
18/22,2509,0.9542074277428954
18/22,2510,0.9457390541001999
18/22,2511,0.9497539449719712
18/22,2512,0.9484280634669939
18/22,2513,0.9489861869082981
18/22,2514,0.9431785809078279
18/22,2515,0.9492460937261351
18/22,2516,0.9502425997615754
18/22,2517,0.9496593314299656
18/22,2518,0.9536962776264287
18/22,2519,0.9512609409480621
18/22,2520,0.9528469146370615
18/22,2521,0.9529004299706755
18/22,2522,0.949510317516658
18/22,2523,0.9482442313858342
18/22,2524,0.9487959240550151
18/22,2525,0.9494923674712483
18/22,2526,0.9503419594514924
18/22,2527,0.9510725984250881
18/22,2528,0.9533078127945012
18/22,2529,0.9413513659469672
18/22,2530,0.9482648843897787
18/22,2531,0.9500294370627761
18/22,2532,0.9509338633045511
18/22,2533,0.9492656247549587
18/22,2534,0.9538878922937539
18/22,2535,0.9528866048202997
18/22,2536,0.9479997022456591
18/22,2537,0.9490752809229075
18/22,2538,0.9509397064898316
18/22,2539,0.9493200169610161
18/22,2540,0.9494416782407388
18/22,2541,0.9508870372662528
18/22,2542,0.9481952863004591
18/22,2543,0.9445445798330973
18/22,2544,0.9497312214429007
18/22,2545,0.9506074650812162
18/22,2546,0.9468078495159841
18/22,2547,0.9499882895411986
18/22,2548,0.9480340893737828
18/22,2549,0.9466639310058
18/22,2550,0.9513498796508518
18/22,2551,0.9508208004588848
18/22,2552,0.9478519605454089
18/22,2553,0.9505893143209968
18/22,2554,0.9480518694343201
18/22,2555,0.9506398922008782
18/22,2556,0.9501296942778469
18/22,2557,0.9481710936577211
18/22,2558,0.9415393453276651
18/22,2559,0.9479387729296952
18/22,2560,0.9509986205272731
18/22,2561,0.9484052760168719
18/22,2562,0.9430688778521987
18/22,2563,0.9531174952226578
18/22,2564,0.9528396105743181
18/22,2565,0.9496581971764682
18/22,2566,0.9505977082691895
18/22,2567,0.9499421060474933
18/22,2568,0.950267470485877
18/22,2569,0.9502377978056802
18/22,2570,0.9521149429971063
18/22,2571,0.94778663053334
18/22,2572,0.9489517732061138
18/22,2573,0.9531469284044874
18/22,2574,0.9452834795561762
18/22,2575,0.9471304832686607
18/22,2576,0.9467090576251643
18/22,2577,0.9454229281810738
18/22,2578,0.9520418864789144
18/22,2579,0.9491277008498417
18/22,2580,0.9507190425558129
18/22,2581,0.9504164145675876
18/22,2582,0.9515884703855451
18/22,2583,0.9484728997736167
18/22,2584,0.9463369625022663
18/22,2585,0.950059007156209
18/22,2586,0.9506217803898078
18/22,2587,0.9487242951057918
18/22,2588,0.9516943050298188
18/22,2589,0.9477610860298123
18/22,2590,0.9519103073548787
18/22,2591,0.9494213004471401
18/22,2592,0.9531591122977203
18/22,2593,0.9525953312216985
18/22,2594,0.9528492676497661
18/22,2595,0.9484980422543912
18/22,2596,0.9457202761287355
18/22,2597,0.948791049466779
18/22,2598,0.9497932048480224
18/22,2599,0.9465113172673827
18/22,2600,0.9436404971783393
18/22,2601,0.9466397624058984
18/22,2602,0.9438555230726198
18/22,2603,0.9465840534095603
18/22,2604,0.9498154168804005
18/22,2605,0.9399771912444677
18/22,2606,0.9458600862123251
18/22,2607,0.9487044584489713
18/22,2608,0.9506474436147899
18/22,2609,0.9517306679810326
18/22,2610,0.9502020192625804
18/22,2611,0.9485038449418784
18/22,2612,0.9497548276728599
18/22,2613,0.9480326448998966
18/22,2614,0.9521140698847427
18/22,2615,0.9535469033336563
18/22,2616,0.9517212163103432
18/22,2617,0.9493680426113219
18/22,2618,0.9529699005712756
18/22,2619,0.945598173574063
18/22,2620,0.949964920073069
18/22,2621,0.9512505290108926
18/22,2622,0.944337143344376
18/22,2623,0.943805003463493
18/22,2624,0.9489937200429769
18/22,2625,0.9460337161450382
18/22,2626,0.9473210736242921
18/22,2627,0.947748269773386
18/22,2628,0.9484769600501701
18/22,2629,0.9527351747674475
18/22,2630,0.9498938053701034
18/22,2631,0.9489775473099658
18/22,2632,0.9465119372298013
18/22,2633,0.9496612938844247
18/22,2634,0.9492033944424061
18/22,2635,0.9502280192955963
18/22,2636,0.9489342048321674
18/22,2637,0.9517101139794879
18/22,2638,0.9529992818102752
18/22,2639,0.9467319203961375
18/22,2640,0.9531354140152598
18/22,2641,0.9496332972288243
18/22,2642,0.9476311468163979
18/22,2643,0.9509446196620853
18/22,2644,0.9546939233442053
18/22,2645,0.950483655573212
18/22,2646,0.9509636834590107
18/22,2647,0.9533292345794891
18/22,2648,0.9497054760929748
18/22,2649,0.9511655511102836
18/22,2650,0.95128350711176
18/22,2651,0.9469957473945178
18/22,2652,0.9539085746711826
18/22,2653,0.9504034020267472
18/22,2654,0.9509712028220948
18/22,2655,0.9550493405995104
18/22,2656,0.9502449022166649
18/22,2657,0.9514820062326675
18/22,2658,0.9509335564370651
18/22,2659,0.9468163585340345
18/22,2660,0.9484704194357017
18/22,2661,0.9512432062735131
18/22,2662,0.9486630286122102
18/22,2663,0.9488188498952199
18/22,2664,0.9487211580426904
18/22,2665,0.9518141192327454
18/22,2666,0.949926100671134
18/22,2667,0.9493016039633282
18/22,2668,0.9511515547007825
18/22,2669,0.9500993262037041
18/22,2670,0.9490152570974032
18/22,2671,0.9440844558126538
18/22,2672,0.9463898841035198
18/22,2673,0.9501370686174226
18/22,2674,0.9464706652132511
18/22,2675,0.948616241112094
18/22,2676,0.9508828431649815
18/22,2677,0.9493869798905379
18/22,2678,0.9470852038207717
18/22,2679,0.9530692613032974
18/22,2680,0.9486197352760453
18/22,2681,0.954028806859411
18/22,2682,0.9466487887303264
18/22,2683,0.9471770827827278
18/22,2684,0.9453997369515886
18/22,2685,0.9491689209286127
18/22,2686,0.9488531207929908
18/22,2687,0.9455453275170226
18/22,2688,0.9523784258614679
18/22,2689,0.9534460829007576
18/22,2690,0.9478349431586593
18/22,2691,0.9437357776028328
18/22,2692,0.9509877531428165
18/22,2693,0.9478957869751526
18/22,2694,0.9506853422147091
18/22,2695,0.9449779486887959
18/22,2696,0.9507621639685679
18/22,2697,0.9514165997364109
18/22,2698,0.9479274462127567
18/22,2699,0.9520233526878445
18/22,2700,0.9503916006735288
18/22,2701,0.9488198848266212
18/22,2702,0.9477777731820555
18/22,2703,0.9525477180578936
18/22,2704,0.9467710946040173
18/22,2705,0.9518385504975754
18/22,2706,0.9525970542014075
18/22,2707,0.9493596444697696
18/22,2708,0.9511056303986073
18/22,2709,0.9506578569193934
18/22,2710,0.9506402473108833
18/22,2711,0.9507449580595695
18/22,2712,0.9472458945807773
18/22,2713,0.947308920962462
18/22,2714,0.9494435713640613
18/22,2715,0.9441019956785065
18/22,2716,0.9485503794599269
18/22,2717,0.9508418952748847
18/22,2718,0.9486501675429317
18/22,2719,0.9469208393128994
18/22,2720,0.9447829929135363
18/22,2721,0.9535802952166459
18/22,2722,0.9510488153617048
18/22,2723,0.9471225004114205
18/22,2724,0.948290094088487
18/22,2725,0.9498081700741153
18/22,2726,0.9474335687089308
18/22,2727,0.9532667162067839
18/22,2728,0.9464780504829843
18/22,2729,0.9474344353216024
18/22,2730,0.9462889325982263
18/22,2731,0.9518969547053509
18/22,2732,0.9520450247757505
18/22,2733,0.9502462789493961
18/22,2734,0.9482198988027822
18/22,2735,0.9465265573770107
18/22,2736,0.9511747932307011
18/22,2737,0.9533236590506061
18/22,2738,0.9457391035416522
18/22,2739,0.9531131065963184
18/22,2740,0.947502621454734
18/22,2741,0.9482778057797601
18/22,2742,0.9492878880483419
18/22,2743,0.9522741124574331
18/22,2744,0.9460876961513233
18/22,2745,0.952830730417752
18/22,2746,0.9547935117270734
18/22,2747,0.9473535223612974
18/22,2748,0.9452014202928212
18/22,2749,0.9502030238016183
18/22,2750,0.9519376484532582
18/22,2751,0.9497494355896183
18/22,2752,0.9511822588210925
18/22,2753,0.9493389683981587
18/22,2754,0.9462154622861924
18/22,2755,0.951349527840412
18/22,2756,0.9527396497454892
18/22,2757,0.9453241095959163
18/22,2758,0.9466644954695905
18/22,2759,0.9527421576064232
18/22,2760,0.9456400020857826
18/22,2761,0.9475037733319671
18/22,2762,0.9494235424063129
18/22,2763,0.9453128433496236
18/22,2764,0.9498812914832416
18/22,2765,0.9500776669422052
18/22,2766,0.9504183910071767
18/22,2767,0.9472774297458021
18/22,2768,0.9498936572310605
18/22,2769,0.9547459993730005
18/22,2770,0.9524284745314938
18/22,2771,0.9524481497417506
18/22,2772,0.9442936112482363
18/22,2773,0.9528853462848897
18/22,2774,0.9492333445396288
18/22,2775,0.9462742596374256
18/22,2776,0.946900789162578
18/22,2777,0.9459148713794141
18/22,2778,0.9466015948991416
18/22,2779,0.9474621391265436
18/22,2780,0.9474844758561075
18/22,2781,0.9548948129938203
18/22,2782,0.95130000166306
18/22,2783,0.950388952095329
18/22,2784,0.9516294761742647
18/22,2785,0.9448625413548536
18/22,2786,0.9519718020653392
18/22,2787,0.9514553477300538
18/22,2788,0.9492946232283163
18/22,2789,0.9517619172514464
18/22,2790,0.9520898784890531
18/22,2791,0.9460993734885754
18/22,2792,0.9478496507693361
18/22,2793,0.9478017841252369
18/22,2794,0.9473882799528606
18/22,2795,0.9515499826512571
18/22,2796,0.9508706643225402
18/22,2797,0.9491783022827907
18/22,2798,0.9499439392563553
18/22,2799,0.9452042850698406
18/22,2800,0.950789469621339
18/22,2801,0.9465135923445229
18/22,2802,0.9450704996544554
18/22,2803,0.9509223144380436
18/22,2804,0.9483948433016242
18/22,2805,0.9496523403755475
18/22,2806,0.951728709499799
18/22,2807,0.9496168378534929
18/22,2808,0.9476282460909107
18/22,2809,0.9478978791765942
18/22,2810,0.9480623557276632
18/22,2811,0.9498879622242653
18/22,2812,0.9512450111371886
18/22,2813,0.9470473355781316
18/22,2814,0.9495214108358333
18/22,2815,0.950854866058322
18/22,2816,0.9450005965682187
18/22,2817,0.9523951277353236
18/22,2818,0.9518074689821635
18/22,2819,0.9520981457406649
18/22,2820,0.951980826568593
18/22,2821,0.9487762234752576
18/22,2822,0.9442385392432282
18/22,2823,0.9468968100787699
18/22,2824,0.9506721585653235
18/22,2825,0.952711488788063
18/22,2826,0.9515453212887621
18/22,2827,0.9478989260470316
18/22,2828,0.951844576361137
18/22,2829,0.9492923747501905
18/22,2830,0.9449320659352004
18/22,2831,0.9443510190309825
18/22,2832,0.9530136256051421
18/22,2833,0.9533902273450924
18/22,2834,0.9507241954424976
18/22,2835,0.9475081272420646
18/22,2836,0.9503008584467224
18/22,2837,0.9520345972596822
18/22,2838,0.951407437287879
18/22,2839,0.9486486193326056
18/22,2840,0.948375294785031
18/22,2841,0.9492055552484149
18/22,2842,0.9524057409560615
18/22,2843,0.9487113247773955
18/22,2844,0.9502029968632538
18/22,2845,0.9504317554846496
18/22,2846,0.9489849018870486
18/22,2847,0.9507071602037724
18/22,2848,0.9502915671066513
18/22,2849,0.9466712910647088
18/22,2850,0.9505182412836914
18/22,2851,0.9509751500986103
18/22,2852,0.9513488449969945
18/22,2853,0.9517214111266489
18/22,2854,0.9511731905357688
18/22,2855,0.9469550679581014
18/22,2856,0.9536315594931937
18/22,2857,0.947424536107516
18/22,2858,0.9470926769138209
18/22,2859,0.9501251723820506
18/22,2860,0.948648564843239
18/22,2861,0.9515005179922449
18/22,2862,0.9529310278357062
18/22,2863,0.9488143019124031
18/22,2864,0.9529917566570199
18/22,2865,0.9510421744484948
18/22,2866,0.9531344921866113
18/22,2867,0.9487618324692034
18/22,2868,0.9494923369386895
18/22,2869,0.9545343117866095
18/22,2870,0.9492247234283595
18/22,2871,0.9470858235737393
18/22,2872,0.947385624482415
18/22,2873,0.952195931947243
18/22,2874,0.9496867737606722
18/22,2875,0.9485584788054416
18/22,2876,0.9517480509148103
18/22,2877,0.951043585623702
18/22,2878,0.9531785248984443
18/22,2879,0.9491328739920711
18/22,2880,0.9517965017867813
18/22,2881,0.9475129928696763
18/22,2882,0.9506820624532202
18/22,2883,0.9539888943330029
18/22,2884,0.9531487234811257
18/22,2885,0.9502622161861988
18/22,2886,0.9483563568287658
18/22,2887,0.9523735145361564
18/22,2888,0.9496415191515883
18/22,2889,0.9504191989368991
18/22,2890,0.950685221318567
18/22,2891,0.9499562782739208
18/22,2892,0.945284798570543
18/22,2893,0.947484576233952
18/22,2894,0.9452840195008122
18/22,2895,0.9481433859195464
18/22,2896,0.950864604055413
18/22,2897,0.9475623192507868
18/22,2898,0.947514817726384
18/22,2899,0.9501410244860526
18/22,2900,0.9535175220335507
18/22,2901,0.9522390272782263
18/22,2902,0.9509735288832258
18/22,2903,0.9512980350863159
18/22,2904,0.945929942710334
18/22,2905,0.9490966988262457
18/22,2906,0.9515705401045278
18/22,2907,0.9502034482027629
18/22,2908,0.9505321968028452
18/22,2909,0.9482423200496634
18/22,2910,0.9548490181547247
18/22,2911,0.9456848871723338
18/22,2912,0.9486966230960944
18/22,2913,0.9513888509862459
18/22,2914,0.9510789042258926
18/22,2915,0.9440991709042678
18/22,2916,0.9475488048207951
18/22,2917,0.9520555599591314
18/22,2918,0.9516958350232151
18/22,2919,0.9453260957385375
18/22,2920,0.948296331752052
18/22,2921,0.9489408876133463
18/22,2922,0.9515014978611787
18/22,2923,0.9496156470968707
18/22,2924,0.9480606106305213
18/22,2925,0.94999883105951
18/22,2926,0.945194856983557
18/22,2927,0.9492164078603484
18/22,2928,0.9478463310856804
18/22,2929,0.9474429570658276
18/22,2930,0.9486867519374963
18/22,2931,0.9493598748082142
18/22,2932,0.9488593764932588
18/22,2933,0.9483681636062397
18/22,2934,0.9477995765135195
18/22,2935,0.9496730832196285
18/22,2936,0.9526521285525997
18/22,2937,0.9466592449172896
18/22,2938,0.9518844422172376
18/22,2939,0.9446871296731768
18/22,2940,0.9554452677811284
18/22,2941,0.948779149048215
18/22,2942,0.9504940870684244
18/22,2943,0.9530376998196997
18/22,2944,0.9513485220249561
18/22,2945,0.9494046808168151
18/22,2946,0.953979510609234
18/22,2947,0.9498290505392318
18/22,2948,0.9487289958968879
18/22,2949,0.9506562646057005
18/22,2950,0.952642071446786
18/22,2951,0.949447860449974
18/22,2952,0.9506077948014573
18/22,2953,0.9460279076894813
18/22,2954,0.9493316920370978
18/22,2955,0.9518008400572653
18/22,2956,0.949463105826845
18/22,2957,0.9475255676407454
18/22,2958,0.9494860087508211
18/22,2959,0.9448164522652132
18/22,2960,0.9512234987034738
18/22,2961,0.9468337484576952
18/22,2962,0.9458312603758315
18/22,2963,0.9454517094137951
18/22,2964,0.9508739390784848
18/22,2965,0.9516321986482243
18/22,2966,0.9470828908152652
18/22,2967,0.9472887045096307
18/22,2968,0.9515541431572295
18/22,2969,0.9457102403837698
18/22,2970,0.9541532315666373
18/22,2971,0.9486017863445407
18/22,2972,0.9525613883787858
18/22,2973,0.9489801407487507
18/22,2974,0.9531857991148065
18/22,2975,0.9526741865494818
18/22,2976,0.9500084979868421
18/22,2977,0.9473853334944807
18/22,2978,0.9467397553124419
18/22,2979,0.9523307415582963
18/22,2980,0.9468837994701778
18/22,2981,0.9478032921812412
18/22,2982,0.9488109803258286
18/22,2983,0.9467599559791464
18/22,2984,0.9510866564932305
18/22,2985,0.9525684103617174
18/22,2986,0.9504189376858551
18/22,2987,0.9475929483362764
18/22,2988,0.9510227450469138
18/22,2989,0.946718988844613
18/22,2990,0.9479294569019497
18/22,2991,0.9508597660481952
18/22,2992,0.9475029967652808
18/22,2993,0.9507629871761307
18/22,2994,0.9510805417785299
18/22,2995,0.954237835329358
18/22,2996,0.9490920874295508
18/22,2997,0.9433938500197367
18/22,2998,0.9494672573601368
18/22,2999,0.9492489656398795
18/22,3000,0.9497284105855052
18/22,3001,0.9461251967222698
18/22,3002,0.9493635391812009
18/22,3003,0.9452798404169196
18/22,3004,0.9507349549127586
18/22,3005,0.9439878575158939
18/22,3006,0.9506560764106089
18/22,3007,0.9508718928734133
18/22,3008,0.950684902733074
18/22,3009,0.9476036181335789
18/22,3010,0.9492290359547202
18/22,3011,0.9449928294178077
18/22,3012,0.9496573045203662
18/22,3013,0.9503531403554978
18/22,3014,0.9500528243931389
18/22,3015,0.9460849648811167
18/22,3016,0.9496986684853872
18/22,3017,0.9467500729715662
18/22,3018,0.9441354909278218
18/22,3019,0.9511759531902285
18/22,3020,0.950785918226282
18/22,3021,0.9495076774485626
18/22,3022,0.9448356268650506
18/22,3023,0.9527257646695262
18/22,3024,0.9495361187083569
18/22,3025,0.9526097500588613
18/22,3026,0.9506948123458472
18/22,3027,0.9495580084763084
18/22,3028,0.9525699898425195
18/22,3029,0.948232569226014
18/22,3030,0.9485638720145343
18/22,3031,0.9495335809918071
18/22,3032,0.9518588349427924
18/22,3033,0.9475926536644932
18/22,3034,0.9542717443870967
18/22,3035,0.944848679906371
18/22,3036,0.9521137673459733
18/22,3037,0.9513194880690801
18/22,3038,0.947975372099728
18/22,3039,0.95072357644256
18/22,3040,0.9506014089411348
18/22,3041,0.949395707987881
18/22,3042,0.9516098405107707
18/22,3043,0.9484407788041519
18/22,3044,0.9531313042389137
18/22,3045,0.9477644632021758
18/22,3046,0.9493569417245215
18/22,3047,0.9531818049135592
18/22,3048,0.9485722024925985
18/22,3049,0.9523576366453986
18/22,3050,0.9500403323694303
18/22,3051,0.9499073287997704
18/22,3052,0.953418113784255
18/22,3053,0.9501139266528014
18/22,3054,0.9514065849595681
18/22,3055,0.9477458202009779
18/22,3056,0.9497521110493679
18/22,3057,0.9520682087876465
18/22,3058,0.9475179993863423
18/22,3059,0.9520458596547654
18/22,3060,0.9517367769533926
18/22,3061,0.9499410863969818
18/22,3062,0.948886744747331
18/22,3063,0.9493540472833921
18/22,3064,0.9492823593000617
18/22,3065,0.9501528599026916
18/22,3066,0.9478244293102465
18/22,3067,0.9500291261353162
18/22,3068,0.9496800243075852
18/22,3069,0.9462905600035073
18/22,3070,0.9477101654659879
18/22,3071,0.9505191059670058
18/22,3072,0.9520279314158339
18/22,3073,0.9506159406696575
18/22,3074,0.9459270515906275
18/22,3075,0.9525360250495276
18/22,3076,0.947997695602493
18/22,3077,0.951249493468422
18/22,3078,0.941419182254298
18/22,3079,0.9526382569864281
18/22,3080,0.9542259093471386
18/22,3081,0.9516578113872595
18/22,3082,0.951411574994602
18/22,3083,0.9445393858513778
18/22,3084,0.9544299564379416
18/22,3085,0.9505400662487937
18/22,3086,0.9484248972238157
18/22,3087,0.9466202619486429
18/22,3088,0.9497341290572802
18/22,3089,0.9509432596817222
18/22,3090,0.9526617708864707
18/22,3091,0.9506159855436012
18/22,3092,0.9546717516758084
18/22,3093,0.9468798588225363
18/22,3094,0.9470663040344469
18/22,3095,0.948280258993755
18/22,3096,0.9490125149948381
18/22,3097,0.9446614976399605
18/22,3098,0.9507668229190183
18/22,3099,0.9467317961587992
18/22,3100,0.9519146865580267
18/22,3101,0.951595866329714
18/22,3102,0.9529428934393559
18/22,3103,0.9526453479683203
18/22,3104,0.9445350440047515
18/22,3105,0.95120482926856
18/22,3106,0.9520958217815915
18/22,3107,0.9479991254749937
18/22,3108,0.9488140327032207
18/22,3109,0.9524953487009252
18/22,3110,0.9496339101054135
18/22,3111,0.9489153167966711
18/22,3112,0.9494437287135014
18/22,3113,0.9464469496336771
18/22,3114,0.9515884075769472
18/22,3115,0.9506137000218455
18/22,3116,0.9508912698708176
18/22,3117,0.9543493385610435
18/22,3118,0.9463134945358715
18/22,3119,0.9485616197347894
18/22,3120,0.9512043098298523
18/22,3121,0.9480370290441269
18/22,3122,0.9514070303869282
18/22,3123,0.9480694984448945
18/22,3124,0.9551437751587948
18/22,3125,0.9492694204658438
18/22,3126,0.9415877905406305
18/22,3127,0.9523319448438978
18/22,3128,0.9526032734178422
18/22,3129,0.9524777083487762
18/22,3130,0.9478137583501086
18/22,3131,0.9517777275928491
18/22,3132,0.9521775580904084
18/22,3133,0.9492552338385561
18/22,3134,0.9451541969589163
18/22,3135,0.9504115424246642
18/22,3136,0.9529260726305536
18/22,3137,0.9474675546060212
18/22,3138,0.9495815427690257
18/22,3139,0.9513032990990012
18/22,3140,0.9467420312795574
18/22,3141,0.9513094992098529
18/22,3142,0.9469728017589584
18/22,3143,0.9497585845863936
18/22,3144,0.9475500016355303
18/22,3145,0.9495847438176102
18/22,3146,0.9492147805039607
18/22,3147,0.9461487686632309
18/22,3148,0.9482285064201257
18/22,3149,0.9488589388497409
18/22,3150,0.9486805723266303
18/22,3151,0.9538421856587076
18/22,3152,0.9506674699970835
18/22,3153,0.9494134528742822
18/22,3154,0.9498910001965163
18/22,3155,0.9522763560993227
18/22,3156,0.9469653348763964
18/22,3157,0.9528410911987092
18/22,3158,0.9469572012403727
18/22,3159,0.9466296800037909
18/22,3160,0.9547558800666756
18/22,3161,0.9511918409684507
18/22,3162,0.9492960193514475
18/22,3163,0.9518756312191403
18/22,3164,0.9518341427759092
18/22,3165,0.9467703123758653
18/22,3166,0.9489172179266738
18/22,3167,0.949077790467186
18/22,3168,0.9493463479687532
18/22,3169,0.949661792434505
18/22,3170,0.9505758413084713
18/22,3171,0.947269332852795
18/22,3172,0.9469946859685952
18/22,3173,0.9507325075076402
18/22,3174,0.9528879486162309
18/22,3175,0.9477598546182231
18/22,3176,0.950574832159317
18/22,3177,0.9456847062212355
18/22,3178,0.9491777571997628
18/22,3179,0.9507413423253284
18/22,3180,0.9468558171959153
18/22,3181,0.9495198631763231
18/22,3182,0.9509589462977442
18/22,3183,0.9507556480802969
18/22,3184,0.9477406645880798
18/22,3185,0.9524772542488023
18/22,3186,0.9580773423569117
18/22,3187,0.9511869558323122
18/22,3188,0.9452708795225196
18/22,3189,0.9486100898473601
18/22,3190,0.9474545896942482
18/22,3191,0.9468764222499881
18/22,3192,0.950587900963959
18/22,3193,0.952980134425903
18/22,3194,0.9493150221950709
18/22,3195,0.9490630632743571
18/22,3196,0.9508066747275163
18/22,3197,0.9488694694067205
18/22,3198,0.9484813646173462
18/22,3199,0.9481161412069989
18/22,3200,0.9495559622514318
18/22,3201,0.9513969144348491
18/22,3202,0.9542793901007551
18/22,3203,0.9528113773009084
18/22,3204,0.9450189621045608
18/22,3205,0.9488839039758674
18/22,3206,0.9526447370404879
18/22,3207,0.9474059795535
18/22,3208,0.9456400147803907
18/22,3209,0.9494269177703089
18/22,3210,0.9463189858107067
18/22,3211,0.9473708751577534
18/22,3212,0.9457820228302547
18/22,3213,0.9486561664173637
18/22,3214,0.9488657829080885
18/22,3215,0.9523520467118207
18/22,3216,0.9490996223162459
18/22,3217,0.9539490682090169
18/22,3218,0.9433514203929187
18/22,3219,0.9501121989812724
18/22,3220,0.9541618118227211
18/22,3221,0.9469022677019238
18/22,3222,0.9513434588612024
18/22,3223,0.9514287659361711
18/22,3224,0.9519497676689913
18/22,3225,0.9470980355607388
18/22,3226,0.9540183389010953
18/22,3227,0.9508139320979323
18/22,3228,0.9499810990659642
18/22,3229,0.9468471559990468
18/22,3230,0.9514322087935955
18/22,3231,0.9511082140476641
18/22,3232,0.9492030372104959
18/22,3233,0.9519682869945787
18/22,3234,0.9512918895912709
18/22,3235,0.9454925636586481
18/22,3236,0.9530744267211139
18/22,3237,0.9501647051568284
18/22,3238,0.9526285769246524
18/22,3239,0.9494254687536201
18/22,3240,0.9488719861927694
18/22,3241,0.9502912774059088
18/22,3242,0.9493545531608972
18/22,3243,0.9477223707792545
18/22,3244,0.9481580470879893
18/22,3245,0.9532211924456884
18/22,3246,0.950797301055132
18/22,3247,0.9480785301590181
18/22,3248,0.9477944367803578
18/22,3249,0.950081747833314
18/22,3250,0.9487931356244979
18/22,3251,0.9532105430657879
18/22,3252,0.9495554284715033
18/22,3253,0.9466991583360639
18/22,3254,0.9510053891758269
18/22,3255,0.9496007124975678
18/22,3256,0.9526513964193133
18/22,3257,0.9456136206130734
18/22,3258,0.9485021123829468
18/22,3259,0.9504129118479541
18/22,3260,0.9513186408031666
18/22,3261,0.9529588066046848
18/22,3262,0.9489041353867096
18/22,3263,0.9523693849437511
18/22,3264,0.9494401944391125
18/22,3265,0.9503548833318238
18/22,3266,0.9474770085698351
18/22,3267,0.9470176151700601
18/22,3268,0.9497214463818319
18/22,3269,0.9470238305378441
18/22,3270,0.9518805376616755
18/22,3271,0.949159948403791
18/22,3272,0.9528881748602788
18/22,3273,0.953379215811361
18/22,3274,0.9453384963844297
18/22,3275,0.9498580090188536
18/22,3276,0.9446318741952372
18/22,3277,0.9481336063679154
18/22,3278,0.9530123735784762
18/22,3279,0.9502023206105474
18/22,3280,0.9475085670351435
18/22,3281,0.9472004152229453
18/22,3282,0.9529049903425202
18/22,3283,0.9514662539041459
18/22,3284,0.9493246294825758
18/22,3285,0.9463323411635565
18/22,3286,0.9509888448586581
18/22,3287,0.9487336157707364
18/22,3288,0.952218808621798
18/22,3289,0.9483199746421045
18/22,3290,0.9496167763694633
18/22,3291,0.9495096068217979
18/22,3292,0.9524939615600583
18/22,3293,0.9499000646387956
18/22,3294,0.9517501057227737
18/22,3295,0.9542485537586289
18/22,3296,0.945841981998596
18/22,3297,0.9457676148069462
18/22,3298,0.952557205745162
18/22,3299,0.9490840737768163
18/22,3300,0.9460278430757477
18/22,3301,0.9504591860757597
18/22,3302,0.9493564011083793
18/22,3303,0.949665063272752
18/22,3304,0.9521356126725363
18/22,3305,0.945428042489266
18/22,3306,0.9446710701139687
18/22,3307,0.9488153190121347
18/22,3308,0.9556489515610409
18/22,3309,0.9484386412457613
18/22,3310,0.9477833978642157
18/22,3311,0.9519882827831806
18/22,3312,0.9499912421044557
18/22,3313,0.9500956875604235
18/22,3314,0.9481011783439942
18/22,3315,0.9487347071700627
18/22,3316,0.9512819510164011
18/22,3317,0.9522063161200516
18/22,3318,0.9477413012060794
18/22,3319,0.9533605985809017
18/22,3320,0.9495882523266123
18/22,3321,0.943996006297921
18/22,3322,0.9508667452093621
18/22,3323,0.9481176482504899
18/22,3324,0.9489915874433864
18/22,3325,0.9548607032297131
18/22,3326,0.946468517697728
18/22,3327,0.9491269587880679
18/22,3328,0.9429475782703403
18/22,3329,0.9495911421766541
18/22,3330,0.9513831153251581
18/22,3331,0.9479459282979471
18/22,3332,0.9529081230376516
18/22,3333,0.9510278530439837
18/22,3334,0.9547636028931623
18/22,3335,0.9491344022896344
18/22,3336,0.9446238472065269
18/22,3337,0.9501165449097333
18/22,3338,0.9471204892473934
18/22,3339,0.9481695801711244
18/22,3340,0.9517966751275632
18/22,3341,0.9517426752309722
18/22,3342,0.9511003114875339
18/22,3343,0.9490135218925007
18/22,3344,0.9515557776594693
18/22,3345,0.9525688028985518
18/22,3346,0.9507733786356347
18/22,3347,0.951168025503416
18/22,3348,0.9486475114998757
18/22,3349,0.9490280894195969
18/22,3350,0.9493876723369028
18/22,3351,0.9474260798869474
18/22,3352,0.9486998875219989
18/22,3353,0.9521634448747005
18/22,3354,0.9502943226162431
18/22,3355,0.950818712154166
18/22,3356,0.9490841044645804
18/22,3357,0.9519941448519635
18/22,3358,0.9499796191303373
18/22,3359,0.9509650040873344
18/22,3360,0.9524326762130215
18/22,3361,0.9509181541353724
18/22,3362,0.9515118511714237
18/22,3363,0.9530270352327588
18/22,3364,0.9527737988871472
18/22,3365,0.9535323525112136
18/22,3366,0.951293612120935
18/22,3367,0.9513570808348426
18/22,3368,0.9501626700269299
18/22,3369,0.9560210000154808
18/22,3370,0.9486711519788356
18/22,3371,0.9528547352180685
18/22,3372,0.9443441571552191
18/22,3373,0.949434602354644
18/22,3374,0.9532652611050286
18/22,3375,0.9485405134113702
18/22,3376,0.9448343289890315
18/22,3377,0.9482014448257975
18/22,3378,0.9509202115723729
18/22,3379,0.941799307890689
18/22,3380,0.9484740504190144
18/22,3381,0.9452056670372148
18/22,3382,0.9427260741512917
18/22,3383,0.9530020759914581
18/22,3384,0.9479553881665094
18/22,3385,0.9500849652384219
18/22,3386,0.9487014135822571
18/22,3387,0.9457322540745454
18/22,3388,0.948265083149853
18/22,3389,0.952859846335312
18/22,3390,0.9527093472608715
18/22,3391,0.9478376919084303
18/22,3392,0.949051136198747
18/22,3393,0.9519490355120704
18/22,3394,0.946142651882971
18/22,3395,0.9518170125409917
18/22,3396,0.9487460741819127
18/22,3397,0.9479887235266872
18/22,3398,0.9462353459576749
18/22,3399,0.9485137486811186
18/22,3400,0.9471022714354267
18/22,3401,0.9480825775861681
18/22,3402,0.9506730507236438
18/22,3403,0.943908247315087
18/22,3404,0.9492714563143082
18/22,3405,0.9490475962026402
18/22,3406,0.9516375632134635
18/22,3407,0.9516376474758941
18/22,3408,0.9534771684496964
18/22,3409,0.9477651221064308
18/22,3410,0.9472085120887215
18/22,3411,0.9495775584780484
18/22,3412,0.9525734014668731
18/22,3413,0.9526317782612714
18/22,3414,0.9502314222574471
18/22,3415,0.9427808320915899
18/22,3416,0.9515333874618506
18/22,3417,0.9492342649276063
18/22,3418,0.9514265891111466
18/22,3419,0.9524534588737017
18/22,3420,0.9460849192624076
18/22,3421,0.9465370685763648
18/22,3422,0.9508615178900874
18/22,3423,0.9506090804167354
18/22,3424,0.9479842332539211
18/22,3425,0.9498207711063883
18/22,3426,0.9494482759602463
18/22,3427,0.948054434286561
18/22,3428,0.9480329765556827
18/22,3429,0.9514509552805549
18/22,3430,0.9505770424898498
18/22,3431,0.9409454452848667
18/22,3432,0.9446117555049633
18/22,3433,0.9523436595976037
18/22,3434,0.9502704749771712
18/22,3435,0.9494852580245504
18/22,3436,0.9463579479953371
18/22,3437,0.9540125010622373
18/22,3438,0.9465691398207741
18/22,3439,0.9530874535803185
18/22,3440,0.9530327284429352
18/22,3441,0.9469064044489214
18/22,3442,0.952063454097445
18/22,3443,0.9479784517874522
18/22,3444,0.9486974800873905
18/22,3445,0.950547778349487
18/22,3446,0.9507287159484755
18/22,3447,0.9521426519872349
18/22,3448,0.9481563487950369
18/22,3449,0.9458813099057347
18/22,3450,0.9437206443097081
18/22,3451,0.9487196182678851
18/22,3452,0.9485476467151509
18/22,3453,0.9486560424623306
18/22,3454,0.9528844937144705
18/22,3455,0.9489618782929725
18/22,3456,0.9532177671268234
18/22,3457,0.9523086644801921
18/22,3458,0.9506057337119358
18/22,3459,0.9548984419846979
18/22,3460,0.9512030659468279
18/22,3461,0.9520421584489528
18/22,3462,0.9487811771111725
18/22,3463,0.9506600699951071
18/22,3464,0.9499420552456229
18/22,3465,0.951686987725175
18/22,3466,0.9486096038745057
18/22,3467,0.9460824420643521
18/22,3468,0.9514851700973284
18/22,3469,0.9526431595249293
18/22,3470,0.9498710321863022
18/22,3471,0.9537517973719516
18/22,3472,0.9495075500907273
18/22,3473,0.9495942330540742
18/22,3474,0.9533103050159875
18/22,3475,0.9512985810158088
18/22,3476,0.9480435502677598
18/22,3477,0.9480546365186988
18/22,3478,0.9485297564892453
18/22,3479,0.9559834775767886
18/22,3480,0.946525097151071
18/22,3481,0.9475378366297998
18/22,3482,0.9505810777150498
18/22,3483,0.9500287814149343
18/22,3484,0.9483322815835594
18/22,3485,0.9517071745035202
18/22,3486,0.946815617886553
18/22,3487,0.9514805884629679
18/22,3488,0.9500554949671141
18/22,3489,0.9476214925930468
18/22,3490,0.9472119652995912
18/22,3491,0.9480682341046885
18/22,3492,0.9532618612050423
18/22,3493,0.9505605716209035
18/22,3494,0.9463386541954064
18/22,3495,0.9498306039357601
18/22,3496,0.9459269839422471
18/22,3497,0.9529595493431526
18/22,3498,0.9531543673232162
18/22,3499,0.9475812875470375
18/22,3500,0.9472947316525276
18/22,3501,0.9483748344262933
18/22,3502,0.9518463353152207
18/22,3503,0.9448222897540374
18/22,3504,0.9497113208671729
18/22,3505,0.9482984987522917
18/22,3506,0.9505688723139846
18/22,3507,0.9489501261873903
18/22,3508,0.95093193694364
18/22,3509,0.9471870637055818
18/22,3510,0.950067998463596
18/22,3511,0.9448145420677991
18/22,3512,0.9502969967150724
18/22,3513,0.9464929822729479
18/22,3514,0.9528306326665235
18/22,3515,0.9504457078321301
18/22,3516,0.9532111271348601
18/22,3517,0.9570644472721919
18/22,3518,0.9451318642866738
18/22,3519,0.952017862206238
18/22,3520,0.9489795107955095
18/22,3521,0.9497726714490233
18/22,3522,0.9456958848420204
18/22,3523,0.9550509899902067
18/22,3524,0.9458823995862076
18/22,3525,0.9488031302484858
18/22,3526,0.9490371838982965
18/22,3527,0.9504373727786709
18/22,3528,0.9538606178040762
18/22,3529,0.9498225815394623
18/22,3530,0.9518791713968868
18/22,3531,0.9495426936186608
18/22,3532,0.9489050048524101
18/22,3533,0.952713218066093
18/22,3534,0.952312493766624
18/22,3535,0.9424127337729409
18/22,3536,0.946989076090136
18/22,3537,0.9507378555755038
18/22,3538,0.9469372566530735
18/22,3539,0.9505568616386181
18/22,3540,0.9501277415016931
18/22,3541,0.9435332804044579
18/22,3542,0.9500206239478637
18/22,3543,0.9491963657791187
18/22,3544,0.9470097893475431
18/22,3545,0.9500721270541606
18/22,3546,0.9477507686045712
18/22,3547,0.9443273512575603
18/22,3548,0.9472806089684178
18/22,3549,0.9509136987736893
18/22,3550,0.9509708147301239
18/22,3551,0.9472442573279986
18/22,3552,0.9451348599008259
18/22,3553,0.9535672235995072
18/22,3554,0.9507601736357997
18/22,3555,0.9523011620818355
18/22,3556,0.9476198416479432
18/22,3557,0.9480363519759366
18/22,3558,0.9466243941144786
18/22,3559,0.950404426620563
18/22,3560,0.9481388314872067
18/22,3561,0.9524190795392828
18/22,3562,0.9522103732966134
18/22,3563,0.9481847085254548
18/22,3564,0.9490253576945669
18/22,3565,0.9467613072788876
18/22,3566,0.9473873505326572
18/22,3567,0.9516003316498842
18/22,3568,0.9434511037001942
18/22,3569,0.9517526947934473
18/22,3570,0.9452684494727304
18/22,3571,0.9508202302405712
18/22,3572,0.9525695965116123
18/22,3573,0.9529174863995197
18/22,3574,0.9472433616514415
18/22,3575,0.9505783330475867
18/22,3576,0.9495213432323292
18/22,3577,0.9475739526236555
18/22,3578,0.9546404822803749
18/22,3579,0.95165775143791
18/22,3580,0.9530566074073517
18/22,3581,0.9464303663377052
18/22,3582,0.9497782260215776
18/22,3583,0.9492765050547363
18/22,3584,0.9462267265701342
18/22,3585,0.9487735061645755
18/22,3586,0.9496237261221632
18/22,3587,0.9482522320059912
18/22,3588,0.9537615662562077
18/22,3589,0.9522863815537596
18/22,3590,0.9464948944959348
18/22,3591,0.9472894351542368
18/22,3592,0.9526670071848125
18/22,3593,0.9502533657855013
18/22,3594,0.9543586089281131
18/22,3595,0.9414058038216259
18/22,3596,0.9540087118065304
18/22,3597,0.9494296024296944
18/22,3598,0.9486020878841328
18/22,3599,0.9436933347924167
18/22,3600,0.9568342210318094
18/22,3601,0.9512654581301275
18/22,3602,0.9480487472717652
18/22,3603,0.9451436973005736
18/22,3604,0.9511769108069864
18/22,3605,0.9451123134623076
18/22,3606,0.9474042610763083
18/22,3607,0.9458715952726422
18/22,3608,0.9531985963195347
18/22,3609,0.9478894868288334
18/22,3610,0.9476678862873533
18/22,3611,0.9528383649174728
18/22,3612,0.9473435780554067
18/22,3613,0.9433848315085053
18/22,3614,0.9498061188069239
18/22,3615,0.9494390565711538
18/22,3616,0.9498123992202122
18/22,3617,0.9494044169221494
18/22,3618,0.9518595974191676
18/22,3619,0.9525047239687948
18/22,3620,0.9474993278907763
18/22,3621,0.9494101410958689
18/22,3622,0.9507029300548874
18/22,3623,0.9531825429734917
18/22,3624,0.9503195978107692
18/22,3625,0.9504003955529958
18/22,3626,0.9563478300767067
18/22,3627,0.9492091400639231
18/22,3628,0.9485083410647606
18/22,3629,0.9503934704096398
18/22,3630,0.949289012855334
18/22,3631,0.9545363220068535
18/22,3632,0.9509646047700645
18/22,3633,0.9489397105297637
18/22,3634,0.9451707060532543
18/22,3635,0.9493886328080663
18/22,3636,0.9552472196435247
18/22,3637,0.9474786739783089
18/22,3638,0.9509946171486185
18/22,3639,0.9470438155585583
18/22,3640,0.9516754806402506
18/22,3641,0.9471238290251129
18/22,3642,0.9512876386308509
18/22,3643,0.9525243909738584
18/22,3644,0.951486107842643
18/22,3645,0.9514115017786275
18/22,3646,0.9519378836505085
18/22,3647,0.9470064544705911
18/22,3648,0.9454611957785308
18/22,3649,0.9506902351891361
18/22,3650,0.9479242391193139
18/22,3651,0.9481954877035486
18/22,3652,0.9501360594720758
18/22,3653,0.9474640491844897
18/22,3654,0.9498299989841614
18/22,3655,0.9512348478420014
18/22,3656,0.9517472624716434
18/22,3657,0.9502043670698147
18/22,3658,0.9501395332881628
18/22,3659,0.9524817783366141
18/22,3660,0.9515236317776254
18/22,3661,0.9464703746919045
18/22,3662,0.9520963457160595
18/22,3663,0.9459130915093105
18/22,3664,0.9525686366364208
18/22,3665,0.9509008358193834
18/22,3666,0.9488724691213871
18/22,3667,0.9457767402310039
18/22,3668,0.9500114839642123
18/22,3669,0.9493769269046739
18/22,3670,0.950985096106722
18/22,3671,0.9469158978931124
18/22,3672,0.9497169747624952
18/22,3673,0.9453409621603853
18/22,3674,0.9499478595393004
18/22,3675,0.9511263255690774
18/22,3676,0.9473074356720318
18/22,3677,0.9512984848127176
18/22,3678,0.9526011241327177
18/22,3679,0.9487789481668236
18/22,3680,0.952842842667121
18/22,3681,0.9479525111870734
18/22,3682,0.9494004654812429
18/22,3683,0.9524547725529752
18/22,3684,0.9460788342150243
18/22,3685,0.9464511664306174
18/22,3686,0.9498645194326779
18/22,3687,0.9533016325112474
18/22,3688,0.9501639178500685
18/22,3689,0.9516017975659002
18/22,3690,0.9516039878006162
18/22,3691,0.9510521341852026
18/22,3692,0.9488312866212552
18/22,3693,0.9505673240632755
18/22,3694,0.9514424871437926
18/22,3695,0.9489040099901715
18/22,3696,0.9458058200180874
18/22,3697,0.9468412045459098
18/22,3698,0.9517065705189545
18/22,3699,0.9445364750238677
18/22,3700,0.9518065582429996
18/22,3701,0.9529691891895912
18/22,3702,0.9519128999963851
18/22,3703,0.9528068885778548
18/22,3704,0.9487660042123731
18/22,3705,0.9524756265793706
18/22,3706,0.9426987645456809
18/22,3707,0.9502639893881418
18/22,3708,0.9486804452581307
18/22,3709,0.951584452094595
18/22,3710,0.9484731263522651
18/22,3711,0.9512046948055763
18/22,3712,0.946876475345574
18/22,3713,0.9470000815742802
18/22,3714,0.9447243388892312
18/22,3715,0.951316721660762
18/22,3716,0.9478920133209567
18/22,3717,0.945194328473493
18/22,3718,0.9505561700577511
18/22,3719,0.9531692801123609
18/22,3720,0.9474776759104889
18/22,3721,0.9488548961403545
18/22,3722,0.9489625052541444
18/22,3723,0.9509053433977769
18/22,3724,0.9514984149632494
18/22,3725,0.9511852626638551
18/22,3726,0.9513855434251501
18/22,3727,0.949614842774556
18/22,3728,0.9529171203818442
18/22,3729,0.9514349934459961
18/22,3730,0.9524630295504469
18/22,3731,0.9524647868162017
18/22,3732,0.9550328402104867
18/22,3733,0.9487783714179024
18/22,3734,0.9492247022268426
18/22,3735,0.9479356360197156
18/22,3736,0.9503872738089653
18/22,3737,0.9469513210217775
18/22,3738,0.9496713880834908
18/22,3739,0.9506143646427987
18/22,3740,0.952563488478016
18/22,3741,0.9549165926852261
18/22,3742,0.9512452991398123
18/22,3743,0.9456803114414717
18/22,3744,0.9507757850596473
18/22,3745,0.9483673395862601
18/22,3746,0.952264552795397
18/22,3747,0.9554065546610798
18/22,3748,0.9456536134282412
18/22,3749,0.9537894659010119
18/22,3750,0.9483346021491759
18/22,3751,0.9513865607798516
18/22,3752,0.9486205385822135
18/22,3753,0.9474613413786607
18/22,3754,0.9502378478293354
18/22,3755,0.9513779111041529
18/22,3756,0.9479961946740721
18/22,3757,0.9565173576418088
18/22,3758,0.9501828600230637
18/22,3759,0.9517876851504252
18/22,3760,0.9482130575848388
18/22,3761,0.9467863430750803
18/22,3762,0.9494593218887427
18/22,3763,0.9542252524682331
18/22,3764,0.9535153070214718
18/22,3765,0.9516521905088825
18/22,3766,0.9536240637358684
18/22,3767,0.9486981930265554
18/22,3768,0.9475390394703903
18/22,3769,0.9437867720298537
18/22,3770,0.9468328826390197
18/22,3771,0.9461821495337945
18/22,3772,0.9475526145061928
18/22,3773,0.9518797881072781
18/22,3774,0.949523049316749
18/22,3775,0.9474595539514564
18/22,3776,0.9482274829680049
18/22,3777,0.9479821787926362
18/22,3778,0.952437419650174
18/22,3779,0.9455952344599909
18/22,3780,0.9501122630100014
18/22,3781,0.9509547030048843
18/22,3782,0.9479147950840103
18/22,3783,0.9524999643884012
18/22,3784,0.9454602829109264
18/22,3785,0.9504482940753227
18/22,3786,0.9514803397286914
18/22,3787,0.9525329884503642
18/22,3788,0.94989542509912
18/22,3789,0.951372704932855
18/22,3790,0.9501750998798671
18/22,3791,0.9510945773045139
18/22,3792,0.950927188045924
18/22,3793,0.949108499863091
18/22,3794,0.9536429749143347
18/22,3795,0.9491141978831688
18/22,3796,0.9499295272521706
18/22,3797,0.9511930154903432
18/22,3798,0.9458458917299972
18/22,3799,0.9505463480967564
18/22,3800,0.9492109869290265
18/22,3801,0.9500850674740889
18/22,3802,0.9500620116225935
18/22,3803,0.9503813145456151
18/22,3804,0.9458398601055519
18/22,3805,0.9509988432254772
18/22,3806,0.9521584090394015
18/22,3807,0.9515851937557256
18/22,3808,0.9453461402015901
18/22,3809,0.9496547375303296
18/22,3810,0.9524284277126749
18/22,3811,0.9479751249741454
18/22,3812,0.946531916910039
18/22,3813,0.9488049066734017
18/22,3814,0.9523697925310713
18/22,3815,0.9503168807506698
18/22,3816,0.9539968873530282
18/22,3817,0.9539822158767134
18/22,3818,0.9468076562484872
18/22,3819,0.9469517035382045
18/22,3820,0.9466919426559967
18/22,3821,0.9520178338972923
18/22,3822,0.9469300466210093
18/22,3823,0.9499230568161159
18/22,3824,0.9447096774237549
18/22,3825,0.9469700218790924
18/22,3826,0.9420976104114471
18/22,3827,0.9472442510833439
18/22,3828,0.9508261236241715
18/22,3829,0.9466296719703702
18/22,3830,0.947838714809155
18/22,3831,0.9499385734209721
18/22,3832,0.9536267596840091
18/22,3833,0.9509824838314165
18/22,3834,0.9506077960263878
18/22,3835,0.9502209889623046
18/22,3836,0.9464135696780593
18/22,3837,0.9543236342673015
18/22,3838,0.9511382920395742
18/22,3839,0.9503883687474894
18/22,3840,0.9464932036528292
18/22,3841,0.953007209074459
18/22,3842,0.9490073727161435
18/22,3843,0.950519810504553
18/22,3844,0.9500820978152263
18/22,3845,0.9509585979075575
18/22,3846,0.9502139057893633
18/22,3847,0.9525130331546613
18/22,3848,0.9494642709753859
18/22,3849,0.9474202929496894
18/22,3850,0.9419957747785179
18/22,3851,0.9488114755761929
18/22,3852,0.9460565476732855
18/22,3853,0.9506023403652387
18/22,3854,0.9518548411835155
18/22,3855,0.9486889525892449
18/22,3856,0.9490390798163761
18/22,3857,0.9504716477555235
18/22,3858,0.952843445263953
18/22,3859,0.9470593868785127
18/22,3860,0.9444837485354846
18/22,3861,0.9474418751592935
18/22,3862,0.9528586022283998
18/22,3863,0.9504829704002551
18/22,3864,0.9506128832407532
18/22,3865,0.9504905156644654
18/22,3866,0.9510734506661579
18/22,3867,0.9442569599297294
18/22,3868,0.9501625510641372
18/22,3869,0.9536502529185442
18/22,3870,0.9511997831586962
18/22,3871,0.9523325558359184
18/22,3872,0.9515946074359289
18/22,3873,0.9452740085201828
18/22,3874,0.9458894524182511
18/22,3875,0.9497679586500374
18/22,3876,0.9528223676510597
18/22,3877,0.9560547429942847
18/22,3878,0.9456448023214998
18/22,3879,0.9527543401599801
18/22,3880,0.9517174345126563
18/22,3881,0.9462618397141176
18/22,3882,0.9470778840095323
18/22,3883,0.9453384277108993
18/22,3884,0.9488567251795876
18/22,3885,0.9559738674124324
18/22,3886,0.942608331029989
18/22,3887,0.9454514227818367
18/22,3888,0.9503989846819492
18/22,3889,0.9492737901562422
18/22,3890,0.9526145357638093
18/22,3891,0.9483076675995649
18/22,3892,0.9551181481707529
18/22,3893,0.9490745311085016
18/22,3894,0.9475534837015854
18/22,3895,0.951704317986273
18/22,3896,0.9509352166658211
18/22,3897,0.9495472115241814
18/22,3898,0.9521207495242878
18/22,3899,0.9495456511103876
18/22,3900,0.9438240975064881
18/22,3901,0.9509642212263416
18/22,3902,0.9488230723129397
18/22,3903,0.9501290775206288
18/22,3904,0.9462861366729545
18/22,3905,0.9532180804631176
18/22,3906,0.9535246458580334
18/22,3907,0.9511600954011012
18/22,3908,0.9506177649752429
18/22,3909,0.9499819950430775
18/22,3910,0.9511850903198632
18/22,3911,0.9524079138372032
18/22,3912,0.9437617109864394
18/22,3913,0.9524286711259603
18/22,3914,0.9486926759045966
18/22,3915,0.955105719026008
18/22,3916,0.9476434489013364
18/22,3917,0.949715506721832
18/22,3918,0.9511840006970865
18/22,3919,0.9446911185515895
18/22,3920,0.946389364620633
18/22,3921,0.9479055604062085
18/22,3922,0.9470414710699461
18/22,3923,0.9529724641666639
18/22,3924,0.9524966172344278
18/22,3925,0.9547889730825835
18/22,3926,0.9459585176103116
18/22,3927,0.9534563399806958
18/22,3928,0.953201486750968
18/22,3929,0.9491960619550317
18/22,3930,0.9470203824753468
18/22,3931,0.9508430464662083
18/22,3932,0.9462826366067814
18/22,3933,0.949718145884543
18/22,3934,0.9501852961036835
18/22,3935,0.9478921252528152
18/22,3936,0.950240832294708
18/22,3937,0.9491745706283512
18/22,3938,0.9444132462999045
18/22,3939,0.9487020624589938
18/22,3940,0.951133503157504
18/22,3941,0.9496069400483542
18/22,3942,0.9512234703513744
18/22,3943,0.9500996331278093
18/22,3944,0.9554037230524233
18/22,3945,0.9482949813438887
18/22,3946,0.9471280185776116
18/22,3947,0.9516166427227991
18/22,3948,0.9552076316739362
18/22,3949,0.9525212182481184
18/22,3950,0.9482884638419222
18/22,3951,0.9441299596060171
18/22,3952,0.9489276910483574
18/22,3953,0.9475765936718725
18/22,3954,0.9430037051041273
18/22,3955,0.9533802939020541
18/22,3956,0.9467043787430719
18/22,3957,0.9520674477223506
18/22,3958,0.9534903686262557
18/22,3959,0.9524013446039667
18/22,3960,0.9460089642543542
18/22,3961,0.9494582969796531
18/22,3962,0.9469615428425635
18/22,3963,0.9496244865937175
18/22,3964,0.9512694866456832
18/22,3965,0.9470314206340841
18/22,3966,0.9548795939279715
18/22,3967,0.9452265978200719
18/22,3968,0.9490351577511879
18/22,3969,0.951374494745341
18/22,3970,0.9434720350279421
18/22,3971,0.9480305001504591
18/22,3972,0.9500293937406877
18/22,3973,0.9484982445173006
18/22,3974,0.9467473395713281
18/22,3975,0.9524503629994271
18/22,3976,0.9482236578766269
18/22,3977,0.944205526228841
18/22,3978,0.9500900061432253
18/22,3979,0.9492917518788014
18/22,3980,0.9513405057873237
18/22,3981,0.9500784340255187
18/22,3982,0.9504513158645226
18/22,3983,0.9484967933035798
18/22,3984,0.948571735326638
18/22,3985,0.9519257597222487
18/22,3986,0.9501092088188594
18/22,3987,0.9497563451768043
18/22,3988,0.9503041926360173
18/22,3989,0.9516447825837313
18/22,3990,0.9480659101914591
18/22,3991,0.9519861392379257
18/22,3992,0.9517951376210533
18/22,3993,0.951089813967048
18/22,3994,0.9517073819692243
18/22,3995,0.9458962385059254
18/22,3996,0.9478056867825098
18/22,3997,0.9488659286540231
18/22,3998,0.9478233322551528
18/22,3999,0.9477653971419013
18/22,4000,0.9521336667339757
18/22,4001,0.9461954549858883
18/22,4002,0.952135112797328
18/22,4003,0.9531390964841812
18/22,4004,0.9483221320780846
18/22,4005,0.9486667641689228
18/22,4006,0.9536636611943995
18/22,4007,0.9467641746410278
18/22,4008,0.9534200519568573
18/22,4009,0.9504898295076452
18/22,4010,0.9479490826068306
18/22,4011,0.9533029591123844
18/22,4012,0.950065739666922
18/22,4013,0.9523426074931063
18/22,4014,0.9481009872332121
18/22,4015,0.9487338799115136
18/22,4016,0.9520116303639529
18/22,4017,0.9489665762789435
18/22,4018,0.9492941681119363
18/22,4019,0.952383379753251
18/22,4020,0.9551993175115009
18/22,4021,0.9529744334786672
18/22,4022,0.9438441831326889
18/22,4023,0.9504151914200695
18/22,4024,0.9498518433027767
18/22,4025,0.9459390015426888
18/22,4026,0.9496424633416412
18/22,4027,0.9530252080696908
18/22,4028,0.9533786260575157
18/22,4029,0.9511584091429971
18/22,4030,0.9471161634363042
18/22,4031,0.9543839315370809
18/22,4032,0.9536068919209105
18/22,4033,0.9483664388019153
18/22,4034,0.9484292968235739
18/22,4035,0.9521367777173609
18/22,4036,0.9507564273817682
18/22,4037,0.946957830158129
18/22,4038,0.9535249181456155
18/22,4039,0.9512057183926216
18/22,4040,0.9446081503336089
18/22,4041,0.9536753263651873
18/22,4042,0.9539518150886318
18/22,4043,0.9502699094216621
18/22,4044,0.9494090385019129
18/22,4045,0.9444430429587296
18/22,4046,0.9505798754203025
18/22,4047,0.9484517355340637
18/22,4048,0.9468208130773502
18/22,4049,0.9471740734907408
18/22,4050,0.9474740274606863
18/22,4051,0.9527138001070364
18/22,4052,0.9520638087784287
18/22,4053,0.9506759075295802
18/22,4054,0.9554926564808519
18/22,4055,0.9552779565006119
18/22,4056,0.95092220517766
18/22,4057,0.953158283990588
18/22,4058,0.9478499639827379
18/22,4059,0.9431850208647377
18/22,4060,0.9469410013657004
18/22,4061,0.9508529512915117
18/22,4062,0.9468566973684945
18/22,4063,0.9485070746760059
18/22,4064,0.9517295958273799
18/22,4065,0.9540398437873909
18/22,4066,0.9526673401692545
18/22,4067,0.9518721080826621
18/22,4068,0.9525021765445522
18/22,4069,0.9514731979845219
18/22,4070,0.9532723472860672
18/22,4071,0.9488270726231318
18/22,4072,0.9507495742423218
18/22,4073,0.9487934954407926
18/22,4074,0.9504550426285578
18/22,4075,0.9492367190553193
18/22,4076,0.9553152725697702
18/22,4077,0.9519709284882028
18/22,4078,0.9492194135953924
18/22,4079,0.9497245795923016
18/22,4080,0.9506577981165942
18/22,4081,0.9514307089340339
18/22,4082,0.9442286320371618
18/22,4083,0.951681154123038
18/22,4084,0.9490154841674849
18/22,4085,0.9494538751657845
18/22,4086,0.94962406975624
18/22,4087,0.9458279185053029
18/22,4088,0.9520329559536732
18/22,4089,0.9478321756473176
18/22,4090,0.9458663002381961
18/22,4091,0.9485197515324568
18/22,4092,0.9484040966298354
18/22,4093,0.9462390369111513
18/22,4094,0.9538662336459401
18/22,4095,0.9517125816262239
18/22,4096,0.9485256281017304
18/22,4097,0.9482925236668929
18/22,4098,0.9451348903618151
18/22,4099,0.9462478535384841
18/22,4100,0.9484388814412932
18/22,4101,0.9507451111153733
18/22,4102,0.9529278212334992
18/22,4103,0.9457067763052409
18/22,4104,0.9476965154844419
18/22,4105,0.952802238000614
18/22,4106,0.9494298868509778
18/22,4107,0.9514732630556353
18/22,4108,0.9438609648960989
18/22,4109,0.9504161416194744
18/22,4110,0.9476972445675375
18/22,4111,0.9510527842230112
18/22,4112,0.949997310798898
18/22,4113,0.949899444585774
18/22,4114,0.9452457573997698
18/22,4115,0.9466158210625648
18/22,4116,0.9493680298389248
18/22,4117,0.9487158956157901
18/22,4118,0.9453792948777002
18/22,4119,0.9501363076090213
18/22,4120,0.9480618241114898
18/22,4121,0.9519224909782661
18/22,4122,0.9496514068234483
18/22,4123,0.952656665618016
18/22,4124,0.9436987315407906
18/22,4125,0.9510419430959446
18/22,4126,0.950159772147483
18/22,4127,0.951296134185043
18/22,4128,0.9501979868457172
18/22,4129,0.9475219680068162
18/22,4130,0.9476830468491831
18/22,4131,0.9505314566560962
18/22,4132,0.9439912388434177
18/22,4133,0.9467386688536562
18/22,4134,0.9501837497983103
18/22,4135,0.9481348227421172
18/22,4136,0.9498150170427868
18/22,4137,0.9517567563998511
18/22,4138,0.9485633557381337
18/22,4139,0.9469839139968642
18/22,4140,0.9474844868418221
18/22,4141,0.9525414075788016
18/22,4142,0.9452386486767841
18/22,4143,0.9494083596640898
18/22,4144,0.949040541858348
18/22,4145,0.947891155106034
18/22,4146,0.9500640635002328
18/22,4147,0.9490051161833439
18/22,4148,0.9498622461002852
18/22,4149,0.9504293830394381
18/22,4150,0.9465425700682403
18/22,4151,0.9492986582014525
18/22,4152,0.9491965569660226
18/22,4153,0.9483098898935914
18/22,4154,0.9529761879745072
18/22,4155,0.9558515698951185
18/22,4156,0.9494032369245112
18/22,4157,0.9488928342485414
18/22,4158,0.9450610727852673
18/22,4159,0.9457433728589187
18/22,4160,0.9534283899999075
18/22,4161,0.948518077270759
18/22,4162,0.9460582990290737
18/22,4163,0.944802867534385
18/22,4164,0.9518398813832202
18/22,4165,0.9515319355847256
18/22,4166,0.9488997327851386
18/22,4167,0.9496674939939943
18/22,4168,0.9507290035226998
18/22,4169,0.9499815344560231
18/22,4170,0.947854601508465
18/22,4171,0.9507950433515733
18/22,4172,0.9447169892419502
18/22,4173,0.9459381395091839
18/22,4174,0.9491756449370825
18/22,4175,0.9512114039311891
18/22,4176,0.9450808186023091
18/22,4177,0.9499500710440333
18/22,4178,0.9521597688575462
18/22,4179,0.9530806499564084
18/22,4180,0.951257174014387
18/22,4181,0.9518189739862944
18/22,4182,0.9489769175527257
18/22,4183,0.9493334033580859
18/22,4184,0.9477852311542243
18/22,4185,0.9533166429986561
18/22,4186,0.9526174427400044
18/22,4187,0.9500933773772963
18/22,4188,0.9517907919144964
18/22,4189,0.9440185930486241
18/22,4190,0.94381620294261
18/22,4191,0.9493337136845648
18/22,4192,0.9486844004093208
18/22,4193,0.9527414754373861
18/22,4194,0.9500626348133226
18/22,4195,0.953972437070289
18/22,4196,0.9543425995480107
18/22,4197,0.9495587653099405
18/22,4198,0.9526820107665759
18/22,4199,0.9474940080154571
18/22,4200,0.9454149300161786
18/22,4201,0.9457522325572415
18/22,4202,0.9506612445186221
18/22,4203,0.952543631127568
18/22,4204,0.9484889076620433
18/22,4205,0.9449063533678042
18/22,4206,0.9478155978121047
18/22,4207,0.9535334337796105
18/22,4208,0.952316576572454
18/22,4209,0.9518462176194362
18/22,4210,0.9469149509098275
18/22,4211,0.9502634440578802
18/22,4212,0.9484484832775031
18/22,4213,0.9525411486429979
18/22,4214,0.9451362598339407
18/22,4215,0.9477442114382159
18/22,4216,0.950020535359865
18/22,4217,0.9513994261431676
18/22,4218,0.953549010822551
18/22,4219,0.9510174183968182
18/22,4220,0.9493124753351004
18/22,4221,0.9507958023745106
18/22,4222,0.9480346301463523
18/22,4223,0.9485444768522131
18/22,4224,0.948657863770412
18/22,4225,0.9442984531847194
18/22,4226,0.9495750906565906
18/22,4227,0.9507964456304416
18/22,4228,0.9494480111104912
18/22,4229,0.948138239833338
18/22,4230,0.949404133379624
18/22,4231,0.9484200720423425
18/22,4232,0.9457351684145723
18/22,4233,0.9491982072328459
18/22,4234,0.9513198143135931
18/22,4235,0.9513593813635881
18/22,4236,0.949321246259815
18/22,4237,0.9479729219059227
18/22,4238,0.9471649439779386
18/22,4239,0.9498671339392719
18/22,4240,0.9468709600928037
18/22,4241,0.9472496720658101
18/22,4242,0.9467537214707128
18/22,4243,0.9468488910916164
18/22,4244,0.9486214963710353
18/22,4245,0.9500393195251784
18/22,4246,0.953924340755165
18/22,4247,0.9492672320435127
18/22,4248,0.9525371013780815
18/22,4249,0.9469468477182545
18/22,4250,0.9524121494225462
18/22,4251,0.9495255068796888
18/22,4252,0.9490943868210209
18/22,4253,0.9442398223840315
18/22,4254,0.9485959342769849
18/22,4255,0.9492931030022592
18/22,4256,0.9436589005616712
18/22,4257,0.9488417299931325
18/22,4258,0.9483621767679009
18/22,4259,0.9468319014296939
18/22,4260,0.9517459053771622
18/22,4261,0.9519809431062669
18/22,4262,0.9497550305578983
18/22,4263,0.9511097280111618
18/22,4264,0.9514322245472
18/22,4265,0.9511513840163752
18/22,4266,0.9495566435283771
18/22,4267,0.9472208374770986
18/22,4268,0.9443034594705976
18/22,4269,0.950216629721361
18/22,4270,0.9509948862168561
18/22,4271,0.9515730365858239
18/22,4272,0.9516102716999099
18/22,4273,0.9518034958856141
18/22,4274,0.9482386200336225
18/22,4275,0.9527993817145864
18/22,4276,0.9466934773741509
18/22,4277,0.9512699734613447
18/22,4278,0.9490251356878162
18/22,4279,0.9519687856100413
18/22,4280,0.9515055889292383
18/22,4281,0.9514648825026207
18/22,4282,0.9514206632439591
18/22,4283,0.9481108422779786
18/22,4284,0.9499254723554167
18/22,4285,0.9464942430103636
18/22,4286,0.9539945399929964
18/22,4287,0.9488409913891466
18/22,4288,0.9496280728680087
18/22,4289,0.9530991295437709
18/22,4290,0.9450063924181176
18/22,4291,0.9498454626338865
18/22,4292,0.9520670181256181
18/22,4293,0.9483294126266648
18/22,4294,0.9469299912274551
18/22,4295,0.9442420612690922
18/22,4296,0.9519082610506122
18/22,4297,0.9514367942613622
18/22,4298,0.9525864863590277
18/22,4299,0.9501596903934132
18/22,4300,0.9466531912215139
18/22,4301,0.9481520002003393
18/22,4302,0.9486194788425918
18/22,4303,0.9482931243372142
18/22,4304,0.9535956742194847
18/22,4305,0.9464243514800629
18/22,4306,0.9503787233155612
18/22,4307,0.943756733596712
18/22,4308,0.9489964705721287
18/22,4309,0.9492187931302623
18/22,4310,0.9465040303090514
18/22,4311,0.9481884854445746
18/22,4312,0.9490317984897706
18/22,4313,0.9483607227147232
18/22,4314,0.951176962584036
18/22,4315,0.9492926103961848
18/22,4316,0.9514708559293462
18/22,4317,0.9515217634463379
18/22,4318,0.9529261551670495
18/22,4319,0.9525264199308988
18/22,4320,0.9545447245486672
18/22,4321,0.9524294387960417
18/22,4322,0.9536988880314262
18/22,4323,0.9478358982052716
18/22,4324,0.9509635077651033
18/22,4325,0.9500365932324176
18/22,4326,0.9484684132822373
18/22,4327,0.9474854148164659
18/22,4328,0.943336875424379
18/22,4329,0.9449970678963275
18/22,4330,0.9471822540975336
18/22,4331,0.9487642951657378
18/22,4332,0.950510995938704
18/22,4333,0.9450372407909022
18/22,4334,0.9476339108291827
18/22,4335,0.9542725755303845
18/22,4336,0.9514226789962322
18/22,4337,0.9523463969241701
18/22,4338,0.9502760807908716
18/22,4339,0.9476081010172903
18/22,4340,0.9477715824324124
18/22,4341,0.9475134834031272
18/22,4342,0.9514053997225781
18/22,4343,0.9446169642665574
18/22,4344,0.9489448152233475
18/22,4345,0.9461406653662446
18/22,4346,0.9508118587452705
18/22,4347,0.9539473267733571
18/22,4348,0.9499751883402571
18/22,4349,0.9494714091196162
18/22,4350,0.9498301801436274
18/22,4351,0.9474658396041981
18/22,4352,0.9512842122176906
18/22,4353,0.9527777217985198
18/22,4354,0.9491260656470308
18/22,4355,0.9498947201238592
18/22,4356,0.9500226371422964
18/22,4357,0.9524995325811457
18/22,4358,0.9554475684779523
18/22,4359,0.9524261706272867
18/22,4360,0.9510623551001622
18/22,4361,0.9451550733251891
18/22,4362,0.9538786579069597
18/22,4363,0.9545095688537967
18/22,4364,0.9505838634221805
18/22,4365,0.950678803346892
18/22,4366,0.942152471684584
18/22,4367,0.9499583136011595
18/22,4368,0.9510112933783719
18/22,4369,0.9474946118027097
18/22,4370,0.9510923256119324
18/22,4371,0.9468516177899526
18/22,4372,0.9473209916900203
18/22,4373,0.9508708236625293
18/22,4374,0.9478827302818331
18/22,4375,0.9456634873603035
18/22,4376,0.9528212080621192
18/22,4377,0.950171864393432
18/22,4378,0.9462928072063441
18/22,4379,0.9507721378435114
18/22,4380,0.945723860586778
18/22,4381,0.9470288476418252
18/22,4382,0.9441583236347245
18/22,4383,0.9510960535224219
18/22,4384,0.9479138372721153
18/22,4385,0.9473817393155611
18/22,4386,0.9474570151648456
18/22,4387,0.9540760455735794
18/22,4388,0.9517613140818534
18/22,4389,0.9434929208476907
18/22,4390,0.948876747674014
18/22,4391,0.9530099240239825
18/22,4392,0.9538167217043807
18/22,4393,0.9496905975808984
18/22,4394,0.9446569683850545
18/22,4395,0.9502712071297342
18/22,4396,0.9520904240382234
18/22,4397,0.949901386737872
18/22,4398,0.9490978240934815
18/22,4399,0.9497413416040852
18/22,4400,0.9512290595019314
18/22,4401,0.9488770844209936
18/22,4402,0.9502736373655227
18/22,4403,0.950941155709988
18/22,4404,0.9501104551386923
18/22,4405,0.9509791720776695
18/22,4406,0.9468442882864391
18/22,4407,0.9456180549050537
18/22,4408,0.9495901447451216
18/22,4409,0.9492922549243898
18/22,4410,0.9522955649731291
18/22,4411,0.9517516179121381
18/22,4412,0.9493092707435893
18/22,4413,0.9507446566050786
18/22,4414,0.9528902516858239
18/22,4415,0.9504225527395705
18/22,4416,0.9491888715440299
18/22,4417,0.9497593619312974
18/22,4418,0.9523716695666479
18/22,4419,0.951770624832357
18/22,4420,0.9499353162714005
18/22,4421,0.9503751665272794
18/22,4422,0.9448401360872991
18/22,4423,0.9472024718442398
18/22,4424,0.9451939350494829
18/22,4425,0.9519831993213734
18/22,4426,0.9462185796406153
18/22,4427,0.9459601271135298
18/22,4428,0.9468144973431791
18/22,4429,0.952435974345565
18/22,4430,0.9527360726008332
18/22,4431,0.9518471129900663
18/22,4432,0.9531741712080752
18/22,4433,0.9523197113347504
18/22,4434,0.9531422888282407
18/22,4435,0.9484198389338291
18/22,4436,0.9517055921359171
18/22,4437,0.9474346750191367
18/22,4438,0.944933263069107
18/22,4439,0.9488046681468446
18/22,4440,0.9459959255169426
18/22,4441,0.9529534305411865
18/22,4442,0.9482845971786227
18/22,4443,0.9465166370916698
18/22,4444,0.9545096703206802
18/22,4445,0.9515402381270774
18/22,4446,0.9495371666508734
18/22,4447,0.9503025315859848
18/22,4448,0.94999377063383
18/22,4449,0.9482018154420356
18/22,4450,0.953554311059468
18/22,4451,0.9504586189095692
18/22,4452,0.9477363514762019
18/22,4453,0.9501594596669712
18/22,4454,0.9461507389647729
18/22,4455,0.9479205056085944
18/22,4456,0.9493046705080562
18/22,4457,0.9504025390041487
18/22,4458,0.9538797998821725
18/22,4459,0.9511481142079492
18/22,4460,0.9457815248846198
18/22,4461,0.9523623705950597
18/22,4462,0.9529505928721694
18/22,4463,0.9510126692367585
18/22,4464,0.9507008058774424
18/22,4465,0.9508146737379404
18/22,4466,0.9507761077758365
18/22,4467,0.9442961122507632
18/22,4468,0.9527300799288536
18/22,4469,0.9417330548651804
18/22,4470,0.9481769285874485
18/22,4471,0.9525357322831387
18/22,4472,0.9503574235383191
18/22,4473,0.9516171751935009
18/22,4474,0.9470889409080303
18/22,4475,0.9474534262829061
18/22,4476,0.9474566076142631
18/22,4477,0.9478262776130112
18/22,4478,0.9481382926581347
18/22,4479,0.9493909384923185
18/22,4480,0.9491342925784899
18/22,4481,0.9504015931260684
18/22,4482,0.9507856868346007
18/22,4483,0.9506519276328794
18/22,4484,0.9501965978125118
18/22,4485,0.9494202097445605
18/22,4486,0.9537903112148121
18/22,4487,0.9512962534048869
18/22,4488,0.9463989794965054
18/22,4489,0.9520189632447853
18/22,4490,0.94878714007062
18/22,4491,0.9519825568277531
18/22,4492,0.9470422080304399
18/22,4493,0.9484754703588177
18/22,4494,0.9507925165492346
18/22,4495,0.9503169742219444
18/22,4496,0.9502620031463194
18/22,4497,0.9503377227720254
18/22,4498,0.9511839376739739
18/22,4499,0.9514486864540586
18/22,4500,0.949534711374489
18/22,4501,0.9490345877559454
18/22,4502,0.9468193961886641
18/22,4503,0.9474914559508454
18/22,4504,0.9486469584757532
18/22,4505,0.9466718530593504
18/22,4506,0.9512620140707703
18/22,4507,0.9531374117432254
18/22,4508,0.9511736796139165
18/22,4509,0.9492613475383701
18/22,4510,0.9492239441650364
18/22,4511,0.9502565915545342
18/22,4512,0.9526786252027347
18/22,4513,0.9531132818603614
18/22,4514,0.9533093813398694
18/22,4515,0.9482258197992104
18/22,4516,0.946685030454064
18/22,4517,0.9520032201916068
18/22,4518,0.9513751984282102
18/22,4519,0.9482322486764991
18/22,4520,0.944368116585022
18/22,4521,0.950063615495465
18/22,4522,0.9513961059006036
18/22,4523,0.9485409872114894
18/22,4524,0.9492147770005472
18/22,4525,0.9477644207298463
18/22,4526,0.9525300535052322
18/22,4527,0.9489750909046759
18/22,4528,0.9538456676601788
18/22,4529,0.9482704026721935
18/22,4530,0.9494703635083082
18/22,4531,0.9453071652832081
18/22,4532,0.9483503737453961
18/22,4533,0.9524319633214678
18/22,4534,0.9497636161316273
18/22,4535,0.9496522212365863
18/22,4536,0.94506895241649
18/22,4537,0.9463570221935556
18/22,4538,0.9471669231189261
18/22,4539,0.9473227579462284
18/22,4540,0.952136375671487
18/22,4541,0.9516643128411653
18/22,4542,0.9504540462187009
18/22,4543,0.9505558304705527
18/22,4544,0.9449202462991058
18/22,4545,0.9521054488018962
18/22,4546,0.9517254687108871
18/22,4547,0.9544882957735167
18/22,4548,0.9529115977607548
18/22,4549,0.95277721460391
18/22,4550,0.9461394781014564
18/22,4551,0.9411490674213273
18/22,4552,0.9526663373345414
18/22,4553,0.9480409516043456
18/22,4554,0.9524678687980056
18/22,4555,0.9493348276236622
18/22,4556,0.9475391800119312
18/22,4557,0.9549754622663835
18/22,4558,0.9523563852746953
18/22,4559,0.9518374012498442
18/22,4560,0.9502818792744665
18/22,4561,0.9494355719393577
18/22,4562,0.9530336422370981
18/22,4563,0.9483449455704421
18/22,4564,0.9458920515240753
18/22,4565,0.9488199434009879
18/22,4566,0.9534090606326032
18/22,4567,0.9480906497659413
18/22,4568,0.9460039728064041
18/22,4569,0.948174575656196
18/22,4570,0.950352430253873
18/22,4571,0.9462653335295109
18/22,4572,0.9446351409447884
18/22,4573,0.9498145675808534
18/22,4574,0.9532682695328996
18/22,4575,0.9426381292953998
18/22,4576,0.9510232115688879
18/22,4577,0.9488791644539877
18/22,4578,0.94217071898607
18/22,4579,0.9456508489879761
18/22,4580,0.9498648990334015
18/22,4581,0.9457533685264686
18/22,4582,0.9462547110426399
18/22,4583,0.9499708443291595
18/22,4584,0.949216748736794
18/22,4585,0.9496151062474906
18/22,4586,0.9499491482742654
18/22,4587,0.9479940332586377
18/22,4588,0.9509538071857897
18/22,4589,0.9490496189141092
18/22,4590,0.951555175105474
18/22,4591,0.9486361676096761
18/22,4592,0.9499887455911142
18/22,4593,0.9495866358912648
18/22,4594,0.9492337415037008
18/22,4595,0.9536376734068329
18/22,4596,0.9520509543198472
18/22,4597,0.9470134630417765
18/22,4598,0.9493920152481413
18/22,4599,0.949581747073593
18/22,4600,0.9512330493729606
18/22,4601,0.9476976508606807
18/22,4602,0.952665568777111
18/22,4603,0.9470685598172336
18/22,4604,0.9536996483953684
18/22,4605,0.948885197855425
18/22,4606,0.9508822314282359
18/22,4607,0.9430318047270309
18/22,4608,0.9510307702480212
18/22,4609,0.9515023787214074
18/22,4610,0.9465799531710329
18/22,4611,0.950391699525016
18/22,4612,0.9467465245317215
18/22,4613,0.9505598146772923
18/22,4614,0.9483451529571695
18/22,4615,0.9493364323229069
18/22,4616,0.9511836610372819
18/22,4617,0.9468390889840779
18/22,4618,0.9440382908089954
18/22,4619,0.9530886530955117
18/22,4620,0.9493279444632021
18/22,4621,0.951361256526865
18/22,4622,0.9487746681140393
18/22,4623,0.9525264126807303
18/22,4624,0.9481433634201615
18/22,4625,0.9473868046993127
18/22,4626,0.9481272740025198
18/22,4627,0.9498173881936363
18/22,4628,0.9515780005528912
18/22,4629,0.9489500040301032
18/22,4630,0.9492308668115419
18/22,4631,0.9480242759368078
18/22,4632,0.948770807162399
18/22,4633,0.9482051621034567
18/22,4634,0.9514423600097253
18/22,4635,0.9490555193910588
18/22,4636,0.9450175475022694
18/22,4637,0.9471868975145489
18/22,4638,0.9528978071496385
18/22,4639,0.9537406078759113
18/22,4640,0.9486022596101373
18/22,4641,0.9504257956517864
18/22,4642,0.9512566409411602
18/22,4643,0.9461208454451471
18/22,4644,0.9488508244023172
18/22,4645,0.9473538658630052
18/22,4646,0.9484851816285192
18/22,4647,0.9450192342697494
18/22,4648,0.9515317542959525
18/22,4649,0.948522216021308
18/22,4650,0.9470946995090734
18/22,4651,0.9519315125067741
18/22,4652,0.9509469623306982
18/22,4653,0.9496166481350687
18/22,4654,0.9500632614760104
18/22,4655,0.9487527844988749
18/22,4656,0.9500407224045289
18/22,4657,0.9479845158418124
18/22,4658,0.9529792789615847
18/22,4659,0.9487736929085933
18/22,4660,0.9515900968967546
18/22,4661,0.9465571201529085
18/22,4662,0.9506148258844904
18/22,4663,0.9520180807056299
18/22,4664,0.9515134226892373
18/22,4665,0.9447164323821929
18/22,4666,0.952029427081715
18/22,4667,0.9498102817488653
18/22,4668,0.9508347229277228
18/22,4669,0.9485495830808947
18/22,4670,0.9488099511899017
18/22,4671,0.9479879928440565
18/22,4672,0.9441094740994215
18/22,4673,0.9466005950302623
18/22,4674,0.9466168337576796
18/22,4675,0.9504601210602117
18/22,4676,0.949128309887233
18/22,4677,0.9493187191010102
18/22,4678,0.9447506154819472
18/22,4679,0.951786032873493
18/22,4680,0.9533875082819441
18/22,4681,0.9471746259224452
18/22,4682,0.9457271606231451
18/22,4683,0.9559278879512301
18/22,4684,0.9482929468209145
18/22,4685,0.9499630201302675
18/22,4686,0.9498124674264721
18/22,4687,0.9473942535669824
18/22,4688,0.948191575659186
18/22,4689,0.9435108505262315
18/22,4690,0.949284543764296
18/22,4691,0.9541203101916337
18/22,4692,0.9458371313574423
18/22,4693,0.9514676403791393
18/22,4694,0.9530208499080288
18/22,4695,0.9529985987022543
18/22,4696,0.9499645994146723
18/22,4697,0.9512210926112323
18/22,4698,0.9434870917215074
18/22,4699,0.9506287640987516
18/22,4700,0.9505636797345803
18/22,4701,0.9533289232987673
18/22,4702,0.9415898851665138
18/22,4703,0.951169495842363
18/22,4704,0.9482127535218096
18/22,4705,0.9473853294959746
18/22,4706,0.9491879327311411
18/22,4707,0.9450305588697234
18/22,4708,0.9472962583626453
18/22,4709,0.9495609535915601
18/22,4710,0.9466757845088813
18/22,4711,0.9513462817778578
18/22,4712,0.9508762838125745
18/22,4713,0.9447238349953937
18/22,4714,0.9493739113194225
18/22,4715,0.9500782629147521
18/22,4716,0.9461771869704146
18/22,4717,0.9496365801790527
18/22,4718,0.950368540776365
18/22,4719,0.9416210304076774
18/22,4720,0.9468046697096303
18/22,4721,0.94920395829244
18/22,4722,0.9417041435959828
18/22,4723,0.9522972096565908
18/22,4724,0.9489228348695684
18/22,4725,0.9536289969204612
18/22,4726,0.9482110988241945
18/22,4727,0.9484039522116062
18/22,4728,0.9556113863334923
18/22,4729,0.94901140660176
18/22,4730,0.9519725219843275
18/22,4731,0.9467135851001867
18/22,4732,0.9517743399599297
18/22,4733,0.9528413372643565
18/22,4734,0.9534156269225759
18/22,4735,0.9500988396711543
18/22,4736,0.9477025046820047
18/22,4737,0.9441985575813471
18/22,4738,0.9479216259311795
18/22,4739,0.9482068376771629
18/22,4740,0.9491774346679674
18/22,4741,0.952728179300293
18/22,4742,0.9522438792160686
18/22,4743,0.9491009625608086
18/22,4744,0.9511612969430795
18/22,4745,0.9528103992895218
18/22,4746,0.9478994001582582
18/22,4747,0.9489075697371648
18/22,4748,0.9511117876368185
18/22,4749,0.9545936847318909
18/22,4750,0.9471177058522197
18/22,4751,0.9517329937761507
18/22,4752,0.952203967912598
18/22,4753,0.9514310852139495
18/22,4754,0.9440430775963747
18/22,4755,0.9493657880977769
18/22,4756,0.9491879094016384
18/22,4757,0.9503797681401681
18/22,4758,0.9510774583135496
18/22,4759,0.9520848148058253
18/22,4760,0.9473573718803541
18/22,4761,0.9475301961992393
18/22,4762,0.9468192410419541
18/22,4763,0.9489636303420904
18/22,4764,0.9518342043374166
18/22,4765,0.9451099329575733
18/22,4766,0.9507654048761078
18/22,4767,0.951989581252016
18/22,4768,0.9489686732267789
18/22,4769,0.9519044190348052
18/22,4770,0.953245272043369
18/22,4771,0.9488942944676536
18/22,4772,0.9474399126896778
18/22,4773,0.9526233247933706
18/22,4774,0.9485745604343822
18/22,4775,0.9544235408813364
18/22,4776,0.952243509061145
18/22,4777,0.9496938286402077
18/22,4778,0.9535302292147669
18/22,4779,0.9487964142416092
18/22,4780,0.949655913025147
18/22,4781,0.9506923817379557
18/22,4782,0.9508477531258209
18/22,4783,0.9495050594954882
18/22,4784,0.9521670678231011
18/22,4785,0.9458094572197948
18/22,4786,0.9495975151844687
18/22,4787,0.9472604057347093
18/22,4788,0.9519603891235493
18/22,4789,0.9498565320922742
18/22,4790,0.9462998745140896
18/22,4791,0.9500450208267484
18/22,4792,0.9461713712620898
18/22,4793,0.953257580895915
18/22,4794,0.9539668639893283
18/22,4795,0.9511839315928503
18/22,4796,0.9485504775179585
18/22,4797,0.9534344980584218
18/22,4798,0.9534182533581131
18/22,4799,0.9508248238150907
18/22,4800,0.9513619359789706
18/22,4801,0.9429370415109901
18/22,4802,0.9519704371818593
18/22,4803,0.9490684643988901
18/22,4804,0.9535460349490602
18/22,4805,0.9488170385154369
18/22,4806,0.9467391054837258
18/22,4807,0.9484455356701457
18/22,4808,0.945346101605018
18/22,4809,0.9496406963220525
18/22,4810,0.9499575508048274
18/22,4811,0.9447402260589058
18/22,4812,0.9504103260565435
18/22,4813,0.9462757912561829
18/22,4814,0.9471858228253159
18/22,4815,0.948651228137822
18/22,4816,0.9517495365414697
18/22,4817,0.9469482284660568
18/22,4818,0.9490973284244677
18/22,4819,0.9470066052773485
18/22,4820,0.9514647373247055
18/22,4821,0.9502343251020309
18/22,4822,0.948076059547799
18/22,4823,0.9473086813309003
18/22,4824,0.944162023575275
18/22,4825,0.9504449429103825
18/22,4826,0.949747810192393
18/22,4827,0.9462696736925591
18/22,4828,0.9528303547502356
18/22,4829,0.9488684946653552
18/22,4830,0.9520117232310691
18/22,4831,0.9541613435015884
18/22,4832,0.9529320873690909
18/22,4833,0.9491654338076172
18/22,4834,0.9453798715251365
18/22,4835,0.9518214137172307
18/22,4836,0.9510654800270876
18/22,4837,0.9521948645350007
18/22,4838,0.9482692082391125
18/22,4839,0.9509707541106495
18/22,4840,0.9473857976611996
18/22,4841,0.9497680757629546
18/22,4842,0.9482751134765249
18/22,4843,0.9490402873585964
18/22,4844,0.9487530945087066
18/22,4845,0.950708749898115
18/22,4846,0.9497058280365757
18/22,4847,0.9532358465241013
18/22,4848,0.9496669444896739
18/22,4849,0.9548853423815716
18/22,4850,0.949589307462274
18/22,4851,0.9493820878011231
18/22,4852,0.9505630234310543
18/22,4853,0.952319929928943
18/22,4854,0.951139067718266
18/22,4855,0.9516083291683569
18/22,4856,0.945658411747697
18/22,4857,0.9466595318081709
18/22,4858,0.9523392939937771
18/22,4859,0.9500133927734246
18/22,4860,0.9449280959369832
18/22,4861,0.9535373789445684
18/22,4862,0.950369953971504
18/22,4863,0.9494344163242671
18/22,4864,0.948499517292213
18/22,4865,0.9490977137758467
18/22,4866,0.9468375150348023
18/22,4867,0.952116515001727
18/22,4868,0.950459256402201
18/22,4869,0.9541884884583028
18/22,4870,0.9510460329064676
18/22,4871,0.9478100394311103
18/22,4872,0.9461615547265763
18/22,4873,0.9511869666941699
18/22,4874,0.9469406192435842
18/22,4875,0.9522816787811449
18/22,4876,0.9478800592528993
18/22,4877,0.9495220413732242
18/22,4878,0.9504189658302437
18/22,4879,0.9532606924083417
18/22,4880,0.9500583576127958
18/22,4881,0.95424905649579
18/22,4882,0.9472711605688086
18/22,4883,0.94876968694517
18/22,4884,0.9513139482922748
18/22,4885,0.9502457872204751
18/22,4886,0.9540740809820231
18/22,4887,0.9460424034527842
18/22,4888,0.9444766174069082
18/22,4889,0.9480262929143557
18/22,4890,0.9518143763113646
18/22,4891,0.9501906927251011
18/22,4892,0.9510310969052067
18/22,4893,0.9499560464650054
18/22,4894,0.9506128270689662
18/22,4895,0.9538345499579308
18/22,4896,0.9548007439068052
18/22,4897,0.9478681730575995
18/22,4898,0.9495420179171151
18/22,4899,0.9510456522141606
18/22,4900,0.9489046344903549
18/22,4901,0.9483084270801035
18/22,4902,0.9489675686916401
18/22,4903,0.9464250292186719
18/22,4904,0.9495019696228703
18/22,4905,0.946611193358242
18/22,4906,0.952218915907264
18/22,4907,0.9527381746390373
18/22,4908,0.9540318652406761
18/22,4909,0.9480123142339516
18/22,4910,0.9503996227145661
18/22,4911,0.9509321807648872
18/22,4912,0.9537607583651273
18/22,4913,0.9468290994488591
18/22,4914,0.9504304099139927
18/22,4915,0.9466019615963185
18/22,4916,0.9526083456060425
18/22,4917,0.9502908856193638
18/22,4918,0.944024719182547
18/22,4919,0.9477261623109262
18/22,4920,0.9457857223519833
18/22,4921,0.9531958268911433
18/22,4922,0.9493988740124367
18/22,4923,0.9485488459327711
18/22,4924,0.9493453781995653
18/22,4925,0.9487889152117185
18/22,4926,0.9456978072329381
18/22,4927,0.9527502944968701
18/22,4928,0.9537854638462162
18/22,4929,0.9471197575232653
18/22,4930,0.9521625267240834
18/22,4931,0.9561191272147811
18/22,4932,0.9488380997444463
18/22,4933,0.9479846797697723
18/22,4934,0.9535554861186025
18/22,4935,0.9508113152974508
18/22,4936,0.9446813785217262
18/22,4937,0.9517888853351292
18/22,4938,0.9483110246995049
18/22,4939,0.9515058213968011
18/22,4940,0.9488939375117523
18/22,4941,0.949629627377128
18/22,4942,0.9488386754582976
18/22,4943,0.9527475828766927
18/22,4944,0.9521273053676281
18/22,4945,0.9528800818906511
18/22,4946,0.951478581157974
18/22,4947,0.948812754200582
18/22,4948,0.9554470286010072
18/22,4949,0.9511731341545899
18/22,4950,0.9500782745595772
18/22,4951,0.9453948259011167
18/22,4952,0.9514432042032173
18/22,4953,0.9519374435912964
18/22,4954,0.9472709764608115
18/22,4955,0.9484511120855714
18/22,4956,0.9502816130105939
18/22,4957,0.9516832115572701
18/22,4958,0.9476846217579722
18/22,4959,0.9531061269882407
18/22,4960,0.949521984763729
18/22,4961,0.944581354955475
18/22,4962,0.951493986509207
18/22,4963,0.9495199806630634
18/22,4964,0.9468387936838333
18/22,4965,0.9493841922062799
18/22,4966,0.9524768118590095
18/22,4967,0.9437258872757307
18/22,4968,0.9498283879080361
18/22,4969,0.954502717318311
18/22,4970,0.9478369379854255
18/22,4971,0.9464709128607641
18/22,4972,0.946208505618195
18/22,4973,0.9509456356833655
18/22,4974,0.9504827176393327
18/22,4975,0.9498400575545604
18/22,4976,0.952704438209541
18/22,4977,0.9516572464910565
18/22,4978,0.9529475062415481
18/22,4979,0.9475720136371805
18/22,4980,0.952719459601052
18/22,4981,0.9491419158437677
18/22,4982,0.9504146000716509
18/22,4983,0.9430010680559587
18/22,4984,0.9524049307142053
18/22,4985,0.950642165695695
18/22,4986,0.9494231155288506
18/22,4987,0.9538024533930244
18/22,4988,0.9519129806381326
18/22,4989,0.9487574553823566
18/22,4990,0.9516240353397817
18/22,4991,0.9534197018992736
18/22,4992,0.9494116020949042
18/22,4993,0.9484196153378512
18/22,4994,0.950329338669558
18/22,4995,0.9486892219369679
18/22,4996,0.9556168313277273
18/22,4997,0.9491584021521705
18/22,4998,0.9463099457784218
18/22,4999,0.954091094067589
