重复,胜出组数,胜出切点,胜出推荐孕周,胜出平均孕周,胜出最低审计概率,存在安全方案,1组平均孕周,1组安全,2组平均孕周,2组安全,3组平均孕周,3组安全,4组平均孕周,4组安全
1,2,33.702905,14.285714|17.714286,15.364365971107524,0.891895233747805,True,15.42857142857141,False,15.364365971107524,True,15.321027287319403,True,15.308186195826629,True
2,2,34.315118,14.285714|18.428571,15.108079186730853,0.8922869959843464,True,15.285714285714267,False,15.108079186730853,True,15.103263777421061,True,15.106474050294254,True
3,2,34.440085,14.428571|18.428571,15.267522739432831,0.8950828454764962,True,15.42857142857141,False,15.267522739432831,True,15.224184055644711,True,15.220973782771518,True
4,2,33.234716,14.142857|17.142857,14.996789727126787,0.892365017691654,True,15.142857142857125,False,14.996789727126787,True,14.978063135366488,True,14.968432316746906,True
5,2,34.412473,14.285714|18.285714,14.944890315676814,0.8943867622017341,True,15.142857142857125,False,14.944890315676814,True,14.927233814874247,True,14.927233814874247,True
6,2,32.982974,14.428571|17.000000,15.29534510433385,0.8900240152941342,True,15.285714285714267,False,15.29534510433385,True,15.242910647405012,True,15.231139646869966,True
7,2,34.440085,14.428571|18.142857,15.124130551096826,0.8937094841821096,True,15.285714285714267,False,15.124130551096826,True,15.106474050294256,True,15.097913322632406,True
8,2,32.782882,14.285714|16.714286,15.086142322097361,0.8927758597402287,True,15.142857142857125,False,15.086142322097361,True,15.048154093097898,True,15.049224184055626,True
9,2,34.459301,14.428571|18.000000,15.04387372926697,0.8951907876907043,True,15.142857142857125,False,15.04387372926697,True,15.034777956126254,True,15.03370786516852,True
10,2,34.440085,14.428571|18.142857,15.207597645799874,0.8904207104859614,True,15.285714285714267,False,15.207597645799874,True,15.161583734617425,True,15.161583734617425,True
11,2,34.440085,14.571429|17.857143,15.125200642054558,0.8918257819964419,True,15.285714285714267,False,15.125200642054558,True,15.112359550561779,True,15.112359550561779,True
12,2,35.116515,14.428571|18.571429,15.080256821829837,0.8901682366306893,True,15.142857142857125,False,15.080256821829837,True,15.065810593900464,True,15.067415730337062,True
13,2,32.944288,14.285714|17.142857,15.377207062600302,0.890176826617954,True,15.42857142857141,False,15.377207062600302,True,15.332263242375584,True,15.326912787586926,True
14,2,34.315118,14.428571|18.000000,15.09737827715354,0.8923045763127236,True,15.285714285714267,False,15.09737827715354,True,15.087212413055092,True,15.092027822364884,True
15,2,33.300511,14.428571|16.571429,14.974317817014429,0.8965031912449581,True,14.999999999999982,False,14.974317817014429,True,14.952380952380935,True,14.947565543071144,True
16,2,34.226484,14.428571|18.000000,15.271268057784894,0.8949377458233352,True,15.285714285714267,False,15.271268057784894,True,15.230069555912236,True,15.217763509898324,True
17,2,34.221828,14.428571|18.000000,15.244515783841608,0.8913290836620722,True,15.42857142857141,False,15.244515783841608,True,15.232744783306563,True,15.228464419475635,True
18,2,34.178550,14.285714|17.714286,15.171749598715873,0.8944176818799389,True,15.285714285714267,False,15.171749598715873,True,15.149812734082378,True,15.149812734082378,True
19,2,34.370576,14.571429|18.142857,15.200107009095754,0.8900478195473822,True,15.285714285714267,False,15.200107009095754,True,15.193686463349366,True,15.193686463349366,True
20,2,34.384626,14.571429|17.857143,15.137506688068468,0.8913096120328605,True,15.285714285714267,False,15.137506688068468,True,15.092562867843748,True,15.088817549491688,True
21,2,34.370576,14.571429|17.571429,15.166934189406081,0.8917056437731962,True,15.285714285714267,False,15.166934189406081,True,15.156233279828765,True,15.147672552166917,True
22,2,34.848567,14.428571|18.428571,15.012841091492758,0.8910701649023954,True,15.142857142857125,False,15.012841091492758,True,14.960941680042787,True,14.953451043338667,True
23,2,32.512041,14.285714|17.000000,15.312466559657551,0.8901157893996059,True,15.42857142857141,False,15.312466559657551,True,15.284644194756535,True,15.284644194756535,True
24,2,34.440085,14.428571|18.142857,15.151952915997843,0.8911965980724439,True,15.285714285714267,False,15.151952915997843,True,15.142857142857125,True,15.137506688068468,True
25,2,34.357014,14.428571|17.428571,15.03531300160512,0.8907077627831639,True,15.142857142857125,False,15.03531300160512,True,15.019796682718011,True,15.018726591760283,True
26,2,34.470740,14.285714|18.000000,15.050829320492225,0.8972946972395287,True,15.142857142857125,False,15.050829320492225,True,14.998394863563385,True,14.995184590690194,True
27,2,34.440085,14.428571|18.142857,15.124130551096826,0.891239342209376,True,15.285714285714267,False,15.124130551096826,True,15.10486891385766,True,15.102728731942197,True
28,2,34.315118,14.428571|18.571429,15.142322097378258,0.8903975604395932,True,15.285714285714267,False,15.142322097378258,True,15.137506688068468,True,15.134831460674139,True
29,2,33.850064,14.428571|17.142857,15.201177100053487,0.8931983301883231,True,15.285714285714267,False,15.201177100053487,True,15.11342964151951,True,15.109149277688585,True
30,2,33.753728,14.285714|17.428571,15.144997324772588,0.8918028653901275,True,15.285714285714267,False,15.144997324772588,True,15.092562867843748,True,15.076511503477779,True
31,2,34.474670,14.428571|18.428571,15.04280363830924,0.8956427574091332,True,15.142857142857125,False,15.04280363830924,True,15.01391118245049,True,15.01391118245049,True
32,2,33.753728,14.428571|17.571429,15.276083467094685,0.8906379665134564,True,15.42857142857141,False,15.276083467094685,True,15.25789192081325,True,15.251471375066862,True
33,2,34.315118,14.428571|17.857143,15.199036918138024,0.8913768272596614,True,15.285714285714267,False,15.199036918138024,True,15.173889780631335,True,15.173889780631335,True
34,2,34.474670,14.428571|18.428571,15.267522739432831,0.8965255190791535,True,15.42857142857141,False,15.267522739432831,True,15.225254146602444,True,15.218298555377189,True
35,2,34.544577,14.285714|18.142857,15.138041733547334,0.8938655165441258,True,15.285714285714267,False,15.138041733547334,True,15.11342964151951,True,15.097378277153542,True
36,2,33.273169,14.285714|16.857143,15.065810593900464,0.8917238730080483,True,15.142857142857125,False,15.065810593900464,True,15.032637774210789,True,15.033172819689653,True
37,2,34.337579,14.428571|18.285714,15.309791332263224,0.891042557057037,True,15.42857142857141,False,15.309791332263224,True,15.238630283574086,True,15.230069555912236,True
38,2,32.063206,14.285714|16.000000,15.01765650080255,0.8907418073260718,True,14.999999999999982,False,15.01765650080255,True,14.986623863028338,True,14.971107544141233,True
39,2,32.850734,14.285714|16.714286,15.186195826645246,0.8921145022593774,True,15.285714285714267,False,15.186195826645246,True,15.158908507223096,True,15.158373461744231,True
40,2,34.720990,14.428571|18.428571,15.177635098983394,0.8926933465286868,True,15.285714285714267,False,15.177635098983394,True,15.15837346174423,True,15.158908507223096,True
41,2,34.315118,14.428571|18.142857,15.012841091492758,0.8940642605893825,True,15.142857142857125,False,15.012841091492758,True,15.012306046013894,True,14.998394863563384,True
42,2,34.206744,14.428571|18.142857,15.151952915997843,0.8914989643070784,True,15.285714285714267,False,15.151952915997843,True,15.147137506688049,True,15.141787051899392,True
43,2,34.486110,14.285714|18.142857,15.080256821829837,0.8947899494156579,True,15.285714285714267,False,15.080256821829837,True,15.059925093632941,True,15.058855002675209,True
44,2,33.300511,14.571429|17.142857,15.36115569823433,0.8924975540428638,True,15.42857142857141,False,15.36115569823433,True,15.339753879079703,True,15.327447833065792,True
45,2,34.440085,14.285714|18.285714,15.064740502942733,0.8961638776738917,True,15.142857142857125,False,15.064740502942733,True,15.018191546281415,True,15.013376136971624,True
46,2,34.505326,14.428571|18.000000,14.990369181380402,0.8905717724993055,True,15.142857142857125,False,14.990369181380402,True,14.971642589620101,True,14.967362225789174,True
47,2,33.210559,14.285714|17.000000,15.200642054574619,0.89376494259916,True,15.285714285714267,False,15.200642054574619,True,15.187800963081845,True,15.184055644729783,True
48,2,32.681884,14.285714|16.714286,15.140716960941662,0.8947456544837117,True,15.285714285714267,False,15.140716960941662,True,15.110754414125184,True,15.10486891385766,True
49,2,35.733752,14.571429|19.000000,15.069020866773657,0.8907960661708257,True,15.142857142857125,False,15.069020866773657,True,15.041733547351507,True,15.040663456393778,True
50,2,34.397104,14.285714|18.857143,15.381487426431228,0.8946857597084358,True,15.57142857142855,False,15.381487426431228,True,15.377742108079167,True,15.361155698234333,True
51,2,33.578075,14.428571|17.000000,15.179775280898856,0.8939562729615307,True,15.285714285714267,False,15.179775280898856,True,15.113429641519511,True,15.113429641519511,True
52,2,33.210559,14.285714|17.000000,15.048154093097896,0.892452106858686,True,15.142857142857125,False,15.048154093097896,True,14.986088817549474,True,14.983413590155145,True
53,2,34.793486,14.571429|18.428571,15.091492776886017,0.8909030461342542,True,15.142857142857125,False,15.091492776886017,True,15.05885500267521,True,15.04975922953449,True
54,2,34.720320,14.428571|17.571429,15.005350454788639,0.8908628755344807,True,15.142857142857125,False,15.005350454788639,True,14.983413590155145,True,14.972712680577832,True
55,2,34.646074,14.571429|18.285714,15.239165329052952,0.8924409896611799,True,15.285714285714267,False,15.239165329052952,True,15.205992509363277,True,15.196896736222559,True
56,2,34.004559,14.428571|17.857143,15.353130016051345,0.8950482552964553,True,15.42857142857141,False,15.353130016051345,True,15.310861423220956,True,15.312466559657551,True
57,2,34.226484,14.285714|17.571429,14.987158908507206,0.8938713909166023,True,15.142857142857125,False,14.987158908507206,True,14.988228999464937,True,14.983413590155145,True
58,2,34.440085,14.571429|18.000000,15.239165329052952,0.890328130844405,True,15.285714285714267,False,15.239165329052952,True,15.208667736757604,True,15.20438737292668,True
59,2,35.532582,14.571429|18.857143,15.133226324237542,0.8901952361490114,True,15.285714285714267,False,15.133226324237542,True,15.095238095238079,True,15.090957731407151,True
60,2,34.241567,14.285714|17.857143,14.981273408239684,0.8942146047699748,True,15.142857142857125,False,14.981273408239684,True,14.966292134831443,True,14.957731407169591,True
61,2,32.982974,14.428571|16.142857,15.025682182985534,0.891305183899946,True,15.142857142857125,False,15.025682182985534,True,14.998394863563385,True,14.993044408774727,True
62,2,34.412473,14.142857|18.142857,14.89192081326911,0.8941993986688883,True,14.999999999999982,False,14.89192081326911,True,14.877474585339737,True,14.872659176029945,True
63,2,34.315118,14.142857|17.857143,14.90797217763508,0.8969792222203476,True,14.999999999999982,False,14.90797217763508,True,14.906367041198484,True,14.894060995184573,True
64,2,34.235359,14.571429|18.142857,15.333868378812179,0.893613064570579,True,15.42857142857141,False,15.333868378812179,True,15.31139646869982,True,15.31139646869982,True
65,2,32.819886,14.142857|16.285714,14.841091492776869,0.8953257383126377,True,14.85714285714284,False,14.841091492776869,True,14.798822899946476,True,14.795612627073284,True
66,2,32.300393,14.142857|16.571429,15.088817549491688,0.890252495146788,True,15.142857142857125,False,15.088817549491688,True,15.060995184590674,True,15.060995184590674,True
67,2,31.888107,14.142857|16.285714,14.985553772070608,0.8906923844117296,True,14.999999999999982,False,14.985553772070608,True,14.930444087747443,True,14.933119315141768,True
68,2,34.412473,14.428571|18.428571,15.132691278758678,0.89393737457286,True,15.285714285714267,False,15.132691278758678,True,15.103263777421063,True,15.103263777421063,True
69,2,33.962568,14.428571|17.714286,15.413055109684304,0.8930002479678147,True,15.57142857142855,False,15.413055109684304,True,15.391653290529678,True,15.372926698769374,True
70,2,32.681884,14.285714|16.714286,15.122525414660227,0.8917855103306339,True,15.285714285714267,False,15.122525414660227,True,15.082932049224166,True,15.08346709470303,True
71,2,34.999822,14.428571|18.571429,15.173354735152468,0.8925539701382043,True,15.285714285714267,False,15.173354735152468,True,15.15355805243444,True,15.153023006955571,True
72,2,34.459301,14.428571|18.142857,15.179775280898859,0.894385192980718,True,15.285714285714267,False,15.179775280898859,True,15.172284644194738,True,15.159978598180826,True
73,2,34.618262,14.285714|18.285714,15.049759229534493,0.8910980658052488,True,15.142857142857125,False,15.049759229534493,True,15.016586409844818,True,15.00642054574637,True
74,2,33.269579,14.142857|17.142857,15.086677367576225,0.8929412741735816,True,15.142857142857125,False,15.086677367576225,True,15.05136436597109,True,15.050829320492225,True
75,2,34.440085,14.428571|18.285714,15.29534510433385,0.8922804373120757,True,15.42857142857141,False,15.29534510433385,True,15.249331193151399,True,15.240770465489547,True
76,2,33.271388,14.285714|16.857143,15.065810593900464,0.8949490886429017,True,15.142857142857125,False,15.065810593900464,True,15.042268592830373,True,15.027822364901,True
77,2,32.952410,14.142857|17.000000,15.095238095238077,0.893103801281534,True,15.142857142857125,False,15.095238095238077,True,15.057249866238612,True,15.059390048154073,True
78,2,33.769962,14.285714|17.428571,15.180310326377723,0.8928232203974616,True,15.285714285714267,False,15.180310326377723,True,15.155163188871036,True,15.149277688603513,True
79,2,34.872387,14.428571|18.142857,14.915462814339202,0.8929314525491785,True,14.999999999999982,False,14.915462814339202,True,14.88924558587478,True,14.88817549491705,True
80,2,34.357014,14.428571|18.571429,15.20438737292668,0.8958627712816705,True,15.285714285714267,False,15.20438737292668,True,15.181380417335456,True,15.177635098983394,True
81,2,34.268071,14.428571|17.428571,15.024077046548939,0.8986334454664482,True,15.142857142857125,False,15.024077046548939,True,15.02033172819688,True,15.010700909577297,True
82,2,33.026044,14.428571|17.142857,15.313001605136417,0.8953516547614102,True,15.42857142857141,False,15.313001605136417,True,15.246120920278207,True,15.242910647405012,True
83,2,34.315118,14.285714|17.714286,14.889245585874782,0.8960651860010701,True,14.999999999999982,False,14.889245585874782,True,14.889245585874782,True,14.881754949170663,True
84,2,34.259196,14.285714|17.857143,15.048154093097896,0.8958750238975922,True,15.142857142857125,False,15.048154093097896,True,15.043338683788104,True,15.046013911182431,True
85,2,34.440085,14.285714|17.857143,14.901016586409828,0.894687708112084,True,14.999999999999982,False,14.901016586409828,True,14.889780631353647,True,14.89192081326911,True
86,2,33.513294,14.428571|16.857143,15.138041733547333,0.890602708947138,True,15.142857142857125,False,15.138041733547333,True,15.04975922953449,True,15.031032637774194,True
87,2,33.120784,14.142857|16.857143,15.006955591225237,0.8934844854248115,True,15.142857142857125,False,15.006955591225237,True,14.966292134831443,True,14.963081861958248,True
88,2,34.646074,14.571429|18.428571,15.149277688603513,0.8921472535285374,True,15.285714285714267,False,15.149277688603513,True,15.124665596575692,True,15.115569823434976,True
89,2,33.772521,14.142857|17.714286,14.958801498127324,0.8981424740426756,True,15.142857142857125,False,14.958801498127324,True,14.963081861958248,True,14.963081861958248,True
90,2,33.066337,14.428571|16.857143,15.283574103798804,0.8914147056990442,True,15.285714285714267,False,15.283574103798804,True,15.25040128410913,True,15.247191011235936,True
91,2,33.305982,14.285714|16.571429,14.944890315676815,0.8902416665371429,True,14.999999999999982,False,14.944890315676815,True,14.894060995184574,True,14.88924558587478,True
92,2,35.676651,14.571429|18.714286,15.176565008025664,0.8926837680289718,True,15.285714285714267,False,15.176565008025664,True,15.161583734617425,True,15.158908507223096,True
93,2,32.869642,14.285714|16.428571,15.120385232744765,0.8908943671494707,True,15.142857142857125,False,15.120385232744765,True,15.072231139646851,True,15.069555912252524,True
94,2,33.750674,14.285714|17.285714,15.049759229534493,0.8935279629314536,True,15.142857142857125,False,15.049759229534493,True,15.003745318352044,True,15.003745318352044,True
95,2,34.533138,14.571429|17.857143,15.149812734082378,0.8916209439089424,True,15.285714285714267,False,15.149812734082378,True,15.113964686998377,True,15.112894596040645,True
96,2,34.309967,14.285714|17.714286,14.991974317816997,0.8951901696099888,True,15.142857142857125,False,14.991974317816997,True,14.991974317816997,True,14.981808453718548,True
97,2,32.934148,14.428571|16.428571,15.147672552166917,0.8919639331483309,True,15.142857142857125,False,15.147672552166917,True,15.102728731942195,True,15.104333868378793,True
98,2,34.384626,14.285714|17.857143,15.034777956126252,0.8949289017627594,True,15.142857142857125,False,15.034777956126252,True,15.02407704654894,True,15.021936864633476,True
99,2,34.474670,14.571429|18.428571,15.091492776886017,0.8933177966865911,True,15.142857142857125,False,15.091492776886017,True,15.072231139646853,True,15.070626003210256,True
100,2,33.128218,14.428571|16.857143,15.210807918673067,0.8937900972017206,True,15.285714285714267,False,15.210807918673067,True,15.190476190476172,True,15.19047619047617,True
101,2,32.675765,14.142857|16.428571,15.093097913322612,0.8913928552927467,True,15.142857142857125,False,15.093097913322612,True,15.036918138041715,True,15.035848047083984,True
102,2,34.297490,14.142857|17.857143,14.949705724986606,0.8928996960710908,True,15.142857142857125,False,14.949705724986606,True,14.949705724986606,True,14.949705724986606,True
103,2,34.357014,14.571429|18.142857,15.320492241840538,0.8925312386012112,True,15.42857142857141,False,15.320492241840538,True,15.292134831460654,True,15.280363830925609,True
104,2,34.226484,14.428571|18.142857,15.318887105403942,0.8917510864546162,True,15.42857142857141,False,15.318887105403942,True,15.298555377207045,True,15.286784376671998,True
105,2,34.419212,14.428571|18.000000,15.177635098983394,0.8970666434228077,True,15.285714285714267,False,15.177635098983394,True,15.13590155163187,True,15.134296415195275,True
106,2,33.731881,14.285714|17.571429,15.110219368646316,0.896592713964183,True,15.285714285714267,False,15.110219368646316,True,15.07383627608345,True,15.073301230604583,True
107,2,34.399995,14.428571|18.142857,15.138041733547334,0.8956398528710393,True,15.285714285714267,False,15.138041733547334,True,15.080256821829837,True,15.080256821829837,True
108,2,34.094314,14.428571|18.000000,15.15088282504011,0.8973836143183277,True,15.285714285714267,False,15.15088282504011,True,15.141252006420528,True,15.136436597110736,True
109,2,33.293090,14.571429|17.142857,15.351524879614749,0.8917114595572497,True,15.42857142857141,False,15.351524879614749,True,15.289459604066327,True,15.285179240235403,True
110,2,35.258594,14.571429|18.714286,15.08346709470303,0.8932552912777613,True,15.142857142857125,False,15.08346709470303,True,15.090422685928285,True,15.085072231139629,True
111,2,33.271360,14.428571|17.000000,15.247191011235937,0.8900413390486124,True,15.285714285714267,False,15.247191011235937,True,15.206527554842143,True,15.193686463349366,True
112,2,33.277000,14.285714|16.857143,15.075441412520046,0.8931269364853781,True,15.142857142857125,False,15.075441412520046,True,15.012306046013892,True,15.012306046013896,True
113,2,35.467684,14.571429|18.857143,15.085072231139629,0.8912460000793263,True,15.142857142857125,False,15.085072231139629,True,15.048689138576762,True,15.04119850187264,True
114,2,35.620454,14.428571|19.428571,15.009095773140698,0.8914519943624954,True,15.142857142857125,False,15.009095773140698,True,14.998394863563385,True,14.994114499732461,True
115,2,34.181903,14.142857|17.714286,14.932049224184038,0.8953576658635231,True,14.999999999999982,False,14.932049224184038,True,14.92937399678971,True,14.91920813269126,True
116,2,34.315118,14.142857|18.285714,14.887640449438186,0.8919202422531397,True,14.999999999999982,False,14.887640449438186,True,14.893525949705708,True,14.88550026752272,True
117,2,34.606822,14.571429|18.571429,15.140716960941662,0.8918481381224739,True,15.285714285714267,False,15.140716960941662,True,15.098448368111272,True,15.098448368111272,True
118,2,35.782146,14.571429|19.000000,15.135366506153005,0.8925436903400035,True,15.285714285714267,False,15.135366506153005,True,15.130016051364347,True,15.129481005885483,True
119,2,33.271360,14.428571|17.000000,15.227929373996771,0.8912889188201635,True,15.285714285714267,False,15.227929373996771,True,15.201177100053487,True,15.196896736222557,True
120,2,32.934148,14.428571|17.000000,15.2664526484751,0.8916439810281995,True,15.285714285714267,False,15.2664526484751,True,15.241305510968413,True,15.233814874264292,True
121,2,34.544577,14.571429|18.428571,15.308186195826627,0.8929174596497496,True,15.42857142857141,False,15.308186195826627,True,15.29802033172818,True,15.29159978598179,True
122,2,34.474670,14.571429|18.000000,15.239165329052952,0.8910040825521677,True,15.42857142857141,False,15.239165329052952,True,15.226859283039039,True,15.224184055644711,True
123,2,35.676651,14.571429|18.857143,15.11717495987157,0.8937693140852206,True,15.285714285714267,False,15.11717495987157,True,15.098983413590139,True,15.097913322632408,True
124,2,34.773651,14.428571|18.142857,14.957196361690727,0.8969923577689799,True,15.142857142857125,False,14.957196361690727,True,14.930444087747441,True,14.918673087212394,True
125,2,34.235359,14.285714|17.571429,14.93793472445156,0.8947048352280341,True,14.999999999999982,False,14.93793472445156,True,14.926163723916515,True,14.926163723916515,True
126,2,34.315118,14.285714|18.571429,15.008025682182968,0.8967690044691597,True,15.142857142857125,False,15.008025682182968,True,15.008025682182968,True,15.00160513643658,True
127,2,34.145253,14.428571|18.000000,15.445157838416247,0.8911722366846886,True,15.57142857142855,False,15.445157838416247,True,15.441947565543051,True,15.437667201712125,True
128,2,34.440085,14.571429|18.428571,15.221508828250384,0.8920291453311664,True,15.285714285714267,False,15.221508828250384,True,15.196361690743695,True,15.188871054039575,True
129,2,34.035346,14.285714|17.857143,15.141787051899392,0.8917781412512117,True,15.285714285714267,False,15.141787051899392,True,15.133226324237542,True,15.132691278758678,True
130,2,34.817975,14.571429|17.571429,14.953451043338667,0.8906490283693177,True,14.999999999999982,False,14.953451043338667,True,14.915462814339202,True,14.907437132156216,True
131,2,34.872387,14.571429|18.714286,15.098983413590137,0.8914754646392098,True,15.142857142857125,False,15.098983413590137,True,15.093097913322612,True,15.0840021401819,True
132,2,35.170717,14.428571|18.000000,14.963616907437114,0.8938633679179833,True,15.142857142857125,False,14.963616907437114,True,14.953986088817532,True,14.95826645264846,True
133,2,33.148678,14.285714|16.857143,15.133226324237542,0.891827409453991,True,15.285714285714267,False,15.133226324237542,True,15.1011235955056,True,15.09737827715354,True
134,2,34.309967,14.285714|18.285714,15.064740502942733,0.8930637450311796,True,15.285714285714267,False,15.064740502942733,True,15.057249866238612,True,15.058855002675209,True
135,2,33.271360,14.428571|16.857143,15.083467094703032,0.8924859001477192,True,15.142857142857125,False,15.083467094703032,True,15.05403959336542,True,15.04761904761903,True
136,2,34.544577,14.285714|17.428571,14.80363830925627,0.8911627578770587,True,14.85714285714284,False,14.80363830925627,True,14.759229534510416,True,14.759229534510416,True
137,2,33.850064,14.142857|17.714286,14.89192081326911,0.895481981611004,True,14.999999999999982,False,14.89192081326911,True,14.878009630818603,True,14.88336008560726,True
138,2,34.162163,14.285714|17.857143,15.23542001070089,0.8921458438655903,True,15.285714285714267,False,15.23542001070089,True,15.210272873194203,True,15.202782236490084,True
139,2,34.459301,14.571429|18.142857,15.333868378812179,0.89452890225292,True,15.42857142857141,False,15.333868378812179,True,15.303370786516833,True,15.296950240770446,True
140,2,33.293090,14.285714|17.142857,15.120385232744765,0.8954946803418745,True,15.142857142857125,False,15.120385232744765,True,15.056179775280881,True,15.052969502407686,True
141,2,34.474670,14.428571|18.285714,15.179775280898857,0.8913757115499614,True,15.285714285714267,False,15.179775280898857,True,15.140181915462795,True,15.135366506153005,True
142,2,34.505326,14.571429|18.000000,15.226324237560174,0.8963770523298571,True,15.285714285714267,False,15.226324237560174,True,15.20438737292668,True,15.20224719101122,True
143,2,33.839086,14.285714|17.428571,15.097913322632406,0.893845800293412,True,15.285714285714267,False,15.097913322632406,True,15.076511503477777,True,15.072231139646854,True
144,2,34.397104,14.428571|18.142857,15.318887105403942,0.8956454500384043,True,15.42857142857141,False,15.318887105403942,True,15.262707330123042,True,15.262707330123042,True
145,2,33.433487,14.285714|17.571429,15.282504012841072,0.890849092206012,True,15.42857142857141,False,15.282504012841072,True,15.245050829320475,True,15.235420010700892,True
146,2,33.053939,14.571429|16.571429,15.22311396468698,0.8920474360365875,True,15.285714285714267,False,15.22311396468698,True,15.15837346174423,True,15.153023006955571,True
147,2,35.170717,14.428571|18.428571,15.147672552166917,0.8921247547040422,True,15.285714285714267,False,15.147672552166917,True,15.123595505617956,True,15.121455323702497,True
148,2,34.544577,14.285714|18.000000,14.91171749598714,0.8913472262354826,True,14.999999999999982,False,14.91171749598714,True,14.878544676297468,True,14.879079721776334,True
149,2,33.753728,14.285714|18.000000,15.203852327447814,0.8954592890622225,True,15.42857142857141,False,15.203852327447814,True,15.187800963081845,True,15.18673087212411,True
150,2,34.206744,14.428571|17.571429,15.123060460139092,0.8902071925266031,True,15.285714285714267,False,15.123060460139092,True,15.099518459069003,True,15.097378277153542,True
151,2,34.474670,14.285714|18.285714,14.989834135901534,0.8926436416372038,True,15.142857142857125,False,14.989834135901534,True,14.953451043338667,True,14.94275013376135,True
152,2,34.412473,14.428571|18.714286,15.29534510433385,0.8942466392755898,True,15.42857142857141,False,15.29534510433385,True,15.282504012841075,True,15.275548421615818,True
153,2,34.720320,14.428571|18.000000,14.950240770465472,0.8910451028047522,True,14.999999999999982,False,14.950240770465472,True,14.920278223648994,True,14.921883360085591,True
154,2,34.474670,14.571429|17.714286,15.136436597110736,0.8929871111546959,True,15.285714285714267,False,15.136436597110736,True,15.108079186730853,True,15.104333868378793,True
155,2,34.237825,14.285714|18.285714,15.19957196361689,0.8944330422687938,True,15.285714285714267,False,15.19957196361689,True,15.179775280898859,True,15.181380417335456,True
156,2,34.459301,14.285714|17.285714,14.746388443017642,0.8901986567787139,True,14.85714285714284,False,14.746388443017642,True,14.7126805778491,True,14.7126805778491,True
157,2,35.647570,14.571429|18.857143,15.229534510433368,0.890171986970781,True,15.285714285714267,False,15.229534510433368,True,15.220973782771518,True,15.22204387372925,True
158,2,33.210559,14.428571|17.285714,15.252541466024592,0.8912556189110641,True,15.285714285714267,False,15.252541466024592,True,15.237560192616353,True,15.231139646869966,True
159,2,33.066337,14.285714|17.000000,15.159978598180826,0.8938477643065035,True,15.285714285714267,False,15.159978598180826,True,15.101658640984466,True,15.098448368111272,True
160,2,33.232935,14.285714|16.285714,14.892455858747974,0.8947113855496589,True,14.999999999999982,False,14.892455858747974,True,14.865168539325825,True,14.86195826645263,True
161,2,34.147500,14.571429|17.285714,15.272873194221491,0.8937103708989682,True,15.42857142857141,False,15.272873194221491,True,15.25575173889779,True,15.250936329587995,True
162,2,34.646074,14.571429|17.714286,15.148207597645781,0.8905903550354319,True,15.285714285714267,False,15.148207597645781,True,15.123595505617958,True,15.123595505617956,True
163,2,33.524980,14.428571|17.571429,15.252541466024594,0.8933219990239173,True,15.285714285714267,False,15.252541466024594,True,15.22043873729265,True,15.214018191546263,True
164,2,34.440085,14.571429|18.428571,15.308186195826627,0.894485922704372,True,15.42857142857141,False,15.308186195826627,True,15.287319422150862,True,15.283039058319938,True
165,2,33.912238,14.142857|18.285714,15.058319957196344,0.8920153008173697,True,15.142857142857125,False,15.058319957196344,True,15.031032637774194,True,15.031032637774192,True
166,2,34.241567,14.285714|17.714286,14.889245585874782,0.8906162784975599,True,14.999999999999982,False,14.889245585874782,True,14.891385767790245,True,14.890315676832513,True
167,2,34.646074,14.571429|18.714286,15.331728196896718,0.8912645825991333,True,15.42857142857141,False,15.331728196896718,True,15.29748528624931,True,15.291064740502923,True
168,2,34.544577,14.428571|18.428571,15.177635098983394,0.891110341642994,True,15.285714285714267,False,15.177635098983394,True,15.155698234349902,True,15.15462814339217,True
169,2,34.440085,14.571429|18.142857,15.360620652755465,0.8906137683990878,True,15.42857142857141,False,15.360620652755465,True,15.308721241305495,True,15.308721241305491,True
170,2,33.148678,14.285714|16.714286,15.058855002675209,0.8918081937405218,True,15.142857142857125,False,15.058855002675209,True,15.014446227929357,True,15.014446227929357,True
171,2,33.881076,14.285714|17.142857,14.938469769930427,0.8954888863177549,True,14.999999999999982,False,14.938469769930427,True,14.920278223648994,True,14.920278223648994,True
172,2,34.794155,14.571429|18.142857,15.146602461209184,0.8932830045499249,True,15.285714285714267,False,15.146602461209184,True,15.121990369181363,True,15.123060460139092,True
173,2,34.440085,14.142857|18.285714,14.918673087212396,0.8959694836997836,True,15.142857142857125,False,14.918673087212396,True,14.897271268057768,True,14.894596040663439,True
174,2,34.533138,14.285714|17.714286,14.850722311396451,0.8917963174072552,True,14.999999999999982,False,14.850722311396451,True,14.852862493311914,True,14.845906902086659,True
175,2,33.227282,14.428571|17.142857,15.191011235955036,0.8917424539166002,True,15.285714285714267,False,15.191011235955036,True,15.159443552701962,True,15.1556982343499,True
176,2,34.459301,14.285714|18.000000,15.16211878009629,0.8980587464992975,True,15.285714285714267,False,15.16211878009629,True,15.136436597110734,True,15.127875869448886,True
177,2,34.544577,14.428571|17.571429,15.05243445692882,0.8925440760999779,True,15.142857142857125,False,15.05243445692882,True,15.041198501872643,True,15.036383092562849,True
178,2,33.480755,14.285714|17.000000,15.037988228999447,0.8907014790060054,True,15.142857142857125,False,15.037988228999447,True,15.013376136971624,True,15.00642054574637,True
179,2,34.459301,14.285714|18.285714,14.944890315676814,0.8959440563669459,True,14.999999999999982,False,14.944890315676814,True,14.933654360620634,True,14.932049224184038,True
180,2,34.817975,14.571429|18.428571,15.004815409309773,0.8909696172290339,True,15.142857142857125,False,15.004815409309773,True,15.001605136436579,True,14.998394863563385,True
181,2,33.227282,14.285714|17.428571,15.23916532905295,0.8947422340757442,True,15.285714285714267,False,15.23916532905295,True,15.219903691813785,True,15.212413055109666,True
182,2,34.440085,14.285714|17.857143,14.927768860353112,0.8933125881278763,True,14.999999999999982,False,14.927768860353112,True,14.922418405564454,True,14.920278223648992,True
183,2,35.795244,14.571429|19.142857,15.222043873729248,0.8943211135154491,True,15.285714285714267,False,15.222043873729248,True,15.187800963081843,True,15.186195826645246,True
184,2,33.232935,14.285714|17.000000,15.129481005885483,0.8927595739347673,True,15.285714285714267,False,15.129481005885483,True,15.10593900481539,True,15.109149277688585,True
185,2,35.647570,14.428571|19.142857,15.170144462279275,0.8911474432990841,True,15.285714285714267,False,15.170144462279275,True,15.154093097913305,True,15.154093097913305,True
186,2,35.258594,14.571429|17.571429,14.919743178170126,0.8957096261437657,True,14.999999999999982,False,14.919743178170126,True,14.902621722846426,True,14.898341359015498,True
187,2,33.942385,14.428571|17.714286,15.191546281433904,0.8903057456667226,True,15.285714285714267,False,15.191546281433904,True,15.161583734617425,True,15.153558052434438,True
188,2,34.920501,14.571429|18.285714,15.211342964151934,0.8902747822450404,True,15.285714285714267,False,15.211342964151934,True,15.182450508293186,True,15.175494917067931,True
189,2,34.397104,14.142857|17.571429,14.8234349919743,0.8921088727698235,True,14.85714285714284,False,14.8234349919743,True,14.80738362760833,True,14.805243445692867,True
190,2,32.995481,14.428571|16.428571,15.035313001605118,0.8914583350325813,True,15.142857142857125,False,15.035313001605118,True,14.995719636169056,True,14.986088817549472,True
191,2,34.235359,14.428571|17.857143,15.147672552166915,0.8920753949009798,True,15.142857142857125,False,15.147672552166915,True,15.13108614232208,True,15.127875869448886,True
192,2,34.440085,14.714286|18.000000,15.403424291064722,0.894399218477234,True,15.57142857142855,False,15.403424291064722,True,15.402889245585857,True,15.385767790262152,True
193,2,34.297490,14.428571|18.285714,15.064205457463867,0.8923267638659866,True,15.142857142857125,False,15.064205457463867,True,15.06902086677366,True,15.062600321027269,True
194,2,33.293090,14.285714|17.000000,14.987158908507206,0.8964414512642003,True,14.999999999999982,False,14.987158908507206,True,14.964686998394846,True,14.963081861958248,True
195,2,34.259196,14.285714|18.000000,15.050829320492225,0.8953236717673128,True,15.142857142857125,False,15.050829320492225,True,15.025682182985534,True,15.02033172819688,True
196,2,34.486110,14.428571|17.857143,15.070626003210254,0.8933489086161022,True,15.142857142857125,False,15.070626003210254,True,15.05992509363294,True,15.047619047619028,True
197,2,35.647570,14.571429|18.714286,15.08346709470303,0.8936624401044754,True,15.142857142857125,False,15.08346709470303,True,15.07116104868912,True,15.072231139646853,True
198,2,35.782146,14.571429|19.000000,15.069020866773657,0.8906032222555714,True,15.142857142857125,False,15.069020866773657,True,15.02889245585873,True,15.028357410379865,True
199,2,34.399995,14.571429|17.714286,15.218833600856055,0.8932641116586022,True,15.285714285714267,False,15.218833600856055,True,15.20064205457462,True,15.199036918138024,True
200,2,34.431689,14.428571|18.571429,15.359550561797732,0.8968087732351016,True,15.57142857142855,False,15.359550561797732,True,15.346174424826094,True,15.324237560192596,True
201,2,34.505326,14.571429|17.714286,15.218833600856055,0.8949548028255404,True,15.285714285714267,False,15.218833600856055,True,15.195826645264829,True,15.188871054039575,True
202,2,33.355436,14.428571|17.714286,15.400749063670391,0.8907416671256057,True,15.57142857142855,False,15.400749063670391,True,15.324772605671464,True,15.323167469234866,True
203,2,33.300511,14.428571|17.142857,15.252006420545728,0.8939029739874398,True,15.285714285714267,False,15.252006420545728,True,15.190476190476172,True,15.192616372391635,True
204,2,34.327595,14.285714|18.714286,14.965757089352577,0.8916742954222645,True,15.142857142857125,False,14.965757089352577,True,14.945425361155682,True,14.940074906367023,True
205,2,34.431689,14.285714|18.000000,15.064740502942731,0.8910140187166989,True,15.142857142857125,False,15.064740502942731,True,15.027287319422133,True,15.026752273943266,True
206,2,35.698449,14.571429|19.142857,15.153558052434438,0.8909214328821818,True,15.285714285714267,False,15.153558052434438,True,15.136436597110738,True,15.13590155163187,True
207,2,34.297490,14.428571|18.142857,15.026752273943266,0.8937773934070018,True,15.142857142857125,False,15.026752273943266,True,15.004815409309773,True,15.002140181915445,True
208,2,34.459301,14.571429|18.285714,15.378277153558033,0.893549975640424,True,15.42857142857141,False,15.378277153558033,True,15.293204922418385,True,15.28785446762973,True
209,2,34.440085,14.428571|18.000000,15.124130551096826,0.8948565683918055,True,15.285714285714267,False,15.124130551096826,True,15.119315141787034,True,15.119315141787034,True
210,2,34.315118,14.428571|18.000000,15.124130551096826,0.8978178567114541,True,15.285714285714267,False,15.124130551096826,True,15.124130551096826,True,15.121455323702497,True
211,2,34.646074,14.428571|18.000000,15.003745318352042,0.8918895396434853,True,15.142857142857125,False,15.003745318352042,True,14.984483681112877,True,14.986088817549472,True
212,2,34.315118,14.285714|18.142857,14.964686998394846,0.8903178710700459,True,15.142857142857125,False,14.964686998394846,True,14.957196361690727,True,14.957196361690727,True
213,2,34.397104,14.428571|18.285714,15.252006420545728,0.8952920334234613,True,15.285714285714267,False,15.252006420545728,True,15.226324237560174,True,15.220973782771518,True
214,2,34.147500,14.142857|18.285714,14.90315676832529,0.8916318521059026,True,14.999999999999982,False,14.90315676832529,True,14.881219903691797,True,14.881754949170661,True
215,2,34.397104,14.571429|17.857143,15.125200642054558,0.8940747034505067,True,15.285714285714267,False,15.125200642054558,True,15.127875869448886,True,15.12734082397002,True
216,2,34.315118,14.428571|18.000000,15.204387372926682,0.8900051018591427,True,15.42857142857141,False,15.204387372926682,True,15.196361690743693,True,15.195826645264829,True
217,2,33.300511,14.714286|17.142857,15.460139111824486,0.8905732735295372,True,15.57142857142855,False,15.460139111824486,True,15.41252006420544,True,15.406634563937917,True
218,2,34.241567,14.428571|17.428571,15.113964686998377,0.8938759013965942,True,15.285714285714267,False,15.113964686998377,True,15.101658640984466,True,15.097913322632404,True
219,2,34.474670,14.428571|18.285714,15.04975922953449,0.893117408331382,True,15.142857142857125,False,15.04975922953449,True,15.01765650080255,True,15.004815409309774,True
220,2,34.440085,14.428571|18.000000,15.15088282504011,0.8966905556792474,True,15.285714285714267,False,15.15088282504011,True,15.136436597110734,True,15.140181915462795,True
221,2,33.249658,14.285714|17.142857,15.18459069020865,0.8945996913221499,True,15.285714285714267,False,15.18459069020865,True,15.13483146067414,True,15.12841091492775,True
222,2,34.486110,14.285714|17.857143,14.740502942750116,0.8900383756552381,True,14.85714285714284,False,14.740502942750116,True,14.726056714820743,True,14.711610486891368,True
223,2,33.772521,14.142857|17.285714,15.01391118245049,0.8905736094287722,True,15.142857142857125,False,15.01391118245049,True,14.97645799892989,True,14.965757089352577,True
224,2,33.758985,14.428571|17.571429,15.264312466559637,0.8925447701671518,True,15.42857142857141,False,15.264312466559637,True,15.23167469234883,True,15.231139646869966,True
225,2,32.893105,14.142857|16.571429,15.006955591225237,0.8928339423087935,True,15.142857142857125,False,15.006955591225237,True,14.94435527019795,True,14.947565543071144,True
226,2,35.853479,14.571429|19.285714,15.154093097913304,0.8918659850942269,True,15.285714285714267,False,15.154093097913304,True,15.13964686998393,True,15.141787051899392,True
227,2,34.412473,14.285714|18.571429,15.152487961476707,0.8947165489324723,True,15.285714285714267,False,15.152487961476707,True,15.139111824505065,True,15.141787051899392,True
228,2,33.298701,14.285714|17.000000,15.007490636704102,0.8902983678266089,True,15.142857142857125,False,15.007490636704102,True,14.947565543071143,True,14.942750133761352,True
229,2,34.288615,14.428571|18.142857,15.23542001070089,0.8919036987752884,True,15.42857142857141,False,15.23542001070089,True,15.226324237560172,True,15.229534510433368,True
230,2,34.315118,14.428571|17.857143,14.980738362760817,0.893675897919293,True,15.142857142857125,False,14.980738362760817,True,14.980738362760817,True,14.973247726056698,True
231,2,34.533138,14.428571|18.714286,15.00642054574637,0.890860364349258,True,15.142857142857125,False,15.00642054574637,True,14.978063135366488,True,14.978063135366488,True
232,2,34.646074,14.571429|18.000000,15.136436597110736,0.8912298419675316,True,15.142857142857125,False,15.136436597110736,True,15.11235955056178,True,15.11235955056178,True
233,2,34.147500,14.428571|17.285714,15.027822364900999,0.894555038831529,True,15.142857142857125,False,15.027822364900999,True,15.027822364900999,True,15.022471910112339,True
234,2,33.772521,14.285714|17.285714,15.094703049759211,0.8945226551103883,True,15.142857142857125,False,15.094703049759211,True,15.04975922953449,True,15.039593365436044,True
235,2,33.731881,14.428571|17.857143,15.365971107544123,0.8987877154887141,True,15.42857142857141,False,15.365971107544123,True,15.324772605671464,True,15.324772605671464,True
236,2,34.352948,14.571429|18.571429,15.380417335473494,0.8957592247328321,True,15.42857142857141,False,15.380417335473494,True,15.36383092562866,True,15.363830925628656,True
237,2,34.513921,14.571429|18.571429,15.24558587479934,0.8915742578826666,True,15.285714285714267,False,15.24558587479934,True,15.191011235955036,True,15.189941144997304,True
238,2,34.075681,14.428571|17.285714,15.11342964151951,0.8957685295800343,True,15.142857142857125,False,15.11342964151951,True,15.092027822364884,True,15.09149277688602,True
239,2,34.268071,14.428571|18.142857,15.082397003745301,0.8919321223314163,True,15.285714285714267,False,15.082397003745301,True,15.078116639914375,True,15.080256821829837,True
240,2,34.397104,14.428571|18.428571,15.222578919208113,0.8908962342800367,True,15.42857142857141,False,15.222578919208113,True,15.21294810058853,True,15.211342964151935,True
241,2,34.647306,14.571429|18.714286,15.316211878009613,0.8924228444491977,True,15.42857142857141,False,15.316211878009613,True,15.295345104333851,True,15.299625468164777,True
242,2,34.440085,14.571429|18.000000,15.097913322632406,0.8941332102352787,True,15.142857142857125,False,15.097913322632406,True,15.077046548956643,True,15.076511503477775,True
243,2,34.384626,14.285714|18.142857,14.993579454253593,0.894801260891805,True,15.142857142857125,False,14.993579454253593,True,14.981273408239684,True,14.976993044408758,True
244,2,34.498552,14.428571|18.571429,15.033707865168521,0.8952172136675812,True,15.142857142857125,False,15.033707865168521,True,15.02033172819688,True,15.02033172819688,True
245,2,33.249658,14.428571|17.000000,15.29534510433385,0.891872304678534,True,15.285714285714267,False,15.29534510433385,True,15.235420010700892,True,15.227929373996773,True
246,2,34.412473,14.428571|17.714286,15.006955591225237,0.8917918353280605,True,15.142857142857125,False,15.006955591225237,True,14.975922953451025,True,14.978598180845353,True
247,2,34.327595,14.285714|18.142857,15.036918138041717,0.8926465158703171,True,15.142857142857125,False,15.036918138041717,True,15.036918138041715,True,15.019796682718015,True
248,2,34.646074,14.428571|18.000000,14.963616907437114,0.892138947252928,True,15.142857142857125,False,14.963616907437114,True,14.948635634028877,True,14.94060995184589,True
249,2,32.707029,14.285714|16.714286,15.177100053504528,0.8910559378015346,True,15.285714285714267,False,15.177100053504528,True,15.142857142857125,True,15.133761369716407,True
250,2,33.234716,14.285714|17.285714,15.17335473515247,0.892645159212813,True,15.285714285714267,False,15.17335473515247,True,15.127875869448886,True,15.125735687533423,True
251,2,34.721552,14.428571|17.428571,14.788121990369165,0.8924767628243311,True,14.85714285714284,False,14.788121990369165,True,14.772605671482058,True,14.774210807918656,True
252,2,34.486110,14.428571|18.428571,15.117710005350437,0.8949473214294557,True,15.285714285714267,False,15.117710005350437,True,15.079186730872106,True,15.07116104868912,True
253,2,33.788756,14.428571|17.285714,15.070626003210256,0.8945201101450388,True,15.142857142857125,False,15.070626003210256,True,15.057249866238612,True,15.056179775280881,True
254,2,35.344351,14.571429|18.571429,15.065810593900462,0.8900586503703094,True,15.142857142857125,False,15.065810593900462,True,15.040128410914908,True,15.028357410379865,True
255,2,34.440085,14.428571|18.571429,15.281968967362207,0.8927292965288899,True,15.42857142857141,False,15.281968967362207,True,15.274478330658088,True,15.274478330658088,True
256,2,34.315118,14.428571|18.000000,15.09737827715354,0.8922926579515569,True,15.285714285714267,False,15.09737827715354,True,15.092027822364882,True,15.092027822364882,True
257,2,33.753728,14.571429|17.571429,15.425361155698218,0.892495402749006,True,15.57142857142855,False,15.425361155698218,True,15.382022471910092,True,15.362225789192063,True
258,2,33.026044,14.428571|16.857143,15.156233279828767,0.8964169064806223,True,15.285714285714267,False,15.156233279828767,True,15.104333868378795,True,15.099518459069001,True
259,2,34.252987,14.571429|17.428571,15.331193151417851,0.8940851643454034,True,15.42857142857141,False,15.331193151417851,True,15.281433921883343,True,15.275548421615818,True
260,2,34.178550,14.428571|17.142857,14.93686463349383,0.8975978136405133,True,14.999999999999982,False,14.93686463349383,True,14.920278223648992,True,14.9170679507758,True
261,2,33.300511,14.285714|17.000000,15.007490636704102,0.8958937513307426,True,15.142857142857125,False,15.007490636704102,True,14.963081861958248,True,14.961476725521651,True
262,2,34.440085,14.428571|18.000000,14.97699304440876,0.89446359828622,True,14.999999999999982,False,14.97699304440876,True,14.94168004280362,True,14.940074906367023,True
263,2,33.210559,14.428571|17.000000,15.189406099518441,0.8942848190916564,True,15.285714285714267,False,15.189406099518441,True,15.170144462279275,True,15.169609416800409,True
264,2,34.459301,14.428571|17.857143,15.173354735152468,0.8965727851531748,True,15.285714285714267,False,15.173354735152468,True,15.13483146067414,True,15.123060460139092,True
265,2,35.647570,14.571429|19.285714,15.118780096308168,0.8901897792073075,True,15.142857142857125,False,15.118780096308168,True,15.082397003745301,True,15.07383627608345,True
266,2,32.942161,14.285714|16.714286,15.104333868378793,0.893654280699721,True,15.142857142857125,False,15.104333868378793,True,15.082932049224164,True,15.082932049224164,True
267,2,34.721552,14.714286|18.000000,15.268057784911699,0.8912118164942013,True,15.285714285714267,False,15.268057784911699,True,15.210272873194201,True,15.203852327447814,True
268,2,34.327595,14.285714|18.142857,14.97913322632422,0.8917024525552004,True,15.142857142857125,False,14.97913322632422,True,14.978063135366488,True,14.97538790797216,True
269,2,34.817975,14.428571|18.000000,15.030497592295328,0.894370940367949,True,15.142857142857125,False,15.030497592295328,True,14.995719636169056,True,14.996789727126787,True
270,2,35.937176,14.571429|19.285714,15.136436597110736,0.8913236592478467,True,15.285714285714267,False,15.136436597110736,True,15.098983413590137,True,15.094703049759213,True
271,2,33.652450,14.285714|17.571429,15.122525414660227,0.8941616872466197,True,15.285714285714267,False,15.122525414660227,True,15.104333868378795,True,15.105403959336526,True
272,2,33.850064,14.285714|17.571429,15.257891920813252,0.8926966241140427,True,15.42857142857141,False,15.257891920813252,True,15.235955056179755,True,15.235955056179755,True
273,2,34.384626,14.428571|18.571429,15.064740502942733,0.8948149303095101,True,15.142857142857125,False,15.064740502942733,True,15.049224184055626,True,15.047084002140165,True
274,2,33.210559,14.285714|16.571429,14.970572498662369,0.8962518068713915,True,14.999999999999982,False,14.970572498662369,True,14.945960406634546,True,14.941144997324756,True
275,2,34.399995,14.428571|18.142857,15.179775280898859,0.8941128507746001,True,15.285714285714267,False,15.179775280898859,True,15.14339218833599,True,15.14339218833599,True
276,2,34.505326,14.428571|18.285714,14.963081861958248,0.8947430240705172,True,14.999999999999982,False,14.963081861958248,True,14.954521134296398,True,14.950240770465474,True
277,2,35.221012,14.428571|18.714286,15.199036918138024,0.890641452454624,True,15.285714285714267,False,15.199036918138024,True,15.183520599250919,True,15.18459069020865,True
278,2,34.226484,14.285714|17.857143,15.168539325842678,0.8947743084912994,True,15.285714285714267,False,15.168539325842678,True,15.168539325842678,True,15.166934189406081,True
279,2,34.252987,14.285714|17.714286,14.991974317816997,0.8925155870813154,True,15.142857142857125,False,14.991974317816997,True,14.991974317816997,True,14.993044408774727,True
280,2,34.399995,14.428571|18.285714,15.194221508828232,0.8960029406985657,True,15.285714285714267,False,15.194221508828232,True,15.175494917067931,True,15.170144462279275,True
281,2,33.026044,14.285714|16.857143,15.133226324237542,0.8910790982567207,True,15.142857142857125,False,15.133226324237542,True,15.062065275548404,True,15.060460139111807,True
282,2,34.315118,14.428571|17.571429,15.02889245585873,0.8943746195474961,True,15.142857142857125,False,15.02889245585873,True,15.01765650080255,True,15.02033172819688,True
283,2,32.137371,14.000000|16.285714,15.027287319422133,0.8914130090223381,True,15.142857142857125,False,15.027287319422133,True,15.011235955056163,True,15.011235955056163,True
284,2,34.315118,14.285714|17.428571,14.886035313001587,0.8988968212536708,True,14.999999999999982,False,14.886035313001587,True,14.886035313001587,True,14.867843766720153,True
285,2,34.412473,14.428571|17.857143,15.173354735152468,0.8959531518031861,True,15.285714285714267,False,15.173354735152468,True,15.173354735152468,True,15.162653825575156,True
286,2,34.297490,14.428571|17.571429,15.111289459604048,0.8913321087218531,True,15.142857142857125,False,15.111289459604048,True,15.09363295880148,True,15.092562867843748,True
287,2,34.533138,14.428571|17.714286,14.93311931514177,0.8925421024605908,True,14.999999999999982,False,14.93311931514177,True,14.912787586944873,True,14.905831995719618,True
288,2,34.646074,14.428571|18.428571,15.162653825575156,0.8905363458346041,True,15.285714285714267,False,15.162653825575156,True,15.12734082397002,True,15.12734082397002,True
289,2,34.533138,14.428571|18.571429,15.219903691813785,0.8925154439817519,True,15.42857142857141,False,15.219903691813785,True,15.217228464419454,True,15.208667736757606,True
290,2,35.676651,14.428571|18.714286,15.00642054574637,0.8900198671328372,True,15.142857142857125,False,15.00642054574637,True,14.968967362225772,True,14.965757089352577,True
291,2,33.758985,14.571429|18.000000,15.637239165329031,0.8922653199795155,True,15.714285714285692,False,15.637239165329031,True,15.568753344034224,True,15.560727661851239,True
292,2,34.721552,14.428571|18.571429,15.064740502942733,0.8938976125218624,True,15.142857142857125,False,15.064740502942733,True,15.030497592295328,True,15.030497592295328,True
293,2,34.744810,14.571429|17.857143,15.100588550026735,0.8907980231327652,True,15.142857142857125,False,15.100588550026735,True,15.086677367576225,True,15.077046548956643,True
294,2,34.055530,14.428571|17.285714,15.241840556447281,0.8916093197159872,True,15.285714285714267,False,15.241840556447281,True,15.194221508828232,True,15.192616372391633,True
295,2,34.370576,14.285714|18.000000,15.036918138041715,0.8956250941104349,True,15.142857142857125,False,15.036918138041715,True,15.02889245585873,True,15.021936864633476,True
296,2,33.489547,14.428571|17.000000,15.131621187800945,0.8920562482534888,True,15.285714285714267,False,15.131621187800945,True,15.086677367576225,True,15.084002140181898,True
297,2,33.635468,14.428571|17.428571,15.215088282503995,0.8910040138352475,True,15.285714285714267,False,15.215088282503995,True,15.180310326377723,True,15.171214553237007,True
298,2,34.397104,14.428571|18.000000,15.217763509898324,0.8951384956270068,True,15.285714285714267,False,15.217763509898324,True,15.175494917067931,True,15.164794007490618,True
299,2,34.282406,14.428571|18.428571,15.372391653290514,0.8937317024139103,True,15.57142857142855,False,15.372391653290514,True,15.369181380417318,True,15.36490101658639,True
300,2,32.934148,14.142857|17.000000,15.063135366506136,0.8906738062555092,True,15.142857142857125,False,15.063135366506136,True,15.02889245585873,True,15.02407704654894,True
301,2,32.012425,14.142857|15.714286,14.8608881754949,0.8922652422653045,True,14.85714285714284,False,14.8608881754949,True,14.830925628678422,True,14.819154628143373,True
302,2,33.300511,14.285714|17.571429,15.220973782771518,0.8907150173711905,True,15.285714285714267,False,15.220973782771518,True,15.18673087212411,True,15.176565008025664,True
303,2,35.365688,14.571429|18.428571,15.019261637239147,0.8903474719959402,True,15.142857142857125,False,15.019261637239147,True,15.001605136436579,True,15.001605136436579,True
304,2,34.412473,14.285714|18.285714,15.10968432316745,0.8963365290111868,True,15.285714285714267,False,15.10968432316745,True,15.078651685393242,True,15.079186730872106,True
305,2,33.300511,14.285714|17.285714,15.12841091492775,0.8901873702481033,True,15.285714285714267,False,15.12841091492775,True,15.10219368646333,True,15.098448368111272,True
306,2,35.591373,14.571429|18.428571,15.091492776886017,0.8920053021929334,True,15.142857142857125,False,15.091492776886017,True,15.087212413055092,True,15.089352594970553,True
307,2,33.249658,14.428571|17.142857,15.252006420545728,0.8938961561892409,True,15.285714285714267,False,15.252006420545728,True,15.200107009095754,True,15.190476190476172,True
308,2,34.505326,14.571429|17.857143,15.063670411985001,0.8909529108211266,True,15.142857142857125,False,15.063670411985001,True,15.044408774745836,True,15.043873729266972,True
309,2,34.440085,14.285714|18.714286,15.148207597645783,0.8926628722496811,True,15.285714285714267,False,15.148207597645783,True,15.142857142857125,True,15.134296415195273,True
310,2,32.982974,14.285714|17.000000,15.170144462279275,0.894379686813303,True,15.285714285714267,False,15.170144462279275,True,15.143927233814857,True,15.139111824505065,True
311,2,34.440085,14.428571|18.571429,15.219903691813785,0.898176764453837,True,15.285714285714267,False,15.219903691813785,True,15.150347779561242,True,15.142857142857125,True
312,2,33.489547,14.571429|16.428571,15.107009095773122,0.8918730151672299,True,15.142857142857125,False,15.107009095773122,True,15.090422685928287,True,15.08132691278757,True
313,2,33.210559,14.285714|17.428571,15.227394328517905,0.892111753763945,True,15.285714285714267,False,15.227394328517905,True,15.195826645264829,True,15.19689673622256,True
314,2,34.721552,14.428571|18.285714,15.035313001605118,0.890846783191391,True,15.142857142857125,False,15.035313001605118,True,15.027822364900999,True,15.027822364900999,True
315,2,33.942385,14.285714|18.000000,15.217763509898324,0.8974850680212331,True,15.285714285714267,False,15.217763509898324,True,15.195291599785964,True,15.195291599785964,True
316,2,34.817975,14.571429|18.285714,15.183520599250919,0.8907844778379195,True,15.285714285714267,False,15.183520599250919,True,15.15462814339217,True,15.143927233814855,True
317,2,34.268071,14.428571|18.285714,15.252006420545728,0.8970383164725609,True,15.42857142857141,False,15.252006420545728,True,15.244515783841608,True,15.233814874264292,True
318,2,34.397104,14.285714|17.428571,14.921348314606725,0.892699476192843,True,14.999999999999982,False,14.921348314606725,True,14.912252541466007,True,14.912252541466007,True
319,2,35.647570,14.571429|19.428571,15.26270733012304,0.8902157281580498,True,15.42857142857141,False,15.26270733012304,True,15.224184055644711,True,15.219903691813785,True
320,2,34.315118,14.428571|18.142857,15.096308186195808,0.8931500452294265,True,15.285714285714267,False,15.096308186195808,True,15.096308186195808,True,15.096308186195808,True
321,2,34.440085,14.428571|18.285714,15.194221508828232,0.8904240783908723,True,15.285714285714267,False,15.194221508828232,True,15.177635098983396,True,15.170144462279275,True
322,2,34.440085,14.285714|18.428571,14.890850722311379,0.8946846481550348,True,14.999999999999982,False,14.890850722311379,True,14.873729266987677,True,14.871589085072214,True
323,2,32.944288,14.285714|16.714286,15.067950775815927,0.8956471538987971,True,15.142857142857125,False,15.067950775815927,True,15.04868913857676,True,15.048154093097894,True
324,2,35.689748,14.428571|19.428571,14.9903691813804,0.893270282937023,True,14.999999999999982,False,14.9903691813804,True,14.933119315141768,True,14.932584269662902,True
325,2,33.750674,14.142857|17.571429,14.977528089887624,0.8918733803312373,True,15.142857142857125,False,14.977528089887624,True,14.950775815944338,True,14.950775815944336,True
326,2,35.256474,14.571429|18.714286,15.25414660246119,0.89261506856814,True,15.42857142857141,False,15.25414660246119,True,15.238630283574086,True,15.229534510433368,True
327,2,34.147500,14.285714|17.142857,14.89566613162117,0.8967282749679073,True,14.999999999999982,False,14.89566613162117,True,14.865168539325825,True,14.865168539325825,True
328,2,34.221828,14.285714|17.857143,15.074906367041182,0.8913495871643945,True,15.142857142857125,False,15.074906367041182,True,15.059390048154073,True,15.052434456928822,True
329,2,33.850064,14.428571|17.857143,15.25040128410913,0.8944248272441709,True,15.42857142857141,False,15.25040128410913,True,15.23809523809522,True,15.229534510433368,True
330,2,34.297490,14.142857|17.857143,14.90797217763508,0.8961056336609288,True,14.999999999999982,False,14.90797217763508,True,14.9154628143392,True,14.91064740502941,True
331,2,34.226484,14.428571|16.857143,14.810593900481525,0.8920639516785879,True,14.85714285714284,False,14.810593900481525,True,14.785446762974837,True,14.782771535580506,True
332,2,34.474670,14.428571|17.857143,14.916532905296933,0.893265223550115,True,14.999999999999982,False,14.916532905296933,True,14.895131086142305,True,14.896736222578902,True
333,2,34.389793,14.285714|18.428571,15.06153023006954,0.8941718805217989,True,15.142857142857125,False,15.06153023006954,True,15.046013911182433,True,15.048154093097894,True
334,2,34.486110,14.714286|18.000000,15.194221508828232,0.8904350367652492,True,15.285714285714267,False,15.194221508828232,True,15.164794007490618,True,15.159978598180826,True
335,2,33.561093,14.285714|16.857143,14.988764044943803,0.892261464919516,True,14.999999999999982,False,14.988764044943803,True,14.955056179775262,True,14.951845906902069,True
336,2,34.004559,14.428571|18.142857,15.291064740502923,0.8925280740670296,True,15.42857142857141,False,15.291064740502923,True,15.27180310326376,True,15.268592830390563,True
337,2,34.720990,14.428571|18.428571,15.102728731942197,0.8926899941353693,True,15.142857142857125,False,15.102728731942197,True,15.07758159443551,True,15.073301230604583,True
338,2,33.249658,14.285714|17.428571,15.192081326912769,0.8939833145505707,True,15.285714285714267,False,15.192081326912769,True,15.175494917067933,True,15.163188871054022,True
339,2,34.646074,14.428571|17.714286,15.019261637239147,0.8903795969833819,True,15.142857142857125,False,15.019261637239147,True,15.00802568218297,True,15.004815409309774,True
340,2,33.300511,14.428571|17.000000,15.218298555377189,0.8951352395598171,True,15.285714285714267,False,15.218298555377189,True,15.172819689673604,True,15.166934189406081,True
341,2,34.474670,14.428571|17.714286,15.006955591225237,0.8945771609999358,True,15.142857142857125,False,15.006955591225237,True,14.981808453718546,True,14.980738362760817,True
342,2,34.397104,14.428571|18.428571,15.102728731942197,0.8951338669683747,True,15.285714285714267,False,15.102728731942197,True,15.095238095238077,True,15.085607276618493,True
343,2,32.934148,14.285714|16.857143,15.16211878009629,0.8941036858819797,True,15.285714285714267,False,15.16211878009629,True,15.099518459069003,True,15.096843231674676,True
344,2,33.489547,14.428571|17.285714,15.22043873729265,0.8918443861461758,True,15.285714285714267,False,15.22043873729265,True,15.180310326377722,True,15.175494917067933,True
345,2,34.212953,14.285714|18.285714,15.15462814339217,0.8914796995781029,True,15.285714285714267,False,15.15462814339217,True,15.147137506688049,True,15.148742643124647,True
346,2,35.116515,14.571429|18.571429,15.215623327982861,0.8933742297651067,True,15.285714285714267,False,15.215623327982861,True,15.199571963616888,True,15.200107009095753,True
347,2,33.232935,14.285714|16.857143,15.075441412520046,0.8932270550403921,True,15.142857142857125,False,15.075441412520046,True,15.04119850187264,True,15.035848047083984,True
348,2,34.721552,14.857143|18.142857,15.423220973782751,0.8912154218682304,True,15.57142857142855,False,15.423220973782751,True,15.382557517388957,True,15.375601926163705,True
349,2,34.004559,14.571429|17.857143,15.49438202247189,0.8971511264930484,True,15.57142857142855,False,15.49438202247189,True,15.468699839486339,True,15.459604066345618,True
350,2,34.206744,14.428571|17.857143,15.160513643659693,0.8978271189321015,True,15.285714285714267,False,15.160513643659693,True,15.159443552701962,True,15.151952915997843,True
351,2,34.646074,14.428571|18.000000,14.990369181380402,0.8949177399246047,True,15.142857142857125,False,14.990369181380402,True,14.963616907437116,True,14.963616907437116,True
352,2,33.753728,14.428571|17.714286,15.36383092562866,0.8938815861647641,True,15.42857142857141,False,15.36383092562866,True,15.280363830925609,True,15.273408239700357,True
353,2,34.474670,14.428571|17.571429,15.040663456393776,0.8928178188215201,True,15.142857142857125,False,15.040663456393776,True,15.039593365436044,True,15.034242910647386,True
354,2,33.293090,14.571429|16.428571,15.107009095773122,0.8917614131442971,True,15.142857142857125,False,15.107009095773122,True,15.038523274478313,True,15.031032637774194,True
355,2,35.054024,14.571429|18.857143,15.213483146067398,0.8935131363115104,True,15.285714285714267,False,15.213483146067398,True,15.2118780096308,True,15.207597645799874,True
356,2,34.315118,14.428571|18.142857,15.165864098448349,0.8926051608021633,True,15.285714285714267,False,15.165864098448349,True,15.166934189406081,True,15.159443552701962,True
357,2,34.440085,14.428571|18.142857,15.068485821294791,0.892012453484346,True,15.142857142857125,False,15.068485821294791,True,15.036918138041715,True,15.038523274478313,True
358,2,33.489547,14.285714|17.714286,15.300160513643641,0.892722691524965,True,15.42857142857141,False,15.300160513643641,True,15.23916532905295,True,15.232744783306563,True
359,2,36.236201,14.571429|18.857143,15.085072231139629,0.8910691842029184,True,15.142857142857125,False,15.085072231139629,True,15.079186730872106,True,15.066880684858193,True
360,2,34.147500,14.428571|18.142857,15.193686463349366,0.89667111293797,True,15.285714285714267,False,15.193686463349366,True,15.153023006955573,True,15.152487961476707,True
361,2,34.721552,14.428571|18.285714,15.064205457463867,0.8908174889466532,True,15.142857142857125,False,15.064205457463867,True,15.021936864633476,True,15.015516318887087,True
362,2,34.440085,14.428571|17.571429,14.922953451043321,0.8916984408563413,True,14.999999999999982,False,14.922953451043321,True,14.91064740502941,True,14.90583199571962,True
363,2,33.850064,14.428571|17.714286,15.26538255751737,0.8903719500196727,True,15.285714285714267,False,15.26538255751737,True,15.177100053504528,True,15.175494917067931,True
364,2,34.315118,14.571429|18.428571,15.163723916532886,0.8941837754953438,True,15.285714285714267,False,15.163723916532886,True,15.163723916532886,True,15.16479400749062,True
365,2,33.210559,14.285714|16.857143,15.094703049759211,0.894883649842112,True,15.142857142857125,False,15.094703049759211,True,15.019261637239147,True,15.009630818619565,True
366,2,34.178550,14.428571|17.857143,15.32744783306579,0.8949531389545775,True,15.42857142857141,False,15.32744783306579,True,15.304975922953432,True,15.308721241305491,True
367,2,35.488419,14.571429|18.857143,15.165329052969485,0.890791448823681,True,15.285714285714267,False,15.165329052969485,True,15.14339218833599,True,15.13964686998393,True
368,2,34.544577,14.428571|17.714286,14.957731407169591,0.8921357331628778,True,14.999999999999982,False,14.957731407169591,True,14.94275013376135,True,14.941680042803622,True
369,2,32.944288,14.142857|16.857143,15.027287319422133,0.8971536841472371,True,15.142857142857125,False,15.027287319422133,True,14.982343499197412,True,14.97645799892989,True
370,2,34.357014,14.285714|18.285714,15.15462814339217,0.8960395087503369,True,15.285714285714267,False,15.15462814339217,True,15.144997324772588,True,15.144997324772588,True
371,2,35.116515,14.571429|18.000000,14.99518459069019,0.8912402238146785,True,15.142857142857125,False,14.99518459069019,True,14.96308186195825,True,14.962011771000517,True
372,2,34.646636,14.428571|18.428571,15.012841091492758,0.8919992391215433,True,15.142857142857125,False,15.012841091492758,True,14.967362225789174,True,14.958801498127324,True
373,2,34.399995,14.285714|18.285714,15.18459069020865,0.8921371020739409,True,15.285714285714267,False,15.18459069020865,True,15.174959871589069,True,15.169074371321544,True
374,2,34.459301,14.285714|17.428571,14.980203317281951,0.8977788943477892,True,15.142857142857125,False,14.980203317281951,True,14.952915997859801,True,14.952915997859801,True
375,2,35.647570,14.285714|18.714286,14.79989299090421,0.8923876046187412,True,14.85714285714284,False,14.79989299090421,True,14.797217763509883,True,14.799357945425344,True
376,2,34.474670,14.571429|18.571429,15.320492241840537,0.895119601520039,True,15.42857142857141,False,15.320492241840537,True,15.281433921883343,True,15.268592830390565,True
377,2,34.192081,14.428571|18.000000,15.25789192081325,0.8943378482512523,True,15.42857142857141,False,15.25789192081325,True,15.246120920278203,True,15.242375601926145,True
378,2,34.618262,14.571429|18.285714,15.044408774745836,0.8917814796717902,True,15.142857142857125,False,15.044408774745836,True,15.024612092027805,True,15.023542001070071,True
379,2,34.721552,14.428571|17.428571,15.024077046548939,0.8924354272401853,True,15.142857142857125,False,15.024077046548939,True,15.013376136971624,True,15.016051364365953,True
380,2,34.646074,14.285714|18.571429,15.136436597110734,0.8924450020124384,True,15.285714285714267,False,15.136436597110734,True,15.113429641519511,True,15.109149277688584,True
381,2,34.848567,14.714286|17.714286,15.174959871589067,0.8914640327512309,True,15.285714285714267,False,15.174959871589067,True,15.14606741573032,True,15.13964686998393,True
382,2,34.004559,14.285714|18.000000,15.134296415195275,0.8939330925106517,True,15.285714285714267,False,15.134296415195275,True,15.123060460139094,True,15.123060460139094,True
383,2,33.702905,14.285714|17.714286,15.235955056179757,0.8902419580446874,True,15.285714285714267,False,15.235955056179757,True,15.18940609951844,True,15.176565008025664,True
384,2,34.440085,14.428571|17.571429,14.970037453183503,0.8910502272807822,True,14.999999999999982,False,14.970037453183503,True,14.947030497592278,True,14.947030497592278,True
385,2,35.676651,14.428571|19.000000,14.976457998929892,0.8929010170886301,True,14.999999999999982,False,14.976457998929892,True,14.941144997324757,True,14.937399678972696,True
386,2,34.355207,14.428571|18.142857,15.179775280898859,0.8904576038046552,True,15.285714285714267,False,15.179775280898859,True,15.14981273408238,True,15.144997324772588,True
387,2,34.720320,14.428571|18.142857,15.165864098448349,0.8937584726168741,True,15.285714285714267,False,15.165864098448349,True,15.155698234349902,True,15.151952915997843,True
388,2,33.120784,14.285714|16.857143,15.229534510433368,0.8940230396202568,True,15.285714285714267,False,15.229534510433368,True,15.178170144462262,True,15.173354735152468,True
389,2,34.505326,14.571429|17.714286,15.136436597110736,0.891168046421551,True,15.142857142857125,False,15.136436597110736,True,15.078651685393242,True,15.07597645799891,True
390,2,33.232935,14.571429|16.857143,15.359015516318868,0.8948409050053885,True,15.42857142857141,False,15.359015516318868,True,15.305510968432298,True,15.30283574103797,True
391,2,34.646074,14.571429|18.142857,15.146602461209184,0.8900675504326642,True,15.285714285714267,False,15.146602461209184,True,15.115034777956108,True,15.115569823434972,True
392,2,34.920501,14.428571|18.285714,14.948635634028875,0.893931486856678,True,15.142857142857125,False,14.948635634028875,True,14.938469769930427,True,14.933654360620636,True
393,2,33.962568,14.571429|18.000000,15.585874799357926,0.8964746388091704,True,15.714285714285692,False,15.585874799357926,True,15.554842161583712,True,15.543606206527533,True
394,2,33.210559,14.285714|17.142857,15.131086142322081,0.8916910069914228,True,15.285714285714267,False,15.131086142322081,True,15.124130551096826,True,15.115569823434972,True
395,2,34.793486,14.428571|18.428571,15.027822364900999,0.8934077766514199,True,15.142857142857125,False,15.027822364900999,True,15.01016586409843,True,15.00802568218297,True
396,2,32.656938,14.142857|16.428571,15.033172819689655,0.8918378194315616,True,15.142857142857125,False,15.033172819689655,True,14.990369181380402,True,14.981808453718548,True
397,2,33.148678,14.285714|17.000000,15.19047619047617,0.8918144430693867,True,15.285714285714267,False,15.19047619047617,True,15.157303370786497,True,15.148207597645783,True
398,2,34.920501,14.571429|18.000000,15.174959871589067,0.8942240173188617,True,15.285714285714267,False,15.174959871589067,True,15.14981273408238,True,15.144997324772588,True
399,2,35.720654,14.428571|18.714286,14.958266452648457,0.8917474587657437,True,15.142857142857125,False,14.958266452648457,True,14.970037453183503,True,14.969502407704637,True
400,2,33.772521,14.285714|17.714286,15.184590690208651,0.894572309520421,True,15.285714285714267,False,15.184590690208651,True,15.163723916532886,True,15.152487961476707,True
401,2,34.226484,14.428571|17.428571,15.012841091492758,0.891123783568066,True,15.142857142857125,False,15.012841091492758,True,15.017121455323688,True,15.014981273408221,True
402,2,34.440085,14.428571|17.857143,15.044943820224702,0.8928279530440526,True,15.142857142857125,False,15.044943820224702,True,15.018726591760283,True,15.017121455323686,True
403,2,35.467684,14.428571|18.571429,14.894060995184573,0.8910205925044786,True,14.999999999999982,False,14.894060995184573,True,14.885500267522723,True,14.88336008560726,True
404,2,35.344351,14.714286|18.857143,15.226324237560174,0.890714736564407,True,15.285714285714267,False,15.226324237560174,True,15.181380417335458,True,15.166399143927215,True
405,2,32.952410,14.142857|16.857143,15.04761904761903,0.893108971783623,True,15.142857142857125,False,15.04761904761903,True,15.00642054574637,True,15.00642054574637,True
406,2,34.206744,14.428571|17.428571,15.06902086677366,0.8908834282599494,True,15.142857142857125,False,15.06902086677366,True,15.060460139111807,True,15.062600321027269,True
407,2,35.170717,14.428571|18.571429,15.033707865168521,0.8942001730386749,True,15.142857142857125,False,15.033707865168521,True,15.021936864633474,True,15.01284109149276,True
408,2,32.922017,14.142857|16.571429,15.02514713750667,0.8910088153551814,True,15.142857142857125,False,15.02514713750667,True,14.971107544141235,True,14.97057249866237,True
409,2,33.772521,14.285714|18.000000,15.24558587479934,0.8905677401724768,True,15.42857142857141,False,15.24558587479934,True,15.229534510433368,True,15.232744783306563,True
410,2,34.440085,14.285714|18.285714,15.004815409309774,0.8958101599796578,True,15.142857142857125,False,15.004815409309774,True,14.971107544141233,True,14.971107544141233,True
411,2,34.357014,14.285714|18.142857,15.036918138041717,0.893003355228764,True,15.142857142857125,False,15.036918138041717,True,15.024612092027805,True,15.026217228464402,True
412,2,33.942385,14.428571|17.285714,15.231139646869966,0.8938088047114432,True,15.285714285714267,False,15.231139646869966,True,15.185660781166382,True,15.170144462279275,True
413,2,33.271360,14.428571|17.000000,15.2664526484751,0.8915947654054055,True,15.285714285714267,False,15.2664526484751,True,15.181915462814322,True,15.178705189941127,True
414,2,33.249658,14.428571|16.428571,15.08774745853396,0.8934314694609348,True,15.142857142857125,False,15.08774745853396,True,15.053504547886552,True,15.0449438202247,True
415,2,35.986499,14.428571|19.142857,15.099518459069003,0.8925445545850795,True,15.285714285714267,False,15.099518459069003,True,15.060995184590674,True,15.060995184590672,True
416,2,34.945411,14.428571|17.857143,14.813804173354718,0.8945036647355964,True,14.85714285714284,False,14.813804173354718,True,14.802568218298537,True,14.796147672552149,True
417,2,34.357014,14.428571|17.857143,15.070626003210254,0.8927140458965888,True,15.142857142857125,False,15.070626003210254,True,15.047084002140165,True,15.038523274478313,True
418,2,34.440085,14.285714|18.285714,15.034777956126254,0.8919728688900915,True,15.142857142857125,False,15.034777956126254,True,15.0090957731407,True,15.007490636704103,True
419,2,33.652450,14.285714|17.142857,15.066880684858193,0.8933171570513354,True,15.142857142857125,False,15.066880684858193,True,15.037453183520581,True,15.034242910647388,True
420,2,34.384626,14.428571|17.857143,14.993579454253593,0.893568020865703,True,15.142857142857125,False,14.993579454253593,True,14.98662386302834,True,14.985553772070608,True
421,2,34.607385,14.428571|18.000000,15.070626003210256,0.8933882590072169,True,15.142857142857125,False,15.070626003210256,True,15.043338683788104,True,15.045478865703567,True
422,2,34.147500,14.428571|17.571429,15.13483146067414,0.8913705559703987,True,15.285714285714267,False,15.13483146067414,True,15.104333868378793,True,15.103263777421063,True
423,2,33.293090,14.285714|17.285714,15.207062600321008,0.8932402736470728,True,15.285714285714267,False,15.207062600321008,True,15.126805778491153,True,15.126805778491153,True
424,2,34.440085,14.285714|18.428571,15.139111824505065,0.8950647675210645,True,15.285714285714267,False,15.139111824505065,True,15.105403959336526,True,15.105403959336526,True
425,2,34.440085,14.428571|18.285714,15.064205457463867,0.893441079344508,True,15.142857142857125,False,15.064205457463867,True,15.054574638844285,True,15.047084002140165,True
426,2,34.226484,14.428571|17.714286,14.994649545211326,0.8946688182934179,True,15.142857142857125,False,14.994649545211326,True,14.988228999464937,True,14.989834135901534,True
427,2,34.470941,14.428571|17.857143,15.083467094703032,0.8912838790157239,True,15.142857142857125,False,15.083467094703032,True,15.071696094167987,True,15.071696094167987,True
428,2,34.817975,14.428571|18.428571,14.952915997859801,0.8907511357350218,True,14.999999999999982,False,14.952915997859801,True,14.944890315676814,True,14.947030497592277,True
429,2,34.513921,14.571429|18.142857,15.18673087212411,0.8940013886082623,True,15.285714285714267,False,15.18673087212411,True,15.147672552166917,True,15.144997324772588,True
430,2,35.698449,14.714286|18.714286,15.238630283574086,0.8910813939534443,True,15.42857142857141,False,15.238630283574086,True,15.239700374531814,True,15.227929373996771,True
431,2,34.297490,14.285714|17.857143,14.994649545211326,0.8910712326847489,True,15.142857142857125,False,14.994649545211326,True,14.994649545211326,True,14.995719636169055,True
432,2,34.474670,14.571429|18.142857,15.146602461209184,0.8911609801776676,True,15.285714285714267,False,15.146602461209184,True,15.118780096308168,True,15.111824505082915,True
433,2,34.440085,14.428571|18.428571,15.207597645799876,0.8938038299218445,True,15.285714285714267,False,15.207597645799876,True,15.174959871589067,True,15.162653825575154,True
434,2,34.647306,14.428571|18.571429,15.173354735152468,0.8915632585902263,True,15.285714285714267,False,15.173354735152468,True,15.154093097913305,True,15.149277688603512,True
435,2,32.983083,14.285714|17.285714,15.364365971107524,0.8918044059934078,True,15.42857142857141,False,15.364365971107524,True,15.323702514713732,True,15.323702514713732,True
436,2,34.533380,14.428571|18.142857,15.110219368646316,0.8940192081742407,True,15.285714285714267,False,15.110219368646316,True,15.080791867308704,True,15.082932049224166,True
437,2,33.772521,14.428571|17.714286,15.326912787586926,0.8912683795887753,True,15.42857142857141,False,15.326912787586926,True,15.27180310326376,True,15.266452648475102,True
438,2,34.297490,14.285714|17.714286,14.979133226324219,0.8983058103021567,True,15.142857142857125,False,14.979133226324219,True,14.96522204387371,True,14.965757089352577,True
439,2,32.924144,14.285714|17.142857,15.270197966827162,0.8915471822764583,True,15.42857142857141,False,15.270197966827162,True,15.23649010165862,True,15.237025147137487,True
440,2,33.453434,14.428571|16.285714,14.985018726591743,0.8901147077387552,True,14.999999999999982,False,14.985018726591743,True,14.965757089352577,True,14.953986088817532,True
441,2,35.170717,14.571429|18.571429,15.215623327982861,0.8903125054104175,True,15.285714285714267,False,15.215623327982861,True,15.175494917067931,True,15.165864098448349,True
442,2,34.357014,14.428571|18.285714,15.237560192616353,0.89142064774985,True,15.42857142857141,False,15.237560192616353,True,15.235955056179755,True,15.23434991974316,True
443,2,33.850064,14.285714|18.142857,15.31139646869982,0.8915590341286711,True,15.42857142857141,False,15.31139646869982,True,15.272338148742625,True,15.269662921348298,True
444,2,34.817975,14.571429|18.857143,15.293739967897253,0.8900775582712573,True,15.42857142857141,False,15.293739967897253,True,15.233279828785427,True,15.233279828785427,True
445,2,33.269579,14.428571|16.714286,15.087747458533958,0.8920611298075588,True,15.142857142857125,False,15.087747458533958,True,15.064205457463867,True,15.05778491171748,True
446,2,34.721552,14.571429|17.714286,15.159978598180826,0.8908912440302551,True,15.285714285714267,False,15.159978598180826,True,15.119850187265898,True,15.113429641519511,True
447,2,34.721552,14.428571|18.571429,15.313001605136419,0.8938457501508232,True,15.42857142857141,False,15.313001605136419,True,15.281968967362207,True,15.275548421615818,True
448,2,33.432957,14.428571|16.714286,15.070626003210254,0.8928929210983345,True,15.142857142857125,False,15.070626003210254,True,15.03531300160512,True,15.030497592295328,True
449,2,34.309967,14.285714|18.714286,15.347244515783823,0.8934573610920407,True,15.42857142857141,False,15.347244515783823,True,15.336543606206508,True,15.337078651685374,True
450,2,33.210559,14.285714|16.857143,15.12359550561796,0.8915964539913526,True,15.142857142857125,False,15.12359550561796,True,15.077581594435511,True,15.077581594435511,True
451,2,34.384626,14.428571|17.714286,15.166934189406081,0.8907619726243958,True,15.285714285714267,False,15.166934189406081,True,15.156768325307633,True,15.155163188871038,True
452,2,33.148678,14.285714|16.428571,14.99999999999998,0.8919818212683278,True,15.142857142857125,False,14.99999999999998,True,14.992509363295863,True,14.989834135901534,True
453,2,34.357014,14.428571|17.714286,15.068485821294791,0.8968222895659222,True,15.142857142857125,False,15.068485821294791,True,15.03156768325306,True,15.026217228464402,True
454,2,34.720320,14.428571|18.000000,15.030497592295328,0.8906039612792968,True,15.142857142857125,False,15.030497592295328,True,14.953451043338667,True,14.942750133761352,True
455,2,35.720654,14.571429|19.000000,15.069020866773657,0.8903713622613335,True,15.142857142857125,False,15.069020866773657,True,15.019261637239147,True,15.008025682182968,True
456,2,33.533771,14.285714|17.428571,15.215623327982861,0.8921128248398418,True,15.285714285714267,False,15.215623327982861,True,15.114499732477244,True,15.114499732477244,True
457,2,34.474670,14.428571|18.571429,15.250936329587995,0.8939239580128009,True,15.42857142857141,False,15.250936329587995,True,15.21294810058853,True,15.19850187265916,True
458,2,33.839086,14.285714|17.428571,15.097913322632406,0.8934993466505385,True,15.285714285714267,False,15.097913322632406,True,15.080791867308704,True,15.080791867308703,True
459,2,34.327595,14.285714|18.285714,15.10968432316745,0.8908995900223735,True,15.142857142857125,False,15.10968432316745,True,15.080791867308704,True,15.079186730872106,True
460,2,34.268071,14.428571|17.857143,15.134831460674139,0.896138641162693,True,15.285714285714267,False,15.134831460674139,True,15.12092027822363,True,15.125735687533423,True
461,2,33.772521,14.428571|17.714286,15.302300695559104,0.8973135469026127,True,15.42857142857141,False,15.302300695559104,True,15.250936329587997,True,15.24291064740501,True
462,2,34.128866,14.428571|17.571429,15.07597645799891,0.8902790661309802,True,15.142857142857125,False,15.07597645799891,True,15.060995184590674,True,15.059390048154075,True
463,2,34.178550,14.285714|17.571429,14.962546816479383,0.8911055605427608,True,14.999999999999982,False,14.962546816479383,True,14.958266452648456,True,14.951310861423204,True
464,2,34.646074,14.571429|19.000000,15.284644194756536,0.8930968911520075,True,15.42857142857141,False,15.284644194756536,True,15.2664526484751,True,15.263242375601905,True
465,2,33.271360,14.285714|16.714286,15.040663456393776,0.8937702847339498,True,15.142857142857125,False,15.040663456393776,True,14.986088817549474,True,14.978598180845353,True
466,2,34.440085,14.428571|17.857143,15.070626003210254,0.8977112012826653,True,15.142857142857125,False,15.070626003210254,True,15.050829320492223,True,15.04975922953449,True
467,2,32.983083,14.428571|16.428571,15.110219368646318,0.8912978478779574,True,15.142857142857125,False,15.110219368646318,True,15.080256821829837,True,15.080256821829837,True
468,2,34.145253,14.285714|17.714286,15.235955056179757,0.8966225409853897,True,15.285714285714267,False,15.235955056179757,True,15.171214553237007,True,15.169609416800409,True
469,2,34.999822,14.571429|18.571429,15.260567148207578,0.892966869206943,True,15.42857142857141,False,15.260567148207578,True,15.243980738362742,True,15.243980738362742,True
470,2,34.474670,14.571429|18.000000,15.329052969502388,0.8960040667162835,True,15.42857142857141,False,15.329052969502388,True,15.275013376136952,True,15.265917602996238,True
471,2,34.235359,14.428571|17.714286,15.314606741573016,0.8910591874230966,True,15.42857142857141,False,15.314606741573016,True,15.295345104333851,True,15.285179240235399,True
472,2,33.300511,14.428571|16.857143,15.156233279828767,0.8929830461699163,True,15.285714285714267,False,15.156233279828767,True,15.126805778491153,True,15.128410914927752,True
473,2,33.731881,14.428571|18.000000,15.391653290529678,0.8904624508865534,True,15.57142857142855,False,15.391653290529678,True,15.370786516853912,True,15.3600856072766,True
474,2,35.689748,14.285714|19.142857,14.867843766720155,0.8904666899245297,True,14.999999999999982,False,14.867843766720155,True,14.853932584269646,True,14.85339753879078,True
475,2,34.128866,14.285714|17.857143,15.034777956126252,0.8943625053543348,True,15.142857142857125,False,15.034777956126252,True,14.99892990904225,True,14.996789727126787,True
476,2,33.561093,14.428571|17.285714,15.284644194756536,0.893718177736986,True,15.42857142857141,False,15.284644194756536,True,15.253611556982325,True,15.25307651150346,True
477,2,33.210559,14.428571|16.857143,15.147137506688049,0.8958533724432375,True,15.285714285714267,False,15.147137506688049,True,15.107544141251989,True,15.100588550026734,True
478,2,34.226484,14.428571|17.857143,15.199036918138024,0.8938970515235698,True,15.285714285714267,False,15.199036918138024,True,15.189941144997306,True,15.187265917602979,True
479,2,34.241567,14.428571|17.857143,15.160513643659693,0.8947811916415072,True,15.285714285714267,False,15.160513643659693,True,15.159978598180826,True,15.144462279293721,True
480,2,34.226484,14.285714|18.000000,15.106474050294258,0.8920993245289601,True,15.142857142857125,False,15.106474050294258,True,15.094703049759211,True,15.092562867843746,True
481,2,34.268071,14.428571|17.714286,14.982343499197414,0.8925311691100188,True,14.999999999999982,False,14.982343499197414,True,14.963616907437116,True,14.961476725521653,True
482,2,33.120784,14.428571|17.000000,15.285714285714267,0.8939734380901376,True,15.42857142857141,False,15.285714285714267,True,15.23916532905295,True,15.23916532905295,True
483,2,33.993356,14.285714|17.857143,15.195291599785964,0.8901708720106327,True,15.285714285714267,False,15.195291599785964,True,15.171214553237007,True,15.169074371321544,True
484,2,34.505326,14.571429|18.571429,15.2306046013911,0.8903763797622519,True,15.285714285714267,False,15.2306046013911,True,15.186730872124112,True,15.181380417335456,True
485,2,34.505326,14.714286|18.285714,15.329588014981253,0.892689522668554,True,15.42857142857141,False,15.329588014981253,True,15.31139646869982,True,15.294275013376117,True
486,2,35.647570,14.285714|18.857143,14.850722311396453,0.8949550987734232,True,14.999999999999982,False,14.850722311396453,True,14.850722311396451,True,14.845371856607795,True
487,2,32.944288,14.285714|17.142857,15.259497057249847,0.8906739098893891,True,15.42857142857141,False,15.259497057249847,True,15.232209737827697,True,15.228464419475635,True
488,2,34.720990,14.571429|18.142857,15.0262172284644,0.892096965741878,True,15.142857142857125,False,15.0262172284644,True,14.982343499197414,True,14.981808453718548,True
489,2,33.413010,14.428571|17.142857,15.221508828250382,0.8935049564198815,True,15.285714285714267,False,15.221508828250382,True,15.178170144462262,True,15.17817014446226,True
490,2,34.720320,14.285714|17.571429,14.950240770465472,0.8928322838395376,True,15.142857142857125,False,14.950240770465472,True,14.912787586944873,True,14.911717495987142,True
491,2,32.952410,14.285714|16.714286,15.095238095238075,0.8905501490528689,True,15.142857142857125,False,15.095238095238075,True,15.05136436597109,True,15.043338683788104,True
492,2,34.206744,14.428571|18.000000,15.19101123595504,0.8904806610319288,True,15.285714285714267,False,15.19101123595504,True,15.170144462279273,True,15.161583734617425,True
493,2,33.108386,14.285714|16.428571,15.008025682182968,0.8943904102747949,True,14.999999999999982,False,15.008025682182968,True,14.970037453183503,True,14.97431781701443,True
494,2,33.453434,14.428571|17.285714,15.252541466024592,0.8925078018144845,True,15.42857142857141,False,15.252541466024592,True,15.199036918138022,True,15.186195826645246,True
495,2,32.370846,14.142857|16.571429,15.152487961476707,0.8914978997390393,True,15.285714285714267,False,15.152487961476707,True,15.123060460139094,True,15.111824505082915,True
496,2,34.505326,14.428571|17.857143,15.109149277688585,0.8966766395523339,True,15.142857142857125,False,15.109149277688585,True,15.06153023006954,True,15.072766185125717,True
497,2,34.226484,14.428571|17.714286,15.166934189406081,0.8942011475810645,True,15.285714285714267,False,15.166934189406081,True,15.168004280363812,True,15.159443552701962,True
498,2,33.441748,14.285714|16.571429,14.944890315676815,0.892863817393288,True,14.999999999999982,False,14.944890315676815,True,14.90690208667735,True,14.90690208667735,True
499,2,32.819886,14.285714|16.571429,15.073301230604583,0.8914406862363151,True,15.142857142857125,False,15.073301230604583,True,15.043338683788104,True,15.041733547351507,True
500,2,34.159916,14.285714|17.428571,14.980203317281951,0.8976187601279627,True,15.142857142857125,False,14.980203317281951,True,14.959871589085056,True,14.957196361690727,True
501,2,34.486110,14.571429|17.857143,15.29748528624931,0.8905294079911494,True,15.42857142857141,False,15.29748528624931,True,15.263777421080771,True,15.25682182985552,True
502,2,34.268071,14.285714|18.142857,15.022471910112342,0.890786876537747,True,15.142857142857125,False,15.022471910112342,True,15.024077046548939,True,15.015516318887087,True
503,2,34.297490,14.285714|18.714286,15.065275548421598,0.8912511215639195,True,15.285714285714267,False,15.065275548421598,True,15.067950775815927,True,15.061530230069538,True
504,2,33.850064,14.428571|17.142857,15.06902086677366,0.8917077576687276,True,15.142857142857125,False,15.06902086677366,True,15.048154093097894,True,15.042803638309236,True
505,2,32.922017,14.142857|16.428571,14.887640449438186,0.89179537753015,True,14.999999999999982,False,14.887640449438186,True,14.828250401284091,True,14.827180310326362,True
506,2,34.920501,14.571429|18.000000,15.097913322632406,0.8905806246755074,True,15.142857142857125,False,15.097913322632406,True,15.075441412520046,True,15.065810593900464,True
507,2,35.795244,14.571429|19.000000,15.135366506153005,0.8923935244345793,True,15.285714285714267,False,15.135366506153005,True,15.11717495987157,True,15.11717495987157,True
508,2,34.440085,14.571429|18.142857,15.213483146067398,0.894208769526002,True,15.285714285714267,False,15.213483146067398,True,15.171749598715873,True,15.173354735152468,True
509,2,33.210559,14.285714|16.857143,15.12359550561796,0.8946397541916632,True,15.285714285714267,False,15.12359550561796,True,15.111824505082915,True,15.096308186195808,True
510,2,34.505326,14.571429|17.714286,15.042268592830373,0.893679489837552,True,15.142857142857125,False,15.042268592830373,True,15.044408774745838,True,15.043338683788104,True
511,2,34.721552,14.428571|18.428571,14.982878544676279,0.8907314959514885,True,15.142857142857125,False,14.982878544676279,True,14.980203317281951,True,14.976457998929892,True
512,2,35.647570,14.571429|19.000000,15.151952915997843,0.8903269105368022,True,15.285714285714267,False,15.151952915997843,True,15.13483146067414,True,15.13590155163187,True
513,2,33.278781,14.428571|16.857143,15.210807918673067,0.8908869654057926,True,15.285714285714267,False,15.210807918673067,True,15.144462279293723,True,15.14232209737826,True
514,2,33.850064,14.571429|17.428571,15.363295880149792,0.8925553435832786,True,15.42857142857141,False,15.363295880149792,True,15.331193151417853,True,15.325307651150329,True
515,2,34.206744,14.285714|18.142857,15.065810593900464,0.8956631163735604,True,15.142857142857125,False,15.065810593900464,True,15.065810593900464,True,15.055109684323149,True
516,2,34.106468,14.285714|17.428571,14.874264312466543,0.8956762653446537,True,14.999999999999982,False,14.874264312466543,True,14.866773675762424,True,14.856072766185108,True
517,2,34.459301,14.571429|17.857143,15.18673087212411,0.8930678079094428,True,15.285714285714267,False,15.18673087212411,True,15.163723916532886,True,15.16051364365969,True
518,2,34.357014,14.571429|18.000000,15.277688603531281,0.89112479989396,True,15.42857142857141,False,15.277688603531281,True,15.243445692883878,True,15.232744783306563,True
519,2,33.788756,14.285714|17.285714,15.10593900481539,0.8971325176797854,True,15.142857142857125,False,15.10593900481539,True,15.074371321562314,True,15.070626003210256,True
520,2,34.544577,14.571429|17.714286,15.148207597645781,0.8914935903008677,True,15.285714285714267,False,15.148207597645781,True,15.144462279293723,True,15.141787051899392,True
521,2,34.474670,14.428571|18.714286,15.32744783306579,0.894427539477901,True,15.42857142857141,False,15.32744783306579,True,15.320492241840538,True,15.321027287319403,True
522,2,33.702905,14.285714|17.000000,14.844836811128928,0.8944735524753862,True,14.999999999999982,False,14.844836811128928,True,14.844836811128928,True,14.842696629213465,True
523,2,34.945411,14.428571|18.428571,14.89299090422684,0.8909430922672974,True,14.999999999999982,False,14.89299090422684,True,14.890850722311379,True,14.890850722311379,True
524,2,34.486110,14.428571|18.000000,15.084002140181898,0.8957315010155985,True,15.142857142857125,False,15.084002140181898,True,15.071161048689122,True,15.065810593900464,True
525,2,34.241567,14.285714|17.428571,14.874264312466543,0.8934428970436414,True,14.999999999999982,False,14.874264312466543,True,14.871589085072213,True,14.871589085072213,True
526,2,34.128866,14.428571|18.000000,15.177635098983394,0.8980936357721409,True,15.285714285714267,False,15.177635098983394,True,15.143392188335989,True,15.145532370251455,True
527,2,33.066337,14.428571|17.142857,15.292669876939522,0.8918474931956253,True,15.42857142857141,False,15.292669876939522,True,15.251471375066863,True,15.23434991974316,True
528,2,34.440085,14.285714|17.714286,14.914927768860336,0.89313460828912,True,14.999999999999982,False,14.914927768860336,True,14.847512038523258,True,14.853397538790782,True
529,2,35.170717,14.428571|18.142857,14.873729266987677,0.8910771815334251,True,14.999999999999982,False,14.873729266987677,True,14.867308721241288,True,14.863563402889229,True
530,2,34.440085,14.571429|17.857143,15.18673087212411,0.8942785456529653,True,15.285714285714267,False,15.18673087212411,True,15.16211878009629,True,15.161583734617425,True
531,2,34.397104,14.571429|18.000000,15.303370786516833,0.8922981803838362,True,15.42857142857141,False,15.303370786516833,True,15.282504012841073,True,15.28036383092561,True
532,2,34.440085,14.428571|18.571429,15.266452648475102,0.8954557516164394,True,15.42857142857141,False,15.266452648475102,True,15.22311396468698,True,15.211342964151935,True
533,2,34.721552,14.571429|17.714286,15.006955591225237,0.8900057493707392,True,15.142857142857125,False,15.006955591225237,True,15.000535045478848,True,14.995719636169055,True
534,2,34.178550,14.428571|17.714286,15.093097913322614,0.8906660293651893,True,15.142857142857125,False,15.093097913322614,True,15.057784911717478,True,15.063670411985001,True
535,2,33.273169,14.571429|17.000000,15.417335473515232,0.890180319742421,True,15.57142857142855,False,15.417335473515232,True,15.403424291064722,True,15.395398608881738,True
536,2,34.544577,14.428571|18.142857,15.193686463349366,0.8953677141201264,True,15.285714285714267,False,15.193686463349366,True,15.166399143927215,True,15.158373461744231,True
537,2,33.298701,14.428571|17.285714,15.338148742643106,0.8906628271482239,True,15.42857142857141,False,15.338148742643106,True,15.286249331193135,True,15.273408239700355,True
538,2,34.474670,14.428571|18.285714,15.093097913322612,0.8930356324135992,True,15.285714285714267,False,15.093097913322612,True,15.067415730337062,True,15.065810593900464,True
539,2,33.912238,14.428571|17.714286,15.228464419475637,0.8917676325174705,True,15.285714285714267,False,15.228464419475637,True,15.223649010165845,True,15.215623327982861,True
540,2,33.453434,14.571429|16.857143,15.256286784376654,0.8908201465170427,True,15.285714285714267,False,15.256286784376654,True,15.136971642589602,True,15.131621187800945,True
541,2,34.440085,14.285714|18.285714,14.974852862493293,0.89020356887454,True,15.142857142857125,False,14.974852862493293,True,14.95666131621186,True,14.95826645264846,True
542,2,34.357014,14.571429|17.571429,15.155698234349902,0.8902026694825625,True,15.285714285714267,False,15.155698234349902,True,15.141252006420528,True,15.136436597110736,True
543,2,34.745373,14.428571|17.285714,14.824505082932031,0.8925491253924763,True,14.85714285714284,False,14.824505082932031,True,14.792402354200089,True,14.79133226324236,True
544,2,34.847898,14.571429|17.857143,15.05136436597109,0.8919681688961898,True,15.142857142857125,False,15.05136436597109,True,15.047084002140165,True,15.031032637774192,True
545,2,33.788756,14.428571|17.571429,15.346709470304955,0.8906074720884701,True,15.42857142857141,False,15.346709470304955,True,15.336543606206508,True,15.325307651150329,True
546,2,34.357014,14.571429|18.285714,15.40609951845905,0.8915854675409111,True,15.57142857142855,False,15.40609951845905,True,15.365436062065259,True,15.355805243445673,True
547,2,34.004559,14.285714|17.571429,15.13483146067414,0.8903942004670562,True,15.285714285714267,False,15.13483146067414,True,15.12734082397002,True,15.118780096308168,True
548,2,33.249658,14.285714|17.285714,15.308186195826627,0.8906120493659546,True,15.42857142857141,False,15.308186195826627,True,15.263242375601907,True,15.263242375601907,True
549,2,34.357014,14.428571|18.000000,15.204387372926682,0.8912125741976719,True,15.285714285714267,False,15.204387372926682,True,15.201177100053487,True,15.194221508828232,True
550,2,33.489547,14.571429|16.857143,15.273408239700355,0.8904450655982199,True,15.285714285714267,False,15.273408239700355,True,15.225254146602444,True,15.218298555377189,True
551,2,34.282406,14.285714|17.714286,15.120385232744765,0.8902838314439779,True,15.285714285714267,False,15.120385232744765,True,15.101658640984466,True,15.108614232209721,True
552,2,34.440085,14.428571|18.714286,15.215088282503995,0.8923635965743404,True,15.42857142857141,False,15.215088282503995,True,15.186730872124112,True,15.187800963081845,True
553,2,34.720990,14.571429|18.571429,15.350454788657018,0.8904509383610075,True,15.42857142857141,False,15.350454788657018,True,15.318352059925076,True,15.31139646869982,True
554,2,34.513921,14.428571|18.142857,15.054574638844285,0.8901897781703084,True,15.142857142857125,False,15.054574638844285,True,15.010700909577297,True,15.0090957731407,True
555,2,34.357014,14.428571|17.714286,15.068485821294791,0.8918427816024478,True,15.142857142857125,False,15.068485821294791,True,15.038523274478313,True,15.040663456393776,True
556,2,33.962568,14.285714|17.571429,15.011771000535028,0.8940956352124723,True,15.142857142857125,False,15.011771000535028,True,15.004815409309773,True,15.00267522739431,True
557,2,34.301092,14.428571|17.857143,15.083467094703032,0.8941037937611274,True,15.142857142857125,False,15.083467094703032,True,15.06260032102727,True,15.055644729802014,True
558,2,34.474670,14.428571|17.571429,15.017121455323684,0.890245048782584,True,15.142857142857125,False,15.017121455323684,True,14.989834135901532,True,14.979668271803085,True
559,2,34.207164,14.285714|17.714286,14.953451043338667,0.8911517719324623,True,14.999999999999982,False,14.953451043338667,True,14.947030497592278,True,14.940609951845891,True
560,2,33.026044,14.285714|16.285714,14.86998394863562,0.8923733088793291,True,14.999999999999982,False,14.86998394863562,True,14.84002140181914,True,14.836811128945945,True
561,2,33.424695,14.285714|17.571429,15.282504012841072,0.8914358389619019,True,15.42857142857141,False,15.282504012841072,True,15.229534510433366,True,15.221508828250382,True
562,2,34.004559,14.428571|17.571429,15.31139646869982,0.8960814608425344,True,15.42857142857141,False,15.31139646869982,True,15.286784376671998,True,15.281968967362207,True
563,2,32.983083,14.285714|16.428571,15.016051364365952,0.8931931698922468,True,15.142857142857125,False,15.016051364365952,True,14.963081861958248,True,14.960406634563922,True
564,2,34.004559,14.285714|17.714286,15.210272873194203,0.8956290086830568,True,15.285714285714267,False,15.210272873194203,True,15.1744248261102,True,15.172819689673604,True
565,2,33.731881,14.428571|17.571429,15.240770465489547,0.890594542370402,True,15.285714285714267,False,15.240770465489547,True,15.216158373461726,True,15.201177100053487,True
566,2,35.676651,14.714286|19.285714,15.347779561262687,0.8920259428315306,True,15.42857142857141,False,15.347779561262687,True,15.274478330658088,True,15.279828785446744,True
567,2,32.512041,14.142857|16.285714,14.929373996789709,0.8953195662618086,True,14.999999999999982,False,14.929373996789709,True,14.88550026752272,True,14.877474585339737,True
568,2,34.720320,14.428571|19.000000,15.25040128410913,0.8929471455734094,True,15.42857142857141,False,15.25040128410913,True,15.237560192616353,True,15.232744783306563,True
569,2,33.249658,14.285714|17.000000,15.14981273408238,0.8952457317694685,True,15.142857142857125,False,15.14981273408238,True,15.071161048689122,True,15.065275548421598,True
570,2,33.635468,14.285714|17.857143,15.262172284644176,0.8958179228456293,True,15.42857142857141,False,15.262172284644176,True,15.246120920278205,True,15.237560192616355,True
571,2,33.962568,14.428571|17.285714,15.209737827715339,0.8903985729726368,True,15.285714285714267,False,15.209737827715339,True,15.197966827180291,True,15.191011235955036,True
572,2,34.106468,14.428571|17.428571,15.248796147672534,0.8917527382213487,True,15.42857142857141,False,15.248796147672534,True,15.238630283574086,True,15.228464419475637,True
573,2,35.078934,14.571429|18.142857,15.039593365436044,0.8903057935574311,True,15.142857142857125,False,15.039593365436044,True,14.991974317816995,True,14.994114499732458,True
574,2,34.315118,14.285714|18.000000,15.078651685393242,0.8925712224304143,True,15.142857142857125,False,15.078651685393242,True,15.07383627608345,True,15.07383627608345,True
575,2,32.932157,14.142857|16.571429,14.888710540395916,0.894974178119542,True,14.999999999999982,False,14.888710540395916,True,14.851257356875317,True,14.850187265917585,True
576,2,34.440085,14.571429|18.000000,15.341894060995166,0.8905856635785336,True,15.42857142857141,False,15.341894060995166,True,15.261102193686446,True,15.261102193686446,True
577,2,35.676651,14.571429|18.857143,15.1011235955056,0.8946081836271559,True,15.285714285714267,False,15.1011235955056,True,15.082932049224166,True,15.075441412520048,True
578,2,32.972834,14.285714|16.857143,15.20064205457462,0.8902647897673113,True,15.285714285714267,False,15.20064205457462,True,15.179775280898859,True,15.166934189406081,True
579,2,34.384626,14.428571|17.714286,14.982343499197414,0.8912070378480017,True,15.142857142857125,False,14.982343499197414,True,14.975922953451025,True,14.968967362225772,True
580,2,34.505326,14.428571|18.142857,15.096308186195808,0.8905024143367826,True,15.285714285714267,False,15.096308186195808,True,15.080256821829835,True,15.080256821829835,True
581,2,34.440085,14.571429|18.285714,15.197431781701425,0.8917244656917853,True,15.285714285714267,False,15.197431781701425,True,15.178170144462262,True,15.17228464419474,True
582,2,34.721552,14.571429|17.857143,15.16211878009629,0.8915478614417696,True,15.285714285714267,False,15.16211878009629,True,15.138041733547334,True,15.13108614232208,True
583,2,34.055530,14.428571|17.285714,15.070626003210256,0.8912574988953336,True,15.142857142857125,False,15.070626003210256,True,15.067950775815925,True,15.06260032102727,True
584,2,33.788756,14.428571|17.714286,15.277688603531281,0.8916180400781784,True,15.42857142857141,False,15.277688603531281,True,15.242375601926145,True,15.240235420010682,True
585,2,34.513921,14.285714|17.714286,14.863563402889229,0.8929155008841303,True,14.999999999999982,False,14.863563402889229,True,14.863563402889229,True,14.863563402889229,True
586,2,33.227282,14.142857|16.857143,14.935794542536097,0.8958609961821846,True,14.999999999999982,False,14.935794542536097,True,14.911717495987142,True,14.911717495987142,True
587,2,33.210559,14.285714|16.000000,14.799357945425342,0.898543624588054,True,14.85714285714284,False,14.799357945425342,True,14.7875869448903,True,14.785981808453702,True
588,2,34.268071,14.428571|18.000000,15.177635098983394,0.8923701507724396,True,15.285714285714267,False,15.177635098983394,True,15.163723916532886,True,15.162653825575156,True
589,2,33.271388,14.428571|16.428571,15.04280363830924,0.8953547179097943,True,15.142857142857125,False,15.04280363830924,True,14.983948635634011,True,14.978598180845353,True
590,2,33.753728,14.428571|17.428571,15.271268057784892,0.8955659974408136,True,15.285714285714267,False,15.271268057784892,True,15.18459069020865,True,15.169074371321544,True
591,2,34.721552,14.285714|18.000000,15.0090957731407,0.8957479164887933,True,15.142857142857125,False,15.0090957731407,True,14.983948635634011,True,14.963081861958248,True
592,2,34.505326,14.428571|18.000000,15.137506688068468,0.8959219880620106,True,15.285714285714267,False,15.137506688068468,True,15.117174959871571,True,15.112894596040645,True
593,2,34.440085,14.428571|18.571429,15.157838416265365,0.8932695378472161,True,15.285714285714267,False,15.157838416265365,True,15.112894596040645,True,15.097378277153542,True
594,2,32.650819,14.142857|16.285714,14.953451043338667,0.892332691373704,True,14.999999999999982,False,14.953451043338667,True,14.897271268057768,True,14.895131086142303,True
595,2,34.384626,14.285714|17.571429,14.950240770465472,0.8941679703379695,True,15.142857142857125,False,14.950240770465472,True,14.950240770465472,True,14.940074906367023,True
596,2,33.962568,14.142857|17.571429,14.939004815409293,0.8949316653161465,True,15.142857142857125,False,14.939004815409293,True,14.922418405564455,True,14.922418405564454,True
597,2,35.170717,14.571429|18.714286,15.036918138041715,0.8918708205976157,True,15.142857142857125,False,15.036918138041715,True,15.037453183520583,True,15.033707865168521,True
598,2,33.249658,14.285714|17.142857,15.131086142322081,0.8954029046113594,True,15.285714285714267,False,15.131086142322081,True,15.080256821829838,True,15.072766185125719,True
599,2,34.721552,14.571429|18.285714,15.197431781701425,0.8931452662553273,True,15.285714285714267,False,15.197431781701425,True,15.179775280898857,True,15.169074371321543,True
600,2,33.210559,14.428571|17.000000,15.218298555377189,0.8936453691063905,True,15.285714285714267,False,15.218298555377189,True,15.192616372391633,True,15.188336008560709,True
601,2,35.698449,14.285714|18.857143,14.953451043338667,0.8947567187345916,True,15.142857142857125,False,14.953451043338667,True,14.932049224184036,True,14.9357945425361,True
602,2,34.288615,14.285714|17.857143,15.101658640984466,0.893270273599569,True,15.285714285714267,False,15.101658640984466,True,15.091492776886017,True,15.095238095238079,True
603,2,34.412473,14.285714|18.285714,14.944890315676814,0.8907952005155017,True,15.142857142857125,False,14.944890315676814,True,14.94060995184589,True,14.936329588014964,True
604,2,34.440085,14.428571|18.714286,15.199036918138024,0.8925493414435054,True,15.285714285714267,False,15.199036918138024,True,15.178170144462262,True,15.168004280363812,True
605,2,34.357014,14.428571|17.857143,15.032102728731925,0.891098251195116,True,15.142857142857125,False,15.032102728731925,True,15.036918138041717,True,15.034242910647388,True
606,2,34.505326,14.571429|18.000000,15.072231139646851,0.8903328980756698,True,15.142857142857125,False,15.072231139646851,True,15.05136436597109,True,15.04761904761903,True
607,2,33.370978,14.571429|17.000000,15.299090422685909,0.8908234086553671,True,15.42857142857141,False,15.299090422685909,True,15.220438737292652,True,15.22043873729265,True
608,2,34.440085,14.428571|18.142857,14.915462814339202,0.8911673090245638,True,14.999999999999982,False,14.915462814339202,True,14.882825040128393,True,14.879079721776334,True
609,2,34.055530,14.428571|17.571429,15.13483146067414,0.8950388198862519,True,15.285714285714267,False,15.13483146067414,True,15.102728731942198,True,15.102728731942198,True
610,2,34.383604,14.285714|18.571429,14.927768860353114,0.8946228606083132,True,14.999999999999982,False,14.927768860353114,True,14.91332263242374,True,14.91439272338147,True
611,2,32.532245,14.285714|16.142857,14.94649545211341,0.8917883854678377,True,14.999999999999982,False,14.94649545211341,True,14.898876404494365,True,14.89566613162117,True
612,2,34.720320,14.571429|18.142857,15.240235420010682,0.8902169270057503,True,15.285714285714267,False,15.240235420010682,True,15.208667736757606,True,15.20545746388441,True
613,2,34.206744,14.285714|17.571429,15.097913322632406,0.8921002349407908,True,15.285714285714267,False,15.097913322632406,True,15.067950775815927,True,15.062600321027269,True
614,2,34.035346,14.571429|17.000000,15.244515783841608,0.8924796135305245,True,15.285714285714267,False,15.244515783841608,True,15.219903691813785,True,15.212413055109666,True
615,2,35.676651,14.428571|19.142857,15.02889245585873,0.8908948668177268,True,15.142857142857125,False,15.02889245585873,True,15.001605136436579,True,14.996789727126787,True
616,2,35.170717,14.571429|18.857143,15.1011235955056,0.8901438747970366,True,15.142857142857125,False,15.1011235955056,True,15.077046548956643,True,15.06902086677366,True
617,2,34.486110,14.571429|18.571429,15.140716960941662,0.8904821469287363,True,15.285714285714267,False,15.140716960941662,True,15.13964686998393,True,15.139646869983931,True
618,2,35.365688,14.714286|18.714286,15.268592830390565,0.8908371035967888,True,15.42857142857141,False,15.268592830390565,True,15.237560192616353,True,15.232209737827699,True
619,2,35.647570,14.571429|19.142857,15.10219368646333,0.8908739262541596,True,15.142857142857125,False,15.10219368646333,True,15.033707865168521,True,15.033707865168521,True
620,2,34.544577,14.714286|18.000000,15.366506153022987,0.8900268648437596,True,15.42857142857141,False,15.366506153022987,True,15.313001605136417,True,15.305510968432296,True
621,2,35.489377,14.571429|19.000000,15.069020866773657,0.8928377743981745,True,15.142857142857125,False,15.069020866773657,True,15.073301230604583,True,15.064740502942731,True
622,2,34.746042,14.571429|18.714286,15.052434456928822,0.8913075739720222,True,15.142857142857125,False,15.052434456928822,True,15.027287319422134,True,15.021401819154612,True
623,2,34.198289,14.285714|18.000000,15.148207597645781,0.8902595740164304,True,15.285714285714267,False,15.148207597645781,True,15.13483146067414,True,15.13483146067414,True
624,2,33.313403,14.428571|16.571429,15.038523274478313,0.8931620197424956,True,15.142857142857125,False,15.038523274478313,True,14.986088817549474,True,14.984483681112877,True
625,2,34.440085,14.285714|18.285714,15.019796682718013,0.895897596025735,True,15.142857142857125,False,15.019796682718013,True,14.9716425896201,True,14.967897271268038,True
626,2,34.440085,14.285714|18.142857,15.065810593900464,0.8929203961228912,True,15.142857142857125,False,15.065810593900464,True,15.019261637239147,True,15.013376136971624,True
627,2,34.440085,14.285714|17.714286,14.914927768860336,0.8938353313435096,True,14.999999999999982,False,14.914927768860336,True,14.914927768860334,True,14.911717495987142,True
628,2,33.120784,14.285714|16.857143,15.152487961476707,0.8964246952643563,True,15.285714285714267,False,15.152487961476707,True,15.125200642054557,True,15.12466559657569,True
629,2,33.753728,14.571429|17.428571,15.363295880149792,0.8952137477788717,True,15.42857142857141,False,15.363295880149792,True,15.349384697699286,True,15.344569288389494,True
630,2,32.903109,14.142857|17.000000,14.956126270732994,0.8982311331445301,True,15.142857142857125,False,14.956126270732994,True,14.945425361155682,True,14.94542536115568,True
631,2,35.330226,14.571429|18.571429,15.050829320492225,0.8935635075146233,True,15.142857142857125,False,15.050829320492225,True,15.04280363830924,True,15.044408774745836,True
632,2,33.148678,14.285714|16.714286,15.11342964151951,0.891692806174216,True,15.142857142857125,False,15.11342964151951,True,15.046548956661296,True,15.037988228999447,True
633,2,35.365688,14.428571|18.428571,15.027822364900999,0.8941884353404632,True,15.142857142857125,False,15.027822364900999,True,15.028357410379865,True,15.021936864633474,True
634,2,34.241567,14.285714|18.714286,15.032102728731925,0.8956269030558874,True,15.142857142857125,False,15.032102728731925,True,14.997324772605655,True,14.997324772605655,True
635,2,32.681884,14.142857|16.428571,14.990369181380402,0.8911611952102365,True,14.999999999999982,False,14.990369181380402,True,14.962546816479383,True,14.95666131621186,True
636,2,34.412473,14.285714|18.285714,15.07972177635097,0.8962364173683688,True,15.285714285714267,False,15.07972177635097,True,15.056179775280881,True,15.059925093632941,True
637,2,34.646074,14.571429|17.857143,15.125200642054558,0.8911303434413493,True,15.142857142857125,False,15.125200642054558,True,15.101658640984466,True,15.097913322632406,True
638,2,34.074131,14.571429|17.285714,15.191546281433904,0.8949718462994046,True,15.285714285714267,False,15.191546281433904,True,15.161048689138559,True,15.157838416265363,True
639,2,33.210559,14.428571|16.285714,15.005885500267505,0.8955244845264512,True,14.999999999999982,False,15.005885500267505,True,14.961476725521651,True,14.957196361690727,True
640,2,35.503502,14.571429|18.714286,15.052434456928822,0.8933825498906178,True,15.142857142857125,False,15.052434456928822,True,15.030497592295326,True,15.026752273943265,True
641,2,33.210559,14.428571|17.285714,15.316746923488477,0.8946223713870276,True,15.285714285714267,False,15.316746923488477,True,15.22311396468698,True,15.218833600856053,True
642,2,34.440085,14.285714|17.714286,14.991974317816997,0.8980256479313797,True,14.999999999999982,False,14.991974317816997,True,14.94435527019795,True,14.94275013376135,True
643,2,34.384626,14.428571|18.428571,15.35741037988227,0.8948229392695839,True,15.42857142857141,False,15.35741037988227,True,15.325842696629195,True,15.304975922953432,True
644,2,34.055530,14.428571|18.000000,15.217763509898324,0.8912597740320647,True,15.285714285714267,False,15.217763509898324,True,15.211878009630802,True,15.203317281968948,True
645,2,33.892054,14.428571|17.714286,15.26538255751737,0.8953128626096054,True,15.42857142857141,False,15.26538255751737,True,15.252006420545728,True,15.245585874799337,True
646,2,34.720990,14.428571|18.428571,15.162653825575156,0.8938495679170245,True,15.285714285714267,False,15.162653825575156,True,15.149277688603512,True,15.143392188335989,True
647,2,34.235359,14.428571|17.857143,15.134831460674139,0.8906680771103942,True,15.285714285714267,False,15.134831460674139,True,15.093097913322614,True,15.08614232209736,True
648,2,34.817975,14.428571|18.428571,15.147672552166917,0.8926244905413826,True,15.285714285714267,False,15.147672552166917,True,15.12466559657569,True,15.123060460139092,True
649,2,34.440085,14.571429|18.142857,15.226859283039039,0.8903092130050083,True,15.285714285714267,False,15.226859283039039,True,15.23327982878543,True,15.222578919208114,True
650,2,35.795244,14.428571|18.857143,14.959336543606188,0.8930992287233908,True,15.142857142857125,False,14.959336543606188,True,14.963081861958248,True,14.953986088817532,True
651,2,35.365688,14.571429|18.428571,15.048154093097894,0.8903016201492894,True,15.142857142857125,False,15.048154093097894,True,15.033707865168521,True,15.028357410379865,True
652,2,33.881076,14.285714|17.714286,15.14606741573032,0.8938488699611536,True,15.285714285714267,False,15.14606741573032,True,15.123060460139092,True,15.123060460139092,True
653,2,35.221012,14.428571|18.857143,15.025682182985536,0.8935576003599425,True,15.142857142857125,False,15.025682182985536,True,15.027287319422134,True,15.024077046548939,True
654,2,33.489547,14.428571|17.000000,15.102728731942197,0.8908762829479094,True,15.142857142857125,False,15.102728731942197,True,15.054574638844285,True,15.051899411449956,True
655,2,34.357014,14.285714|18.285714,14.914927768860336,0.8929602715210454,True,14.999999999999982,False,14.914927768860336,True,14.902621722846424,True,14.899411449973229,True
656,2,34.847898,14.714286|18.285714,15.182450508293186,0.8907883343979376,True,15.285714285714267,False,15.182450508293186,True,15.168004280363814,True,15.166399143927215,True
657,2,34.720320,14.428571|17.857143,15.083467094703032,0.8945798753646818,True,15.142857142857125,False,15.083467094703032,True,15.062600321027269,True,15.056714820759746,True
658,2,34.055530,14.428571|17.714286,15.105403959336526,0.8914590069722165,True,15.285714285714267,False,15.105403959336526,True,15.097913322632406,True,15.096843231674672,True
659,2,33.788756,14.428571|17.857143,15.301765650080238,0.8900778481058427,True,15.42857142857141,False,15.301765650080238,True,15.271803103263759,True,15.25682182985552,True
660,2,33.820293,14.571429|17.714286,15.254146602461189,0.893157416960113,True,15.42857142857141,False,15.254146602461189,True,15.248796147672532,True,15.24558587479934,True
661,2,35.647570,14.714286|18.857143,15.27287319422149,0.8906978860663268,True,15.42857142857141,False,15.27287319422149,True,15.241840556447281,True,15.241305510968415,True
662,2,33.788756,14.285714|17.714286,15.287319422150864,0.8949860006720126,True,15.42857142857141,False,15.287319422150864,True,15.248796147672532,True,15.248796147672534,True
663,2,34.720990,14.428571|17.714286,15.093097913322614,0.8941305657241297,True,15.142857142857125,False,15.093097913322614,True,15.07383627608345,True,15.065275548421598,True
664,2,34.412473,14.428571|18.571429,15.049224184055626,0.8945986950927313,True,15.142857142857125,False,15.049224184055626,True,15.049224184055626,True,15.049759229534493,True
665,2,34.206744,14.285714|18.142857,15.109149277688585,0.892673103541339,True,15.285714285714267,False,15.109149277688585,True,15.107009095773122,True,15.102728731942197,True
666,2,34.544577,14.428571|18.000000,15.030497592295328,0.8955158506988733,True,15.142857142857125,False,15.030497592295328,True,15.011235955056161,True,15.009630818619563,True
667,2,35.656271,14.571429|18.857143,15.069020866773657,0.8918908365427558,True,15.142857142857125,False,15.069020866773657,True,15.06634563937933,True,15.066880684858194,True
668,2,33.432957,14.285714|17.142857,15.10968432316745,0.8928874287068104,True,15.285714285714267,False,15.10968432316745,True,15.086142322097361,True,15.08507223113963,True
669,2,34.145253,14.571429|17.571429,15.290529695024059,0.8946832135815218,True,15.42857142857141,False,15.290529695024059,True,15.263242375601907,True,15.260032102728712,True
670,2,32.681884,14.285714|16.714286,15.204387372926682,0.8913588077510137,True,15.285714285714267,False,15.204387372926682,True,15.140181915462795,True,15.143392188335989,True
671,2,34.544577,14.428571|18.285714,15.093097913322612,0.893242791685931,True,15.142857142857125,False,15.093097913322612,True,15.07758159443551,True,15.066880684858194,True
672,2,33.293090,14.428571|16.571429,15.030497592295328,0.890618409915557,True,15.142857142857125,False,15.030497592295328,True,14.98929909042267,True,14.98929909042267,True
673,2,35.294055,14.714286|18.571429,15.219903691813785,0.8905936555592794,True,15.285714285714267,False,15.219903691813785,True,15.194756554307098,True,15.192081326912769,True
674,2,34.370576,14.428571|18.285714,15.121990369181363,0.8923516859028351,True,15.285714285714267,False,15.121990369181363,True,15.104333868378795,True,15.104333868378795,True
675,2,34.544577,14.571429|18.571429,15.350454788657018,0.8902529971368376,True,15.57142857142855,False,15.350454788657018,True,15.343499197431763,True,15.342964151952899,True
676,2,34.513921,14.428571|18.142857,15.082397003745301,0.8913917817376115,True,15.142857142857125,False,15.082397003745301,True,15.046013911182433,True,15.043338683788106,True
677,2,34.145253,14.285714|17.857143,15.034777956126252,0.8930063615460808,True,15.142857142857125,False,15.034777956126252,True,15.032102728731925,True,15.026752273943266,True
678,2,34.999822,14.428571|18.571429,15.049224184055626,0.8937605081548173,True,15.142857142857125,False,15.049224184055626,True,15.030497592295328,True,15.026217228464402,True
679,2,35.365688,14.571429|18.285714,15.1556982343499,0.8900036293116161,True,15.285714285714267,False,15.1556982343499,True,15.119315141787036,True,15.103798822899927,True
680,2,34.226484,14.428571|18.000000,15.231139646869966,0.8924480900337641,True,15.42857142857141,False,15.231139646869966,True,15.213483146067395,True,15.204922418405548,True
681,2,34.920501,14.714286|18.142857,15.099518459069001,0.8900690152928307,True,15.142857142857125,False,15.099518459069001,True,15.082932049224166,True,15.080256821829835,True
682,2,32.982974,14.142857|16.714286,14.942215088282486,0.8960921883862698,True,14.999999999999982,False,14.942215088282486,True,14.904226859283023,True,14.904226859283023,True
683,2,35.656271,14.571429|18.714286,15.036918138041715,0.8902261019922847,True,15.142857142857125,False,15.036918138041715,True,15.042268592830371,True,15.037988228999447,True
684,2,34.474670,14.571429|18.285714,15.322632423756,0.8909692179533136,True,15.42857142857141,False,15.322632423756,True,15.253611556982325,True,15.23916532905295,True
685,2,33.413010,14.285714|16.571429,15.004815409309773,0.8930762602177839,True,15.142857142857125,False,15.004815409309773,True,14.981808453718548,True,14.971107544141235,True
686,2,34.440085,14.571429|18.285714,15.392188336008543,0.8902275600353202,True,15.57142857142855,False,15.392188336008543,True,15.391118245050812,True,15.38255751738896,True
687,2,34.647306,14.428571|17.857143,15.019261637239147,0.8962806992834346,True,15.142857142857125,False,15.019261637239147,True,14.986088817549472,True,14.973782771535564,True
688,2,34.533138,14.428571|18.285714,15.121990369181363,0.8960455550403142,True,15.285714285714267,False,15.121990369181363,True,15.110754414125182,True,15.097913322632406,True
689,2,33.892054,14.285714|17.571429,15.208667736757606,0.8913738882939674,True,15.285714285714267,False,15.208667736757606,True,15.152487961476707,True,15.145532370251452,True
690,2,34.872387,14.428571|18.285714,15.121990369181363,0.8917406250999839,True,15.285714285714267,False,15.121990369181363,True,15.09149277688602,True,15.089352594970554,True
691,2,33.850064,14.428571|17.714286,15.203852327447814,0.8930928500555765,True,15.285714285714267,False,15.203852327447814,True,15.157838416265365,True,15.145532370251454,True
692,2,34.440085,14.428571|18.571429,15.157838416265365,0.8919118827938939,True,15.285714285714267,False,15.157838416265365,True,15.141787051899392,True,15.125735687533423,True
693,2,34.720320,14.428571|17.857143,15.032102728731925,0.892290280866012,True,15.142857142857125,False,15.032102728731925,True,15.012306046013894,True,15.009095773140698,True
694,2,34.055530,14.571429|17.571429,15.425361155698218,0.8900154433189952,True,15.42857142857141,False,15.425361155698218,True,15.364365971107521,True,15.348849652220418,True
695,2,33.300511,14.428571|17.285714,15.284644194756536,0.8944324593016822,True,15.42857142857141,False,15.284644194756536,True,15.236490101658621,True,15.233814874264294,True
696,2,33.622299,14.571429|17.285714,15.354200107009078,0.8907616734058307,True,15.42857142857141,False,15.354200107009078,True,15.263242375601907,True,15.260032102728712,True
697,2,34.004559,14.285714|17.857143,15.12841091492775,0.8902387605773227,True,15.285714285714267,False,15.12841091492775,True,15.118245050829303,True,15.115569823434976,True
698,2,34.241567,14.428571|17.285714,15.049224184055626,0.8915029067479942,True,15.142857142857125,False,15.049224184055626,True,15.027287319422133,True,15.027287319422133,True
699,2,33.232935,14.428571|17.285714,15.316746923488477,0.8940597630992851,True,15.42857142857141,False,15.316746923488477,True,15.265917602996236,True,15.256821829855518,True
700,2,33.210559,14.142857|17.000000,15.12734082397002,0.891958239320158,True,15.142857142857125,False,15.12734082397002,True,15.038523274478313,True,15.038523274478313,True
701,2,34.315118,14.285714|18.142857,15.296950240770446,0.8912509523086641,True,15.42857142857141,False,15.296950240770446,True,15.281968967362207,True,15.291064740502923,True
702,2,33.942385,14.285714|17.428571,15.074371321562316,0.8900925050597072,True,15.142857142857125,False,15.074371321562316,True,15.049759229534493,True,15.044943820224702,True
703,2,35.676651,14.571429|18.857143,15.149277688603513,0.8902934557939827,True,15.285714285714267,False,15.149277688603513,True,15.133761369716407,True,15.131621187800945,True
704,2,34.212953,14.428571|18.142857,15.249331193151399,0.8940165947253489,True,15.42857142857141,False,15.249331193151399,True,15.246120920278205,True,15.240770465489547,True
705,2,32.741722,14.428571|16.571429,15.174959871589067,0.8905854171293872,True,15.285714285714267,False,15.174959871589067,True,15.147672552166918,True,15.12734082397002,True
706,2,34.440085,14.428571|18.428571,15.08774745853396,0.8911017137856465,True,15.285714285714267,False,15.08774745853396,True,15.087212413055092,True,15.085072231139629,True
707,2,34.646074,14.571429|18.285714,15.294810058854985,0.8933226465221815,True,15.42857142857141,False,15.294810058854985,True,15.258426966292118,True,15.253076511503458,True
708,2,34.505326,14.285714|18.142857,14.878009630818603,0.8958726015461844,True,14.999999999999982,False,14.878009630818603,True,14.8421615837346,True,14.8421615837346,True
709,2,35.116515,14.714286|18.571429,15.34991974317815,0.8902703421170551,True,15.42857142857141,False,15.34991974317815,True,15.32530765115033,True,15.315676832530746,True
710,2,34.646074,14.285714|18.571429,14.991974317816995,0.8907517778847875,True,15.142857142857125,False,14.991974317816995,True,14.960941680042787,True,14.950775815944336,True
711,2,33.962568,14.285714|17.714286,15.081861958266433,0.8942524530566175,True,15.142857142857125,False,15.081861958266433,True,15.048154093097894,True,15.048154093097894,True
712,2,34.315118,14.428571|18.142857,15.096308186195808,0.8907438695390879,True,15.142857142857125,False,15.096308186195808,True,15.092562867843748,True,15.094703049759211,True
713,2,33.271360,14.428571|17.000000,15.227929373996771,0.8918031619177922,True,15.285714285714267,False,15.227929373996771,True,15.199571963616888,True,15.197966827180291,True
714,2,34.226484,14.428571|17.285714,15.038523274478313,0.8954850018069543,True,15.142857142857125,False,15.038523274478313,True,15.027287319422133,True,15.021936864633478,True
715,2,33.962568,14.428571|17.571429,15.02889245585873,0.8953423348099472,True,15.142857142857125,False,15.02889245585873,True,15.019261637239149,True,15.012841091492758,True
716,2,35.691574,14.571429|19.142857,15.30765115034776,0.8904911937155049,True,15.42857142857141,False,15.30765115034776,True,15.246655965757071,True,15.238630283574086,True
717,2,34.235359,14.428571|17.571429,14.98180845371855,0.8921483275966585,True,14.999999999999982,False,14.98180845371855,True,14.929373996789709,True,14.92937399678971,True
718,2,34.178550,14.285714|17.571429,15.13483146067414,0.8913528013280665,True,15.285714285714267,False,15.13483146067414,True,15.11717495987157,True,15.10593900481539,True
719,2,34.474670,14.428571|18.428571,15.147672552166917,0.8959256592389722,True,15.285714285714267,False,15.147672552166917,True,15.096308186195808,True,15.097913322632404,True
720,2,35.620454,14.571429|19.000000,15.16853932584268,0.8915096129430543,True,15.285714285714267,False,15.16853932584268,True,15.147672552166917,True,15.145532370251455,True
721,2,33.772521,14.285714|18.000000,15.16211878009629,0.8913273165153683,True,15.285714285714267,False,15.16211878009629,True,15.151417870518976,True,15.142322097378257,True
722,2,34.646074,14.428571|18.428571,15.072766185125717,0.8900610943251211,True,15.142857142857125,False,15.072766185125717,True,15.063670411985001,True,15.056179775280881,True
723,2,33.108386,14.285714|17.142857,15.216693418940592,0.89139309969122,True,15.285714285714267,False,15.216693418940592,True,15.179240235419993,True,15.16853932584268,True
724,2,34.505326,14.571429|18.000000,15.110754414125184,0.8907528269980819,True,15.285714285714267,False,15.110754414125184,True,15.090957731407153,True,15.090957731407153,True
725,2,34.587606,14.571429|18.000000,15.033707865168521,0.8920496713458783,True,15.142857142857125,False,15.033707865168521,True,15.02407704654894,True,15.024077046548939,True
726,2,32.420160,14.142857|16.428571,14.99892990904225,0.8913995700247439,True,14.999999999999982,False,14.99892990904225,True,14.97913322632422,True,14.974317817014427,True
727,2,35.853479,14.428571|19.285714,15.02889245585873,0.8909288984039146,True,15.142857142857125,False,15.02889245585873,True,15.021936864633476,True,15.02140181915461,True
728,2,32.983083,14.285714|17.000000,15.170144462279275,0.8992581880934963,True,15.285714285714267,False,15.170144462279275,True,15.162118780096291,True,15.161048689138559,True
729,2,33.278781,14.428571|17.285714,15.338148742643106,0.8943874730017252,True,15.42857142857141,False,15.338148742643106,True,15.27287319422149,True,15.260032102728712,True
730,2,34.505326,14.428571|18.285714,15.10754414125199,0.8942331797355102,True,15.285714285714267,False,15.10754414125199,True,15.106474050294258,True,15.103798822899927,True
731,2,32.771974,14.285714|16.857143,15.20064205457462,0.8941680325484107,True,15.285714285714267,False,15.20064205457462,True,15.175494917067933,True,15.17067950775814,True
732,2,35.116515,14.571429|18.428571,15.048154093097894,0.8931221195689809,True,15.142857142857125,False,15.048154093097894,True,15.019261637239149,True,15.013376136971624,True
733,2,32.454460,14.142857|16.285714,14.945425361155682,0.8962248567833347,True,14.999999999999982,False,14.945425361155682,True,14.903156768325289,True,14.892990904226842,True
734,2,32.893105,14.285714|16.857143,15.219903691813785,0.8907325159937799,True,15.285714285714267,False,15.219903691813785,True,15.175494917067933,True,15.174959871589067,True
735,2,35.170717,14.571429|18.714286,15.223113964686979,0.8909581793301445,True,15.285714285714267,False,15.223113964686979,True,15.13215623327981,True,15.131621187800944,True
736,2,33.578075,14.285714|17.142857,15.013376136971624,0.8929419746879196,True,15.142857142857125,False,15.013376136971624,True,14.982343499197414,True,14.979668271803085,True
737,2,34.486110,14.428571|18.000000,15.231139646869966,0.8913258359736583,True,15.42857142857141,False,15.231139646869966,True,15.226324237560172,True,15.211342964151934,True
738,2,33.156112,14.428571|17.142857,15.272338148742625,0.8956342198794409,True,15.285714285714267,False,15.272338148742625,True,15.225789192081308,True,15.220438737292652,True
739,2,35.698449,14.571429|19.285714,15.118780096308168,0.8923048672644582,True,15.285714285714267,False,15.118780096308168,True,15.115569823434974,True,15.113964686998377,True
740,2,33.210559,14.285714|16.428571,15.008025682182968,0.8922637062772761,True,14.999999999999982,False,15.008025682182968,True,14.945425361155682,True,14.943285179240217,True
741,2,33.962568,14.428571|17.714286,15.36383092562866,0.8909180615375949,True,15.42857142857141,False,15.36383092562866,True,15.311396468699822,True,15.303370786516833,True
742,2,33.210559,14.285714|17.285714,15.195826645264829,0.8956557616075409,True,15.285714285714267,False,15.195826645264829,True,15.158908507223094,True,15.149277688603512,True
743,2,34.055530,14.428571|17.000000,15.102728731942197,0.8902993716999203,True,15.142857142857125,False,15.102728731942197,True,15.078651685393242,True,15.078116639914375,True
744,2,34.235359,14.285714|17.857143,15.074906367041182,0.894784279509923,True,15.142857142857125,False,15.074906367041182,True,15.067415730337062,True,15.064740502942731,True
745,2,33.850064,14.428571|16.857143,14.919743178170126,0.8934311942590012,True,14.999999999999982,False,14.919743178170126,True,14.903691813804157,True,14.894596040663439,True
746,2,34.544577,14.285714|18.285714,14.959871589085052,0.8970508847032611,True,14.999999999999982,False,14.959871589085052,True,14.93311931514177,True,14.93204922418404,True
747,2,35.258594,14.285714|17.714286,14.722311396468681,0.8941577497810158,True,14.85714285714284,False,14.722311396468681,True,14.722311396468681,True,14.721776350989817,True
748,2,35.344351,14.428571|18.714286,15.038523274478313,0.8901320822746974,True,15.142857142857125,False,15.038523274478313,True,15.037453183520583,True,15.038523274478313,True
749,2,34.004559,14.142857|17.857143,15.074906367041182,0.8953350347277935,True,15.285714285714267,False,15.074906367041182,True,15.061530230069538,True,15.061530230069538,True
750,2,33.578075,14.428571|17.285714,15.22043873729265,0.8934046865069626,True,15.285714285714267,False,15.22043873729265,True,15.18298555377205,True,15.18191546281432,True
751,2,34.544577,14.428571|17.857143,15.083467094703032,0.8931529732124414,True,15.142857142857125,False,15.083467094703032,True,15.056714820759746,True,15.049759229534493,True
752,2,34.474670,14.285714|18.571429,14.975922953451025,0.8925041823472707,True,15.142857142857125,False,14.975922953451025,True,14.960406634563922,True,14.958266452648457,True
753,2,35.467684,14.571429|18.571429,15.050829320492225,0.8905835667286679,True,15.142857142857125,False,15.050829320492225,True,15.033172819689655,True,15.028357410379863,True
754,2,33.300511,14.285714|17.571429,15.196361690743695,0.8969734600969023,True,15.285714285714267,False,15.196361690743695,True,15.150347779561244,True,15.144462279293723,True
755,2,33.120784,14.428571|16.714286,15.233279828785427,0.8904135298675864,True,15.285714285714267,False,15.233279828785427,True,15.173354735152468,True,15.17228464419474,True
756,2,32.832440,14.428571|16.857143,15.210807918673067,0.8923931904926131,True,15.285714285714267,False,15.210807918673067,True,15.179775280898859,True,15.179775280898859,True
757,2,34.419212,14.285714|18.000000,15.036918138041715,0.8934215593345113,True,15.142857142857125,False,15.036918138041715,True,15.00642054574637,True,15.009630818619565,True
758,2,34.999822,14.571429|18.000000,15.008025682182968,0.8901442411754216,True,15.142857142857125,False,15.008025682182968,True,14.993579454253593,True,14.992509363295863,True
759,2,33.362716,14.428571|17.428571,15.304975922953432,0.8924375610660246,True,15.42857142857141,False,15.304975922953432,True,15.266452648475102,True,15.254146602461189,True
760,2,35.078934,14.571429|18.428571,15.062600321027269,0.8914694907083605,True,15.142857142857125,False,15.062600321027269,True,15.026752273943266,True,15.023542001070073,True
761,2,35.647570,14.714286|18.285714,15.222578919208114,0.8905490855319703,True,15.285714285714267,False,15.222578919208114,True,15.223113964686979,True,15.218298555377189,True
762,2,34.384626,14.142857|17.857143,14.99143927233813,0.8948135109115766,True,15.142857142857125,False,14.99143927233813,True,14.977528089887624,True,14.978598180845355,True
763,2,33.026044,14.285714|16.857143,15.191011235955038,0.8923171033773851,True,15.285714285714267,False,15.191011235955038,True,15.181380417335456,True,15.167469234884948,True
764,2,34.282406,14.428571|17.857143,15.057784911717478,0.8955483237023747,True,15.142857142857125,False,15.057784911717478,True,15.038523274478312,True,15.041198501872643,True
765,2,34.544577,14.428571|18.142857,15.207597645799874,0.8911655063587118,True,15.285714285714267,False,15.207597645799874,True,15.195826645264829,True,15.187800963081845,True
766,2,34.178550,14.285714|17.571429,14.974852862493295,0.892480454866253,True,15.142857142857125,False,14.974852862493295,True,14.974852862493295,True,14.973782771535562,True
767,2,35.698449,14.428571|19.142857,15.134831460674139,0.8935056045909459,True,15.285714285714267,False,15.134831460674139,True,15.083467094703032,True,15.08346709470303,True
768,2,34.721552,14.428571|18.571429,14.987158908507206,0.8939448743459332,True,15.142857142857125,False,14.987158908507206,True,14.96522204387371,True,14.956661316211859,True
769,2,34.945411,14.428571|18.285714,15.035313001605118,0.8901634774081826,True,15.142857142857125,False,15.035313001605118,True,15.01284109149276,True,15.010165864098429,True
770,2,32.843348,14.285714|16.428571,15.024077046548939,0.8945854467279667,True,15.142857142857125,False,15.024077046548939,True,15.005350454788639,True,14.99411449973246,True
771,2,33.892054,14.428571|17.285714,15.156233279828767,0.8920941526379269,True,15.285714285714267,False,15.156233279828767,True,15.13483146067414,True,15.134831460674139,True
772,2,34.720990,14.428571|17.714286,14.883895131086126,0.8932206799977245,True,14.999999999999982,False,14.883895131086126,True,14.868913857677883,True,14.867308721241288,True
773,2,34.297490,14.285714|18.285714,15.064740502942733,0.8945433819371897,True,15.142857142857125,False,15.064740502942733,True,15.057249866238614,True,15.054574638844283,True
774,2,35.078934,14.714286|17.857143,15.090957731407153,0.8914717973004025,True,15.142857142857125,False,15.090957731407153,True,15.06902086677366,True,15.065810593900464,True
775,2,33.066337,14.285714|17.285714,15.375601926163705,0.8914580353147769,True,15.42857142857141,False,15.375601926163705,True,15.308186195826627,True,15.302300695559104,True
776,2,34.470740,14.285714|17.714286,15.06902086677366,0.8920569101274358,True,15.142857142857125,False,15.06902086677366,True,15.04975922953449,True,15.035313001605118,True
777,2,34.055530,14.428571|17.571429,15.15837346174423,0.8929334699587124,True,15.285714285714267,False,15.15837346174423,True,15.13483146067414,True,15.141787051899394,True
778,2,33.356276,14.428571|16.857143,15.110754414125182,0.8928883394447631,True,15.142857142857125,False,15.110754414125182,True,15.046013911182431,True,15.038523274478312,True
779,2,33.850064,14.428571|17.428571,15.170144462279277,0.8950048346012593,True,15.285714285714267,False,15.170144462279277,True,15.148742643124647,True,15.152487961476709,True
780,2,34.288615,14.571429|18.000000,15.277688603531281,0.8906975577135317,True,15.42857142857141,False,15.277688603531281,True,15.253611556982325,True,15.255751738897787,True
781,2,34.268071,14.285714|17.857143,15.12841091492775,0.8932715680457518,True,15.285714285714267,False,15.12841091492775,True,15.121990369181363,True,15.112894596040645,True
782,2,33.694594,14.571429|17.285714,15.405029427501317,0.8921099052783343,True,15.42857142857141,False,15.405029427501317,True,15.309791332263224,True,15.30016051364364,True
783,2,33.753728,14.428571|17.285714,15.22043873729265,0.8928085548955464,True,15.285714285714267,False,15.22043873729265,True,15.185125735687516,True,15.185125735687514,True
784,2,34.268071,14.428571|18.000000,15.164258962011752,0.8917405144525916,True,15.285714285714267,False,15.164258962011752,True,15.137506688068468,True,15.125735687533423,True
785,2,34.315118,14.428571|17.857143,15.173354735152468,0.8917425484417907,True,15.285714285714267,False,15.173354735152468,True,15.168004280363816,True,15.169074371321544,True
786,2,33.901260,14.285714|18.000000,15.273408239700354,0.8950271124264093,True,15.42857142857141,False,15.273408239700354,True,15.243980738362742,True,15.242910647405012,True
787,2,34.618262,14.285714|18.285714,14.959871589085052,0.8921299484057871,True,15.142857142857125,False,14.959871589085052,True,14.942215088282486,True,14.930444087747441,True
788,2,34.412473,14.428571|17.857143,15.00642054574637,0.8923492021161947,True,15.142857142857125,False,15.00642054574637,True,14.965757089352577,True,14.96415195291598,True
789,2,33.721698,14.285714|16.857143,14.815409309791313,0.8901314793070076,True,14.85714285714284,False,14.815409309791313,True,14.813804173354717,True,14.807383627608331,True
790,2,34.440085,14.428571|18.000000,14.896736222578904,0.8912415502392241,True,14.999999999999982,False,14.896736222578904,True,14.871589085072214,True,14.871054039593348,True
791,2,33.788756,14.285714|17.285714,15.11717495987157,0.890322259534432,True,15.142857142857125,False,15.11717495987157,True,15.064740502942731,True,15.064740502942731,True
792,2,33.210559,14.285714|17.428571,15.215623327982861,0.8946687367130072,True,15.285714285714267,False,15.215623327982861,True,15.187265917602975,True,15.185660781166382,True
793,2,33.788756,14.428571|17.285714,15.081326912787569,0.8979778560121063,True,15.142857142857125,False,15.081326912787569,True,15.067950775815929,True,15.066880684858194,True
794,2,34.397104,14.285714|18.285714,15.13964686998393,0.8932431576209702,True,15.285714285714267,False,15.13964686998393,True,15.12092027822363,True,15.113964686998377,True
795,2,34.720990,14.571429|18.285714,15.100053504547867,0.8901411963834948,True,15.142857142857125,False,15.100053504547867,True,15.097913322632406,True,15.098448368111272,True
796,2,34.315118,14.285714|17.571429,14.83948635634027,0.892745895002029,True,14.85714285714284,False,14.83948635634027,True,14.827715355805227,True,14.827715355805225,True
797,2,34.533138,14.571429|18.142857,15.226859283039039,0.8931655487294077,True,15.42857142857141,False,15.226859283039039,True,15.231139646869966,True,15.227394328517905,True
798,2,34.440085,14.285714|18.000000,14.925628678437649,0.898660057263619,True,14.999999999999982,False,14.925628678437649,True,14.924023542001054,True,14.920813269127859,True
799,2,34.440085,14.285714|18.285714,15.12466559657569,0.8934606317708426,True,15.285714285714267,False,15.12466559657569,True,15.103798822899927,True,15.099518459069003,True
800,2,34.235359,14.428571|17.857143,15.173354735152468,0.8907967176385294,True,15.285714285714267,False,15.173354735152468,True,15.147137506688049,True,15.126805778491152,True
801,2,33.300511,14.285714|16.857143,14.930979133226307,0.8927345014617495,True,14.999999999999982,False,14.930979133226307,True,14.901016586409828,True,14.895131086142305,True
802,2,34.241567,14.428571|18.000000,15.124130551096826,0.8913948393652137,True,15.285714285714267,False,15.124130551096826,True,15.093097913322612,True,15.081861958266433,True
803,2,33.300511,14.285714|17.142857,15.05617977528088,0.8924780908221948,True,15.142857142857125,False,15.05617977528088,True,15.03638309256285,True,15.03263777421079,True
804,2,33.413010,14.285714|17.285714,15.18459069020865,0.8922977544705942,True,15.285714285714267,False,15.18459069020865,True,15.136436597110734,True,15.131621187800945,True
805,2,34.315118,14.428571|18.428571,15.237560192616353,0.8952535444577827,True,15.42857142857141,False,15.237560192616353,True,15.236490101658621,True,15.233814874264292,True
806,2,34.357014,14.428571|18.142857,15.23542001070089,0.8932894778836853,True,15.42857142857141,False,15.23542001070089,True,15.233279828785427,True,15.222578919208114,True
807,2,33.269579,14.428571|17.142857,15.191011235955036,0.8913620026963022,True,15.285714285714267,False,15.191011235955036,True,15.148742643124647,True,15.14606741573032,True
808,2,35.656271,14.285714|19.142857,14.831460674157286,0.8931239141915484,True,14.999999999999982,False,14.831460674157286,True,14.824505082932033,True,14.818619582664509,True
809,2,34.357014,14.285714|18.285714,15.019796682718013,0.895122574805049,True,15.142857142857125,False,15.019796682718013,True,15.015516318887087,True,15.006420545746371,True
810,2,33.053939,14.428571|16.428571,15.027822364900999,0.8915491086712266,True,15.142857142857125,False,15.027822364900999,True,14.980203317281951,True,14.97913322632422,True
811,2,34.128866,14.285714|17.857143,15.141787051899392,0.8981277206471052,True,15.285714285714267,False,15.141787051899392,True,15.116104868913837,True,15.10700909577312,True
812,2,34.999822,14.428571|18.285714,15.04975922953449,0.8903622285758407,True,15.142857142857125,False,15.04975922953449,True,15.028357410379865,True,15.021936864633474,True
813,2,34.920501,14.428571|18.000000,15.204387372926682,0.8918257702224505,True,15.285714285714267,False,15.204387372926682,True,15.185125735687517,True,15.182985553772053,True
814,2,34.920501,14.571429|18.142857,15.093097913322614,0.8920837775577933,True,15.142857142857125,False,15.093097913322614,True,15.05136436597109,True,15.05136436597109,True
815,2,33.053939,14.285714|16.714286,15.013376136971624,0.8953246583617501,True,15.142857142857125,False,15.013376136971624,True,14.970572498662369,True,14.96789727126804,True
816,2,33.453434,14.285714|17.000000,14.987158908507206,0.8942216359733502,True,14.999999999999982,False,14.987158908507206,True,14.969502407704637,True,14.966292134831443,True
817,2,35.937176,14.571429|19.000000,15.334403424291045,0.8905058021026688,True,15.57142857142855,False,15.334403424291045,True,15.32744783306579,True,15.32637774210806,True
818,2,33.232935,14.428571|16.857143,15.1198501872659,0.8975441244801513,True,15.142857142857125,False,15.1198501872659,True,15.10486891385766,True,15.098983413590135,True
819,2,35.258594,14.714286|18.428571,15.228999464954503,0.8914057496369232,True,15.285714285714267,False,15.228999464954503,True,15.226859283039039,True,15.224184055644711,True
820,2,36.089038,14.571429|19.142857,15.085072231139629,0.8926091968267313,True,15.285714285714267,False,15.085072231139629,True,15.06260032102727,True,15.06153023006954,True
821,2,33.300511,14.428571|16.714286,15.181915462814322,0.8916527242509177,True,15.285714285714267,False,15.181915462814322,True,15.148207597645783,True,15.148207597645783,True
822,2,33.578075,14.285714|17.428571,15.192081326912769,0.894459003556753,True,15.285714285714267,False,15.192081326912769,True,15.15837346174423,True,15.155698234349902,True
823,2,34.178550,14.428571|18.000000,15.057249866238614,0.8950327020962421,True,15.142857142857125,False,15.057249866238614,True,15.057249866238612,True,15.058855002675209,True
824,2,34.226484,14.142857|17.285714,14.931514178705173,0.8967183094793282,True,14.999999999999982,False,14.931514178705173,True,14.913857677902605,True,14.911182450508276,True
825,2,35.647570,14.571429|18.857143,15.1011235955056,0.890737891783297,True,15.285714285714267,False,15.1011235955056,True,15.099518459069003,True,15.099518459069003,True
826,2,34.355207,14.428571|18.000000,15.137506688068468,0.8919163601576408,True,15.285714285714267,False,15.137506688068468,True,15.12841091492775,True,15.124130551096826,True
827,2,33.249658,14.285714|16.714286,15.031567683253058,0.8951976376309277,True,15.142857142857125,False,15.031567683253058,True,14.982343499197414,True,14.986088817549474,True
828,2,34.159916,14.285714|17.571429,14.93793472445156,0.8957207455128818,True,14.999999999999982,False,14.93793472445156,True,14.931514178705173,True,14.927768860353114,True
829,2,34.720990,14.571429|18.714286,15.192081326912769,0.8918759777137634,True,15.285714285714267,False,15.192081326912769,True,15.189941144997306,True,15.18459069020865,True
830,2,34.470740,14.428571|18.000000,15.09737827715354,0.892794387484324,True,15.285714285714267,False,15.09737827715354,True,15.089887640449419,True,15.088282504012824,True
831,2,34.397104,14.285714|17.857143,14.941144997324756,0.8905198910046583,True,14.999999999999982,False,14.941144997324756,True,14.92295345104332,True,14.920278223648994,True
832,2,33.850064,14.428571|17.285714,15.252541466024592,0.8922708867342768,True,15.42857142857141,False,15.252541466024592,True,15.237025147137487,True,15.227394328517905,True
833,2,33.731881,14.428571|17.571429,15.334938469769911,0.8945630237624737,True,15.42857142857141,False,15.334938469769911,True,15.302835741037969,True,15.303905831995701,True
834,2,34.544577,14.428571|18.000000,14.93686463349383,0.8962555927585866,True,14.999999999999982,False,14.93686463349383,True,14.906902086677352,True,14.904226859283023,True
835,2,34.004559,14.428571|17.285714,15.166934189406081,0.8943563865886146,True,15.285714285714267,False,15.166934189406081,True,15.134831460674139,True,15.13108614232208,True
836,2,35.647570,14.428571|18.714286,14.910112359550546,0.89123315099681,True,14.999999999999982,False,14.910112359550546,True,14.878009630818603,True,14.878009630818603,True
837,2,33.753728,14.571429|17.857143,15.469769930444068,0.891542391389477,True,15.57142857142855,False,15.469769930444068,True,15.441947565543051,True,15.439807383627588,True
838,2,32.944288,14.285714|16.714286,15.058855002675209,0.8926159922305583,True,15.142857142857125,False,15.058855002675209,True,15.003745318352044,True,15.002140181915445,True
839,2,34.440085,14.285714|18.285714,14.959871589085052,0.8969616154289233,True,14.999999999999982,False,14.959871589085052,True,14.945960406634546,True,14.940074906367023,True
840,2,34.544577,14.428571|17.428571,14.866773675762424,0.8922923365892399,True,14.999999999999982,False,14.866773675762424,True,14.865168539325825,True,14.86195826645263,True
841,2,34.647306,14.571429|18.000000,15.085072231139629,0.8907872346839445,True,15.142857142857125,False,15.085072231139629,True,15.050294275013357,True,15.031032637774192,True
842,2,34.397104,14.428571|18.000000,15.09737827715354,0.8931388982137615,True,15.285714285714267,False,15.09737827715354,True,15.085072231139629,True,15.078116639914374,True
843,2,33.681426,14.428571|17.142857,15.201177100053487,0.8925780730625276,True,15.285714285714267,False,15.201177100053487,True,15.118780096308168,True,15.11503477795611,True
844,2,32.178175,14.000000|16.000000,14.876404494382005,0.8937455681041526,True,14.999999999999982,False,14.876404494382005,True,14.876404494382005,True,14.863563402889229,True
845,2,34.327595,14.285714|17.714286,14.850722311396451,0.8908558745984451,True,14.999999999999982,False,14.850722311396451,True,14.850722311396451,True,14.846441947565525,True
846,2,34.241567,14.285714|17.428571,14.850722311396451,0.8963338886956379,True,14.85714285714284,False,14.850722311396451,True,14.791867308721224,True,14.78865703584803,True
847,2,32.445274,14.285714|15.857143,14.921348314606725,0.892198427263142,True,14.999999999999982,False,14.921348314606725,True,14.909577314071678,True,14.899411449973229,True
848,2,33.066337,14.285714|16.714286,15.131621187800945,0.8917254415351812,True,15.142857142857125,False,15.131621187800945,True,15.08614232209736,True,15.081326912787569,True
849,2,34.412473,14.142857|17.428571,14.647405029427485,0.8937756826098867,True,14.714285714285698,False,14.647405029427485,True,14.64044943820223,True,14.635634028892438,True
850,2,35.365688,14.571429|18.857143,15.357945425361136,0.8911455155104173,True,15.57142857142855,False,15.357945425361136,True,15.340288924558568,True,15.340288924558568,True
851,2,35.258594,14.428571|18.428571,15.102728731942197,0.8949491750228474,True,15.142857142857125,False,15.102728731942197,True,15.07758159443551,True,15.07383627608345,True
852,2,34.178550,14.428571|17.714286,15.130016051364347,0.8902125981823581,True,15.285714285714267,False,15.130016051364347,True,15.138041733547333,True,15.130016051364347,True
853,2,34.720320,14.285714|18.428571,15.014981273408223,0.8968096635913734,True,15.142857142857125,False,15.014981273408223,True,14.982343499197412,True,14.978063135366488,True
854,2,33.210559,14.428571|16.714286,15.104868913857661,0.8952220875093867,True,15.142857142857125,False,15.104868913857661,True,15.086142322097361,True,15.086142322097357,True
855,2,33.942385,14.285714|17.714286,15.235955056179757,0.895319587351394,True,15.42857142857141,False,15.235955056179757,True,15.20545746388441,True,15.20224719101122,True
856,2,34.646636,14.285714|18.571429,15.056179775280881,0.893805633389645,True,15.142857142857125,False,15.056179775280881,True,15.032637774210789,True,15.031567683253057,True
857,2,33.453434,14.285714|17.000000,15.058319957196344,0.8906786951611434,True,15.142857142857125,False,15.058319957196344,True,15.023006955591208,True,15.011771000535026,True
858,2,33.942385,14.285714|18.000000,15.050829320492225,0.8920732910646902,True,15.142857142857125,False,15.050829320492225,True,15.027822364901,True,15.019261637239147,True
859,2,34.646636,14.285714|18.285714,15.19957196361689,0.8945762091550161,True,15.285714285714267,False,15.19957196361689,True,15.159978598180826,True,15.149277688603513,True
860,2,34.147500,14.428571|17.142857,14.977528089887624,0.8925350992384247,True,14.999999999999982,False,14.977528089887624,True,14.96789727126804,True,14.96415195291598,True
861,2,35.711953,14.571429|19.571429,15.151952915997843,0.8906004062947663,True,15.285714285714267,False,15.151952915997843,True,15.151952915997843,True,15.144997324772588,True
862,2,34.459301,14.285714|18.142857,14.993579454253593,0.8948051881797201,True,15.142857142857125,False,14.993579454253593,True,14.973782771535564,True,14.97431781701443,True
863,2,34.035346,14.428571|17.571429,15.299625468164775,0.8922055841492487,True,15.42857142857141,False,15.299625468164775,True,15.265382557517372,True,15.247726056714804,True
864,2,34.588168,14.428571|18.285714,15.136436597110736,0.8945954389003286,True,15.285714285714267,False,15.136436597110736,True,15.118245050829303,True,15.11610486891384,True
865,2,33.745417,14.428571|17.285714,15.241840556447281,0.892336732847415,True,15.285714285714267,False,15.241840556447281,True,15.211342964151937,True,15.20064205457462,True
866,2,34.505326,14.714286|18.285714,15.66399143927232,0.8923751735124585,True,15.857142857142838,False,15.66399143927232,True,15.632423756019243,True,15.627608346709449,True
867,2,33.652450,14.428571|17.428571,15.32744783306579,0.8907874916515269,True,15.42857142857141,False,15.32744783306579,True,15.300695559122506,True,15.302300695559106,True
868,2,34.412473,14.285714|18.142857,15.008025682182968,0.8976422822487237,True,15.142857142857125,False,15.008025682182968,True,15.008025682182968,True,15.009630818619565,True
869,2,34.646074,14.428571|17.857143,14.967897271268042,0.8901475507448146,True,15.142857142857125,False,14.967897271268042,True,14.958801498127324,True,14.9529159978598,True
870,2,34.357014,14.428571|18.285714,15.29534510433385,0.8974494805264691,True,15.42857142857141,False,15.29534510433385,True,15.266452648475102,True,15.263242375601907,True
871,2,34.646636,14.571429|18.428571,15.019261637239147,0.8909725671595142,True,15.142857142857125,False,15.019261637239147,True,14.990904226859266,True,14.980203317281951,True
872,2,34.513921,14.285714|18.142857,14.776886035312984,0.8914408218938107,True,14.85714285714284,False,14.776886035312984,True,14.752808988764029,True,14.751738897806295,True
873,2,34.357014,14.428571|18.000000,14.82985553772069,0.8922809622879997,True,14.85714285714284,False,14.82985553772069,True,14.805243445692867,True,14.810593900481525,True
874,2,34.297490,14.142857|18.142857,14.93686463349383,0.8980335512543971,True,14.999999999999982,False,14.93686463349383,True,14.930444087747443,True,14.92455858747992,True
875,2,34.533138,14.428571|18.000000,15.217763509898324,0.894213739643644,True,15.42857142857141,False,15.217763509898324,True,15.20224719101122,True,15.189941144997306,True
876,2,34.505326,14.285714|18.142857,14.935794542536097,0.8904271858370102,True,14.999999999999982,False,14.935794542536097,True,14.933119315141768,True,14.926163723916515,True
877,2,33.313403,14.428571|17.142857,15.201177100053487,0.8942565062587157,True,15.285714285714267,False,15.201177100053487,True,15.16211878009629,True,15.16211878009629,True
878,2,34.128866,14.428571|17.857143,15.134831460674139,0.8910828602971297,True,15.285714285714267,False,15.134831460674139,True,15.107544141251989,True,15.105403959336526,True
879,2,34.459301,14.428571|18.285714,15.00642054574637,0.893351969717426,True,15.142857142857125,False,15.00642054574637,True,14.994649545211324,True,14.994649545211324,True
880,2,34.486110,14.428571|17.857143,15.019261637239147,0.8932100801888933,True,15.142857142857125,False,15.019261637239147,True,14.9903691813804,True,14.9903691813804,True
881,2,33.745417,14.571429|17.857143,15.445157838416247,0.8955075255844257,True,15.57142857142855,False,15.445157838416247,True,15.433921883360066,True,15.425361155698214,True
882,2,34.647306,14.428571|18.000000,15.030497592295328,0.8910726153924884,True,15.142857142857125,False,15.030497592295328,True,14.985018726591743,True,14.984483681112877,True
883,2,35.676651,14.571429|18.714286,15.036918138041715,0.8900427586156604,True,15.142857142857125,False,15.036918138041715,True,15.003210272873174,True,15.001605136436579,True
884,2,34.544577,14.428571|18.000000,15.110754414125184,0.895352956419656,True,15.285714285714267,False,15.110754414125184,True,15.078651685393242,True,15.072231139646853,True
885,2,32.741722,14.142857|16.714286,15.077046548956643,0.8921553805760729,True,15.142857142857125,False,15.077046548956643,True,15.003210272873176,True,15.002140181915445,True
886,2,34.646074,14.428571|18.428571,15.057784911717478,0.8940009570456964,True,15.142857142857125,False,15.057784911717478,True,15.024077046548937,True,15.024077046548937,True
887,2,35.279930,14.571429|18.714286,15.08346709470303,0.8917305841293149,True,15.142857142857125,False,15.08346709470303,True,15.068485821294791,True,15.057249866238612,True
888,2,32.819886,14.285714|17.000000,15.241305510968415,0.8928437937922532,True,15.285714285714267,False,15.241305510968415,True,15.17817014446226,True,15.174424826110203,True
889,2,34.212953,14.285714|17.571429,14.80256821829854,0.8923404404227039,True,14.85714285714284,False,14.80256821829854,True,14.802568218298537,True,14.799357945425344,True
890,2,32.932157,14.285714|16.857143,15.104333868378795,0.8918961376224147,True,15.142857142857125,False,15.104333868378795,True,15.082932049224166,True,15.079186730872106,True
891,2,34.721552,14.428571|18.714286,15.182985553772053,0.8953582712469117,True,15.285714285714267,False,15.182985553772053,True,15.153023006955573,True,15.146067415730318,True
892,2,33.026044,14.285714|16.714286,15.11342964151951,0.8909355406786569,True,15.142857142857125,False,15.11342964151951,True,15.070626003210254,True,15.050829320492225,True
893,2,32.944288,14.285714|16.714286,15.067950775815927,0.8939877813785156,True,15.142857142857125,False,15.067950775815927,True,15.026752273943266,True,15.027822364900999,True
894,2,34.412473,14.428571|18.000000,15.003745318352042,0.8943055786694978,True,15.142857142857125,False,15.003745318352042,True,14.977528089887624,True,14.980203317281951,True
895,2,33.788756,14.428571|17.571429,15.28785446762973,0.8953533335275953,True,15.42857142857141,False,15.28785446762973,True,15.257356875334384,True,15.242375601926145,True
896,2,33.053939,14.142857|17.000000,15.041733547351507,0.8940383351388406,True,15.142857142857125,False,15.041733547351507,True,14.99999999999998,True,14.995719636169056,True
897,2,34.746042,14.571429|18.000000,15.290529695024059,0.8908276494319242,True,15.42857142857141,False,15.290529695024059,True,15.26912787586943,True,15.256286784376652,True
898,2,34.412473,14.428571|18.285714,15.136436597110736,0.8917966943712556,True,15.285714285714267,False,15.136436597110736,True,15.099518459069003,True,15.099518459069003,True
899,2,34.297490,14.285714|18.142857,14.950240770465472,0.8966293147484501,True,14.999999999999982,False,14.950240770465472,True,14.950240770465472,True,14.950240770465472,True
900,2,34.440085,14.428571|18.285714,15.136436597110736,0.8942139175363909,True,15.285714285714267,False,15.136436597110736,True,15.099518459069003,True,15.098983413590135,True
901,2,34.399995,14.428571|18.142857,15.193686463349366,0.8960694827737166,True,15.285714285714267,False,15.193686463349366,True,15.159978598180826,True,15.156768325307631,True
902,2,33.783499,14.428571|17.714286,15.388443017656483,0.8928160106766845,True,15.42857142857141,False,15.388443017656483,True,15.352059925093616,True,15.337078651685372,True
903,2,33.694594,14.285714|17.285714,15.195826645264829,0.8945377112006186,True,15.285714285714267,False,15.195826645264829,True,15.163723916532886,True,15.152487961476707,True
904,2,34.721552,14.571429|18.142857,15.253611556982325,0.8924223821024453,True,15.285714285714267,False,15.253611556982325,True,15.228999464954502,True,15.22578919208131,True
905,2,34.004559,14.285714|17.571429,15.14713750668805,0.8927087190864489,True,15.285714285714267,False,15.14713750668805,True,15.125735687533423,True,15.125735687533421,True
906,2,34.720990,14.285714|17.857143,14.901016586409828,0.896276512294059,True,14.999999999999982,False,14.901016586409828,True,14.840556447298004,True,14.83948635634027,True
907,2,34.241567,14.285714|18.000000,15.134296415195275,0.8952801579034955,True,15.285714285714267,False,15.134296415195275,True,15.129481005885483,True,15.13108614232208,True
908,2,34.315118,14.428571|18.714286,15.455858747993561,0.8943640648593336,True,15.714285714285692,False,15.455858747993561,True,15.455858747993561,True,15.446227929373979,True
909,2,34.315118,14.285714|18.142857,15.109149277688585,0.8922521230836715,True,15.285714285714267,False,15.109149277688585,True,15.09363295880148,True,15.091492776886016,True
910,2,34.544577,14.428571|18.428571,15.132691278758678,0.8930334476756098,True,15.285714285714267,False,15.132691278758678,True,15.123060460139092,True,15.122525414660227,True
911,2,34.235359,14.571429|17.857143,15.125200642054558,0.8923068783750703,True,15.285714285714267,False,15.125200642054558,True,15.10593900481539,True,15.106474050294256,True
912,2,34.259196,14.428571|17.714286,15.130016051364347,0.8918350455900286,True,15.285714285714267,False,15.130016051364347,True,15.121990369181363,True,15.121990369181363,True
913,2,34.412473,14.428571|18.142857,15.138041733547334,0.8907453112144537,True,15.285714285714267,False,15.138041733547334,True,15.101123595505602,True,15.094703049759213,True
914,2,34.721552,14.571429|18.142857,15.266987693953967,0.8914435945870715,True,15.285714285714267,False,15.266987693953967,True,15.185125735687516,True,15.177100053504528,True
915,2,34.474670,14.428571|17.857143,14.942215088282486,0.8900465647112816,True,14.999999999999982,False,14.942215088282486,True,14.921883360085591,True,14.92188336008559,True
916,2,34.440085,14.285714|17.857143,14.901016586409828,0.8957100587212505,True,14.999999999999982,False,14.901016586409828,True,14.88817549491705,True,14.889245585874782,True
917,2,34.419212,14.428571|17.571429,14.958266452648457,0.8922804414758204,True,14.999999999999982,False,14.958266452648457,True,14.942215088282486,True,14.940609951845891,True
918,2,34.440085,14.142857|18.000000,14.764044943820208,0.8969267972016066,True,14.85714285714284,False,14.764044943820208,True,14.756554307116089,True,14.756554307116087,True
919,2,34.192081,14.428571|17.714286,15.166934189406081,0.8923239714843051,True,15.285714285714267,False,15.166934189406081,True,15.150347779561244,True,15.150347779561244,True
920,2,32.276528,14.285714|16.142857,15.023006955591207,0.8905909097769562,True,15.142857142857125,False,15.023006955591207,True,15.007490636704103,True,14.999999999999982,True
921,2,34.721552,14.428571|17.857143,14.993579454253593,0.8912762956036728,True,15.142857142857125,False,14.993579454253593,True,14.965222043873712,True,14.966292134831443,True
922,2,34.618262,14.571429|18.428571,15.29373996789725,0.890984908285815,True,15.42857142857141,False,15.29373996789725,True,15.269127875869431,True,15.268592830390563,True
923,2,34.440085,14.428571|18.428571,15.222578919208113,0.8946715343191687,True,15.285714285714267,False,15.222578919208113,True,15.205992509363279,True,15.189941144997306,True
924,2,34.440085,14.285714|18.142857,15.094703049759211,0.8930970847082672,True,15.285714285714267,False,15.094703049759211,True,15.071161048689122,True,15.062065275548404,True
925,2,34.004559,14.285714|17.428571,15.074371321562316,0.8940134998445541,True,15.142857142857125,False,15.074371321562316,True,15.064205457463867,True,15.064205457463867,True
926,2,34.357014,14.571429|18.285714,15.378277153558033,0.8911349914972376,True,15.57142857142855,False,15.378277153558033,True,15.342964151952895,True,15.341894060995166,True
927,2,34.282406,14.428571|17.571429,14.98180845371855,0.8902238900967079,True,14.999999999999982,False,14.98180845371855,True,14.970572498662369,True,14.971642589620101,True
928,2,34.384626,14.285714|18.285714,15.15462814339217,0.8917255652470966,True,15.285714285714267,False,15.15462814339217,True,15.131621187800945,True,15.12948100588548,True
929,2,34.486110,14.428571|17.285714,14.878009630818603,0.8945899472110547,True,14.999999999999982,False,14.878009630818603,True,14.879079721776332,True,14.873194221508811,True
930,2,34.282406,14.571429|18.000000,15.16211878009629,0.8937120225937625,True,15.285714285714267,False,15.16211878009629,True,15.162653825575156,True,15.15837346174423,True
931,2,34.178550,14.428571|17.571429,15.087747458533958,0.8967161764070476,True,15.142857142857125,False,15.087747458533958,True,15.087747458533958,True,15.082932049224167,True
932,2,35.078934,14.428571|18.000000,14.97699304440876,0.891462310806061,True,15.142857142857125,False,14.97699304440876,True,14.972177635098966,True,14.969502407704637,True
933,2,35.258594,14.428571|18.142857,14.859818084537169,0.8908096901760819,True,14.999999999999982,False,14.859818084537169,True,14.823970037453167,True,14.820224719101107,True
934,2,34.486110,14.285714|18.428571,14.890850722311379,0.8942659639808973,True,14.999999999999982,False,14.890850722311379,True,14.872659176029945,True,14.872659176029945,True
935,2,34.357014,14.285714|18.142857,15.109149277688585,0.8972918341875469,True,15.285714285714267,False,15.109149277688585,True,15.101658640984466,True,15.09844836811127,True
936,2,33.453434,14.428571|16.857143,15.156233279828767,0.8904983618449249,True,15.285714285714267,False,15.156233279828767,True,15.103798822899927,True,15.101658640984466,True
937,2,35.509756,14.571429|19.000000,15.268057784911699,0.8909955030149644,True,15.42857142857141,False,15.268057784911699,True,15.224184055644711,True,15.222043873729248,True
938,2,33.489547,14.428571|16.428571,15.027822364900999,0.8914699351739969,True,15.142857142857125,False,15.027822364900999,True,14.987693953986073,True,14.979668271803085,True
939,2,33.460808,14.428571|17.285714,15.252541466024592,0.8908257669419328,True,15.285714285714267,False,15.252541466024592,True,15.199036918138024,True,15.188871054039573,True
940,2,34.337579,14.285714|18.285714,15.169609416800409,0.8944623253766153,True,15.285714285714267,False,15.169609416800409,True,15.169609416800409,True,15.163188871054022,True
941,2,33.249658,14.285714|16.857143,15.219903691813785,0.8907706414669636,True,15.285714285714267,False,15.219903691813785,True,15.132691278758674,True,15.131621187800945,True
942,2,33.066337,14.285714|17.142857,15.205992509363279,0.8922354075958281,True,15.285714285714267,False,15.205992509363279,True,15.165864098448349,True,15.16104868913856,True
943,2,34.721552,14.428571|18.571429,15.033707865168521,0.8927884243612224,True,15.142857142857125,False,15.033707865168521,True,14.99999999999998,True,14.99999999999998,True
944,2,35.330226,14.571429|18.428571,15.048154093097894,0.8925419884754427,True,15.142857142857125,False,15.048154093097894,True,15.040663456393775,True,15.037453183520583,True
945,2,33.702905,14.285714|17.714286,15.300160513643641,0.8940635599905669,True,15.42857142857141,False,15.300160513643641,True,15.283574103798804,True,15.275548421615817,True
946,2,34.431689,14.428571|17.714286,14.920813269127859,0.8954583390128767,True,14.999999999999982,False,14.920813269127859,True,14.899946495452097,True,14.897806313536632,True
947,2,34.533138,14.571429|18.142857,15.213483146067398,0.891347392766457,True,15.285714285714267,False,15.213483146067398,True,15.197431781701425,True,15.195826645264829,True
948,2,34.817975,14.571429|18.714286,15.300695559122506,0.8902456664431946,True,15.42857142857141,False,15.300695559122506,True,15.272338148742625,True,15.272338148742625,True
949,2,34.470740,14.428571|18.285714,15.179775280898857,0.8974741383460366,True,15.285714285714267,False,15.179775280898857,True,15.179775280898857,True,15.171749598715872,True
950,2,33.210559,14.428571|17.285714,15.316746923488477,0.8949641165723734,True,15.42857142857141,False,15.316746923488477,True,15.23434991974316,True,15.231139646869966,True
951,2,34.721552,14.428571|18.285714,15.064205457463867,0.8927602888198115,True,15.285714285714267,False,15.064205457463867,True,15.060995184590672,True,15.057249866238612,True
952,2,34.128866,14.428571|17.571429,15.146602461209184,0.8955881875021289,True,15.285714285714267,False,15.146602461209184,True,15.127875869448886,True,15.124665596575694,True
953,2,33.962568,14.285714|17.571429,15.208667736757606,0.8958532478711162,True,15.285714285714267,False,15.208667736757606,True,15.178705189941127,True,15.168004280363814,True
954,2,35.698449,14.428571|19.000000,15.010700909577295,0.890056570430219,True,15.142857142857125,False,15.010700909577295,True,15.0090957731407,True,15.005885500267505,True
955,2,32.760432,14.285714|16.571429,15.098983413590139,0.8933697998232658,True,15.142857142857125,False,15.098983413590139,True,15.04975922953449,True,15.04761904761903,True
956,2,34.004559,14.285714|17.714286,15.133226324237542,0.8967793707098645,True,15.285714285714267,False,15.133226324237542,True,15.103263777421063,True,15.103263777421063,True
957,2,33.753728,14.285714|17.857143,15.248796147672532,0.8924182549669943,True,15.285714285714267,False,15.248796147672532,True,15.202247191011216,True,15.191546281433904,True
958,2,34.721552,14.571429|18.285714,15.239165329052952,0.8914719365656247,True,15.42857142857141,False,15.239165329052952,True,15.225789192081308,True,15.225254146602444,True
959,2,34.817975,14.428571|18.285714,14.991974317816997,0.8917885399775992,True,15.142857142857125,False,14.991974317816997,True,14.97271268057783,True,14.98020331728195,True
960,2,34.720320,14.571429|17.714286,15.195291599785964,0.8923781311438979,True,15.285714285714267,False,15.195291599785964,True,15.185660781166382,True,15.185660781166382,True
961,2,34.173447,14.571429|17.857143,15.506688068485802,0.8911017937244583,True,15.57142857142855,False,15.506688068485802,True,15.486356340288905,True,15.481005885500247,True
962,2,34.618824,14.428571|18.428571,15.057784911717478,0.8903076906470074,True,15.142857142857125,False,15.057784911717478,True,15.037453183520583,True,15.03905831995718,True
963,2,34.315118,14.285714|17.714286,14.8250401284109,0.893408356784836,True,14.85714285714284,False,14.8250401284109,True,14.821829855537702,True,14.803103263777405,True
964,2,35.258594,14.428571|18.571429,14.987158908507206,0.8905772065073047,True,15.142857142857125,False,14.987158908507206,True,14.976993044408758,True,14.976993044408758,True
965,2,35.221012,14.571429|18.428571,15.17817014446226,0.8905406023933079,True,15.285714285714267,False,15.17817014446226,True,15.080256821829838,True,15.073301230604583,True
966,2,34.412473,14.285714|18.428571,15.108079186730853,0.8943396879215838,True,15.285714285714267,False,15.108079186730853,True,15.089887640449419,True,15.084002140181898,True
967,2,33.210559,14.285714|17.428571,15.215623327982861,0.8955065990179165,True,15.285714285714267,False,15.215623327982861,True,15.192616372391637,True,15.192616372391633,True
968,2,35.078934,14.428571|19.285714,15.138041733547334,0.8938586450701936,True,15.285714285714267,False,15.138041733547334,True,15.10968432316745,True,15.11235955056178,True
969,2,34.721552,14.428571|18.428571,15.08774745853396,0.8935000056941682,True,15.142857142857125,False,15.08774745853396,True,15.059925093632941,True,15.062065275548404,True
970,2,34.486110,14.428571|18.285714,15.093097913322612,0.8905407440945599,True,15.285714285714267,False,15.093097913322612,True,15.079186730872106,True,15.074906367041182,True
971,2,34.337579,14.428571|17.857143,15.083467094703032,0.8944909133925769,True,15.142857142857125,False,15.083467094703032,True,15.056179775280881,True,15.056179775280881,True
972,2,34.920501,14.285714|17.857143,14.820759764579973,0.89375341156201,True,14.85714285714284,False,14.820759764579973,True,14.802568218298537,True,14.802568218298537,True
973,2,34.440085,14.428571|18.142857,15.193686463349366,0.8903905873278772,True,15.285714285714267,False,15.193686463349366,True,15.176029962546796,True,15.156233279828767,True
974,2,33.210559,14.285714|17.285714,15.207062600321008,0.8963562096078801,True,15.285714285714267,False,15.207062600321008,True,15.139111824505067,True,15.128945960406616,True
975,2,34.357014,14.428571|17.714286,15.15462814339217,0.8928441617664687,True,15.285714285714267,False,15.15462814339217,True,15.146067415730318,True,15.147672552166917,True
976,2,34.721552,14.571429|18.142857,15.226859283039039,0.8904784698893372,True,15.285714285714267,False,15.226859283039039,True,15.193686463349366,True,15.19208132691277,True
977,2,34.412473,14.428571|17.571429,15.005350454788639,0.8941497284229768,True,15.142857142857125,False,15.005350454788639,True,14.974317817014429,True,14.969502407704635,True
978,2,34.440085,14.428571|18.000000,14.963616907437114,0.8918615315502687,True,14.999999999999982,False,14.963616907437114,True,14.960941680042787,True,14.960941680042787,True
979,2,34.055530,14.428571|17.714286,15.056179775280881,0.8964946982649643,True,15.142857142857125,False,15.056179775280881,True,15.049224184055626,True,15.046548956661297,True
980,2,34.384626,14.428571|18.000000,15.15088282504011,0.8948399725529012,True,15.285714285714267,False,15.15088282504011,True,15.127875869448886,True,15.123060460139092,True
981,2,33.300511,14.428571|17.000000,15.208667736757606,0.8923308592081431,True,15.285714285714267,False,15.208667736757606,True,15.187800963081845,True,15.177100053504528,True
982,2,34.794155,14.571429|18.285714,15.169609416800409,0.8930411178560383,True,15.285714285714267,False,15.169609416800409,True,15.146602461209184,True,15.14713750668805,True
983,2,32.974961,14.142857|17.142857,15.210272873194203,0.8907322819090577,True,15.285714285714267,False,15.210272873194203,True,15.169074371321544,True,15.159978598180826,True
984,2,34.241567,14.571429|17.285714,15.110219368646318,0.8968187010852893,True,15.142857142857125,False,15.110219368646318,True,15.096308186195808,True,15.09844836811127,True
985,2,34.297490,14.428571|18.142857,15.110219368646316,0.8941405204395605,True,15.142857142857125,False,15.110219368646316,True,15.101658640984466,True,15.104333868378795,True
986,2,34.794155,14.857143|18.571429,15.427501337613675,0.8914517575340908,True,15.57142857142855,False,15.427501337613675,True,15.399143927233798,True,15.388978063135347,True
987,2,33.731881,14.285714|17.571429,15.171749598715872,0.8929520531280212,True,15.285714285714267,False,15.171749598715872,True,15.137506688068466,True,15.128410914927754,True
988,2,33.622299,14.428571|16.714286,15.104868913857661,0.8943986452425498,True,15.142857142857125,False,15.104868913857661,True,15.058855002675209,True,15.060460139111807,True
989,2,34.384626,14.285714|17.571429,14.888710540395916,0.8948122734822369,True,14.999999999999982,False,14.888710540395916,True,14.873194221508811,True,14.869983948635616,True
990,2,34.533138,14.428571|18.428571,15.207597645799876,0.8952844316551074,True,15.285714285714267,False,15.207597645799876,True,15.15195291599784,True,15.139111824505065,True
991,2,33.731881,14.285714|17.428571,15.050829320492225,0.8939628361128859,True,15.142857142857125,False,15.050829320492225,True,15.040128410914908,True,15.043873729266972,True
992,2,33.788756,14.285714|17.857143,15.101658640984466,0.8955560173972136,True,15.285714285714267,False,15.101658640984466,True,15.088282504012824,True,15.081861958266433,True
993,2,33.912238,14.285714|17.000000,14.895666131621171,0.8910914788167381,True,14.999999999999982,False,14.895666131621171,True,14.886035313001587,True,14.883360085607261,True
994,2,34.606822,14.571429|18.142857,15.18673087212411,0.8937953009096562,True,15.285714285714267,False,15.18673087212411,True,15.168004280363816,True,15.166399143927217,True
995,2,34.178550,14.285714|17.714286,15.133226324237542,0.8926725155591652,True,15.285714285714267,False,15.133226324237542,True,15.115569823434972,True,15.108079186730855,True
996,2,33.210559,14.428571|17.285714,15.380952380952362,0.891359769314751,True,15.42857142857141,False,15.380952380952362,True,15.309791332263224,True,15.306581059390028,True
997,2,34.544577,14.571429|18.285714,15.225254146602444,0.8930976979996111,True,15.285714285714267,False,15.225254146602444,True,15.191546281433904,True,15.186195826645246,True
998,2,34.474670,14.428571|18.142857,15.054574638844285,0.8940337960434143,True,15.142857142857125,False,15.054574638844285,True,15.025682182985536,True,15.024612092027807,True
999,2,34.357014,14.428571|18.000000,15.137506688068468,0.8931834686378215,True,15.285714285714267,False,15.137506688068468,True,15.13750668806847,True,15.131086142322081,True
1000,2,34.384626,14.285714|18.857143,15.244515783841608,0.8901913966440109,True,15.42857142857141,False,15.244515783841608,True,15.239165329052952,True,15.2306046013911,True
